id,text,text_clean,genre,related,request,offer,aid_related,medical_help,medical_products,search_and_rescue,security,military,child_alone,water,food,shelter,clothing,money,missing_people,refugees,death,other_aid,infrastructure_related,transport,buildings,electricity,tools,hospitals,shops,aid_centers,other_infrastructure,weather_related,floods,storm,fire,earthquake,cold,other_weather,direct_report
0,UN reports Leogane 80-90 destroyed. Only Hospital St. Croix functioning. Needs supplies desperately.,UN reports Leogane 80-90 destroyed. Only Hospital St. Croix functioning. Needs supplies desperately.,direct,1,1,0,1,0,1,0,0,0,0,0,0,0,0,0,0,0,0,1,1,0,1,0,0,1,0,0,0,0,0,0,0,0,0,0,0
1,"We are at Gressier we needs assistance right away. ASAP, Come help us.","We are at Gressier we needs assistance right away. ASAP, Come help us.",direct,1,1,0,1,1,0,0,0,0,0,0,0,0,0,0,0,0,0,1,0,1,0,0,0,0,0,0,0,1,1,0,0,0,0,0,1
2,"Delmas 33 in Silo, need water.","Delmas 33 in Silo, need water.",direct,1,1,0,1,0,0,0,0,0,0,1,0,0,0,0,0,0,0,0,0,0,0,0,0,0,0,0,0,0,0,0,0,0,0,0,1
3,"SOS SOS, please provide police officers on the streets as they are very insecure","SOS SOS, please provide police officers on the streets as they are very insecure",direct,1,1,0,1,0,0,0,1,0,0,0,0,0,0,0,0,0,0,0,0,0,0,0,0,0,0,0,0,0,0,0,0,0,0,0,1
4,"I am a driver, a mechanic ,. I want to help","I am a driver, a mechanic ,. I want to help",direct,1,0,1,0,0,0,0,0,0,0,0,0,0,0,0,0,0,0,0,0,0,0,0,0,0,0,0,0,0,0,0,0,0,0,0,0
5,We are at Fort Mercredi ( wednesday ) where can we find tents and treated water.,We are at Fort Mercredi ( wednesday ) where can we find tents and treated water.,direct,1,1,0,1,0,0,0,0,0,0,1,0,1,0,0,0,0,0,0,0,0,0,0,0,0,0,0,0,0,0,0,0,0,0,0,1
6,"Our imcomprehensibley of 9 member was repatriated incomprehensible - (Location) Duvivier, Fond Grango","Our imcomprehensibley of 9 member was repatriated incomprehensible - (Location) Duvivier, Fond Grango",direct,1,0,0,0,0,0,0,0,0,0,0,0,0,0,0,0,0,0,0,0,0,0,0,0,0,0,0,0,0,0,0,0,0,0,0,0
7,A cold front is on Cuba this morning. It could cross Haiti tomorrow. Isolated rain showers are expected for our region.,A cold front is on Cuba this morning. It could cross Haiti tomorrow. Isolated rain showers are expected for our region.,direct,1,0,0,0,0,0,0,0,0,0,0,0,0,0,0,0,0,0,0,0,0,0,0,0,0,0,0,0,1,0,1,0,0,1,0,0
8,Please Bo Gravel Vob Ta A 41 we are hungry. Need food.,Please Bo Gravel Vob Ta A 41 we are hungry. Need food.,direct,1,1,0,1,0,0,0,0,0,0,0,1,0,0,0,0,0,0,0,0,0,0,0,0,0,0,0,0,0,0,0,0,0,0,0,1
9,"We are not located in one place, and i want you to know there is a lot of available spaces to put up tent for shelters  is the reason why we station in front of our house for more safety against thief, as you see.","We are not located in one place, and i want you to know there is a lot of available spaces to put up tent for shelters  is the reason why we station in front of our house for more safety against thief, as you see.",direct,1,0,0,1,0,0,0,1,0,0,0,0,1,0,0,0,0,0,0,0,0,0,0,0,0,0,0,0,0,0,0,0,0,0,0,1
10,"we want people to know that people that were in Port au Prince that came to Cap-Haitian have no food to eat. ( Cap-Haitien is in the north, 250 km from Port au Prince )","we want people to know that people that were in Port au Prince that came to Cap-Haitian have no food to eat. ( Cap-Haitien is in the north, 250 km from Port au Prince )",direct,1,1,0,1,0,0,0,0,0,0,0,1,0,0,0,0,0,0,0,0,0,0,0,0,0,0,0,0,0,0,0,0,0,0,0,1
11,One thing I am asking the money tranfer offices is for them to open so we can get the money sent to us.,One thing I am asking the money tranfer offices is for them to open so we can get the money sent to us.,direct,1,1,0,1,0,0,0,0,0,0,0,0,0,0,1,0,0,0,0,1,0,0,0,0,0,1,0,0,0,0,0,0,0,0,0,1
12,We are at Lycee Philippe Guerrier at les Cayes. We had to leave Port-au-Prince because of the bad odor and conditions of life in the capital. We need help please.,We are at Lycee Philippe Guerrier at les Cayes. We had to leave Port-au-Prince because of the bad odor and conditions of life in the capital. We need help please.,direct,1,1,0,1,0,0,0,0,0,0,0,0,0,0,0,0,0,0,1,0,0,0,0,0,0,0,0,0,0,0,0,0,0,0,0,1
13,"Good evening, please come quickly to assist homeless victims who are in village of Morin, section of Taifer, municipality of K-Fou Carrefour. Thank you.","Good evening, please come quickly to assist homeless victims who are in village of Morin, section of Taifer, municipality of K-Fou Carrefour. Thank you.",direct,1,1,0,1,0,0,0,0,0,0,0,0,1,0,0,0,0,0,1,0,0,0,0,0,0,0,0,0,0,0,0,0,0,0,0,1
14,"Im Haitian my husband is alive in Port au Prince my husband lost his work our pay family parts which USA Im not thereas house still remains, my house crushed making something","Im Haitian my husband is alive in Port au Prince my husband lost his work our pay family parts which USA Im not thereas house still remains, my house crushed making something",direct,1,1,0,1,0,0,0,0,0,0,0,0,1,0,0,0,0,0,0,0,0,1,0,0,0,0,0,0,0,0,0,0,0,0,0,1
15,"people from st suzanne who were in port-au-prince, the students came, they didnt bring any clothes to wear, old students from soeur remembered them thanks soeur ade","people from st suzanne who were in port-au-prince, the students came, they didnt bring any clothes to wear, old students from soeur remembered them thanks soeur ade",direct,1,0,0,1,0,0,0,0,0,0,0,0,0,1,0,0,0,0,0,0,0,0,0,0,0,0,0,0,0,0,0,0,0,0,0,1
16,Road off of 200/2 to south of central Leogane. Same road that goes to Sabouce ends at Deslandes. No GPS coordinates available from here.,Road off of 200/2 to south of central Leogane. Same road that goes to Sabouce ends at Deslandes. No GPS coordinates available from here.,direct,1,0,0,0,0,0,0,0,0,0,0,0,0,0,0,0,0,0,0,0,1,0,0,0,0,0,0,0,0,0,0,0,0,0,0,1
17,"They have a lot of people in the Saint-Marc ( in the park ) who are NOT originally from St-Marc, they left Port-au-Prince and tried to escape the tragedy but they do not have anything. Please come and help them.","They have a lot of people in the Saint-Marc ( in the park ) who are NOT originally from St-Marc, they left Port-au-Prince and tried to escape the tragedy but they do not have anything. Please come and help them.",direct,1,1,0,1,0,0,0,0,0,0,0,0,0,0,0,0,0,0,1,0,0,0,0,0,0,0,0,0,0,0,0,0,0,0,0,1
18,"they are in a area near a mountain hungry, sick their is no water please remember us","they are in a area near a mountain hungry, sick their is no water please remember us",direct,1,1,0,1,1,0,0,0,0,0,1,1,0,0,0,0,0,0,0,0,0,0,0,0,0,0,0,0,0,0,0,0,0,0,0,1
19,I'd like to know if there are buses taking people to Les Cayes for free.,I'd like to know if there are buses taking people to Les Cayes for free.,direct,1,0,0,0,0,0,0,0,0,0,0,0,0,0,0,0,0,0,0,0,0,0,0,0,0,0,0,0,0,0,0,0,0,0,0,0
20,"People don't have no food neither, they would need to find some hot plates of food till they can","People don't have no food neither, they would need to find some hot plates of food till they can",direct,1,0,0,1,0,0,0,0,0,0,0,1,0,0,0,0,0,0,0,0,0,0,0,0,0,0,0,0,0,0,0,0,0,0,0,0
21,How can we help the victims at Les Cayes?,How can we help the victims at Les Cayes?,direct,1,0,1,1,0,0,0,0,0,0,0,0,0,0,0,0,0,0,1,0,0,0,0,0,0,0,0,0,1,0,0,0,0,0,1,0
22,.. for the vehicules that must bring back limbeense and bas-limbeense. thanks for helping them. Notes.. follow up from other message Sebastien,.. for the vehicules that must bring back limbeense and bas-limbeense. thanks for helping them. Notes.. follow up from other message Sebastien,direct,1,0,0,0,0,0,0,0,0,0,0,0,0,0,0,0,0,0,0,0,0,0,0,0,0,0,0,0,0,0,0,0,0,0,0,0
23,I'm the vice president of the association Rafadek in Anse a galets. You can call me so that you could help people in La Gonave,I'm the vice president of the association Rafadek in Anse a galets. You can call me so that you could help people in La Gonave,direct,1,0,1,1,0,0,0,0,0,0,0,0,0,0,0,0,0,0,1,0,0,0,0,0,0,0,0,0,0,0,0,0,0,0,0,0
24,We are in Matisan we have medical problems and we are in lack of water. This sms must be coming from an area that must have not received aid.,We are in Matisan we have medical problems and we are in lack of water. This sms must be coming from an area that must have not received aid.,direct,1,1,0,1,1,0,0,0,0,0,1,0,0,0,0,0,0,0,0,0,0,0,0,0,0,0,0,0,0,0,0,0,0,0,0,1
25,"To register your name, or someone your looking for. Go to www. cicr. org","To register your name, or someone your looking for. Go to www. cicr. org",direct,1,0,0,0,0,0,0,0,0,0,0,0,0,0,0,0,0,0,0,0,0,0,0,0,0,0,0,0,0,0,0,0,0,0,0,0
26,we are in need of food tentes corvers water money. we are in croix des missions/ route butte boyer in the churche mormon an. we are 50 people. pascale saint georges,we are in need of food tentes corvers water money. we are in croix des missions/ route butte boyer in the churche mormon an. we are 50 people. pascale saint georges,direct,1,1,0,1,0,0,0,0,0,0,1,1,1,0,1,0,0,0,0,0,0,0,0,1,0,0,0,0,0,0,0,0,0,0,0,1
27,There's an internet cafe at Nazon avenue by Marthin Luther King blvd next to orange market below Genie Market,There's an internet cafe at Nazon avenue by Marthin Luther King blvd next to orange market below Genie Market,direct,1,0,0,0,0,0,0,0,0,0,0,0,0,0,0,0,0,0,0,0,0,0,0,0,0,0,0,0,0,0,0,0,0,0,0,0
28,Don't know what to do about estaff touterene part at the end,Don't know what to do about estaff touterene part at the end,direct,1,0,0,0,0,0,0,0,0,0,0,0,0,0,0,0,0,0,0,0,0,0,0,0,0,0,0,0,0,0,0,0,0,0,0,0
29,"If all cyber cafes in Port-au-Priince are broken, come join me in Saint-Marc. We will truncated","If all cyber cafes in Port-au-Priince are broken, come join me in Saint-Marc. We will truncated",direct,1,0,0,0,0,0,0,0,0,0,0,0,0,0,0,0,0,0,0,0,0,0,0,0,0,0,0,0,0,0,0,0,0,0,0,0
30,"We're asking you please to bring everything that's possible. Food, clothse, water, money to save those people's lives. Where we are people died, houses fell","We're asking you please to bring everything that's possible. Food, clothse, water, money to save those people's lives. Where we are people died, houses fell",direct,1,1,0,1,0,0,0,0,0,0,1,1,1,1,1,0,0,1,0,0,0,1,0,0,0,0,0,0,0,0,0,0,0,0,0,1
31,All local inhabitants needing food and shelter,All local inhabitants needing food and shelter,direct,1,1,0,1,0,0,0,0,0,0,0,1,1,0,0,0,0,0,0,0,0,0,0,0,0,0,0,0,0,0,0,0,0,0,0,0
32,ir for youth. .. . we are counting on you and we are thanking you for your contribution. we are waiting for your response,ir for youth. .. . we are counting on you and we are thanking you for your contribution. we are waiting for your response,direct,1,1,0,1,0,0,0,0,0,0,0,0,0,0,1,0,0,0,0,0,0,0,0,0,0,0,0,0,0,0,0,0,0,0,0,1
33,GOOD MORNIN AM IN DANGE MY PHONE CARD IS FINISH HOW CAN YOU HELP ME,GOOD MORNIN AM IN DANGE MY PHONE CARD IS FINISH HOW CAN YOU HELP ME,direct,1,1,0,1,0,0,0,0,0,0,0,0,0,0,0,0,0,0,1,0,0,0,0,0,0,0,0,0,0,0,0,0,0,0,0,1
34,"We are at the Immaculate Conception hospital in Les Cayes, the complete adress is in Rue Duvivier - Thanks a lot, may God bless you.","We are at the Immaculate Conception hospital in Les Cayes, the complete adress is in Rue Duvivier - Thanks a lot, may God bless you.",direct,1,0,0,0,0,0,0,0,0,0,0,0,0,0,0,0,0,0,0,0,0,0,0,0,0,0,0,0,0,0,0,0,0,0,0,0
35,Me not knowing adress of cyber cafe that are working,Me not knowing adress of cyber cafe that are working,direct,1,0,0,0,0,0,0,0,0,0,0,0,0,0,0,0,0,0,0,0,0,0,0,0,0,0,0,0,0,0,0,0,0,0,0,0
36,CALLIN CARD IS DONE I NEED TO CALL MY FAMILY IN PORT AU PRINCE. I CNT PUT IN,CALLIN CARD IS DONE I NEED TO CALL MY FAMILY IN PORT AU PRINCE. I CNT PUT IN,direct,1,0,0,0,0,0,0,0,0,0,0,0,0,0,0,0,0,0,0,0,0,0,0,0,0,0,0,0,0,0,0,0,0,0,0,0
37,"Hello, we thank every organization, every institution and civilian whom want to help. We are at Maryani 1, Victory road on top of the hill we are in trouble","Hello, we thank every organization, every institution and civilian whom want to help. We are at Maryani 1, Victory road on top of the hill we are in trouble",direct,1,1,0,1,0,0,0,0,0,0,0,0,0,0,0,0,0,0,1,0,0,0,0,0,0,0,0,0,0,0,0,0,0,0,0,1
38,They need Food at leogane 9th Section Citronniers,They need Food at leogane 9th Section Citronniers,direct,1,1,0,1,0,0,0,0,0,0,0,1,0,0,0,0,0,0,0,0,0,0,0,0,0,0,0,0,0,0,0,0,0,0,0,0
39,"Clercine 24, impasse Cenor. . we need aide, we have nothing, the kids are starving to death. we need food, medicine and water. Please help us we cannot take it anymore","Clercine 24, impasse Cenor. . we need aide, we have nothing, the kids are starving to death. we need food, medicine and water. Please help us we cannot take it anymore",direct,1,1,0,1,0,1,0,0,0,0,1,1,0,0,0,0,0,1,0,0,0,0,0,0,0,0,0,0,0,0,0,0,0,0,0,1
40,"Hello, I do not have any death but we have lost everything, we have no food please find a way to help us","Hello, I do not have any death but we have lost everything, we have no food please find a way to help us",direct,1,1,0,1,0,0,0,0,0,0,0,1,0,0,0,0,0,0,0,0,0,0,0,0,0,0,0,0,0,0,0,0,0,0,0,1
41,"Digil thank you, please add some minutes on my phone.","Digil thank you, please add some minutes on my phone.",direct,0,0,0,0,0,0,0,0,0,0,0,0,0,0,0,0,0,0,0,0,0,0,0,0,0,0,0,0,0,0,0,0,0,0,0,0
42,"The survivors of Pernier Fatima We have about 650 families who need food, tent, chothing, medicine and more. We have some people with broken bones, some who are dead ..","The survivors of Pernier Fatima We have about 650 families who need food, tent, chothing, medicine and more. We have some people with broken bones, some who are dead ..",direct,1,1,0,1,1,1,0,0,0,0,1,1,1,1,0,0,0,1,0,0,0,0,0,0,0,0,0,0,0,0,0,0,0,0,0,1
43,"I'm O. K. in Carrefour Bourry on Torbec rd. I need food, water, telephone card to communicate","I'm O. K. in Carrefour Bourry on Torbec rd. I need food, water, telephone card to communicate",direct,1,1,0,1,0,0,0,0,0,0,1,1,0,0,1,0,0,0,1,0,0,0,0,0,0,0,0,0,0,0,0,0,0,0,0,1
44,i received your message with hope. I want to know 1. when will I get an answer. 2. where do i go to rendezvous? 3. what country are you helping from?,i received your message with hope. I want to know 1. when will I get an answer. 2. where do i go to rendezvous? 3. what country are you helping from?,direct,1,0,0,0,0,0,0,0,0,0,0,0,0,0,0,0,0,0,0,0,0,0,0,0,0,0,0,0,0,0,0,0,0,0,0,0
45,I MADE A MAP FIND THIS FAMILLY WE ARE 13 PEOPLE,I MADE A MAP FIND THIS FAMILLY WE ARE 13 PEOPLE,direct,1,1,0,1,0,0,1,0,0,0,0,0,0,0,0,0,0,0,0,0,0,0,0,0,0,0,0,0,0,0,0,0,0,0,0,1
46,"Not sure if it's St. Pierre or St. Pierre School, Port-au-Prince.","Not sure if it's St. Pierre or St. Pierre School, Port-au-Prince.",direct,1,0,0,0,0,0,0,0,0,0,0,0,0,0,0,0,0,0,0,0,0,0,0,0,0,0,0,0,0,0,0,0,0,0,0,0
47,"We want to thank Digicel for letting us send text messages. We are in Bois Moquette ( Upper Petion-Ville ), we have no destroyed house, but we need Water and Food, we lost our job, we lost people.","We want to thank Digicel for letting us send text messages. We are in Bois Moquette ( Upper Petion-Ville ), we have no destroyed house, but we need Water and Food, we lost our job, we lost people.",direct,1,1,0,1,0,0,0,0,0,0,1,1,0,0,0,0,0,1,0,0,0,1,0,0,0,0,0,0,0,0,0,0,0,0,0,1
48,Have some type of way for us with out that we all are going to die hungry thank you.,Have some type of way for us with out that we all are going to die hungry thank you.,direct,1,1,0,1,0,0,0,0,0,0,0,1,0,0,0,0,0,1,0,0,0,0,0,0,0,0,0,0,0,0,0,0,0,0,0,1
49,"we do not have water, our house is compromised (cracked), we do not have a place where to sleep.","we do not have water, our house is compromised (cracked), we do not have a place where to sleep.",direct,1,1,0,1,0,0,0,0,0,0,1,1,1,0,0,0,0,0,0,0,0,1,0,0,0,0,0,0,0,0,0,0,0,0,0,1
50,we have transportation. call me -we need help.,we have transportation. call me -we need help.,direct,1,1,0,1,0,0,0,0,0,0,0,0,0,0,0,0,0,0,1,0,0,0,0,0,0,0,0,0,0,0,0,0,0,0,0,1
51,Please we need food and water and tents so that we can sleep. Please go look at Carrefour particularly in the area of Titus and Betem ( or Boten ). We need food because - Incomplete,Please we need food and water and tents so that we can sleep. Please go look at Carrefour particularly in the area of Titus and Betem ( or Boten ). We need food because - Incomplete,direct,1,1,0,1,0,0,0,0,0,0,1,1,1,0,0,0,0,0,0,0,0,0,0,0,0,0,0,0,0,0,0,0,0,0,0,1
52,across peace hospital. we r waiting on u,across peace hospital. we r waiting on u,direct,1,0,0,0,0,0,0,0,0,0,0,0,0,0,0,0,0,0,0,0,0,0,0,0,0,0,0,0,0,0,0,0,0,0,0,0
53,"The people from cite Castro in Mais Gate 10, we need aid such as : food, water, tents and much more. we are about 3000 people in the area ( the area is the airport area )","The people from cite Castro in Mais Gate 10, we need aid such as : food, water, tents and much more. we are about 3000 people in the area ( the area is the airport area )",direct,1,1,0,1,0,0,0,0,0,0,1,1,1,0,0,0,0,0,0,0,0,0,0,0,0,0,0,0,0,0,0,0,0,0,0,1
54,"in the nam eo fthe population in my area, that is now living in the streets becuase our houses have been demolish by the earthquake, we want you . .. ","in the nam eo fthe population in my area, that is now living in the streets becuase our houses have been demolish by the earthquake, we want you . .. ",direct,1,1,0,1,0,0,0,0,0,0,0,0,1,0,0,0,1,0,0,0,0,1,0,0,0,0,0,0,1,0,0,0,1,0,0,1
55,"Good morning, I wrote a message. I do not know if you found it. I am asking ---","Good morning, I wrote a message. I do not know if you found it. I am asking ---",direct,0,0,0,0,0,0,0,0,0,0,0,0,0,0,0,0,0,0,0,0,0,0,0,0,0,0,0,0,0,0,0,0,0,0,0,0
56,Why don't the authorithies send help in Mariani?,Why don't the authorithies send help in Mariani?,direct,1,0,0,1,0,0,0,0,0,0,0,0,0,0,0,0,0,0,1,0,0,0,0,0,0,0,0,0,0,0,0,0,0,0,0,0
57,"we are in need of water, anti biotics, face masks and tents. we are at Lamentin 54, rue cocteau, carrefour","we are in need of water, anti biotics, face masks and tents. we are at Lamentin 54, rue cocteau, carrefour",direct,1,1,0,1,1,1,0,0,0,0,1,0,1,0,0,0,0,0,0,0,0,0,0,0,0,0,0,0,0,0,0,0,0,0,0,1
58,I thank you for the good work you are doing,I thank you for the good work you are doing,direct,0,0,0,0,0,0,0,0,0,0,0,0,0,0,0,0,0,0,0,0,0,0,0,0,0,0,0,0,0,0,0,0,0,0,0,0
59,"Relative to all the people leaving the capital, and migrating to other cities, what is the plan? Do you know that our cities are overcrowded?","Relative to all the people leaving the capital, and migrating to other cities, what is the plan? Do you know that our cities are overcrowded?",direct,0,0,0,0,0,0,0,0,0,0,0,0,0,0,0,0,0,0,0,0,0,0,0,0,0,0,0,0,0,0,0,0,0,0,0,0
60,Hello we are in Belok Leogane. We are hungry we have nothing for the area of belok. It is the student association of belok Leogane,Hello we are in Belok Leogane. We are hungry we have nothing for the area of belok. It is the student association of belok Leogane,direct,1,1,0,1,0,0,0,0,0,0,0,1,0,0,0,0,0,0,0,0,0,0,0,0,0,0,0,0,0,0,0,0,0,0,0,1
61,We need medicine for Hypertension and tampons/pads and medicine for thee baby too.,We need medicine for Hypertension and tampons/pads and medicine for thee baby too.,direct,1,1,0,1,1,1,0,0,0,0,0,0,0,0,0,0,0,0,0,0,0,0,0,0,0,0,0,0,0,0,0,0,0,0,0,1
62,"Please, durinfg the earthquake, we lost our house and we are injured and we need help. we are students","Please, durinfg the earthquake, we lost our house and we are injured and we need help. we are students",direct,1,1,0,1,1,0,0,0,0,0,0,0,1,0,0,0,0,0,0,0,0,1,0,0,0,0,0,0,1,0,0,0,1,0,0,1
63,We have several people suffering from dehydration because we do not have water. we are in Leyogan. ? in a different route bary. thursday.,We have several people suffering from dehydration because we do not have water. we are in Leyogan. ? in a different route bary. thursday.,direct,1,1,0,1,0,0,0,0,0,0,1,0,0,0,0,0,0,0,0,0,0,0,0,0,0,0,0,0,0,0,0,0,0,0,0,1
64,"Earthquake, also heklp us find tents, water, vitamins, food, medicine, lamps, sheets, everything. Thanks for everything.","Earthquake, also heklp us find tents, water, vitamins, food, medicine, lamps, sheets, everything. Thanks for everything.",direct,1,1,0,1,0,1,0,0,0,0,1,1,1,0,0,0,0,0,1,0,0,0,0,0,0,0,0,0,1,0,0,0,1,0,0,1
65,"Hello I can't receive call, when someone try to reach me, there's a message saying the number is not available. Please try to fix the problem for me","Hello I can't receive call, when someone try to reach me, there's a message saying the number is not available. Please try to fix the problem for me",direct,0,0,0,0,0,0,0,0,0,0,0,0,0,0,0,0,0,0,0,0,0,0,0,0,0,0,0,0,0,0,0,0,0,0,0,0
66,"I thank you all for your disposition to provide relief. Please, we are a family of 8 persons, we would like to be granted 2 tents. Thank in advance. Note : Please call to check location","I thank you all for your disposition to provide relief. Please, we are a family of 8 persons, we would like to be granted 2 tents. Thank in advance. Note : Please call to check location",direct,1,1,0,1,0,0,0,0,0,0,0,0,1,0,0,0,0,0,0,0,0,0,0,0,0,0,0,0,0,0,0,0,0,0,0,1
67,"At st Martin Street entrance Mariella street we need help we have no house, we need water, food. thanks","At st Martin Street entrance Mariella street we need help we have no house, we need water, food. thanks",direct,1,1,0,1,0,0,0,0,0,0,1,1,1,0,0,0,0,0,0,0,0,0,0,0,0,0,0,0,0,0,0,0,0,0,0,1
68,"Good Night. We are 8 people who are refugees in Coix des Bouquets, Duval 30. We would like to benefit from food kits and 2 tents. Thank you for your understanding.","Good Night. We are 8 people who are refugees in Coix des Bouquets, Duval 30. We would like to benefit from food kits and 2 tents. Thank you for your understanding.",direct,1,1,0,1,0,0,0,0,0,0,0,1,1,0,0,0,1,0,0,0,0,0,0,0,0,0,0,0,0,0,0,0,0,0,0,1
69,Message received. Message recu. Mesaj ou ale BERIBHTEN INBOX,Message received. Message recu. Mesaj ou ale BERIBHTEN INBOX,direct,1,0,0,0,0,0,0,0,0,0,0,0,0,0,0,0,0,0,0,0,0,0,0,0,0,0,0,0,0,0,0,0,0,0,0,0
70,4636 : MInustah fm radio is working now on 106. 1 FM and 94. 9FM,4636 : MInustah fm radio is working now on 106. 1 FM and 94. 9FM,direct,0,0,0,0,0,0,0,0,0,0,0,0,0,0,0,0,0,0,0,0,0,0,0,0,0,0,0,0,0,0,0,0,0,0,0,0
71,"We are in Delma a 1, in local pinson. We have a great need for food and water.","We are in Delma a 1, in local pinson. We have a great need for food and water.",direct,1,1,0,1,0,0,0,0,0,0,1,1,0,0,0,0,0,0,0,0,0,0,0,0,0,0,0,0,0,0,0,0,0,0,0,1
72,I can't call my family cause i HAVE no minutes on my calling card. Please help me,I can't call my family cause i HAVE no minutes on my calling card. Please help me,direct,1,1,0,1,0,0,0,0,0,0,0,0,0,0,0,0,0,0,1,0,0,0,0,0,0,0,0,0,0,0,0,0,0,0,0,1
73,"That's too much. .. Our Archibishop is gone. Our priest and seminarist, most of them are dead. Our training centres are destroyed. This is the reason why I am asking you to help me to complete the rest of the school year wherever you can. ..","That's too much. .. Our Archibishop is gone. Our priest and seminarist, most of them are dead. Our training centres are destroyed. This is the reason why I am asking you to help me to complete the rest of the school year wherever you can. ..",direct,1,1,0,0,0,0,0,0,0,0,0,0,0,0,0,0,0,0,0,0,0,0,0,0,0,0,0,0,0,0,0,0,0,0,0,1
74,one item of clothing. please go and help them. - Incomplete,one item of clothing. please go and help them. - Incomplete,direct,1,0,0,0,0,0,0,0,0,0,0,0,0,0,0,0,0,0,0,0,0,0,0,0,0,0,0,0,0,0,0,0,0,0,0,0
75,I think you will do the necessary things for me. .. Note : call for details. .. incomplete request,I think you will do the necessary things for me. .. Note : call for details. .. incomplete request,direct,1,0,0,0,0,0,0,0,0,0,0,0,0,0,0,0,0,0,0,0,0,0,0,0,0,0,0,0,0,0,0,0,0,0,0,0
76,"a country, I cannot function well. My house is located about 1km, when the heavy trucks pass by the house shakes! I have two small children, ( my wife. .. ) OR ( Mrs. .. . )","a country, I cannot function well. My house is located about 1km, when the heavy trucks pass by the house shakes! I have two small children, ( my wife. .. ) OR ( Mrs. .. . )",direct,1,0,0,0,0,0,0,0,0,0,0,0,0,0,0,0,0,0,0,0,0,0,0,0,0,0,0,0,0,0,0,0,0,0,0,0
77,was. Please Help me! ( end of last message I translated ),was. Please Help me! ( end of last message I translated ),direct,1,0,0,0,0,0,0,0,0,0,0,0,0,0,0,0,0,0,0,0,0,0,0,0,0,0,0,0,0,0,0,0,0,0,0,0
78,Would love to hear the latest news from Haiti for 2010.,Would love to hear the latest news from Haiti for 2010.,direct,1,0,0,0,0,0,0,0,0,0,0,0,0,0,0,0,0,0,0,0,0,0,0,0,0,0,0,0,0,0,0,0,0,0,0,0
79,"because it is only one station that we have, thanks in advance","because it is only one station that we have, thanks in advance",direct,1,0,0,0,0,0,0,0,0,0,0,0,0,0,0,0,0,0,0,0,0,0,0,0,0,0,0,0,0,0,0,0,0,0,0,0
80,"I need to let my family know that I am starving, they need to send me money. What Money transfer company is openin my area..","I need to let my family know that I am starving, they need to send me money. What Money transfer company is openin my area..",direct,1,1,0,1,0,0,0,0,0,0,0,1,0,0,1,0,0,0,0,0,0,0,0,0,0,0,0,0,0,0,0,0,0,0,0,1
81,"Please, we need water, food and tents to sleep in. Please help us out","Please, we need water, food and tents to sleep in. Please help us out",direct,1,1,0,1,0,0,0,0,0,0,1,1,1,0,0,0,0,0,0,0,0,0,0,0,0,0,0,0,0,0,0,0,0,0,0,1
82,"I'm hungry, That is why I am sending this message. ( no location provided )","I'm hungry, That is why I am sending this message. ( no location provided )",direct,1,1,0,1,0,0,0,0,0,0,0,1,0,0,0,0,0,0,0,0,0,0,0,0,0,0,0,0,0,0,0,0,0,0,0,1
83,"In the state, please tell me what I must do","In the state, please tell me what I must do",direct,1,0,0,0,0,0,0,0,0,0,0,0,0,0,0,0,0,0,0,0,0,0,0,0,0,0,0,0,0,0,0,0,0,0,0,0
84,I am in Mole St. Nicolas. We have received alot of people who have arrived without anything. We badly need humanitarian aid to help these refugees.,I am in Mole St. Nicolas. We have received alot of people who have arrived without anything. We badly need humanitarian aid to help these refugees.,direct,1,1,0,1,0,0,0,0,0,0,0,0,0,0,0,0,1,0,1,0,0,0,0,0,0,0,0,0,0,0,0,0,0,0,0,1
85,"truncated - probably we need water, shelter, food. Please help us. Thank you.","truncated - probably we need water, shelter, food. Please help us. Thank you.",direct,1,1,0,1,0,0,0,0,0,0,1,1,1,0,0,0,1,0,0,0,0,0,0,0,0,0,0,0,0,0,0,0,0,0,0,1
86,our Mother doesnt work and the children are small. I ask please help mother work in Miami so she can help us not die because we dont have. .. ?,our Mother doesnt work and the children are small. I ask please help mother work in Miami so she can help us not die because we dont have. .. ?,direct,1,1,0,0,0,0,0,0,0,0,0,0,0,0,0,0,0,0,0,0,0,0,0,0,0,0,0,0,0,0,0,0,0,0,0,1
87,"We need food, water. .. . The kids are sick, fever, flu. .. Help. .. We are @ Cote 28, rue Richard","We need food, water. .. . The kids are sick, fever, flu. .. Help. .. We are @ Cote 28, rue Richard",direct,1,1,0,1,1,0,0,0,0,0,1,1,0,0,0,0,0,0,0,0,0,0,0,0,0,0,0,0,0,0,0,0,0,0,0,1
88,( no location ) we are responsible for a shelter. thanks in advance,( no location ) we are responsible for a shelter. thanks in advance,direct,1,0,0,1,0,0,0,0,0,0,0,0,1,0,0,0,0,0,0,0,0,0,0,0,0,0,0,0,0,0,0,0,0,0,0,1
89,"Voice of America. Please pass the message along for us. We live in Gressier, 24th section ( Ti Boukan ). We are dying of hunger. What we had is finished. PLease pass the message along for us.","Voice of America. Please pass the message along for us. We live in Gressier, 24th section ( Ti Boukan ). We are dying of hunger. What we had is finished. PLease pass the message along for us.",direct,1,1,0,1,0,0,0,0,0,0,0,1,0,0,0,0,0,0,0,0,0,0,0,0,0,0,0,0,0,0,0,0,0,0,0,1
90,I was at Port-au-Prince I've been hit really hard by this and my mother who was my life died. I have received no aid please help me whichever way you can help me ( unclear due to I characters replacing the European chars ),I was at Port-au-Prince I've been hit really hard by this and my mother who was my life died. I have received no aid please help me whichever way you can help me ( unclear due to I characters replacing the European chars ),direct,1,1,0,1,0,0,0,0,0,0,0,0,0,0,0,0,0,1,1,0,0,0,0,0,0,0,0,0,0,0,0,0,0,0,0,1
91,"Help we need help we need, food, water and security, SOS they are going to kill us","Help we need help we need, food, water and security, SOS they are going to kill us",direct,1,1,0,1,0,0,0,1,1,0,1,1,0,0,0,0,0,0,0,0,0,0,0,0,0,0,0,0,0,0,0,0,0,0,0,1
92,"I am saved from the earthquake by God's mercy. I am at L'Artibonite, i would like some help for my family and i. thank you","I am saved from the earthquake by God's mercy. I am at L'Artibonite, i would like some help for my family and i. thank you",direct,1,1,0,1,0,0,0,0,0,0,0,0,0,0,0,0,0,0,1,0,0,0,0,0,0,0,0,0,1,0,0,0,1,0,0,1
93,"I wrote before, you didn't answer me. We are located at Carrefour Maren, there's a lot of death victims. We need help","I wrote before, you didn't answer me. We are located at Carrefour Maren, there's a lot of death victims. We need help",direct,1,1,0,1,0,0,0,0,0,0,0,0,0,0,0,0,0,1,1,0,0,0,0,0,0,0,0,0,0,0,0,0,0,0,0,1
94,"I'm living in Gonaive, I don't have anyone who can help me, see what you can do for me. . my hopes are on you after God. Thank You","I'm living in Gonaive, I don't have anyone who can help me, see what you can do for me. . my hopes are on you after God. Thank You",direct,1,1,0,1,0,0,0,0,0,0,0,0,0,0,0,0,0,0,1,0,0,0,0,0,0,0,0,0,0,0,0,0,0,0,0,1
95,We can send it to 4636 I don't have money,We can send it to 4636 I don't have money,direct,0,0,0,0,0,0,0,0,0,0,0,0,0,0,0,0,0,0,0,0,0,0,0,0,0,0,0,0,0,0,0,0,0,0,0,0
96,There's no one to send me money,There's no one to send me money,direct,1,1,0,1,1,0,0,0,0,0,0,0,0,0,0,0,0,0,0,0,1,0,0,0,0,0,0,0,1,1,0,0,0,0,0,1
97,"We are in Pamis-Aven. We need help, we have no food or water.","We are in Pamis-Aven. We need help, we have no food or water.",direct,1,1,0,1,0,0,0,0,0,0,1,1,0,0,0,0,1,0,0,0,0,0,0,0,0,0,0,0,0,0,0,0,0,0,0,1
98,"I need a job too, but for now I need, food, water, and a tent. And I think that we need Psychologic help as well","I need a job too, but for now I need, food, water, and a tent. And I think that we need Psychologic help as well",direct,1,1,0,1,1,0,0,0,0,0,1,1,1,0,0,0,0,0,0,0,0,0,0,0,0,0,0,0,0,0,0,0,0,0,0,1
99,"Good Day, I am happy your desk accepted my message. I am a student, I would like to get a job, I am in misery","Good Day, I am happy your desk accepted my message. I am a student, I would like to get a job, I am in misery",direct,0,0,0,0,0,0,0,0,0,0,0,0,0,0,0,0,0,0,0,0,0,0,0,0,0,0,0,0,0,0,0,0,0,0,0,0
100,".. . haven't been able to find work, i have 2 people who died that we can't find, help us thank you ",".. . haven't been able to find work, i have 2 people who died that we can't find, help us thank you ",direct,1,1,0,1,0,0,0,0,0,0,0,0,0,0,0,0,0,1,0,0,0,0,0,0,0,0,0,0,0,0,0,0,0,0,0,1
101,"I'm a agriculture technician. I live in Dame-Marie, I would like you to think of me","I'm a agriculture technician. I live in Dame-Marie, I would like you to think of me",direct,1,0,0,0,0,0,0,0,0,0,0,0,0,0,0,0,0,0,0,0,0,0,0,0,0,0,0,0,0,0,0,0,0,0,0,0
102,"We are in Mapou Dampus leogane, claudel desir field, we are hungry and we go no help in leogane","We are in Mapou Dampus leogane, claudel desir field, we are hungry and we go no help in leogane",direct,1,1,0,1,0,0,0,0,0,0,0,1,0,0,0,0,0,0,1,0,0,0,0,0,0,0,0,0,0,0,0,0,0,0,0,1
103,"Digicel, I'm in the community Baie de Henne. There are a lot of victims in the kapital there. We need food and water. We need underwear.","Digicel, I'm in the community Baie de Henne. There are a lot of victims in the kapital there. We need food and water. We need underwear.",direct,1,1,0,1,0,0,0,0,0,0,1,1,0,1,0,0,0,0,0,1,0,0,0,0,1,0,0,0,0,0,0,0,0,0,0,1
104,"In Haut Fontamara, We are all living in the streets. We haven't seen the authorities as of yet","In Haut Fontamara, We are all living in the streets. We haven't seen the authorities as of yet",direct,1,1,0,1,0,0,0,0,0,0,0,0,1,0,0,0,0,0,0,0,0,0,0,0,0,0,0,0,0,0,0,0,0,0,0,1
105,"We are a family of thirteen people a mother a father eleven children we need food aid : water food bars of soap oil, financial help we live on Rue Chavannes Prolonge","We are a family of thirteen people a mother a father eleven children we need food aid : water food bars of soap oil, financial help we live on Rue Chavannes Prolonge",direct,1,1,0,1,0,1,0,0,0,0,1,1,0,0,1,0,0,0,0,0,0,0,0,0,0,0,0,0,0,0,0,0,0,0,0,1
106,"We are survivors of the earthquake. W don't have the courage to stay in Port-au-Prince. We are forced to go to the province, near Ponsonde ( noulagu? )","We are survivors of the earthquake. W don't have the courage to stay in Port-au-Prince. We are forced to go to the province, near Ponsonde ( noulagu? )",direct,1,1,0,1,0,0,0,0,0,0,0,0,0,0,0,0,1,0,0,0,0,0,0,0,0,0,0,0,1,0,0,0,1,0,0,1
107,To the US. I have lots of problems. My mother and father,To the US. I have lots of problems. My mother and father,direct,1,1,0,0,0,0,0,0,0,0,0,0,0,0,0,0,0,0,0,0,0,0,0,0,0,0,0,0,0,0,0,0,0,0,0,1
108,"Good evening, I live turbe, in Village Livia. My house has been destroyed with everything in it. I live in the yard. The neighborhood hasn't received any aid. Help, please help us.","Good evening, I live turbe, in Village Livia. My house has been destroyed with everything in it. I live in the yard. The neighborhood hasn't received any aid. Help, please help us.",direct,1,1,0,1,0,0,0,0,0,0,0,0,1,0,0,0,1,0,0,0,0,1,0,0,0,0,0,0,0,0,0,0,0,0,0,1
109,My father's work is destroyed and there are many of us in the house. We were destitute before the catastrophe. My mom never worked. Please help us.,My father's work is destroyed and there are many of us in the house. We were destitute before the catastrophe. My mom never worked. Please help us.,direct,1,1,0,1,0,0,0,0,0,0,0,0,0,0,0,0,0,0,1,0,0,0,0,0,0,0,0,0,0,0,0,0,0,0,0,1
110,"we're in the fokal building. we need water, food and tents to sleep in","we're in the fokal building. we need water, food and tents to sleep in",direct,1,1,0,1,0,0,0,0,0,0,1,1,1,0,0,0,0,0,0,0,0,0,0,0,0,0,0,0,0,0,0,0,0,0,0,1
111,I live in cite soleil. I sleep on the streets. No one is helping me.,I live in cite soleil. I sleep on the streets. No one is helping me.,direct,1,1,0,1,0,0,0,0,0,0,0,0,1,0,0,0,0,0,0,0,0,0,0,0,0,0,0,0,0,0,0,0,0,0,0,1
112,we would like info about aid distribution we are in bon repos ( this is along the national #1 righout outside of pap ),we would like info about aid distribution we are in bon repos ( this is along the national #1 righout outside of pap ),direct,1,1,0,1,0,0,0,0,0,0,0,0,0,0,0,0,0,0,1,0,0,0,0,0,0,0,0,0,0,0,0,0,0,0,0,1
113,I'm haitian doctor and i own an organization. i need medicine to help people near my house,I'm haitian doctor and i own an organization. i need medicine to help people near my house,direct,1,1,0,1,0,1,0,0,0,0,0,0,0,0,0,0,0,0,0,0,0,0,0,0,0,0,0,0,0,0,0,0,0,0,0,1
114,you can't satisfy everyone but don't forget me i'm hopeless powerless.,you can't satisfy everyone but don't forget me i'm hopeless powerless.,direct,0,0,0,0,0,0,0,0,0,0,0,0,0,0,0,0,0,0,0,0,0,0,0,0,0,0,0,0,0,0,0,0,0,0,0,0
115,the people in the zone of rue Doctor obri is givin u thanks for the services you are giving the haitien population we just received water to nite. but we can't just have water witout food.,the people in the zone of rue Doctor obri is givin u thanks for the services you are giving the haitien population we just received water to nite. but we can't just have water witout food.,direct,1,1,0,1,0,0,0,0,0,0,1,1,0,0,0,0,0,0,0,0,0,0,0,0,0,0,0,0,1,0,0,0,1,0,0,1
116,Please come see us we're in martissan 7 go straight the maniga street we need some place to sleep because we have a lot of children we need food also,Please come see us we're in martissan 7 go straight the maniga street we need some place to sleep because we have a lot of children we need food also,direct,1,1,0,1,0,0,0,0,0,0,0,1,1,0,0,0,0,0,0,0,0,0,0,0,0,0,0,0,0,0,0,0,0,0,0,1
117,I like the program Information you should know. Give me more information. Thanks.,I like the program Information you should know. Give me more information. Thanks.,direct,0,0,0,0,0,0,0,0,0,0,0,0,0,0,0,0,0,0,0,0,0,0,0,0,0,0,0,0,0,0,0,0,0,0,0,0
118,What is there to be found in the country now? We need some help for the people who suffering. Please write to us to tell us your intentions ,What is there to be found in the country now? We need some help for the people who suffering. Please write to us to tell us your intentions ,direct,1,1,0,1,0,0,0,0,0,0,0,0,0,0,0,0,0,0,1,0,0,0,0,0,0,0,0,0,0,0,0,0,0,0,0,1
119,"Even in Moghav we've asked for aid, we are writinge in this regard. We would like to know more about iti ","Even in Moghav we've asked for aid, we are writinge in this regard. We would like to know more about iti ",direct,1,1,0,1,0,0,0,0,0,0,0,0,0,0,0,0,0,0,1,0,0,0,0,0,0,0,0,0,0,0,0,0,0,0,0,1
120,"I used to live in PaP. Now I'm in Montruis. What are the risks for that area for Friday, Jan 22?","I used to live in PaP. Now I'm in Montruis. What are the risks for that area for Friday, Jan 22?",direct,0,0,0,0,0,0,0,0,0,0,0,0,0,0,0,0,0,0,0,0,0,0,0,0,0,0,0,0,0,0,0,0,0,0,0,0
121,"We are a family of 15 members, 5 men 10 women, we need help because our home has collapsed. ","We are a family of 15 members, 5 men 10 women, we need help because our home has collapsed. ",direct,1,1,0,1,0,0,0,0,0,0,0,0,1,0,0,0,0,0,0,0,0,1,0,0,0,0,0,0,0,0,0,0,0,0,0,1
122,"I need to know if those quakes are over. There is a rumor about a bigger one coming soon, is it true ","I need to know if those quakes are over. There is a rumor about a bigger one coming soon, is it true ",direct,1,1,0,1,0,0,0,0,0,0,0,0,0,0,0,0,0,0,1,0,0,0,0,0,0,0,0,0,1,0,0,0,1,0,0,1
123,I am a earthquake survivor. I lost my house and all my belonging. How can you help me.,I am a earthquake survivor. I lost my house and all my belonging. How can you help me.,direct,1,1,0,1,0,0,0,0,0,0,0,0,1,0,0,0,0,0,1,0,0,0,0,0,0,0,0,0,1,0,0,0,1,0,0,1
124,"I have a child who's father is in a foreign country and doesn't take care of him, I have no house, , I have no food to give him","I have a child who's father is in a foreign country and doesn't take care of him, I have no house, , I have no food to give him",direct,1,1,0,1,0,0,0,0,0,0,0,1,1,0,0,0,0,0,0,0,0,0,0,0,0,0,0,0,0,0,0,0,0,0,0,0
125,.. . Now were in Gonaives zone Kanal Bwa i send this message. .. ,.. . Now were in Gonaives zone Kanal Bwa i send this message. .. ,direct,1,0,0,0,0,0,0,0,0,0,0,0,0,0,0,0,0,0,0,0,0,0,0,0,0,0,0,0,0,0,0,0,0,0,0,1
126,"My necessities are not complex. I don't have money right now to be able to get on the internet. So, that is why I am telling you a little about myself and I will tell you more when you respond. Bye. ","My necessities are not complex. I don't have money right now to be able to get on the internet. So, that is why I am telling you a little about myself and I will tell you more when you respond. Bye. ",direct,1,1,0,1,0,0,0,0,0,0,0,0,0,0,1,0,0,0,0,0,0,0,0,0,0,0,0,0,0,0,0,0,0,0,0,1
127,I need to know if someone who is in the military can send for his or her family,I need to know if someone who is in the military can send for his or her family,direct,1,1,0,1,0,0,0,0,1,0,0,0,0,0,0,1,0,0,0,0,0,0,0,0,0,0,0,0,0,0,0,0,0,0,0,1
128,I would like to get some info about the earthquake.,I would like to get some info about the earthquake.,direct,1,0,0,0,0,0,0,0,0,0,0,0,0,0,0,0,0,0,0,0,0,0,0,0,0,0,0,0,1,0,0,0,1,0,0,0
129,after how muche time does the earthquake stop? did it pass and at what level?,after how muche time does the earthquake stop? did it pass and at what level?,direct,1,0,0,0,0,0,0,0,0,0,0,0,0,0,0,0,0,0,0,0,0,0,0,0,0,0,0,0,1,0,0,0,1,0,0,1
130,"in the name of the young in action from Croix des missions, we are sollic . ..  ","in the name of the young in action from Croix des missions, we are sollic . ..  ",direct,0,0,0,0,0,0,0,0,0,0,0,0,0,0,0,0,0,0,0,0,0,0,0,0,0,0,0,0,0,0,0,0,0,0,0,0
131,and in addition what time will it be possible for me to sleep in my house?,and in addition what time will it be possible for me to sleep in my house?,direct,0,0,0,0,0,0,0,0,0,0,0,0,0,0,0,0,0,0,0,0,0,0,0,0,0,0,0,0,0,0,0,0,0,0,0,0
132,i would like to find more information on the disaster.,i would like to find more information on the disaster.,direct,1,0,0,0,0,0,0,0,0,0,0,0,0,0,0,0,0,0,0,0,0,0,0,0,0,0,0,0,0,0,0,0,0,0,0,0
133,I want more information aout the earthquake.,I want more information aout the earthquake.,direct,1,0,0,0,0,0,0,0,0,0,0,0,0,0,0,0,0,0,0,0,0,0,0,0,0,0,0,0,1,0,0,0,1,0,0,0
134,"Hi I don't have a place to sleep, it's in the community park on santo 17, on the Peter field, we don't have food, do something for us please.","Hi I don't have a place to sleep, it's in the community park on santo 17, on the Peter field, we don't have food, do something for us please.",direct,1,1,0,1,0,0,0,0,0,0,0,1,1,0,0,0,0,0,0,0,0,0,0,0,0,0,0,0,0,0,0,0,0,0,0,1
135,I didn't tell the whole family this :  The reason I was saved awasn't harmed is because I was in the streets.  Right now I'm in the streets with this child. I can't live like this.,I didn't tell the whole family this :  The reason I was saved awasn't harmed is because I was in the streets.  Right now I'm in the streets with this child. I can't live like this.,direct,1,1,0,1,0,0,0,0,0,0,0,0,1,0,0,0,0,0,0,0,0,0,0,0,0,0,0,0,0,0,0,0,0,0,0,1
136,Is it true that people can go to Senegal without a visa?,Is it true that people can go to Senegal without a visa?,direct,0,0,0,0,0,0,0,0,0,0,0,0,0,0,0,0,0,0,0,0,0,0,0,0,0,0,0,0,0,0,0,0,0,0,0,0
137,"I need some information, radio but no battery ( translator's interpertation - could mean i don't have a lot )","I need some information, radio but no battery ( translator's interpertation - could mean i don't have a lot )",direct,1,1,0,1,0,0,0,0,0,0,0,0,0,0,0,0,0,0,1,0,0,0,0,0,0,0,0,0,0,0,0,0,0,0,0,1
138,I would like to knwo where I can find work?,I would like to knwo where I can find work?,direct,0,0,0,0,0,0,0,0,0,0,0,0,0,0,0,0,0,0,0,0,0,0,0,0,0,0,0,0,0,0,0,0,0,0,0,0
139,"Hello, please if I know someone in Canada but I don't have ID, can I go to Canada?","Hello, please if I know someone in Canada but I don't have ID, can I go to Canada?",direct,0,0,0,0,0,0,0,0,0,0,0,0,0,0,0,0,0,0,0,0,0,0,0,0,0,0,0,0,0,0,0,0,0,0,0,0
140,When will the eachivey open? How much time will it take?,When will the eachivey open? How much time will it take?,direct,1,0,0,0,0,0,0,0,0,0,0,0,0,0,0,0,0,0,0,0,0,0,0,0,0,0,0,0,0,0,0,0,0,0,0,0
141,I'd like some information about traveling to the United State please.,I'd like some information about traveling to the United State please.,direct,0,0,0,0,0,0,0,0,0,0,0,0,0,0,0,0,0,0,0,0,0,0,0,0,0,0,0,0,0,0,0,0,0,0,0,0
142,when ca we sleep in our houses,when ca we sleep in our houses,direct,1,0,0,0,0,0,0,0,0,0,0,0,0,0,0,0,0,0,0,0,0,0,0,0,0,0,0,0,0,0,0,0,0,0,0,0
143,I would like information on the response. I would like information about responses to the earthquake.,I would like information on the response. I would like information about responses to the earthquake.,direct,1,0,0,0,0,0,0,0,0,0,0,0,0,0,0,0,0,0,0,0,0,0,0,0,0,0,0,0,1,0,0,0,1,0,0,0
144,"Hello, I would like information please.","Hello, I would like information please.",direct,1,0,0,0,0,0,0,0,0,0,0,0,0,0,0,0,0,0,0,0,0,0,0,0,0,0,0,0,0,0,0,0,0,0,0,0
145,Is there a possibility of having reoccurrence or another seismic event of a magnitude 8 or more in the next few days?,Is there a possibility of having reoccurrence or another seismic event of a magnitude 8 or more in the next few days?,direct,1,0,0,0,0,0,0,0,0,0,0,0,0,0,0,0,0,0,0,0,0,0,0,0,0,0,0,0,1,0,0,0,1,0,0,0
146,It's advised to airdrop food kits to rural houses and the slums. The silent are also hungry.,It's advised to airdrop food kits to rural houses and the slums. The silent are also hungry.,direct,1,1,0,1,0,0,0,0,0,0,0,1,0,0,0,0,0,0,0,0,0,0,0,0,0,0,0,0,0,0,0,0,0,0,0,0
147,"hello to you, please, i would like to know how to find care for my husband, he is fractured in hand and foot and cannot walk, thankyou ","hello to you, please, i would like to know how to find care for my husband, he is fractured in hand and foot and cannot walk, thankyou ",direct,1,1,0,1,1,0,0,0,0,0,0,0,0,0,0,0,0,0,0,0,0,0,0,0,0,0,0,0,0,0,0,0,0,0,0,1
148,"Hi i speak english, if it's possible i would like to know of some groups that need an interpreter. you can let me know on this number.","Hi i speak english, if it's possible i would like to know of some groups that need an interpreter. you can let me know on this number.",direct,1,0,1,1,0,0,0,0,0,0,0,0,0,0,0,0,0,0,1,0,0,0,0,0,0,0,0,0,0,0,0,0,0,0,0,1
149,How many answers/aftershocks do we have? ,How many answers/aftershocks do we have? ,direct,1,0,0,0,0,0,0,0,0,0,0,0,0,0,0,0,0,0,0,0,0,0,0,0,0,0,0,0,0,0,0,0,0,0,0,1
150,"Hello, think about me and if you can help in the sense that my business crashed, my house crashed and I didn't save anything at all so I am in the street, I am hungry, what can I do?","Hello, think about me and if you can help in the sense that my business crashed, my house crashed and I didn't save anything at all so I am in the street, I am hungry, what can I do?",direct,1,1,0,1,0,0,0,0,0,0,0,1,1,0,0,0,0,0,0,0,0,1,0,0,0,0,0,0,0,0,0,0,0,0,0,1
151,"I am a student at the dominican republic, my passport is due, I went to renew it but it was not delivered to me. I need to go back to school so tell me what I need to do..","I am a student at the dominican republic, my passport is due, I went to renew it but it was not delivered to me. I need to go back to school so tell me what I need to do..",direct,0,0,0,0,0,0,0,0,0,0,0,0,0,0,0,0,0,0,0,0,0,0,0,0,0,0,0,0,0,0,0,0,0,0,0,0
152,"When will I find that job because the earthquakes are not finished, when they finish I don't find ?notes? available beside me. When it's finished I don't have a house, it's rubble.","When will I find that job because the earthquakes are not finished, when they finish I don't find ?notes? available beside me. When it's finished I don't have a house, it's rubble.",direct,1,1,0,1,0,0,0,0,0,0,0,0,1,0,0,0,0,0,0,0,0,1,0,0,0,0,0,0,1,0,0,0,1,0,0,1
153,We are AFS ( Association Women without roof ) We need expertise for all house that have no roof that have not fallen especially houses that are on Lazarre Street.,We are AFS ( Association Women without roof ) We need expertise for all house that have no roof that have not fallen especially houses that are on Lazarre Street.,direct,1,1,0,1,0,0,0,0,0,0,0,0,1,0,0,0,0,0,0,0,0,1,0,0,0,0,0,0,0,0,0,0,0,0,0,1
154,Where can victims go get a visa so they can go to Santo Domingo?,Where can victims go get a visa so they can go to Santo Domingo?,direct,1,0,0,0,0,0,0,0,0,0,0,0,0,0,0,0,0,0,0,0,0,0,0,0,0,0,0,0,0,0,0,0,0,0,0,0
155,I'm sending this message to see what you can do for me.,I'm sending this message to see what you can do for me.,direct,0,0,0,0,0,0,0,0,0,0,0,0,0,0,0,0,0,0,0,0,0,0,0,0,0,0,0,0,0,0,0,0,0,0,0,0
156,I would like to hear more about the earthquake. I am listening to thoman in Gantye,I would like to hear more about the earthquake. I am listening to thoman in Gantye,direct,1,0,0,0,0,0,0,0,0,0,0,0,0,0,0,0,0,0,0,0,0,0,0,0,0,0,0,0,1,0,0,0,1,0,0,0
157,we are a student union in belok leogane. we have not found up till now food for the population. pleas give an ans adress where we can find food.,we are a student union in belok leogane. we have not found up till now food for the population. pleas give an ans adress where we can find food.,direct,1,1,0,1,0,0,0,0,0,0,0,1,0,0,0,0,0,0,0,0,0,0,0,0,0,0,0,0,0,0,0,0,0,0,0,1
158,How can you help us find some food. Hunger is killing us here. Thank you in advance. Im couinting on you,How can you help us find some food. Hunger is killing us here. Thank you in advance. Im couinting on you,direct,1,1,0,1,0,0,0,0,0,0,0,1,0,0,0,0,0,0,0,0,0,0,0,0,0,0,0,0,0,0,0,0,0,0,0,1
159,I need information about the country. How are things today?,I need information about the country. How are things today?,direct,0,0,0,0,0,0,0,0,0,0,0,0,0,0,0,0,0,0,0,0,0,0,0,0,0,0,0,0,0,0,0,0,0,0,0,0
160,"Hello, Please if passport is expired what is a good way to go to Santo Domingo","Hello, Please if passport is expired what is a good way to go to Santo Domingo",direct,0,0,0,0,0,0,0,0,0,0,0,0,0,0,0,0,0,0,0,0,0,0,0,0,0,0,0,0,0,0,0,0,0,0,0,0
161,Are there any money transfer offices open in Croix des bouquet,Are there any money transfer offices open in Croix des bouquet,direct,1,0,0,0,0,0,0,0,0,0,0,0,0,0,0,0,0,0,0,0,0,0,0,0,0,0,0,0,0,0,0,0,0,0,0,0
162,Can I go in my home because my home is not damaged ( has nothing ).,Can I go in my home because my home is not damaged ( has nothing ).,direct,1,1,0,0,0,0,0,0,0,0,0,0,0,0,0,0,0,0,0,0,0,0,0,0,0,0,0,0,0,0,0,0,0,0,0,1
163,"Committee bloc Sama ( cbs 18 ) in Delmas 18. We have sent many messgaes for help and we still haven't recieved anything. We need food, water and medication. we do not know who else to ask.","Committee bloc Sama ( cbs 18 ) in Delmas 18. We have sent many messgaes for help and we still haven't recieved anything. We need food, water and medication. we do not know who else to ask.",direct,1,1,0,1,0,1,0,0,0,0,1,1,0,0,0,0,0,0,0,0,0,0,0,0,0,0,0,0,0,0,0,0,0,0,0,1
164,"Please, this person need water and food, Delmas 33, Rue Costa 8 ","Please, this person need water and food, Delmas 33, Rue Costa 8 ",direct,1,1,0,1,0,0,0,0,0,0,1,1,0,0,0,0,0,0,0,0,0,0,0,0,0,0,0,0,0,0,0,0,0,0,0,0
165,"I have no food or water. Please help me, I am in the 10th section of Leogane","I have no food or water. Please help me, I am in the 10th section of Leogane",direct,1,1,0,1,0,0,0,0,0,0,1,1,0,0,0,0,0,0,0,0,0,0,0,0,0,0,0,0,0,0,0,0,0,0,0,1
166,I would like some information in the country.,I would like some information in the country.,direct,0,0,0,0,0,0,0,0,0,0,0,0,0,0,0,0,0,0,0,0,0,0,0,0,0,0,0,0,0,0,0,0,0,0,0,0
167,"URGENT, please help us, children and olders are dying from starvation. Please you have to come, we are downtown Leogane, rue ( street ) Danjour. Thank you","URGENT, please help us, children and olders are dying from starvation. Please you have to come, we are downtown Leogane, rue ( street ) Danjour. Thank you",direct,1,1,0,1,0,0,0,0,0,0,0,1,0,0,0,0,0,1,0,0,0,0,0,0,0,0,0,0,0,0,0,0,0,0,0,1
168,"Hello digicel. We're at Delmas 40b, muso village. We have no food, no water. We can't do this anmore. Help us please.","Hello digicel. We're at Delmas 40b, muso village. We have no food, no water. We can't do this anmore. Help us please.",direct,1,1,0,1,0,0,0,0,0,0,1,1,0,0,0,0,0,0,0,0,0,0,0,0,0,0,0,0,0,0,0,0,0,0,0,1
169,"SOS, SOS. 27 month old child in difficulties at Cap-haitien. We need diapers, milk and protein. Thank you for your help.","SOS, SOS. 27 month old child in difficulties at Cap-haitien. We need diapers, milk and protein. Thank you for your help.",direct,1,1,0,1,0,1,0,0,0,0,0,1,0,0,0,0,0,0,0,0,0,0,0,0,0,0,0,0,0,0,0,0,0,0,0,1
170,I need to know which money transfer offices are open.,I need to know which money transfer offices are open.,direct,0,0,0,0,0,0,0,0,0,0,0,0,0,0,0,0,0,0,0,0,0,0,0,0,0,0,0,0,0,0,0,0,0,0,0,0
171,What would the foreigners are doing with the country?,What would the foreigners are doing with the country?,direct,1,0,0,0,0,0,0,0,0,0,0,0,0,0,0,0,0,0,0,0,0,0,0,0,0,0,0,0,0,0,0,0,0,0,0,0
172,Information about the second earthquake.,Information about the second earthquake.,direct,1,0,0,0,0,0,0,0,0,0,0,0,0,0,0,0,0,0,0,0,0,0,0,0,0,0,0,0,1,0,0,0,1,0,0,0
173,i would like to know when the aftershocks will end,i would like to know when the aftershocks will end,direct,1,0,0,0,0,0,0,0,0,0,0,0,0,0,0,0,0,0,0,0,0,0,0,0,0,0,0,0,1,0,0,0,1,0,0,1
174,i want to know the name of haitian artists that died in the earthquake,i want to know the name of haitian artists that died in the earthquake,direct,1,0,0,1,0,0,0,0,0,0,0,0,0,0,0,0,0,1,0,0,0,0,0,0,0,0,0,0,1,0,0,0,1,0,0,0
175,Is it trye that there will be another aftershock stronger than the 6. 1 we had???,Is it trye that there will be another aftershock stronger than the 6. 1 we had???,direct,1,0,0,0,0,0,0,0,0,0,0,0,0,0,0,0,0,0,0,0,0,0,0,0,0,0,0,0,1,0,0,0,1,0,0,0
176,Where is the fault? From where to where does it extend?,Where is the fault? From where to where does it extend?,direct,1,0,0,0,0,0,0,0,0,0,0,0,0,0,0,0,0,0,0,0,0,0,0,0,0,0,0,0,0,0,0,0,0,0,0,0
177,We are the group Women in Democracy. Leogane has totally collapsed. We need help urgently. ,We are the group Women in Democracy. Leogane has totally collapsed. We need help urgently. ,direct,1,1,0,1,1,0,0,0,0,0,0,0,0,0,0,0,0,0,1,0,1,0,0,0,0,0,0,0,1,1,0,0,0,0,0,1
178,"We are forgotten survivors in Carrefour, Sapotille. What can we do to survive?","We are forgotten survivors in Carrefour, Sapotille. What can we do to survive?",direct,1,1,0,1,0,0,0,0,0,0,0,0,0,0,0,0,0,0,1,0,0,0,0,0,0,0,0,0,0,0,0,0,0,0,0,1
179,i am stuck i am all the way in the countryside in the area of gros morne. i need help,i am stuck i am all the way in the countryside in the area of gros morne. i need help,direct,1,1,0,1,0,0,1,0,0,0,0,0,0,0,0,0,0,0,0,0,0,0,0,0,0,0,0,0,0,0,0,0,0,0,0,1
180,Concerning the prisoners that have escaped. We have heard that they have been marked ( stamped? ). Is it true?,Concerning the prisoners that have escaped. We have heard that they have been marked ( stamped? ). Is it true?,direct,1,0,0,0,0,0,0,0,0,0,0,0,0,0,0,0,0,0,0,0,0,0,0,0,0,0,0,0,0,0,0,0,0,0,0,0
181,"Please, there are a whole bunch of people in Morne Lazar, museau, Delmas 60. in need of water food and medical help. we are bout 3000","Please, there are a whole bunch of people in Morne Lazar, museau, Delmas 60. in need of water food and medical help. we are bout 3000",direct,1,1,0,1,1,0,0,0,0,0,1,1,0,0,0,0,0,0,0,0,1,0,0,0,0,0,0,0,1,1,0,0,0,0,0,1
182,Road Oryol ( ?? ) Delmas 18 there's a collapsed house with lots of people. The sector is unlivable for the people who sleep there. Please help,Road Oryol ( ?? ) Delmas 18 there's a collapsed house with lots of people. The sector is unlivable for the people who sleep there. Please help,direct,1,1,0,1,0,0,0,0,0,0,0,0,1,0,0,0,0,0,0,0,0,1,0,0,0,0,0,0,0,0,0,0,0,0,0,1
183,I am a child. My leg is broken. Please send me some food so I don't die. ,I am a child. My leg is broken. Please send me some food so I don't die. ,direct,1,1,0,1,1,0,0,0,0,0,0,1,0,0,0,0,0,0,0,0,0,0,0,0,0,0,0,0,0,0,0,0,0,0,0,1
184,"we need water and food in Karaval, pye batis and solino, thank you","we need water and food in Karaval, pye batis and solino, thank you",direct,1,1,0,1,0,0,0,0,0,0,1,1,0,0,0,0,0,0,0,0,0,0,0,0,0,0,0,0,0,0,0,0,0,0,0,1
185,writing just so that the authorities can help control of the economy. either by money or other. now im in port de paix. thanks im counting on you,writing just so that the authorities can help control of the economy. either by money or other. now im in port de paix. thanks im counting on you,direct,0,0,0,0,0,0,0,0,0,0,0,0,0,0,0,0,0,0,0,0,0,0,0,0,0,0,0,0,0,0,0,0,0,0,0,0
186,"Can you please help me, provide some information about the events.","Can you please help me, provide some information about the events.",direct,1,1,0,0,0,0,0,0,0,0,0,0,0,0,0,0,0,0,0,0,0,0,0,0,0,0,0,0,0,0,0,0,0,0,0,0
187,Please put some security and relief workers in every zone so that everyone can receive some aid. Thank you. I am waiting for the authorities in Grand Goave.,Please put some security and relief workers in every zone so that everyone can receive some aid. Thank you. I am waiting for the authorities in Grand Goave.,direct,1,1,0,1,0,0,0,1,0,0,0,0,0,0,0,0,0,0,1,0,0,0,0,0,0,0,0,0,0,0,0,0,0,0,0,1
188,Please Digicel. Send a card for me.,Please Digicel. Send a card for me.,direct,0,0,0,0,0,0,0,0,0,0,0,0,0,0,0,0,0,0,0,0,0,0,0,0,0,0,0,0,0,0,0,0,0,0,0,0
189,"The centre is in the Legliz de Dye de la nouvel ( God of the Word ). Sice the catastrophy we did not receive anything, we are dying of hunger, hunger is killing us.","The centre is in the Legliz de Dye de la nouvel ( God of the Word ). Sice the catastrophy we did not receive anything, we are dying of hunger, hunger is killing us.",direct,1,1,0,1,1,0,0,0,0,0,0,1,0,0,0,0,0,0,0,0,1,0,0,0,0,0,0,0,1,1,0,0,0,0,0,1
190,I would like to receive information about how to protect myself during potential earthquake. Please help.,I would like to receive information about how to protect myself during potential earthquake. Please help.,direct,1,1,0,1,0,0,0,0,0,0,0,0,0,0,0,0,0,0,1,0,0,0,0,0,0,0,0,0,1,0,0,0,1,0,0,1
191,I would like to have more information on the Earthquake. Thank you!,I would like to have more information on the Earthquake. Thank you!,direct,1,0,0,0,0,0,0,0,0,0,0,0,0,0,0,0,0,0,0,0,0,0,0,0,0,0,0,0,1,0,0,0,1,0,0,1
192,"We are located in Rue Jean Charles Fort National. We are 514 people. We need aid. Food, water and medication.","We are located in Rue Jean Charles Fort National. We are 514 people. We need aid. Food, water and medication.",direct,1,1,0,1,1,1,0,0,0,0,1,1,0,0,0,0,0,0,0,0,0,0,0,0,0,0,0,0,0,0,0,0,0,0,0,1
193,Please help us. we don't have food or water. some of us are sick. We have taking shelter close to castera in Fontamara 27. Thank yoiu,Please help us. we don't have food or water. some of us are sick. We have taking shelter close to castera in Fontamara 27. Thank yoiu,direct,1,1,0,1,0,0,0,0,0,0,1,1,1,0,0,0,0,0,0,0,0,0,0,0,0,0,0,0,0,0,0,0,0,0,0,1
194,way to save ourselves. Our address is the 3rd entry in the St-Antoine Area,way to save ourselves. Our address is the 3rd entry in the St-Antoine Area,direct,1,1,0,1,0,0,0,0,0,0,0,0,0,0,0,0,0,0,1,0,0,0,0,0,0,0,0,0,0,0,0,0,0,0,0,1
195,"Under the trees is where i sleep, we reach carrefour so that we find more people on the road","Under the trees is where i sleep, we reach carrefour so that we find more people on the road",direct,1,0,0,1,0,0,0,0,0,0,0,0,1,0,0,0,0,0,0,0,0,0,0,0,0,0,0,0,0,0,0,0,0,0,0,1
196,"We need help on place Maigate, we need tentes and water, also food. PLEASE foward the message for us because we havent received anythign yet ","We need help on place Maigate, we need tentes and water, also food. PLEASE foward the message for us because we havent received anythign yet ",direct,1,1,0,1,0,0,0,0,0,0,1,1,1,0,0,0,0,0,0,0,0,0,0,0,0,0,0,0,0,0,0,0,0,0,0,1
197,"My friends, we are on Route Dalle. They forgot us. By the Salle Temoins Jehovah ","My friends, we are on Route Dalle. They forgot us. By the Salle Temoins Jehovah ",direct,1,1,0,1,0,0,0,0,0,0,0,0,0,0,0,0,0,0,1,0,0,0,0,0,0,0,0,0,0,0,0,0,0,0,0,1
198,"Good evening people of Boulevard 15 Octobre, we are in need","Good evening people of Boulevard 15 Octobre, we are in need",direct,1,1,0,1,0,0,0,0,0,0,0,0,0,0,0,0,0,0,1,0,0,0,0,0,0,0,0,0,0,0,0,0,0,0,0,1
199,i don't have the means to live with a 4 month old baby i had a little bakery and it was destroyed i need to find a job,i don't have the means to live with a 4 month old baby i had a little bakery and it was destroyed i need to find a job,direct,1,1,0,1,0,0,0,0,0,0,0,0,0,0,0,0,0,0,1,0,0,1,0,0,0,0,0,0,0,0,0,0,0,0,0,1
200,"We need your help we need food, water and medical supplies in delmas 75 publin. Av P. Philipe street","We need your help we need food, water and medical supplies in delmas 75 publin. Av P. Philipe street",direct,1,1,0,1,1,1,0,0,0,0,1,1,0,0,0,0,0,0,0,0,0,0,0,0,0,0,0,0,0,0,0,0,0,0,0,1
201,this is for ansavo where the station is,this is for ansavo where the station is,direct,0,0,0,0,0,0,0,0,0,0,0,0,0,0,0,0,0,0,0,0,0,0,0,0,0,0,0,0,0,0,0,0,0,0,0,0
202,I have 250 people who need help. Where do I go to get help for them?,I have 250 people who need help. Where do I go to get help for them?,direct,0,0,0,0,0,0,0,0,0,0,0,0,0,0,0,0,0,0,0,0,0,0,0,0,0,0,0,0,0,0,0,0,0,0,0,0
203,I'm in Gros Morne. I need food and clothes. My dear friends help me for the love of God,I'm in Gros Morne. I need food and clothes. My dear friends help me for the love of God,direct,1,1,0,1,0,0,0,0,0,0,0,1,0,1,0,0,0,0,0,0,0,0,0,0,0,0,0,0,0,0,0,0,0,0,0,1
204,"Those people who will be in the provinces by the barrell, what did we plan for them? They have health and hunger, insecurity and expensive life problems","Those people who will be in the provinces by the barrell, what did we plan for them? They have health and hunger, insecurity and expensive life problems",direct,1,1,0,1,0,0,0,1,0,0,0,1,0,0,0,0,0,0,0,0,0,0,0,0,0,0,0,0,0,0,0,0,0,0,0,0
205,"I'm a university student at the state university, studying nursing, the person who used to help me died on the 12th of january, please i need help","I'm a university student at the state university, studying nursing, the person who used to help me died on the 12th of january, please i need help",direct,1,1,0,1,1,0,0,0,0,0,0,0,0,0,0,0,0,1,1,0,1,0,0,0,0,0,0,0,1,1,0,0,0,0,0,1
206,"I give thanks to God, bu my friends I have problems, Haitians have problems. I'm on the road in Cap Haitien and I don't even have water to drink","I give thanks to God, bu my friends I have problems, Haitians have problems. I'm on the road in Cap Haitien and I don't even have water to drink",direct,1,1,0,1,0,0,0,0,0,0,1,0,0,0,0,0,0,0,0,0,0,0,0,0,0,0,0,0,0,0,0,0,0,0,0,1
207,Please come help us. We want to live but can't do it alone. We are in K Foufey. We don't have anything and need anything to stay alive.,Please come help us. We want to live but can't do it alone. We are in K Foufey. We don't have anything and need anything to stay alive.,direct,1,1,0,1,0,0,0,0,0,0,0,0,0,0,0,0,0,0,1,0,0,0,0,0,0,0,0,0,0,0,0,0,0,0,0,1
208,"Please, I want to know more information about what is going on acrss the country. Thanks.","Please, I want to know more information about what is going on acrss the country. Thanks.",direct,1,0,0,0,0,0,0,0,0,0,0,0,0,0,0,0,0,0,0,0,0,0,0,0,0,0,0,0,0,0,0,0,0,0,0,0
209,"We need food in L'Artibonite, after we left the event/earthquake in Port au prince we didn't come with anything, all remains in port au Prince.","We need food in L'Artibonite, after we left the event/earthquake in Port au prince we didn't come with anything, all remains in port au Prince.",direct,1,1,0,1,0,0,0,0,0,0,0,1,0,0,0,0,0,0,0,0,0,0,0,0,0,0,0,0,1,0,0,0,1,0,0,1
210,I chose not to go external ( out of the city? ) Because my job can create things to give me ??,I chose not to go external ( out of the city? ) Because my job can create things to give me ??,direct,0,0,0,0,0,0,0,0,0,0,0,0,0,0,0,0,0,0,0,0,0,0,0,0,0,0,0,0,0,0,0,0,0,0,0,0
211,"Need to know if there's no other foreing hospital to help wounded, than the on in republican republic,","Need to know if there's no other foreing hospital to help wounded, than the on in republican republic,",direct,1,1,0,1,1,0,0,0,0,0,0,0,0,0,0,0,0,0,0,1,0,0,0,0,1,0,0,0,0,0,0,0,0,0,0,1
212,I need the address of a cyber coffee that is open,I need the address of a cyber coffee that is open,direct,1,0,0,0,0,0,0,0,0,0,0,0,0,0,0,0,0,0,0,0,0,0,0,0,0,0,0,0,0,0,0,0,0,0,0,0
213,"Hi, what's up I need information about Marcel de pi ( marculacet ) fifth section, cavaillon commune","Hi, what's up I need information about Marcel de pi ( marculacet ) fifth section, cavaillon commune",direct,1,0,0,0,0,0,0,0,0,0,0,0,0,0,0,0,0,0,0,0,0,0,0,0,0,0,0,0,0,0,0,0,0,0,0,0
214,Person is worried as to what will become of the ruins of their houses if they leave the capital. ,Person is worried as to what will become of the ruins of their houses if they leave the capital. ,direct,1,0,0,1,0,0,0,0,0,0,0,0,1,0,0,0,0,0,0,0,0,1,0,0,0,0,0,0,0,0,0,0,0,0,0,0
215,I would like to know how many marines are coming to Haiti.,I would like to know how many marines are coming to Haiti.,direct,1,0,0,1,0,0,0,0,1,0,0,0,0,0,0,0,0,0,0,0,0,0,0,0,0,0,0,0,0,0,0,0,0,0,0,1
216,The baby's diapers are under the rubble along with the rubber nipples/baby bottles. We greatly need your strong hands. ,The baby's diapers are under the rubble along with the rubber nipples/baby bottles. We greatly need your strong hands. ,direct,1,1,0,1,0,1,0,0,0,0,0,0,0,0,0,0,0,0,0,0,0,1,0,0,0,0,0,0,1,0,0,0,1,0,0,1
217,Are the americans coming to occupy,Are the americans coming to occupy,direct,0,0,0,0,0,0,0,0,0,0,0,0,0,0,0,0,0,0,0,0,0,0,0,0,0,0,0,0,0,0,0,0,0,0,0,0
218,condition bloody about / undergoing children delivery corner of delmas 31 and rue marien ,condition bloody about / undergoing children delivery corner of delmas 31 and rue marien ,direct,1,0,0,0,0,0,0,0,0,0,0,0,0,0,0,0,0,0,0,0,0,0,0,0,0,0,0,0,0,0,0,0,0,0,0,1
219,greetings to you who want to help in this situation. Beauduy needs your help. please it's an emergency,greetings to you who want to help in this situation. Beauduy needs your help. please it's an emergency,direct,1,1,0,1,0,0,0,0,0,0,0,0,0,0,0,0,0,0,1,0,0,0,0,0,0,0,0,0,0,0,0,0,0,0,0,1
220,"Cabaret, Route nationale #1 near church assemblue du st esprit Need food i water","Cabaret, Route nationale #1 near church assemblue du st esprit Need food i water",direct,1,1,0,1,0,0,0,0,0,0,1,1,0,0,0,0,0,0,0,0,0,0,0,0,0,0,0,0,0,0,0,0,0,0,0,1
221,"Hello, what can be done to find a good answer from 4636","Hello, what can be done to find a good answer from 4636",direct,1,0,0,0,0,0,0,0,0,0,0,0,0,0,0,0,0,0,0,0,0,0,0,0,0,0,0,0,0,0,0,0,0,0,0,0
222,We need help at delmas 75 across from kiskeya christian school. Tank u!,We need help at delmas 75 across from kiskeya christian school. Tank u!,direct,1,1,0,1,0,0,0,0,0,0,0,0,0,0,0,0,0,0,1,0,0,0,0,0,0,0,0,0,0,0,0,0,0,0,0,1
223,"I'm here in my area which is Leogane in the Gros Morne section, but I'm stunner because my house is destroyed. How can you help us? Save us, please! ","I'm here in my area which is Leogane in the Gros Morne section, but I'm stunner because my house is destroyed. How can you help us? Save us, please! ",direct,1,1,0,1,0,0,0,0,0,0,0,0,1,0,0,0,0,0,1,0,0,1,0,0,0,0,0,0,0,0,0,0,0,0,0,1
224,".. . event discussed national. People are not getting aid. Many people have already died because of hunger, thirst, psychological health problems, stress, espcially little. .. ",".. . event discussed national. People are not getting aid. Many people have already died because of hunger, thirst, psychological health problems, stress, espcially little. .. ",direct,1,0,0,1,1,0,0,0,0,0,1,1,0,0,0,0,0,0,0,0,0,0,0,0,0,0,0,0,0,0,0,0,0,0,0,0
225,I would like to get information about the American Embassy ,I would like to get information about the American Embassy ,direct,0,0,0,0,0,0,0,0,0,0,0,0,0,0,0,0,0,0,0,0,0,0,0,0,0,0,0,0,0,0,0,0,0,0,0,0
226,what are you doing about people dying of hunger?? i would like to have some water,what are you doing about people dying of hunger?? i would like to have some water,direct,1,1,0,1,0,0,0,0,0,0,1,1,0,0,0,0,0,1,0,0,0,0,0,0,0,0,0,0,0,0,0,0,0,0,0,1
227,If all my family dies can I find someone to go with?,If all my family dies can I find someone to go with?,direct,1,0,0,1,0,0,0,0,0,0,0,0,0,0,0,0,0,1,0,0,0,0,0,0,0,0,0,0,0,0,0,0,0,0,0,1
228,"I dont have anyone, please do somethin for me","I dont have anyone, please do somethin for me",direct,1,0,0,0,0,0,0,0,0,0,0,0,0,0,0,0,0,0,0,0,0,0,0,0,0,0,0,0,0,0,0,0,0,0,0,0
229,"We are at 13 ruelle Larose. We have nothing to eat. We have no water, no tent where we can sleep. We are asking Digicel to help us. Thank you. We are counting on you.","We are at 13 ruelle Larose. We have nothing to eat. We have no water, no tent where we can sleep. We are asking Digicel to help us. Thank you. We are counting on you.",direct,1,1,0,1,0,0,0,0,0,0,1,1,1,0,0,0,0,0,0,0,0,0,0,0,0,0,0,0,0,0,0,0,0,0,0,1
230,We need tents and food in the Guedon Zone of Crois-Des-Bouquets,We need tents and food in the Guedon Zone of Crois-Des-Bouquets,direct,1,1,0,1,0,0,0,0,0,0,0,1,1,0,0,0,0,0,0,0,0,0,0,0,0,0,0,0,0,0,0,0,0,0,0,1
231,"I just want to know when they are going to start fix things like roads, light and electricity","I just want to know when they are going to start fix things like roads, light and electricity",direct,1,1,0,0,0,0,0,0,0,0,0,0,0,0,0,0,0,0,0,0,1,0,1,0,0,0,0,0,0,0,0,0,0,0,0,1
232,The messages you send are for people trapped under rubble only?,The messages you send are for people trapped under rubble only?,direct,1,0,0,1,0,0,1,0,0,0,0,0,0,0,0,0,0,0,0,0,0,0,0,0,0,0,0,0,0,0,0,0,0,0,0,0
233,"We need to know who's responsible for distributing food for Petionville, please","We need to know who's responsible for distributing food for Petionville, please",direct,1,1,0,1,0,0,0,0,0,0,0,1,0,0,0,0,0,0,0,0,0,0,0,0,0,0,0,0,0,0,0,0,0,0,0,1
234,There has been no authority since the earthquake on Tieremasse street in zone Saint-michel. People need food and water.,There has been no authority since the earthquake on Tieremasse street in zone Saint-michel. People need food and water.,direct,1,0,0,0,0,0,0,0,0,0,0,0,0,0,0,0,0,0,0,0,0,0,0,0,0,0,0,0,0,0,0,0,0,0,0,0
235,I have 2 people who are alive under some rubble. I do not know what to do. We live in Carrefour across the street from the local reeducation centre,I have 2 people who are alive under some rubble. I do not know what to do. We live in Carrefour across the street from the local reeducation centre,direct,1,1,0,1,1,0,1,0,0,0,0,0,0,0,0,0,0,0,0,0,1,0,0,0,0,0,0,0,1,1,0,0,0,0,0,1
236,I'm unable - all of my family was killed I've been hit here in the street. Please help me,I'm unable - all of my family was killed I've been hit here in the street. Please help me,direct,1,1,0,1,0,0,0,0,0,0,0,0,1,0,0,0,0,1,1,0,0,0,0,0,0,0,0,0,0,0,0,0,0,0,0,1
237,We are in Croix de Bouquet - many of us have no food to eat please send help,We are in Croix de Bouquet - many of us have no food to eat please send help,direct,1,1,0,1,0,0,0,0,0,0,0,1,0,0,0,0,0,0,0,0,0,0,0,0,0,0,0,0,0,0,0,0,0,0,0,1
238,AJPS is an socio-cultural association in Solon 6e section in Saint-Louis du sud commune. We have a groupe of people who came from Port au prince who are destitute.,AJPS is an socio-cultural association in Solon 6e section in Saint-Louis du sud commune. We have a groupe of people who came from Port au prince who are destitute.,direct,1,0,0,0,0,0,0,0,0,0,0,0,0,0,0,0,0,0,0,0,0,0,0,0,0,0,0,0,0,0,0,0,0,0,0,0
239,Help me please. I don't have the means to speak so I am writing you. You've forgotten me. I'm waiting.,Help me please. I don't have the means to speak so I am writing you. You've forgotten me. I'm waiting.,direct,1,1,0,0,0,0,0,0,0,0,0,0,0,0,0,0,0,0,0,0,0,0,0,0,0,0,0,0,0,0,0,0,0,0,0,1
240,"Help us, Digicel! The people of Mariani are dying. We have no food, clothes, money. What will we do. There are people with typhoid who are becoming very sick. Please help us.","Help us, Digicel! The people of Mariani are dying. We have no food, clothes, money. What will we do. There are people with typhoid who are becoming very sick. Please help us.",direct,1,1,0,1,1,1,0,0,0,0,0,1,0,1,1,0,0,0,0,0,0,0,0,0,0,0,0,0,0,0,0,0,0,0,0,1
241,". .. 8- clothes 9- flashlight 10- radio 11- solar panel 12- plastic sheeting, tarp, 13- mobile bathroom 14- kitchecn ustensils 15- gallons 16- . .. ",". .. 8- clothes 9- flashlight 10- radio 11- solar panel 12- plastic sheeting, tarp, 13- mobile bathroom 14- kitchecn ustensils 15- gallons 16- . .. ",direct,1,0,0,0,0,0,0,0,0,0,0,0,0,0,0,0,0,0,0,0,0,0,0,0,0,0,0,0,0,0,0,0,0,0,0,0
242,Please held in the Cold River House of Mother St. Theresa there are 2 classes that have not been rescued there are people under there ,Please held in the Cold River House of Mother St. Theresa there are 2 classes that have not been rescued there are people under there ,direct,1,1,0,1,0,0,1,0,0,0,0,0,0,0,0,0,0,0,0,1,0,0,0,0,0,0,0,1,0,0,0,0,0,0,0,0
243,"I'm in carrefour, off paloma, Franclklin street, i haven't got any help since the 12th","I'm in carrefour, off paloma, Franclklin street, i haven't got any help since the 12th",direct,1,1,0,1,0,0,0,0,0,0,0,0,0,0,0,0,0,0,1,0,0,0,0,0,0,0,0,0,0,0,0,0,0,0,0,1
244,"i am a boss, mason, computer tech and ironworker, i lost my fortune ( may not mean much, could be his asset ), we are not giving me anything to live.","i am a boss, mason, computer tech and ironworker, i lost my fortune ( may not mean much, could be his asset ), we are not giving me anything to live.",direct,1,0,0,0,0,0,0,0,0,0,0,0,0,0,0,0,0,0,0,0,0,0,0,0,0,0,0,0,0,0,0,0,0,0,0,1
245,"We are here in a repatriated village in zone menelas, We are in the sun and being burned by the sun, we ask that you help us please. We have children here.","We are here in a repatriated village in zone menelas, We are in the sun and being burned by the sun, we ask that you help us please. We have children here.",direct,1,1,0,1,0,0,0,0,0,0,0,0,1,0,0,0,0,0,1,0,0,0,0,0,0,0,0,0,0,0,0,0,0,0,0,1
246,"I own the cell hdo 368 - my house in broken. I ask to get this message passed on for me, please to the people who are responsible for my phone. ..","I own the cell hdo 368 - my house in broken. I ask to get this message passed on for me, please to the people who are responsible for my phone. ..",direct,0,0,0,0,0,0,0,0,0,0,0,0,0,0,0,0,0,0,0,0,0,0,0,0,0,0,0,0,0,0,0,0,0,0,0,0
247,Is the earthquake everywhere in the country?,Is the earthquake everywhere in the country?,direct,1,0,0,0,0,0,0,0,0,0,0,0,0,0,0,0,0,0,0,0,0,0,0,0,0,0,0,0,1,0,0,0,1,0,0,1
248,There they will find that person before the end of the month.,There they will find that person before the end of the month.,direct,1,0,0,0,0,0,0,0,0,0,0,0,0,0,0,0,0,0,0,0,0,0,0,0,0,0,0,0,0,0,0,0,0,0,0,0
249,"I am in dispair. Since this morning I have been waiting. I thought, maybe, that I could speak to my mother.","I am in dispair. Since this morning I have been waiting. I thought, maybe, that I could speak to my mother.",direct,1,0,0,0,0,0,0,0,0,0,0,0,0,0,0,0,0,0,0,0,0,0,0,0,0,0,0,0,0,0,0,0,0,0,0,0
250,"Hello. Please we need aid : food, water. Come help us in the Centre D'Hebergement Alliance. ( Alliance Center Shelter ) ","Hello. Please we need aid : food, water. Come help us in the Centre D'Hebergement Alliance. ( Alliance Center Shelter ) ",direct,1,1,0,1,0,0,0,0,0,0,1,1,0,0,0,0,0,0,0,1,0,0,0,0,0,0,1,0,0,0,0,0,0,0,0,1
251,Barbancourt RoadRue Barbancourt on the way to the airport. ,Barbancourt RoadRue Barbancourt on the way to the airport. ,direct,0,0,0,0,0,0,0,0,0,0,0,0,0,0,0,0,0,0,0,0,0,0,0,0,0,0,0,0,0,0,0,0,0,0,0,0
252,I would like to know what the governement intends to do for people who lost their passport,I would like to know what the governement intends to do for people who lost their passport,direct,1,0,0,0,0,0,0,0,0,0,0,0,0,0,0,0,0,0,0,0,0,0,0,0,0,0,0,0,0,0,0,0,0,0,0,0
253,"Good evening, if a person wants to go to France how does one proceed?","Good evening, if a person wants to go to France how does one proceed?",direct,0,0,0,0,0,0,0,0,0,0,0,0,0,0,0,0,0,0,0,0,0,0,0,0,0,0,0,0,0,0,0,0,0,0,0,0
254,"I live in Pont rouge, we dont have tents or drinkable water. We are many here","I live in Pont rouge, we dont have tents or drinkable water. We are many here",direct,1,0,0,0,0,0,0,0,0,0,0,0,0,0,0,0,0,0,0,0,0,0,0,0,0,0,0,0,0,0,0,0,0,0,0,0
255,wants to know want western union office is open. .. please ,wants to know want western union office is open. .. please ,direct,0,0,0,0,0,0,0,0,0,0,0,0,0,0,0,0,0,0,0,0,0,0,0,0,0,0,0,0,0,0,0,0,0,0,0,0
256,"People in Thomazeau don't have anything to eat, especially in Hatte Cadete","People in Thomazeau don't have anything to eat, especially in Hatte Cadete",direct,1,1,0,1,0,0,0,0,0,0,0,1,0,0,0,0,0,0,0,0,0,0,0,0,0,0,0,0,0,0,0,0,0,0,0,0
257,purified water. we leave at croix-des-bouquets ( Meyer entrue 2Rigaud ) just next 2the pshychiatry center. ,purified water. we leave at croix-des-bouquets ( Meyer entrue 2Rigaud ) just next 2the pshychiatry center. ,direct,1,0,1,1,0,0,0,0,0,0,1,0,0,0,0,0,0,0,0,0,0,0,0,0,0,0,0,0,0,0,0,0,0,0,0,1
258,Why is that only those that are in the capital are the ones receiving aid? There are other places where the earthquake hit like,Why is that only those that are in the capital are the ones receiving aid? There are other places where the earthquake hit like,direct,1,1,0,1,0,0,0,0,0,0,0,0,0,0,0,0,0,0,1,0,0,0,0,0,0,0,0,0,1,0,0,0,1,0,0,1
259,Urgent help in Carrefour : Mahotiere 75 rue Nelson 2 prolong to impass La paix,Urgent help in Carrefour : Mahotiere 75 rue Nelson 2 prolong to impass La paix,direct,1,1,0,1,0,0,0,0,0,0,0,0,0,0,0,0,0,0,1,0,0,0,0,0,0,0,0,0,0,0,0,0,0,0,0,1
260,People are under the rubbles. Some people are forced to close the streets. Please do something.,People are under the rubbles. Some people are forced to close the streets. Please do something.,direct,1,1,0,1,0,0,0,0,0,0,0,0,0,0,0,0,0,0,1,0,1,1,0,0,0,0,0,0,0,0,0,0,0,0,0,1
261,"I have an association, and i need help for my neighbors, but i don't know how it can be done","I have an association, and i need help for my neighbors, but i don't know how it can be done",direct,1,0,1,1,0,0,0,0,0,0,0,0,0,0,0,0,0,0,1,0,0,0,0,0,0,0,0,0,0,0,0,0,0,0,0,1
262,Please help me. I would like to go to my aunt in NY,Please help me. I would like to go to my aunt in NY,direct,1,0,0,0,0,0,0,0,0,0,0,0,0,0,0,0,0,0,0,0,0,0,0,0,0,0,0,0,0,0,0,0,0,0,0,0
263,"I'm hungry, a need for ity and ami in the inner court of Taba 3 Kazo. Please have pity on us. ","I'm hungry, a need for ity and ami in the inner court of Taba 3 Kazo. Please have pity on us. ",direct,1,1,0,1,0,0,0,0,0,0,0,1,0,0,0,0,0,0,0,0,0,0,0,0,0,0,0,0,0,0,0,0,0,0,0,1
264,"we are in petit goave at liberte avenue. we have no house, no shelter, no water, no food. .. please help","we are in petit goave at liberte avenue. we have no house, no shelter, no water, no food. .. please help",direct,1,1,0,1,0,0,0,0,0,0,1,1,1,0,0,0,0,0,0,0,0,0,0,0,0,0,0,0,0,0,0,0,0,0,0,1
265,Is there any aid for Croix-des-Bouquets?,Is there any aid for Croix-des-Bouquets?,direct,1,1,0,0,0,0,0,0,0,0,0,0,0,0,0,0,0,0,0,0,0,0,0,0,0,0,0,0,0,0,0,0,0,0,0,1
266,"I live in martisan and i want to know where i can find clean water today because since thusday i havent found water. I'm starving, please help me","I live in martisan and i want to know where i can find clean water today because since thusday i havent found water. I'm starving, please help me",direct,1,1,0,1,0,0,0,0,0,0,1,1,0,0,0,0,0,0,0,0,0,0,0,0,0,0,0,0,0,0,0,0,0,0,0,1
267,"Thank you for your advice, however we do not have any water purification tablets","Thank you for your advice, however we do not have any water purification tablets",direct,0,0,0,0,0,0,0,0,0,0,0,0,0,0,0,0,0,0,0,0,0,0,0,0,0,0,0,0,0,0,0,0,0,0,0,0
268,"We are dying of hunger at Azil Communal, near Pace La Paix. We don't have tents. Thank you.","We are dying of hunger at Azil Communal, near Pace La Paix. We don't have tents. Thank you.",direct,1,1,0,1,0,0,0,0,0,0,0,1,1,0,0,0,0,0,0,0,0,0,0,0,0,0,0,0,0,0,0,0,0,0,0,1
269,Please send me the telephone number for Radio Caraibes. ,Please send me the telephone number for Radio Caraibes. ,direct,0,0,0,0,0,0,0,0,0,0,0,0,0,0,0,0,0,0,0,0,0,0,0,0,0,0,0,0,0,0,0,0,0,0,0,0
270,Can you please reconnect my phone to the internet for me to chat with you because i got recently disconnected?,Can you please reconnect my phone to the internet for me to chat with you because i got recently disconnected?,direct,1,0,0,0,0,0,0,0,0,0,0,0,0,0,0,0,0,0,0,0,0,0,0,0,0,0,0,0,0,0,0,0,0,0,0,0
271,The people on the ground right now in Haiti are not helping out at all in my area.,The people on the ground right now in Haiti are not helping out at all in my area.,direct,1,1,0,0,0,0,0,0,0,0,0,0,0,0,0,0,0,0,0,0,0,0,0,0,0,0,0,0,0,0,0,0,0,0,0,1
272,I am 6 month pregnant and I would like to know what exactly i should do to take care of myself in a situation like this?,I am 6 month pregnant and I would like to know what exactly i should do to take care of myself in a situation like this?,direct,1,0,0,0,0,0,0,0,0,0,0,0,0,0,0,0,0,0,0,0,0,0,0,0,0,0,0,0,0,0,0,0,0,0,0,0
273,"My child is dying of starvation, I have received nothing","My child is dying of starvation, I have received nothing",direct,1,1,0,1,1,0,0,0,0,0,0,1,0,0,0,0,0,0,0,0,0,0,0,0,0,0,0,0,0,0,0,0,0,0,0,1
274,"Please be patient, I am on my way","Please be patient, I am on my way",direct,1,0,0,0,0,0,0,0,0,0,0,0,0,0,0,0,0,0,0,0,0,0,0,0,0,0,0,0,0,0,0,0,0,0,0,0
275,"Good evening, I need advice on how to protect myself from epidemics or earthquakes","Good evening, I need advice on how to protect myself from epidemics or earthquakes",direct,1,1,0,0,0,0,0,0,0,0,0,0,0,0,0,0,0,0,0,0,0,0,0,0,0,0,0,0,1,0,0,0,1,0,0,0
276,A woman that i know passed away while she was in church. She left her 4 kids. They are currently with me. She was the one working. I'm alone with them i don't know what to do.,A woman that i know passed away while she was in church. She left her 4 kids. They are currently with me. She was the one working. I'm alone with them i don't know what to do.,direct,1,1,0,1,0,0,0,0,0,0,0,0,0,0,0,0,0,1,0,0,0,0,0,0,0,0,0,0,0,0,0,0,0,0,0,1
277,"we need help in the town of ( bas Saintard, guitton, jean hose, mahotte ) in Arcahaie. A lot of people migrating from the capital. We need food,","we need help in the town of ( bas Saintard, guitton, jean hose, mahotte ) in Arcahaie. A lot of people migrating from the capital. We need food,",direct,1,1,0,1,0,0,0,0,0,0,0,1,0,0,0,0,1,0,0,0,0,0,0,0,0,0,0,0,0,0,0,0,0,0,0,1
278,I am a victim. I am sleeping in the mist with my wife and children. We don't have food. Please anot translated,I am a victim. I am sleeping in the mist with my wife and children. We don't have food. Please anot translated,direct,1,1,0,1,0,0,0,0,0,0,0,1,1,0,0,0,0,0,0,0,0,0,0,0,0,0,0,0,0,0,0,0,0,0,0,1
279,"Even that our father has died, we want to become professionals in all kind of fields of study. Help us find adequate shelter in other for the children to go to school. Best regards and may God bless you.","Even that our father has died, we want to become professionals in all kind of fields of study. Help us find adequate shelter in other for the children to go to school. Best regards and may God bless you.",direct,1,1,0,1,0,0,0,0,0,0,0,0,1,0,0,0,1,0,0,1,0,0,0,0,0,0,1,0,0,0,0,0,0,0,0,1
280,What can I do if I'm in a house that is trembling?,What can I do if I'm in a house that is trembling?,direct,1,0,0,0,0,0,0,0,0,0,0,0,0,0,0,0,0,0,0,0,0,0,0,0,0,0,0,0,0,0,0,0,0,0,0,0
281,"We need water, tents, food, lanterns, medicine. In Peguy Ville, Impasse Erice, Relax stadium","We need water, tents, food, lanterns, medicine. In Peguy Ville, Impasse Erice, Relax stadium",direct,1,1,0,1,0,1,0,0,0,0,1,1,1,0,0,0,0,0,1,0,0,0,0,0,0,0,0,0,0,0,0,0,0,0,0,1
282,"With all international actors, act quicker for the people who are still living","With all international actors, act quicker for the people who are still living",direct,1,0,0,0,0,0,0,0,0,0,0,0,0,0,0,0,0,0,0,0,0,0,0,0,0,0,0,0,0,0,0,0,0,0,0,0
283,"We're a group that's made a camp in an adventist church that's in Sarthe 53, next to the garage Graham, facing the Jordanian base. There's a lot of us, about 70. ..","We're a group that's made a camp in an adventist church that's in Sarthe 53, next to the garage Graham, facing the Jordanian base. There's a lot of us, about 70. ..",direct,1,1,0,1,1,0,0,0,0,0,0,0,0,0,0,0,0,0,0,0,1,0,0,0,0,0,0,0,1,1,0,0,0,0,0,1
284,"THIS SEEMS TO BE AN omer a Centre Juvenile Marie Auxiliatrice, soeurs salysiennes de Don Bosco. Adresse : Sarthe Rte National #1 enf Brasserie la couronne, imp Malot#38 bis. ","THIS SEEMS TO BE AN omer a Centre Juvenile Marie Auxiliatrice, soeurs salysiennes de Don Bosco. Adresse : Sarthe Rte National #1 enf Brasserie la couronne, imp Malot#38 bis. ",direct,0,0,0,0,0,0,0,0,0,0,0,0,0,0,0,0,0,0,0,0,0,0,0,0,0,0,0,0,0,0,0,0,0,0,0,0
285,"Until now people in the mountains are burning ( figuratively ). 3rd section in Jacmel valley hasn't received any aid. We have no food, no tents, there are a lot of people who've left Port-. ..","Until now people in the mountains are burning ( figuratively ). 3rd section in Jacmel valley hasn't received any aid. We have no food, no tents, there are a lot of people who've left Port-. ..",direct,1,1,0,1,0,0,0,0,0,0,0,1,1,0,0,0,1,0,0,0,0,0,0,0,0,0,0,0,1,0,0,1,0,0,0,1
286,No Location : People are starving. .. please do something to save us.,No Location : People are starving. .. please do something to save us.,direct,1,1,0,1,0,0,0,0,0,0,0,1,1,0,0,0,0,0,0,0,0,0,0,0,0,0,0,0,0,0,0,0,0,0,0,1
287,"Hello, Haitian Red Cross. I'm a victim having taken refuge in the south of the country, how can you help me because I need it.","Hello, Haitian Red Cross. I'm a victim having taken refuge in the south of the country, how can you help me because I need it.",direct,1,1,0,1,0,0,0,0,0,0,0,0,0,0,0,0,0,0,1,0,0,0,0,0,0,0,0,0,0,0,0,0,0,0,0,1
288,"People in Bizoton, Delmas and Carrefour need help from you. They are waiting for you.","People in Bizoton, Delmas and Carrefour need help from you. They are waiting for you.",direct,1,1,0,1,0,0,0,0,0,0,0,0,0,0,0,0,0,0,1,0,0,0,0,0,0,0,0,0,0,0,0,0,0,0,0,0
289,"I want you to know that, as of now, we here in Cabaret, more specifically, Guiton, are dying of hunger because is is so hard to find food. What do you want us to do? ","I want you to know that, as of now, we here in Cabaret, more specifically, Guiton, are dying of hunger because is is so hard to find food. What do you want us to do? ",direct,1,1,0,1,0,0,0,0,0,0,0,1,0,0,0,0,0,0,0,0,0,0,0,0,0,0,0,0,0,0,0,0,0,0,0,1
290,I live at L'ile a voix. We still haven't have any type of help,I live at L'ile a voix. We still haven't have any type of help,direct,1,1,0,1,0,0,0,0,0,0,0,0,0,0,0,0,0,0,1,0,0,0,0,0,0,0,0,0,0,0,0,0,0,0,0,1
291,condolences for families of the victims of the recent disaster.,condolences for families of the victims of the recent disaster.,direct,1,0,0,1,0,0,0,0,0,0,0,0,0,0,0,0,0,1,0,0,0,0,0,0,0,0,0,0,0,0,0,0,0,0,0,0
292,You haven't said anything regarding the Valley of Jacmel.,You haven't said anything regarding the Valley of Jacmel.,direct,1,0,0,0,0,0,0,0,0,0,0,0,0,0,0,0,0,0,0,0,0,0,0,0,0,0,0,0,0,0,0,0,0,0,0,0
293,"In North-West part of the country, the price of the food is escalating. When our family abroad sent us some US dollars, it does not have any purchasing power.","In North-West part of the country, the price of the food is escalating. When our family abroad sent us some US dollars, it does not have any purchasing power.",direct,1,0,0,0,0,0,0,0,0,0,0,0,0,0,0,0,0,0,0,0,0,0,0,0,0,0,0,0,0,0,0,0,0,0,0,0
294,I know your love how many atis who die,I know your love how many atis who die,direct,0,0,0,0,0,0,0,0,0,0,0,0,0,0,0,0,0,0,0,0,0,0,0,0,0,0,0,0,0,0,0,0,0,0,0,0
295,I am in Ile la Vache. We have food problems because the number of people on the island has increased,I am in Ile la Vache. We have food problems because the number of people on the island has increased,direct,1,1,0,1,0,0,0,0,0,0,0,1,0,0,0,0,0,0,0,0,0,0,0,0,0,0,0,0,0,0,0,0,0,0,0,1
296,"Good evening, we would like to have aid, we live in La Plaine, Marraine 26. Our house is destroyed, we would fill our tank on the Montana ground but we can't because it's fissured. The water source is broken on. .. ","Good evening, we would like to have aid, we live in La Plaine, Marraine 26. Our house is destroyed, we would fill our tank on the Montana ground but we can't because it's fissured. The water source is broken on. .. ",direct,1,1,0,1,0,0,0,0,0,0,1,0,1,0,0,0,0,0,0,0,0,1,0,0,0,0,0,0,0,0,0,0,0,0,0,1
297,people in Mon Repos 44 have not found any help. Mon Repos is the laplaine area.,people in Mon Repos 44 have not found any help. Mon Repos is the laplaine area.,direct,1,1,0,1,0,0,0,0,0,0,0,0,0,0,0,0,0,0,1,0,0,0,0,0,0,0,0,0,0,0,0,0,0,0,0,0
298,I am a pastor 41 of my people have lost their houses. . but right now we need food and clothes for them. please we need your help. the area is called Bwadom.,I am a pastor 41 of my people have lost their houses. . but right now we need food and clothes for them. please we need your help. the area is called Bwadom.,direct,1,1,0,1,0,0,0,0,0,0,0,1,1,1,0,0,0,0,0,0,0,1,0,0,0,0,0,0,0,0,0,0,0,0,0,1
299,When can the population in the metropolitain zone hope to have a little electricity from the EDH? ,When can the population in the metropolitain zone hope to have a little electricity from the EDH? ,direct,1,0,0,0,0,0,0,0,0,0,0,0,0,0,0,0,0,0,0,0,0,0,1,0,0,0,0,0,0,0,0,0,0,0,0,0
300,NOTES: Personal. Not an emergency.,NOTES: Personal. Not an emergency.,direct,0,0,0,0,0,0,0,0,0,0,0,0,0,0,0,0,0,0,0,0,0,0,0,0,0,0,0,0,0,0,0,0,0,0,0,0
301,"please i have problems i am hungry,do something now i went to school i need to eat find me a job now ","please i have problems i am hungry,do something now i went to school i need to eat find me a job now ",direct,1,1,0,1,0,0,0,0,0,0,0,1,0,0,1,0,0,0,1,0,0,0,0,0,0,0,0,0,0,0,0,0,0,0,0,1
302,"..I study Electronics, I would like to know where I can find a job in this field. Thank you. ","..I study Electronics, I would like to know where I can find a job in this field. Thank you. ",direct,1,0,0,0,0,0,0,0,0,0,0,0,0,0,0,0,0,0,0,0,0,0,0,0,0,0,0,0,0,0,0,0,0,0,0,0
303,NOTES: aclet dry We are counting on you.,NOTES: aclet dry We are counting on you.,direct,0,0,0,0,0,0,0,0,0,0,0,0,0,0,0,0,0,0,0,0,0,0,0,0,0,0,0,0,0,0,0,0,0,0,0,0
304,the last earthquake I lost 4 people without counting an amputated foot ,the last earthquake I lost 4 people without counting an amputated foot ,direct,1,0,0,1,1,0,0,0,0,0,0,0,0,0,0,0,0,1,0,0,0,0,0,0,0,0,0,0,1,0,0,0,1,0,0,1
305,him/her but I don't have the means. Please help me to go and join him/her ,him/her but I don't have the means. Please help me to go and join him/her ,direct,0,0,0,0,0,0,0,0,0,0,0,0,0,0,0,0,0,0,0,0,0,0,0,0,0,0,0,0,0,0,0,0,0,0,0,0
306,Can you help me find a job please? ,Can you help me find a job please? ,direct,0,0,0,0,0,0,0,0,0,0,0,0,0,0,0,0,0,0,0,0,0,0,0,0,0,0,0,0,0,0,0,0,0,0,0,0
307,..would love to go to an African country that wants to help Haitians ,..would love to go to an African country that wants to help Haitians ,direct,1,0,0,0,0,0,0,0,0,0,0,0,0,0,0,0,0,0,0,0,0,0,0,0,0,0,0,0,0,0,0,0,0,0,0,0
308,"I'm very hungry, do something for me, because information is good, but hunger is tough, my brothers and sisters ","I'm very hungry, do something for me, because information is good, but hunger is tough, my brothers and sisters ",direct,1,1,0,1,0,0,0,0,0,0,0,1,0,0,0,0,0,0,0,0,0,0,0,0,0,0,0,0,0,0,0,0,0,0,0,1
309,"People at Bigarat, in Damien are in trouble and are not yet visited by the authorities, nor the american, french or canadian missions. They need help. ","People at Bigarat, in Damien are in trouble and are not yet visited by the authorities, nor the american, french or canadian missions. They need help. ",direct,1,1,0,1,0,0,0,0,0,0,0,0,0,0,0,0,0,0,1,0,0,0,0,0,0,0,0,0,0,0,0,0,0,0,0,0
310,We have a well that is dry.It got full again can we drink the water ,We have a well that is dry.It got full again can we drink the water ,direct,1,0,0,0,0,0,0,0,0,0,0,0,0,0,0,0,0,0,0,0,0,0,0,0,0,0,0,0,0,0,0,0,0,0,0,0
311,"we need to reconstruct our country ,we prefer another nation because the americans are working for theirs own interests. ","we need to reconstruct our country ,we prefer another nation because the americans are working for theirs own interests. ",direct,1,0,0,0,0,0,0,0,0,0,0,0,0,0,0,0,0,0,0,0,0,0,0,0,0,0,0,0,0,0,0,0,0,0,0,0
312,I see that aid has started to flow. I will be doing some major selling in the market. I'd very much like to know what you will be doing to facilitate that? ,I see that aid has started to flow. I will be doing some major selling in the market. I'd very much like to know what you will be doing to facilitate that? ,direct,1,0,0,1,0,0,0,0,0,0,0,0,0,0,0,0,0,0,1,0,0,0,0,0,0,0,0,0,0,0,0,0,0,0,0,1
313,"UNITECHD is an organization with problems dealing with the victims in the area. Rumours of help and donation are circulating widely, however, we have not received food, water, medicine nor tents. ","UNITECHD is an organization with problems dealing with the victims in the area. Rumours of help and donation are circulating widely, however, we have not received food, water, medicine nor tents. ",direct,1,0,0,1,0,1,0,0,0,0,1,1,1,0,0,0,0,0,0,0,0,0,0,0,0,0,0,0,0,0,0,0,0,0,0,0
314,"We are in Cabaret, in a area called Mang, about 37.5 KM from PAP. ","We are in Cabaret, in a area called Mang, about 37.5 KM from PAP. ",direct,1,0,0,0,0,0,0,0,0,0,0,0,0,0,0,0,0,0,0,0,0,0,0,0,0,0,0,0,0,0,0,0,0,0,0,0
315,I have not received any response from my message. Thanks ,I have not received any response from my message. Thanks ,direct,0,0,0,0,0,0,0,0,0,0,0,0,0,0,0,0,0,0,0,0,0,0,0,0,0,0,0,0,0,0,0,0,0,0,0,0
316,pleas send me a number that i can contact to find mediacal aid and other forms of aid. ,pleas send me a number that i can contact to find mediacal aid and other forms of aid. ,direct,1,1,0,1,1,0,0,0,0,0,0,0,0,0,0,0,0,0,0,0,0,0,0,0,0,0,0,0,0,0,0,0,0,0,0,1
317,WE DO NOT HAVE CLOTHES TO WEAR. OUR HOME IS DESTROYED. WE ARE IN KENSCOFF AROUND VIARD. ,WE DO NOT HAVE CLOTHES TO WEAR. OUR HOME IS DESTROYED. WE ARE IN KENSCOFF AROUND VIARD. ,direct,1,1,0,1,0,0,0,0,0,0,0,0,1,1,0,0,0,0,0,0,0,1,0,0,0,0,0,0,0,0,0,0,0,0,0,1
318,"I am Pestel, there is no food, there is nothing. We are at Dipi's house, please, we are waiting for you ","I am Pestel, there is no food, there is nothing. We are at Dipi's house, please, we are waiting for you ",direct,1,1,0,1,0,0,0,0,0,0,0,1,0,0,0,0,0,0,0,0,0,0,0,0,0,0,0,0,0,0,0,0,0,0,0,1
319,"Salutations, there are people under rubble on Avenue Pan Americaine in total communication. ","Salutations, there are people under rubble on Avenue Pan Americaine in total communication. ",direct,1,1,0,1,0,0,1,0,0,0,0,0,0,0,0,0,0,0,0,0,0,1,0,0,0,0,0,0,0,0,0,0,0,0,0,1
320,Wife's passport was in the USA at the time of the earthquake getting her visa renewed and it is still in the USA. (Requesting assistance) ,Wife's passport was in the USA at the time of the earthquake getting her visa renewed and it is still in the USA. (Requesting assistance) ,direct,1,1,0,0,0,0,0,0,0,0,0,0,0,0,0,0,0,0,0,0,0,0,0,0,0,0,0,0,1,0,0,0,1,0,0,0
321,"I asked a question, I haven't gotten a response. ","I asked a question, I haven't gotten a response. ",direct,1,0,0,0,0,0,0,0,0,0,0,0,0,0,0,0,0,0,0,0,0,0,0,0,0,0,0,0,0,0,0,0,0,0,0,0
322,I'm a professional and want to work as a computer scientist. I'm looking for a job. Thank you. ,I'm a professional and want to work as a computer scientist. I'm looking for a job. Thank you. ,direct,0,0,0,0,0,0,0,0,0,0,0,0,0,0,0,0,0,0,0,0,0,0,0,0,0,0,0,0,0,0,0,0,0,0,0,0
323,I am in the tents at Delmas 29. We have not been helped. We need aid. ,I am in the tents at Delmas 29. We have not been helped. We need aid. ,direct,1,1,0,1,0,0,0,0,0,0,0,0,0,0,0,0,0,0,1,0,0,0,0,0,0,0,0,0,0,0,0,0,0,0,0,1
324,What are they going to about the elected leaders whose terms are going to end? ,What are they going to about the elected leaders whose terms are going to end? ,direct,0,0,0,0,0,0,0,0,0,0,0,0,0,0,0,0,0,0,0,0,0,0,0,0,0,0,0,0,0,0,0,0,0,0,0,0
325,"Signal FM I salut you for the serious work you do fot hte rest of people who are left alive,and the voice of the weak. I ask you the list of names. ","Signal FM I salut you for the serious work you do fot hte rest of people who are left alive,and the voice of the weak. I ask you the list of names. ",direct,0,0,0,0,0,0,0,0,0,0,0,0,0,0,0,0,0,0,0,0,0,0,0,0,0,0,0,0,0,0,0,0,0,0,0,0
326,I need information about aid and emergencies. ,I need information about aid and emergencies. ,direct,1,1,0,1,1,0,0,0,0,0,0,0,0,0,0,0,0,0,0,0,0,0,0,0,0,0,0,0,0,0,0,0,0,0,0,1
327,"or a carpet with a blanket to have shelter from dew and rain, if there's a neighbourhood that never gets or hears anything it's ours in Jivna 3. Please brother, pass this message along for us, we have a comitee. ","or a carpet with a blanket to have shelter from dew and rain, if there's a neighbourhood that never gets or hears anything it's ours in Jivna 3. Please brother, pass this message along for us, we have a comitee. ",direct,1,1,0,1,0,0,0,0,0,0,0,0,1,0,0,0,1,0,0,0,0,0,0,0,0,0,0,0,1,0,1,0,0,0,0,1
328,We need help tp move the big rubbles. Will we receive assistance in the form of tractors for the big concrete chunks? ,We need help tp move the big rubbles. Will we receive assistance in the form of tractors for the big concrete chunks? ,direct,1,1,0,1,0,0,0,0,0,0,0,0,0,0,0,0,0,0,1,0,0,0,0,0,0,0,0,0,0,0,0,0,0,0,0,1
329,"The people of ? need roads, electricity, medicine because there's an epidemic attacking them ","The people of ? need roads, electricity, medicine because there's an epidemic attacking them ",direct,1,1,0,1,1,1,0,0,0,0,0,0,0,0,0,0,0,0,0,0,1,0,1,0,0,0,0,0,0,0,0,0,0,0,0,0
330,Is it important to ignore people with Aids or Malaria? ,Is it important to ignore people with Aids or Malaria? ,direct,1,0,0,0,0,0,0,0,0,0,0,0,0,0,0,0,0,0,0,0,0,0,0,0,0,0,0,0,0,0,0,0,0,0,0,0
331,"if someone never had aids,how can he protect himself? ","if someone never had aids,how can he protect himself? ",direct,1,0,0,0,0,0,0,0,0,0,0,0,0,0,0,0,0,0,0,0,0,0,0,0,0,0,0,0,0,0,0,0,0,0,0,0
332,Someone just called me and told me there were alive under a supermarket help ,Someone just called me and told me there were alive under a supermarket help ,direct,1,1,0,1,0,0,1,0,0,0,0,0,0,0,0,1,0,0,0,0,0,1,0,0,0,0,0,0,0,0,0,0,0,0,0,0
333,"I don't understand what youre doing because I am a victim, I can't be going to give blood, on the contrary, I need YOU to help ME ","I don't understand what youre doing because I am a victim, I can't be going to give blood, on the contrary, I need YOU to help ME ",direct,1,1,0,1,0,0,0,0,0,0,0,0,0,0,0,0,0,0,1,0,0,0,0,0,0,0,0,0,0,0,0,0,0,0,0,1
334,"Pass this message for me to the authorities, we need food for the victims who took refuge in St-MArc ","Pass this message for me to the authorities, we need food for the victims who took refuge in St-MArc ",direct,1,1,0,1,0,0,0,0,0,0,0,1,0,0,0,0,0,0,0,0,0,0,0,0,0,0,0,0,0,0,0,0,0,0,0,1
335,NOTES: Comment and political opinion. No emergency.,NOTES: Comment and political opinion. No emergency.,direct,0,0,0,0,0,0,0,0,0,0,0,0,0,0,0,0,0,0,0,0,0,0,0,0,0,0,0,0,0,0,0,0,0,0,0,0
336,I need advance notice for the earthquake ,I need advance notice for the earthquake ,direct,1,1,0,0,0,0,0,0,0,0,0,0,0,0,0,0,0,0,0,0,0,0,0,0,0,0,0,0,1,0,0,0,1,0,0,1
337,Is there a risk of having another earthquake of same magnitude? ,Is there a risk of having another earthquake of same magnitude? ,direct,1,0,0,0,0,0,0,0,0,0,0,0,0,0,0,0,0,0,0,0,0,0,0,0,0,0,0,0,1,0,0,0,1,0,0,0
338,Hello how are we I would like to reach-get a pice of information ,Hello how are we I would like to reach-get a pice of information ,direct,0,0,0,0,0,0,0,0,0,0,0,0,0,0,0,0,0,0,0,0,0,0,0,0,0,0,0,0,0,0,0,0,0,0,0,0
339,I would like to know the price of Reyovac batteries ,I would like to know the price of Reyovac batteries ,direct,0,0,0,0,0,0,0,0,0,0,0,0,0,0,0,0,0,0,0,0,0,0,0,0,0,0,0,0,0,0,0,0,0,0,0,0
340,"There is a disease in Jacmel Called Hunger, the markets are closed, the little corner stores are not open, there's no food or brevages,all the hospitals are closed. there's is only 1 laboratory that's working in the city. ","There is a disease in Jacmel Called Hunger, the markets are closed, the little corner stores are not open, there's no food or brevages,all the hospitals are closed. there's is only 1 laboratory that's working in the city. ",direct,1,1,0,1,1,0,0,0,0,0,1,1,0,0,0,0,0,0,0,1,0,0,0,0,1,1,0,0,0,0,0,0,0,0,0,1
341,"i'd ask for some advice, what would you say about this subject, because im a potential victim of this issue too ","i'd ask for some advice, what would you say about this subject, because im a potential victim of this issue too ",direct,1,0,0,0,0,0,0,0,0,0,0,0,0,0,0,0,0,0,0,0,0,0,0,0,0,0,0,0,0,0,0,0,0,0,0,1
342,Which school will be opening? ,Which school will be opening? ,direct,1,0,0,0,0,0,0,0,0,0,0,0,0,0,0,0,0,0,0,0,0,0,0,0,0,0,0,0,0,0,0,0,0,0,0,0
343,Please circulate this message to the authorities for me. Please send food for the victims who sought refuge in St. Mark. ,Please circulate this message to the authorities for me. Please send food for the victims who sought refuge in St. Mark. ,direct,1,1,0,1,0,0,0,0,0,0,0,1,0,0,0,0,0,0,0,0,0,0,0,0,0,0,0,0,0,0,0,0,0,0,0,1
344,Good job to Digicel. There is no other like it. ,Good job to Digicel. There is no other like it. ,direct,0,0,0,0,0,0,0,0,0,0,0,0,0,0,0,0,0,0,0,0,0,0,0,0,0,0,0,0,0,0,0,0,0,0,0,0
345,I would like to know if there are any organisation that are looking to hire? Thank you. ,I would like to know if there are any organisation that are looking to hire? Thank you. ,direct,0,0,0,0,0,0,0,0,0,0,0,0,0,0,0,0,0,0,0,0,0,0,0,0,0,0,0,0,0,0,0,0,0,0,0,0
346,"I am in Turtle (Tortuga) Island, I did not find help and I am starving.. ","I am in Turtle (Tortuga) Island, I did not find help and I am starving.. ",direct,1,1,0,1,0,0,0,0,0,0,0,1,0,0,0,0,0,0,0,0,0,0,0,0,0,0,0,0,0,0,0,0,0,0,0,1
347,I have no money to buy ?. Please sent a 60 top up on this cellular to .. ,I have no money to buy ?. Please sent a 60 top up on this cellular to .. ,direct,1,1,0,1,0,0,0,0,0,0,0,0,0,0,1,0,0,0,0,0,0,0,0,0,0,0,0,0,0,0,0,0,0,0,0,1
348,I want to have some information on the earthquake ,I want to have some information on the earthquake ,direct,1,0,0,0,0,0,0,0,0,0,0,0,0,0,0,0,0,0,0,0,0,0,0,0,0,0,0,0,1,0,0,0,1,0,0,0
349,(truncated) sleeping in the streets under a syringe and if rain falls everyone would be in so much trouble i am asking you to pass this message on. God bless everyone who works in Radio ,(truncated) sleeping in the streets under a syringe and if rain falls everyone would be in so much trouble i am asking you to pass this message on. God bless everyone who works in Radio ,direct,1,1,0,1,0,0,0,0,0,0,0,0,1,0,0,0,0,0,1,0,0,0,0,0,0,0,0,0,1,0,1,0,0,0,0,1
350,We need help at delmas 75 across from kiskeya christian school. Thank u! ,We need help at delmas 75 across from kiskeya christian school. Thank u! ,direct,1,1,0,1,0,0,0,0,0,0,0,0,0,0,0,0,0,0,1,0,0,0,0,0,0,0,0,0,0,0,0,0,0,0,0,1
351,"IN ST March, people are starving and are sick,we are waiting for help.. ","IN ST March, people are starving and are sick,we are waiting for help.. ",direct,1,1,0,1,1,0,0,0,0,0,0,1,0,0,0,0,0,0,0,0,0,0,0,0,0,0,0,0,0,0,0,0,0,0,0,1
352,i want to give blood where do I go ,i want to give blood where do I go ,direct,1,0,1,1,1,1,0,0,0,0,0,0,0,0,0,0,0,0,0,0,1,0,0,0,0,0,0,0,1,1,0,0,0,0,0,0
353,"After a 2009 year with a lot of problems, I WISH you all the best for the new year and May God bless you! ","After a 2009 year with a lot of problems, I WISH you all the best for the new year and May God bless you! ",direct,0,0,0,0,0,0,0,0,0,0,0,0,0,0,0,0,0,0,0,0,0,0,0,0,0,0,0,0,0,0,0,0,0,0,0,0
354,"stay on the left..when he finished,he said now I can die in peace,all my dreams was to die like Jesus ,etween two thieves .. ","stay on the left..when he finished,he said now I can die in peace,all my dreams was to die like Jesus ,etween two thieves .. ",direct,1,0,0,0,0,0,0,0,0,0,0,0,0,0,0,0,0,0,0,0,0,0,0,0,0,0,0,0,0,0,0,0,0,0,0,0
355,"Good morning. I would like to know what I need to do if I am an american citizen, if I want to travel with a child. Give me some information please. ","Good morning. I would like to know what I need to do if I am an american citizen, if I want to travel with a child. Give me some information please. ",direct,1,0,0,0,0,0,0,0,0,0,0,0,0,0,0,0,0,0,0,0,0,0,0,0,0,0,0,0,0,0,0,0,0,0,0,0
356,"I NEED HELP ,I AM A AMOTHER WITH SMALL CHILDREN 4 AND 3 YEARS OLD ","I NEED HELP ,I AM A AMOTHER WITH SMALL CHILDREN 4 AND 3 YEARS OLD ",direct,1,1,0,0,0,0,0,0,0,0,0,0,0,0,0,0,0,0,0,0,0,0,0,0,0,0,0,0,0,0,0,0,0,0,0,1
357,"PLEASE THEY NEED TENTES TO SLEEP,IT'S COLD AND THE RAIN STARTED ALREADY,IF IT WAS NOT GOD WE WOULD BE DEAD ALREADY ","PLEASE THEY NEED TENTES TO SLEEP,IT'S COLD AND THE RAIN STARTED ALREADY,IF IT WAS NOT GOD WE WOULD BE DEAD ALREADY ",direct,1,1,0,1,0,0,0,0,0,0,0,0,1,0,0,0,0,0,0,0,0,0,0,0,0,0,0,0,1,0,1,0,0,0,0,1
358,"we have no foods ,no water please help us ","we have no foods ,no water please help us ",direct,1,1,0,1,0,0,0,0,0,0,1,1,0,0,0,0,0,0,0,0,0,0,0,0,0,0,0,0,0,0,0,0,0,0,0,1
359,"In the valley of Jacmel, we have a lot of problem. The population has increased and food has become scarce. We don't have cards to establish contact. ","In the valley of Jacmel, we have a lot of problem. The population has increased and food has become scarce. We don't have cards to establish contact. ",direct,1,1,0,1,0,0,0,0,0,0,0,1,0,0,0,0,0,0,1,0,0,0,0,0,0,0,0,0,0,0,0,0,0,0,0,1
360,of what government and what police do you speak? One says you lost the head. Give Haiti to breathe another's air. ,of what government and what police do you speak? One says you lost the head. Give Haiti to breathe another's air. ,direct,1,0,0,0,0,0,0,0,0,0,0,0,0,0,0,0,0,0,0,0,0,0,0,0,0,0,0,0,0,0,0,0,0,0,0,0
361,.. to tell the government not to forget that Port-au-Prince is not the only place where you have survivors (victims) ,.. to tell the government not to forget that Port-au-Prince is not the only place where you have survivors (victims) ,direct,1,0,0,0,0,0,0,0,0,0,0,0,0,0,0,0,0,0,0,0,0,0,0,0,0,0,0,0,0,0,0,0,0,0,0,0
362,"BEFORE ALL THANK YOU FOR YOUR HELP YOU BRING IN THE COUNTRY,WE ARE GREATFUL,BUT WE NEED FOOD WATER AT LEAST 10 TENTS TO SLEEP URGENT ","BEFORE ALL THANK YOU FOR YOUR HELP YOU BRING IN THE COUNTRY,WE ARE GREATFUL,BUT WE NEED FOOD WATER AT LEAST 10 TENTS TO SLEEP URGENT ",direct,1,1,0,1,0,0,0,0,0,0,1,1,1,0,0,0,0,0,0,0,0,0,0,0,0,0,0,0,0,0,0,0,0,0,0,1
363,"I'm a christian, theologist, teacher and I live in Chatile, behind the big garden of green peas and manioc. I never received any help and I can't go and fight for it in the crowds. ","I'm a christian, theologist, teacher and I live in Chatile, behind the big garden of green peas and manioc. I never received any help and I can't go and fight for it in the crowds. ",direct,1,1,0,1,0,0,0,0,0,0,0,0,0,0,0,0,0,0,1,0,0,0,0,0,0,0,0,0,0,0,0,0,0,0,0,1
364,Please if you find my msg let me know what you can do to help me. Thank you in advance and thank you for answering my first message. ,Please if you find my msg let me know what you can do to help me. Thank you in advance and thank you for answering my first message. ,direct,1,1,0,1,0,0,0,0,0,0,0,0,0,0,0,0,0,0,1,0,0,0,0,0,0,0,0,0,0,0,0,0,0,0,0,1
365,"Please, if is possible, give me some prepaid phone card or top-up my mobile phone with minutes. I have to let my family know that I am still alive ","Please, if is possible, give me some prepaid phone card or top-up my mobile phone with minutes. I have to let my family know that I am still alive ",direct,1,1,0,1,0,0,0,0,0,0,0,0,0,0,0,0,0,0,1,0,0,0,0,0,0,0,0,0,0,0,0,0,0,0,0,1
366,I would like to take part in your services. ,I would like to take part in your services. ,direct,1,0,0,0,0,0,0,0,0,0,0,0,0,0,0,0,0,0,0,0,0,0,0,0,0,0,0,0,0,0,0,0,0,0,0,0
367,"We have not seen any aid. The boat are so close to us but we did not get anything. In the name of Ojaded, we are asking for some aid to face the current crisis ","We have not seen any aid. The boat are so close to us but we did not get anything. In the name of Ojaded, we are asking for some aid to face the current crisis ",direct,1,1,0,1,0,0,0,0,0,0,0,0,0,0,0,0,0,0,1,0,0,0,0,0,0,0,0,0,0,0,0,0,0,0,0,1
368,"I dont have a passport,is it possible to have one made for me in those moments? I expect an answer ","I dont have a passport,is it possible to have one made for me in those moments? I expect an answer ",direct,1,0,0,0,0,0,0,0,0,0,0,0,0,0,0,0,0,0,0,0,0,0,0,0,0,0,0,0,0,0,0,0,0,0,0,0
369,IF SOMEONE HAS HIS PASSORT AND WOULD LIKE TO GO BREATH BETTER AIR WHAT CAN HE DO? ,IF SOMEONE HAS HIS PASSORT AND WOULD LIKE TO GO BREATH BETTER AIR WHAT CAN HE DO? ,direct,1,0,0,0,0,0,0,0,0,0,0,0,0,0,0,0,0,0,0,0,0,0,0,0,0,0,0,0,0,0,0,0,0,0,0,0
370,No one has come to help us at Delmas 1. ,No one has come to help us at Delmas 1. ,direct,1,1,0,1,0,0,0,0,0,0,0,0,0,0,0,0,0,0,1,0,0,0,0,0,0,0,0,0,0,0,0,0,0,0,0,1
371,"We are in Plateau Central in Maisade, there are many victims who came here,and what we had is not enough for them, please help us ","We are in Plateau Central in Maisade, there are many victims who came here,and what we had is not enough for them, please help us ",direct,1,1,0,1,0,0,0,0,0,0,0,0,0,0,0,0,0,0,1,0,0,0,0,0,0,0,0,0,0,0,0,0,0,0,0,1
372,We are in Jacmel. We need tents. ,We are in Jacmel. We need tents. ,direct,1,1,0,1,0,0,0,0,0,0,0,0,1,0,0,0,0,0,0,0,0,0,0,0,0,0,0,0,0,0,0,0,0,0,0,1
373,"Please, What can I do if I need to go visit my family in Santo Domingo. ","Please, What can I do if I need to go visit my family in Santo Domingo. ",direct,0,0,0,0,0,0,0,0,0,0,0,0,0,0,0,0,0,0,0,0,0,0,0,0,0,0,0,0,0,0,0,0,0,0,0,0
374,.. about the answer but we don't have enough strength anymore to go and get .. ,.. about the answer but we don't have enough strength anymore to go and get .. ,direct,0,0,0,0,0,0,0,0,0,0,0,0,0,0,0,0,0,0,0,0,0,0,0,0,0,0,0,0,0,0,0,0,0,0,0,0
375,"Where can we find medicine, tents, medical care for free? ","Where can we find medicine, tents, medical care for free? ",direct,1,1,0,1,1,1,0,0,0,0,0,0,1,0,0,0,0,0,0,0,0,0,0,0,0,0,0,0,0,0,0,0,0,0,0,1
376,We need food and water please. ,We need food and water please. ,direct,1,1,0,1,0,0,0,0,0,0,1,1,0,0,0,0,0,0,0,0,0,0,0,0,0,0,0,0,0,0,0,0,0,0,0,1
377,"I DON'T UNDERSTAND WHERE TO PUT MY RESUME, I AM A PROFESSIONAL ","I DON'T UNDERSTAND WHERE TO PUT MY RESUME, I AM A PROFESSIONAL ",direct,0,0,0,0,0,0,0,0,0,0,0,0,0,0,0,0,0,0,0,0,0,0,0,0,0,0,0,0,0,0,0,0,0,0,0,0
378,I don't understand the message. Please make it more clear. ,I don't understand the message. Please make it more clear. ,direct,0,0,0,0,0,0,0,0,0,0,0,0,0,0,0,0,0,0,0,0,0,0,0,0,0,0,0,0,0,0,0,0,0,0,0,0
379,"I'm in the 8th section of the commune (village) of Bene, our house is destroyed and we don't have.. ","I'm in the 8th section of the commune (village) of Bene, our house is destroyed and we don't have.. ",direct,1,1,0,1,0,0,0,0,0,0,0,0,1,0,0,0,0,0,0,0,0,1,0,0,0,0,0,0,0,0,0,0,0,0,0,1
380,"I'm at Gonaives my native town, I lost everything after the earthquake ","I'm at Gonaives my native town, I lost everything after the earthquake ",direct,1,0,0,1,0,0,0,0,0,0,0,0,0,0,0,0,0,0,1,0,0,0,0,0,0,0,0,0,1,0,0,0,1,0,0,1
381,"After each natural catastrophe in Haiti, we all, nationally and internationally, knew that the help never got to the real victims. Government and.. ","After each natural catastrophe in Haiti, we all, nationally and internationally, knew that the help never got to the real victims. Government and.. ",direct,1,0,0,0,0,0,0,0,0,0,0,0,0,0,0,0,0,0,0,0,0,0,0,0,0,0,0,0,0,0,0,0,0,0,0,0
382,I have a night school where i recieve young and old people who don't have the means to pay for other school. That's why I made the school. Now i need aid of any kind. ,I have a night school where i recieve young and old people who don't have the means to pay for other school. That's why I made the school. Now i need aid of any kind. ,direct,0,0,0,0,0,0,0,0,0,0,0,0,0,0,0,0,0,0,0,0,0,0,0,0,0,0,0,0,0,0,0,0,0,0,0,0
383,"My house was destroyed and my father and my child died. I hear there are foreigners giving aid in the country, but i cannot find even a little water. My friends are supporting me. ","My house was destroyed and my father and my child died. I hear there are foreigners giving aid in the country, but i cannot find even a little water. My friends are supporting me. ",direct,1,1,0,1,0,0,0,0,0,0,1,0,0,0,0,0,0,1,1,0,0,1,0,0,0,0,0,0,0,0,0,0,0,0,0,1
384,"I'm living a very,very difficult time. Please add to my calling card tomorrow. ","I'm living a very,very difficult time. Please add to my calling card tomorrow. ",direct,1,0,0,0,0,0,0,0,0,0,0,0,0,0,0,0,0,0,0,0,0,0,0,0,0,0,0,0,0,0,0,0,0,0,0,0
385,why didn't you call me to give me food I am hungry ,why didn't you call me to give me food I am hungry ,direct,1,0,0,0,0,0,0,0,0,0,0,0,0,0,0,0,0,0,0,0,0,0,0,0,0,0,0,0,0,0,0,0,0,0,0,0
386,What can you do if you are a professional and you would like to apply for a position that is in your domain? ,What can you do if you are a professional and you would like to apply for a position that is in your domain? ,direct,0,0,0,0,0,0,0,0,0,0,0,0,0,0,0,0,0,0,0,0,0,0,0,0,0,0,0,0,0,0,0,0,0,0,0,0
387,Who can foresee/predict earthquakes ,Who can foresee/predict earthquakes ,direct,1,0,0,0,0,0,0,0,0,0,0,0,0,0,0,0,0,0,0,0,0,0,0,0,0,0,0,0,1,0,0,0,1,0,0,0
388,"The Education Minister is probably (shell-shocked) stunned, he did not drink any tea to reduce his state of shock.. or he does not know what to say, and all the schools that have collapsed.. flat, have they been cleaned? Please notify everyone. ","The Education Minister is probably (shell-shocked) stunned, he did not drink any tea to reduce his state of shock.. or he does not know what to say, and all the schools that have collapsed.. flat, have they been cleaned? Please notify everyone. ",direct,1,0,0,0,0,0,0,0,0,0,0,0,0,0,0,0,0,0,0,0,0,1,0,0,0,0,0,0,0,0,0,0,0,0,0,0
389,"I can't do it (take it) anymore, please help me ","I can't do it (take it) anymore, please help me ",direct,1,1,0,1,0,0,0,0,0,0,0,0,0,0,0,0,0,0,1,0,0,0,0,0,0,0,0,0,0,0,0,0,0,0,0,1
390,REMIND THE GOUVERNEMENT THAT THERE ARE 2 DEAD BODIES IN LAMANTEN 54 RUELLE RAYMOND ''REMON'' ,REMIND THE GOUVERNEMENT THAT THERE ARE 2 DEAD BODIES IN LAMANTEN 54 RUELLE RAYMOND ''REMON'' ,direct,1,1,0,1,0,0,0,0,0,0,0,0,0,0,0,0,0,1,0,0,0,0,0,0,0,0,0,0,0,0,0,0,0,0,0,1
391,Ideological message about help from other countries.. ,Ideological message about help from other countries.. ,direct,1,0,0,0,0,0,0,0,0,0,0,0,0,0,0,0,0,0,0,0,0,0,0,0,0,0,0,0,0,0,0,0,0,0,0,0
392,"HALLO I AM LISTENING TO THE RADIO IN PETION VILLE ,THE AMERICAN SOLDIERS ARE TOO MEAN THEY SAVALGLY BEAT UP THE PEOPLE ALL DAY LONG ","HALLO I AM LISTENING TO THE RADIO IN PETION VILLE ,THE AMERICAN SOLDIERS ARE TOO MEAN THEY SAVALGLY BEAT UP THE PEOPLE ALL DAY LONG ",direct,1,0,0,1,0,0,0,0,1,0,0,0,0,0,0,0,0,0,0,0,0,0,0,0,0,0,0,0,0,0,0,0,0,0,0,0
393,People in Jacquet Toto got water but no food. ,People in Jacquet Toto got water but no food. ,direct,1,0,0,1,0,0,0,0,0,0,1,1,0,0,0,0,0,0,0,0,0,0,0,0,0,0,0,0,0,0,0,0,0,0,0,0
394,Aren't we victims too make them come see us too. ,Aren't we victims too make them come see us too. ,direct,1,0,0,0,0,0,0,0,0,0,0,0,0,0,0,0,0,0,0,0,0,0,0,0,0,0,0,0,0,0,0,0,0,0,0,1
395,tell me what happening here in the country ,tell me what happening here in the country ,direct,0,0,0,0,0,0,0,0,0,0,0,0,0,0,0,0,0,0,0,0,0,0,0,0,0,0,0,0,0,0,0,0,0,0,0,0
396,"I am pregnant and it seems the baby is not growing, what can I take to abort the pregnancy. ","I am pregnant and it seems the baby is not growing, what can I take to abort the pregnancy. ",direct,1,0,0,0,0,0,0,0,0,0,0,0,0,0,0,0,0,0,0,0,0,0,0,0,0,0,0,0,0,0,0,0,0,0,0,0
397,Where is the organization that are giving the documents to get phone cards for the cmaps ,Where is the organization that are giving the documents to get phone cards for the cmaps ,direct,0,0,0,0,0,0,0,0,0,0,0,0,0,0,0,0,0,0,0,0,0,0,0,0,0,0,0,0,0,0,0,0,0,0,0,0
398,"my kids died, my house is destroyed. i'm beating.. ","my kids died, my house is destroyed. i'm beating.. ",direct,1,1,0,1,0,0,0,0,0,0,0,1,1,0,0,0,0,1,0,0,0,1,0,0,0,0,0,0,0,0,0,0,0,0,0,1
399,"I left Port-au-Prince, I came to Les Cayes. I never found (got) anything. Hunger is killing me. I feel like I can't take it any more ","I left Port-au-Prince, I came to Les Cayes. I never found (got) anything. Hunger is killing me. I feel like I can't take it any more ",direct,1,1,0,1,0,0,0,0,0,0,0,1,0,0,0,0,0,0,0,0,0,0,0,0,0,0,0,0,0,0,0,0,0,0,0,1
400,"Someone who supposedly say where food is beeing distributed, I should go fight to get it, on top of that I won't get any. What can the law says about this case? ","Someone who supposedly say where food is beeing distributed, I should go fight to get it, on top of that I won't get any. What can the law says about this case? ",direct,1,1,0,1,0,0,0,0,0,0,0,1,0,0,0,0,0,0,0,0,0,0,0,0,0,0,0,0,0,0,0,0,0,0,0,1
401,"It seems province people don't need any food, nobody send to them. ","It seems province people don't need any food, nobody send to them. ",direct,1,1,0,1,0,0,0,0,0,0,0,1,0,0,0,0,0,0,0,0,0,0,0,0,0,0,0,0,0,0,0,0,0,0,0,1
402,"The Nazon, Comcel and Delmas 30 areas have not yet had any distributions. Please send help to these areas as soon as possible. Thank you for all the messages. ","The Nazon, Comcel and Delmas 30 areas have not yet had any distributions. Please send help to these areas as soon as possible. Thank you for all the messages. ",direct,1,1,0,1,0,0,0,0,0,0,0,0,0,0,0,0,0,0,1,0,0,0,0,0,0,0,0,0,0,0,0,0,0,0,0,1
403,The residents of Martissan 2A still haven't received anything. Please do something for us. ,The residents of Martissan 2A still haven't received anything. Please do something for us. ,direct,1,1,0,1,0,0,0,0,0,0,0,0,0,0,0,0,0,0,1,0,0,0,0,0,0,0,0,0,0,0,0,0,0,0,0,1
404,"We stopped on Route South, 38 kilometers, palmistaven, ..We can't get any help.. ","We stopped on Route South, 38 kilometers, palmistaven, ..We can't get any help.. ",direct,1,1,0,0,0,0,0,0,0,0,0,0,0,0,0,0,0,0,0,0,0,0,0,0,0,0,0,0,0,0,0,0,0,0,0,1
405,WHAT CAN WE DO FOR THE CENTER OF HEBERGEMENT ALLIANCE CHRETIENNE ,WHAT CAN WE DO FOR THE CENTER OF HEBERGEMENT ALLIANCE CHRETIENNE ,direct,0,0,0,0,0,0,0,0,0,0,0,0,0,0,0,0,0,0,0,0,0,0,0,0,0,0,0,0,0,0,0,0,0,0,0,0
406,..I don't know in what area I can find him/her/it ,..I don't know in what area I can find him/her/it ,direct,1,0,0,0,0,0,0,0,0,0,0,0,0,0,0,0,0,0,0,0,0,0,0,0,0,0,0,0,0,0,0,0,0,0,0,0
407,we need help at wayne 93 by carrefour ,we need help at wayne 93 by carrefour ,direct,1,1,0,1,0,0,0,0,0,0,0,0,0,0,0,0,0,0,1,0,0,0,0,0,0,0,0,0,0,0,0,0,0,0,0,1
408,"We in Michel, we haven't gotten any of the aid that's being distributed. But we all have (trouble/difficulty/problems). We would like for them to take a look at Kilometer 37. ","We in Michel, we haven't gotten any of the aid that's being distributed. But we all have (trouble/difficulty/problems). We would like for them to take a look at Kilometer 37. ",direct,1,1,0,1,0,0,0,0,0,0,0,0,0,0,0,0,0,0,1,0,0,0,0,0,0,0,0,0,0,0,0,0,0,0,0,1
409,Are there any more earthquakes in Haiti? ,Are there any more earthquakes in Haiti? ,direct,1,0,0,0,0,0,0,0,0,0,0,0,0,0,0,0,0,0,0,0,0,0,0,0,0,0,0,0,1,0,0,0,1,0,0,0
410,"I NEED TO KNOW IF THE QUAKE WILLSTART AGAIN,PEOPLE ARE TALKING ABOUT IT ","I NEED TO KNOW IF THE QUAKE WILLSTART AGAIN,PEOPLE ARE TALKING ABOUT IT ",direct,0,0,0,0,0,0,0,0,0,0,0,0,0,0,0,0,0,0,0,0,0,0,0,0,0,0,0,0,0,0,0,0,0,0,0,0
411,I would like to get information on the earthquake ,I would like to get information on the earthquake ,direct,1,1,0,1,1,0,0,0,0,0,0,0,0,0,0,0,0,0,0,0,1,0,0,0,0,0,0,0,1,1,0,0,1,0,0,0
412,idan ki pwovizyon w gen yen pou lagonav menm? Repons. What provisions do you have in la Gonave? respond. ,idan ki pwovizyon w gen yen pou lagonav menm? Repons. What provisions do you have in la Gonave? respond. ,direct,1,0,0,0,0,0,0,0,0,0,0,0,0,0,0,0,0,0,0,0,0,0,0,0,0,0,0,0,0,0,0,0,0,0,0,0
413,HE THINKS DIGICEL (CELL PHONE COMPANY)IS A BS COMPANY ,HE THINKS DIGICEL (CELL PHONE COMPANY)IS A BS COMPANY ,direct,0,0,0,0,0,0,0,0,0,0,0,0,0,0,0,0,0,0,0,0,0,0,0,0,0,0,0,0,0,0,0,0,0,0,0,0
414,WHEN THE FLIGHT STARTING AGAIN TO FLORIDA ,WHEN THE FLIGHT STARTING AGAIN TO FLORIDA ,direct,0,0,0,0,0,0,0,0,0,0,0,0,0,0,0,0,0,0,0,0,0,0,0,0,0,0,0,0,0,0,0,0,0,0,0,0
415,this person wants to know if only the people with card can get food? ,this person wants to know if only the people with card can get food? ,direct,1,1,0,1,0,0,0,0,0,0,0,1,0,0,0,0,0,0,0,0,0,0,0,0,0,0,0,0,0,0,0,0,0,0,0,1
416,this person wants to know who is responsible for cleaning the streets. ,this person wants to know who is responsible for cleaning the streets. ,direct,1,0,0,0,0,0,0,0,0,0,0,0,0,0,0,0,0,0,0,0,1,0,0,0,0,0,0,0,0,0,0,0,0,0,0,0
417,where can a woman have an ultrasound done? ,where can a woman have an ultrasound done? ,direct,0,0,0,0,0,0,0,0,0,0,0,0,0,0,0,0,0,0,0,0,0,0,0,0,0,0,0,0,0,0,0,0,0,0,0,0
418,I NEED A NUMBER SO I CAN FIND INFORMATION REGARDING A MISSING PERSON THAT I'M SEARCHING FOR ,I NEED A NUMBER SO I CAN FIND INFORMATION REGARDING A MISSING PERSON THAT I'M SEARCHING FOR ,direct,1,1,0,1,0,0,0,0,0,0,0,0,0,0,0,1,0,0,0,0,0,0,0,0,0,0,0,0,0,0,0,0,0,0,0,0
419,we have water problem where and how can we get water ,we have water problem where and how can we get water ,direct,1,1,0,1,0,0,0,0,0,0,1,0,0,0,0,0,0,0,0,0,0,0,0,0,0,0,0,0,0,0,0,0,0,0,0,1
420,"how is the capital now, because i heard that there were people who were happy because there stores and institutions are still working ","how is the capital now, because i heard that there were people who were happy because there stores and institutions are still working ",direct,1,1,0,1,1,0,0,0,0,0,0,0,0,0,0,0,0,0,0,0,1,0,0,0,0,0,0,0,1,1,0,0,0,0,0,1
421,Asking for help from the Red Cross. ,Asking for help from the Red Cross. ,direct,1,1,0,1,0,0,0,0,0,0,0,0,0,0,0,0,0,0,1,0,0,0,0,0,0,0,0,0,0,0,0,0,0,0,0,1
422,"WHY IS THE HELP WE NEED DONT COME TO US? WHY THE MONEY NEVER GET TO US ? WE ARE THE VICTIMES HERE ,AND WE HAVE NO HELP,ONLY THE GOUVERMENT HAS HELP ","WHY IS THE HELP WE NEED DONT COME TO US? WHY THE MONEY NEVER GET TO US ? WE ARE THE VICTIMES HERE ,AND WE HAVE NO HELP,ONLY THE GOUVERMENT HAS HELP ",direct,1,1,0,1,0,0,0,0,0,0,0,0,0,0,1,0,0,0,0,0,0,0,0,0,0,0,0,0,0,0,0,0,0,0,0,1
423,"I am in Gonaives, where I was born, I lost everything in the earthquake ","I am in Gonaives, where I was born, I lost everything in the earthquake ",direct,1,0,0,0,0,0,0,0,0,0,0,0,0,0,0,0,0,0,0,0,0,0,0,0,0,0,0,0,1,0,0,0,1,0,0,1
424,the information has not gotten through. It is all propaganda. I live between Claircine 11 and 19. We have not even gotten a little bit of water. We are dying with hunger. ,the information has not gotten through. It is all propaganda. I live between Claircine 11 and 19. We have not even gotten a little bit of water. We are dying with hunger. ,direct,1,1,0,1,0,0,0,0,0,0,1,1,0,0,0,0,0,0,0,0,0,0,0,0,0,0,0,0,0,0,0,0,0,0,0,1
425,This person is looking for a job. ,This person is looking for a job. ,direct,1,0,0,0,0,0,0,0,0,0,0,0,0,0,0,0,0,0,0,0,0,0,0,0,0,0,0,0,0,0,0,0,0,0,0,0
426,"Are the provinces losing days of schooling? About aid, people in the provinces are not receiving any because they are disaster-striken/helpless. They all came to the provinces with no money, so that everyone can profit/get help. ","Are the provinces losing days of schooling? About aid, people in the provinces are not receiving any because they are disaster-striken/helpless. They all came to the provinces with no money, so that everyone can profit/get help. ",direct,1,0,0,1,0,0,0,0,0,0,0,0,0,0,1,0,0,0,1,0,0,0,0,0,0,0,0,0,0,0,0,0,0,0,0,0
427,I have no food in Pestel please send food for us. ,I have no food in Pestel please send food for us. ,direct,1,1,0,1,1,0,0,0,0,0,0,1,0,0,0,0,0,0,0,0,1,0,0,0,0,0,0,0,1,1,0,0,0,0,0,1
428,".. a shelter centre that has lots of babies and children. Until now, we haven't gotten anything. We need medicine, tents, water and food ",".. a shelter centre that has lots of babies and children. Until now, we haven't gotten anything. We need medicine, tents, water and food ",direct,1,1,0,1,1,1,0,0,0,0,1,1,1,0,0,0,0,0,0,0,0,0,0,0,0,0,0,0,0,0,0,0,0,0,0,1
429,We need the government CD in La Gonav. People in Sant Ebjeman by Jerusalem are dying. ,We need the government CD in La Gonav. People in Sant Ebjeman by Jerusalem are dying. ,direct,1,1,0,1,1,0,0,0,0,0,0,0,0,0,0,0,0,1,0,0,0,0,0,0,0,0,0,0,0,0,0,0,0,0,0,1
430,"I need help, food for victims who are in Saint Raphael Nord. ","I need help, food for victims who are in Saint Raphael Nord. ",direct,1,1,0,1,0,0,0,0,0,0,0,1,0,0,0,0,0,0,0,0,0,0,0,0,0,0,0,0,0,0,0,0,0,0,0,1
431,Don't send me anymore SMS text. OK. These SMS are useless to me. What I need is food to eat. OK. ,Don't send me anymore SMS text. OK. These SMS are useless to me. What I need is food to eat. OK. ,direct,1,1,0,1,0,0,0,0,0,0,0,1,0,0,0,0,0,0,0,0,0,0,0,0,0,0,0,0,0,0,0,0,0,0,0,1
432,They have not given us food in the area around my house near Marotiere 77. Where can I go to get food? ,They have not given us food in the area around my house near Marotiere 77. Where can I go to get food? ,direct,1,1,0,1,0,0,0,0,0,0,0,1,0,0,0,0,0,0,0,0,0,0,0,0,0,0,0,0,0,0,0,0,0,0,0,1
433,"The SMS: in the provinces, who will help school, because I said I would like to know whether I will be able to end the year school ok thank you. ","The SMS: in the provinces, who will help school, because I said I would like to know whether I will be able to end the year school ok thank you. ",direct,1,0,0,0,0,0,0,0,0,0,0,0,0,0,0,0,0,0,0,0,0,0,0,0,0,0,0,0,0,0,0,0,0,0,0,1
434,"i would like to go to Senegal, what should i do? ","i would like to go to Senegal, what should i do? ",direct,0,0,0,0,0,0,0,0,0,0,0,0,0,0,0,0,0,0,0,0,0,0,0,0,0,0,0,0,0,0,0,0,0,0,0,0
435,is school going to be open this year? ,is school going to be open this year? ,direct,0,0,0,0,0,0,0,0,0,0,0,0,0,0,0,0,0,0,0,0,0,0,0,0,0,0,0,0,0,0,0,0,0,0,0,0
436,The SMS: ok thank you very much for all the good and infomation Council that the reward from God ,The SMS: ok thank you very much for all the good and infomation Council that the reward from God ,direct,0,0,0,0,0,0,0,0,0,0,0,0,0,0,0,0,0,0,0,0,0,0,0,0,0,0,0,0,0,0,0,0,0,0,0,0
437,what are the plans for these houses? the ppl are sleeping on the street and remember alot of them do not have family else where in the country ,what are the plans for these houses? the ppl are sleeping on the street and remember alot of them do not have family else where in the country ,direct,1,0,0,1,0,0,0,0,0,0,0,0,1,0,0,0,0,0,0,0,0,0,0,0,0,0,0,0,0,0,0,0,0,0,0,0
438,we do not understand why we cant get a tent for kids that are 5 and 4 months old...last night it was raining on the kids ,we do not understand why we cant get a tent for kids that are 5 and 4 months old...last night it was raining on the kids ,direct,1,1,0,1,1,0,0,0,0,0,0,0,1,0,0,0,0,0,0,0,1,0,0,0,0,0,0,0,1,1,1,0,0,0,0,1
439,I don't need this incompetent government's message.Please send me information about employment ,I don't need this incompetent government's message.Please send me information about employment ,direct,0,0,0,0,0,0,0,0,0,0,0,0,0,0,0,0,0,0,0,0,0,0,0,0,0,0,0,0,0,0,0,0,0,0,0,0
440,The person would like to know where or which hospital the people that was hurt on the January 12 earthquake were sent out. ,The person would like to know where or which hospital the people that was hurt on the January 12 earthquake were sent out. ,direct,1,0,0,1,1,0,0,0,0,0,0,0,0,0,0,1,0,0,0,1,0,0,0,0,1,0,0,0,1,0,0,0,1,0,0,0
441,it is time to remove the people from champs de Mars. it is not a good location ,it is time to remove the people from champs de Mars. it is not a good location ,direct,1,0,0,1,0,0,0,0,0,0,0,0,0,0,0,0,1,0,0,0,0,0,0,0,0,0,0,0,0,0,0,0,0,0,0,0
442,how to get a job int he gouvernment or in an org ,how to get a job int he gouvernment or in an org ,direct,0,0,0,0,0,0,0,0,0,0,0,0,0,0,0,0,0,0,0,0,0,0,0,0,0,0,0,0,0,0,0,0,0,0,0,0
443,"Hello we are located on Santo 2, extended we need help. ","Hello we are located on Santo 2, extended we need help. ",direct,1,1,0,1,0,0,0,0,0,0,0,0,0,0,0,0,0,0,1,0,0,0,0,0,0,0,0,0,0,0,0,0,0,0,0,1
444,the people who do not live in the city. are they allowed to build? ,the people who do not live in the city. are they allowed to build? ,direct,1,0,0,0,0,0,0,0,0,0,0,0,0,0,0,0,0,0,0,0,0,0,0,0,0,0,0,0,0,0,0,0,0,0,0,0
445,I need food. I am at Champ de Mars. I need water. ,I need food. I am at Champ de Mars. I need water. ,direct,1,1,0,1,0,0,0,0,0,0,1,1,0,0,0,0,0,0,0,0,0,0,0,0,0,0,0,0,0,0,0,0,0,0,0,1
446,"We are in Carrefour, Acachon 32. We don't have water and medication in the hospital. Please help us. ","We are in Carrefour, Acachon 32. We don't have water and medication in the hospital. Please help us. ",direct,1,1,0,1,0,1,0,0,0,0,1,0,0,0,0,0,0,0,0,1,0,0,0,0,1,0,0,0,0,0,0,0,0,0,0,1
447,I want to get important messages related to the precautions I aught to take from Aux Cape Haitien. ,I want to get important messages related to the precautions I aught to take from Aux Cape Haitien. ,direct,1,0,0,0,0,0,0,0,0,0,0,0,0,0,0,0,0,0,0,0,0,0,0,0,0,0,0,0,0,0,0,0,0,0,0,0
448,I would like to inform the concerned authorities in aid distribution that in Campeche and other Communal sections in Croix des bouquets need assistance. ,I would like to inform the concerned authorities in aid distribution that in Campeche and other Communal sections in Croix des bouquets need assistance. ,direct,1,1,0,1,0,0,0,0,0,0,0,0,0,0,0,0,0,0,1,0,0,0,0,0,0,0,0,0,0,0,0,0,0,0,0,1
449,Had to send to check out that are lending us some aid. ,Had to send to check out that are lending us some aid. ,direct,1,1,0,1,0,0,0,0,0,0,0,0,0,0,0,0,0,0,1,0,0,0,0,0,0,0,0,0,0,0,0,0,0,0,0,1
450,people of Anse Rouge are dying of hunger and thirst. ,people of Anse Rouge are dying of hunger and thirst. ,direct,1,0,0,1,0,0,0,0,0,0,1,1,0,0,0,0,0,0,0,0,0,0,0,0,0,0,0,0,0,0,0,0,0,0,0,0
451,But I cannot get responses to all the messages that I sent to you. ,But I cannot get responses to all the messages that I sent to you. ,direct,1,0,0,0,0,0,0,0,0,0,0,0,0,0,0,0,0,0,0,0,0,0,0,0,0,0,0,0,0,0,0,0,0,0,0,0
452,Mwen ta renmen jwenn yon djb. ske gen posiblite pou mwen jwenn li? Kisa ou ka f pou ede mwen? Mwen bezwen savis ou. ,Mwen ta renmen jwenn yon djb. ske gen posiblite pou mwen jwenn li? Kisa ou ka f pou ede mwen? Mwen bezwen savis ou. ,direct,2,0,0,0,0,0,0,0,0,0,0,0,0,0,0,0,0,0,0,0,0,0,0,0,0,0,0,0,0,0,0,0,0,0,0,0
453,"We live on Impasse Fafan, by the rail road in Carrefour. We never got anything like food and tents. Our shelter houses 200 people. ","We live on Impasse Fafan, by the rail road in Carrefour. We never got anything like food and tents. Our shelter houses 200 people. ",direct,1,1,0,1,0,0,0,0,0,0,0,1,1,0,0,0,0,0,0,0,0,0,0,0,0,0,0,0,0,0,0,0,0,0,0,1
454,"We have 63 people, about 457 people live in the neighborhood. We are hungry. Don't shame/humiliate me. I find this message. We can work together to help ourselves. We will be happy with whatever you give us. ","We have 63 people, about 457 people live in the neighborhood. We are hungry. Don't shame/humiliate me. I find this message. We can work together to help ourselves. We will be happy with whatever you give us. ",direct,1,1,0,1,0,0,0,0,0,0,0,1,0,0,0,0,0,0,0,0,0,0,0,0,0,0,0,0,0,0,0,0,0,0,0,1
455,How to prevent the first epidemic ,How to prevent the first epidemic ,direct,1,1,0,0,0,0,0,0,0,0,0,0,0,0,0,0,0,0,0,0,0,0,0,0,0,0,0,0,0,0,0,0,0,0,0,0
456,WOW BALAYEN FIRMED NOTHING ROSA CITY IN VILLA ROSA ,WOW BALAYEN FIRMED NOTHING ROSA CITY IN VILLA ROSA ,direct,0,0,0,0,0,0,0,0,0,0,0,0,0,0,0,0,0,0,0,0,0,0,0,0,0,0,0,0,0,0,0,0,0,0,0,0
457,Fontamara 43 lacks everything. ,Fontamara 43 lacks everything. ,direct,1,0,0,0,0,0,0,0,0,0,0,0,0,0,0,0,0,0,0,0,0,0,0,0,0,0,0,0,0,0,0,0,0,0,0,0
458,I would like to have good information ,I would like to have good information ,direct,0,0,0,0,0,0,0,0,0,0,0,0,0,0,0,0,0,0,0,0,0,0,0,0,0,0,0,0,0,0,0,0,0,0,0,0
459,I need to where to put the dead bodies i am located in Carrefour. ,I need to where to put the dead bodies i am located in Carrefour. ,direct,1,1,0,1,1,0,0,0,0,0,0,0,0,0,0,0,0,1,0,0,1,0,0,0,0,0,0,0,1,1,0,0,0,0,0,1
460,You sent the answers for the Mariani people what we doing. ,You sent the answers for the Mariani people what we doing. ,direct,1,0,0,0,0,0,0,0,0,0,0,0,0,0,0,0,0,0,0,0,0,0,0,0,0,0,0,0,0,0,0,0,0,0,0,0
461,Hello Digicel. I'm looking for work. We have found food but haven't found a tent. ,Hello Digicel. I'm looking for work. We have found food but haven't found a tent. ,direct,1,1,0,1,0,0,0,0,0,0,0,1,1,0,0,0,0,0,0,0,0,0,0,0,0,0,0,0,0,0,0,0,0,0,0,1
462,"TELL ME WHEN THIS QUAKE WILL START AGAIN ? SINCE 12 JANUARY,I HAD A BIG ONE I CANNOT HANDLE IT ANYMORE,I HAVE ENOUGH HELP ME ","TELL ME WHEN THIS QUAKE WILL START AGAIN ? SINCE 12 JANUARY,I HAD A BIG ONE I CANNOT HANDLE IT ANYMORE,I HAVE ENOUGH HELP ME ",direct,1,1,0,0,0,0,0,0,0,0,0,0,0,0,0,0,0,0,0,0,0,0,0,0,0,0,0,0,1,0,0,0,1,0,0,1
463,"IT LOOKS LIKE THE REAL VICTIMES DONT HAVE FOOD,THEY SELL IT FOR 50 GOURDES,THE RASTAS SMOKE POT ","IT LOOKS LIKE THE REAL VICTIMES DONT HAVE FOOD,THEY SELL IT FOR 50 GOURDES,THE RASTAS SMOKE POT ",direct,1,1,0,1,0,0,0,0,0,0,0,1,0,0,0,0,0,0,0,0,0,0,0,0,0,0,0,0,0,0,0,0,0,0,0,0
464,HOW CAN I PUT MY CV TO FIND THE JOB IN WWW.JOBPAW.COM ? ,HOW CAN I PUT MY CV TO FIND THE JOB IN WWW.JOBPAW.COM ? ,direct,0,0,0,0,0,0,0,0,0,0,0,0,0,0,0,0,0,0,0,0,0,0,0,0,0,0,0,0,0,0,0,0,0,0,0,0
465,"i living At Mont Oje 5 km from Jacme we have food, water, medicine problem we don't have any can you send something for us here ","i living At Mont Oje 5 km from Jacme we have food, water, medicine problem we don't have any can you send something for us here ",direct,1,1,0,1,1,0,0,0,0,0,1,1,0,0,0,0,0,0,0,1,0,0,0,0,0,1,0,0,0,0,0,0,0,0,0,1
466,Give me a card? a map? a contact? at this number. ,Give me a card? a map? a contact? at this number. ,direct,1,1,0,1,0,0,0,0,0,0,0,0,0,0,0,0,0,0,1,0,0,0,0,0,0,0,0,0,0,0,0,0,0,0,0,0
467,Where can one find a card to get some rice and when is this ending? ,Where can one find a card to get some rice and when is this ending? ,direct,1,1,0,1,1,0,0,0,0,0,0,0,0,0,0,0,0,0,0,0,1,0,0,0,0,0,0,0,1,1,0,0,0,0,0,1
468,Until when can enter our house with posed heads? When without fear? ,Until when can enter our house with posed heads? When without fear? ,direct,1,1,0,1,0,0,0,0,0,0,0,0,1,0,0,0,0,0,0,0,0,0,0,0,0,0,0,0,0,0,0,0,0,0,0,1
469,Is this a white occupation we're in or rather colonisation? ,Is this a white occupation we're in or rather colonisation? ,direct,1,0,0,0,0,0,0,0,0,0,0,0,0,0,0,0,0,0,0,0,0,0,0,0,0,0,0,0,0,0,0,0,0,0,0,0
470,PLEASE GIVE ME ADDRESSES TO REGISTER A SCHOLARSHIP FOR PEOPLE WHO WANT TO STUDY IN ANOTHER COUNTRY ,PLEASE GIVE ME ADDRESSES TO REGISTER A SCHOLARSHIP FOR PEOPLE WHO WANT TO STUDY IN ANOTHER COUNTRY ,direct,0,0,0,0,0,0,0,0,0,0,0,0,0,0,0,0,0,0,0,0,0,0,0,0,0,0,0,0,0,0,0,0,0,0,0,0
471,How do I find coupons I can use to go get food given by PAM (World Food Program)? ,How do I find coupons I can use to go get food given by PAM (World Food Program)? ,direct,1,1,0,1,0,0,0,0,0,0,0,1,0,0,0,0,0,0,0,0,0,0,0,0,0,0,0,0,0,0,0,0,0,0,0,1
472,PLEASE SEND EMAIL OR FAX TO THE US AMBASSY ,PLEASE SEND EMAIL OR FAX TO THE US AMBASSY ,direct,1,0,0,0,0,0,0,0,0,0,0,0,0,0,0,0,0,0,0,0,0,0,0,0,0,0,0,0,0,0,0,0,0,0,0,0
473,What are the latest news about Haiti? ,What are the latest news about Haiti? ,direct,0,0,0,0,0,0,0,0,0,0,0,0,0,0,0,0,0,0,0,0,0,0,0,0,0,0,0,0,0,0,0,0,0,0,0,0
474,I live in Lamanten 54 Enpas Nelson. We need help. ,I live in Lamanten 54 Enpas Nelson. We need help. ,direct,1,1,0,1,0,0,0,0,0,0,0,0,0,0,0,0,0,0,1,0,0,0,0,0,0,0,0,0,0,0,0,0,0,0,0,1
475,"They did not put in place a refugee center for these people who have been amputated with large injuries so that they could continue being taken care of. If not, these people are going to die. (They choose to send.. message truncated..) ","They did not put in place a refugee center for these people who have been amputated with large injuries so that they could continue being taken care of. If not, these people are going to die. (They choose to send.. message truncated..) ",direct,1,1,0,1,1,0,0,0,0,0,0,0,1,0,0,0,1,1,0,0,0,0,0,0,0,0,0,0,0,0,0,0,0,0,0,0
476,PEOPLE WILL HELP THEM TO LAST never WNOU.NAP and foreign ASK FOR ,PEOPLE WILL HELP THEM TO LAST never WNOU.NAP and foreign ASK FOR ,direct,0,0,0,0,0,0,0,0,0,0,0,0,0,0,0,0,0,0,0,0,0,0,0,0,0,0,0,0,0,0,0,0,0,0,0,0
477,NOTES: question regarding schools,NOTES: question regarding schools,direct,0,0,0,0,0,0,0,0,0,0,0,0,0,0,0,0,0,0,0,0,0,0,0,0,0,0,0,0,0,0,0,0,0,0,0,0
478,"WE need food, tents and healthcare in Port-de-Paix ","WE need food, tents and healthcare in Port-de-Paix ",direct,1,1,0,1,1,1,0,0,0,0,0,1,1,0,0,0,0,0,0,0,0,0,0,0,0,0,0,0,0,0,0,0,0,0,0,1
479,We are in the Maligue area we have nothing ,We are in the Maligue area we have nothing ,direct,1,1,0,1,0,0,0,0,0,0,0,0,0,0,0,0,0,0,1,0,0,0,0,0,0,0,0,0,0,0,0,0,0,0,0,1
480,"There are some victims at my house, we have eaten all we have. ","There are some victims at my house, we have eaten all we have. ",direct,1,1,0,1,0,0,0,0,0,0,0,1,0,0,0,0,0,0,0,0,0,0,0,0,0,0,0,0,0,0,0,0,0,0,0,1
481,AND IF WE CAN CH  VIN Chem TO CH  VIN Chem VIN I can again HAITI MAP LAST TR P  F  Ms. THINGS YOU FOR ME. NOUV  IS IN IT BEEN TO THIS POUW Number Y ,AND IF WE CAN CH  VIN Chem TO CH  VIN Chem VIN I can again HAITI MAP LAST TR P  F  Ms. THINGS YOU FOR ME. NOUV  IS IN IT BEEN TO THIS POUW Number Y ,direct,1,0,0,0,0,0,0,0,0,0,0,0,0,0,0,0,0,0,0,0,0,0,0,0,0,0,0,0,0,0,0,0,0,0,0,0
482,"Hello, if the message gets to you, we are having difficulties to get (supplies/things?) because of our children. Its very urgent that we get tents and medicine. what we should - then it is cut off ","Hello, if the message gets to you, we are having difficulties to get (supplies/things?) because of our children. Its very urgent that we get tents and medicine. what we should - then it is cut off ",direct,1,1,0,1,0,1,0,0,0,0,0,0,1,0,0,0,0,0,0,0,0,0,0,0,0,0,0,0,0,0,0,0,0,0,0,1
483,"Send information about health, job and precautions. ","Send information about health, job and precautions. ",direct,1,0,0,0,0,0,0,0,0,0,0,0,0,0,0,0,0,0,0,0,0,0,0,0,0,0,0,0,0,0,0,0,0,0,0,0
484,there is a one month old baby and the doctor told the mother not to nurse because the milk is bad. Please what should we do. We need milk for the baby. ,there is a one month old baby and the doctor told the mother not to nurse because the milk is bad. Please what should we do. We need milk for the baby. ,direct,1,1,0,1,1,0,0,0,0,0,0,1,0,0,0,0,0,0,0,0,0,0,0,0,0,0,0,0,0,0,0,0,0,0,0,1
485,"We need water, food. We are very hungry. I wrote but got no response. We have a 95 year old and an 18 month old with us. We have no food, no tent. ","We need water, food. We are very hungry. I wrote but got no response. We have a 95 year old and an 18 month old with us. We have no food, no tent. ",direct,1,1,0,1,0,0,0,0,0,0,1,1,1,0,0,0,0,0,0,0,0,0,0,0,0,0,0,0,0,0,0,0,0,0,0,1
486,I feel like about to pass out but I'm relying on you. who ever transmitting this message. ,I feel like about to pass out but I'm relying on you. who ever transmitting this message. ,direct,1,1,0,1,1,0,0,0,0,0,0,0,0,0,0,0,0,0,0,0,0,0,0,0,0,0,0,0,0,0,0,0,0,0,0,1
487,Could we get a tarp - a tent would be even better - because I have my mother and one her arms ? is paralyzed -- she is still not doing well -- if possible please find a way to emessage cut off ,Could we get a tarp - a tent would be even better - because I have my mother and one her arms ? is paralyzed -- she is still not doing well -- if possible please find a way to emessage cut off ,direct,1,1,0,1,0,0,0,0,0,0,0,0,1,0,0,0,0,0,0,0,0,0,0,0,0,0,0,0,0,0,0,0,0,0,0,1
488,can you find an org of women in canada who will save me? ,can you find an org of women in canada who will save me? ,direct,1,0,0,0,0,0,0,0,0,0,0,0,0,0,0,0,0,0,0,0,0,0,0,0,0,0,0,0,0,0,0,0,0,0,0,0
489,we will continue to hold on the Mato Haiti chery we will rebuild ,we will continue to hold on the Mato Haiti chery we will rebuild ,direct,0,0,0,0,0,0,0,0,0,0,0,0,0,0,0,0,0,0,0,0,0,0,0,0,0,0,0,0,0,0,0,0,0,0,0,0
490,its been twoo weeks that s wer'aiting for drink we need water to drink ,its been twoo weeks that s wer'aiting for drink we need water to drink ,direct,1,1,0,1,0,0,0,0,0,0,1,0,0,0,0,0,0,0,0,0,0,0,0,0,0,0,0,0,0,0,0,0,0,0,0,1
491,"We can't find card to buy. Send me a card please. I would like to call some family, even though a lot of victims(..) ","We can't find card to buy. Send me a card please. I would like to call some family, even though a lot of victims(..) ",direct,1,1,0,1,0,0,0,0,0,0,0,0,0,0,1,0,0,0,0,0,0,0,0,0,0,0,0,0,0,0,0,0,0,0,0,0
492,"The people from La Voute, need water and food. ","The people from La Voute, need water and food. ",direct,1,1,0,1,1,0,0,0,0,0,1,1,0,0,0,0,0,0,0,0,0,0,0,0,0,0,0,0,0,0,0,0,0,0,0,1
493,"we need tents so that we can stay out of the rain, okay? Thanks ","we need tents so that we can stay out of the rain, okay? Thanks ",direct,1,1,0,1,0,0,0,0,0,0,0,0,1,0,0,0,0,0,0,0,0,0,0,0,0,0,0,0,1,0,1,0,0,0,0,1
494,"There are lot of houses with major cracks (unstable) in Jeremie, more precisely in Caracoli. When is the government of Haiti sending experts to check them.. please? ","There are lot of houses with major cracks (unstable) in Jeremie, more precisely in Caracoli. When is the government of Haiti sending experts to check them.. please? ",direct,1,1,0,0,0,0,0,0,0,0,0,0,0,0,0,0,0,0,0,0,0,1,0,0,0,0,0,0,0,0,0,0,0,0,0,1
495,What can we do to prevent earthquake? ,What can we do to prevent earthquake? ,direct,1,0,0,0,0,0,0,0,0,0,0,0,0,0,0,0,0,0,0,0,0,0,0,0,0,0,0,0,1,0,0,0,1,0,0,0
496,"i AM A TECHNICIAN IN ELECTRICITY, AND A CARPENTER,CAN YOU HELP ME FIND A JOB PLEASE ","i AM A TECHNICIAN IN ELECTRICITY, AND A CARPENTER,CAN YOU HELP ME FIND A JOB PLEASE ",direct,0,0,0,0,0,0,0,0,0,0,0,0,0,0,0,0,0,0,0,0,0,0,0,0,0,0,0,0,0,0,0,0,0,0,0,0
497,"I would like in anyway possible for the responsible authorities to reinstate the school again in Haiti. And to ask for scholarship, I would also like a scholarship. Thank you. ","I would like in anyway possible for the responsible authorities to reinstate the school again in Haiti. And to ask for scholarship, I would also like a scholarship. Thank you. ",direct,0,0,0,0,0,0,0,0,0,0,0,0,0,0,0,0,0,0,0,0,0,0,0,0,0,0,0,0,0,0,0,0,0,0,0,0
498,"OMG !!! IT'S 11 O'CLOCK PM,IT'S RAINING WE DONT HAVE TENTS,WE MUST STAND UP ALL NIGHT ","OMG !!! IT'S 11 O'CLOCK PM,IT'S RAINING WE DONT HAVE TENTS,WE MUST STAND UP ALL NIGHT ",direct,1,1,0,1,0,0,0,0,0,0,0,0,1,0,0,0,0,0,0,0,0,0,0,0,0,0,0,0,1,0,1,0,0,0,0,1
499,News regarding the Earthquake in Haiti ,News regarding the Earthquake in Haiti ,direct,1,0,0,0,0,0,0,0,0,0,0,0,0,0,0,0,0,0,0,0,0,0,0,0,0,0,0,0,1,0,0,0,1,0,0,0
500,My money back (my cash back)please ,My money back (my cash back)please ,direct,0,0,0,0,0,0,0,0,0,0,0,0,0,0,0,0,0,0,0,0,0,0,0,0,0,0,0,0,0,0,0,0,0,0,0,0
501,good morning I need some information regarding immigration thanks ,good morning I need some information regarding immigration thanks ,direct,0,0,0,0,0,0,0,0,0,0,0,0,0,0,0,0,0,0,0,0,0,0,0,0,0,0,0,0,0,0,0,0,0,0,0,0
502,I have a message to send. Can you help me? ,I have a message to send. Can you help me? ,direct,1,0,0,0,0,0,0,0,0,0,0,0,0,0,0,0,0,0,0,0,0,0,0,0,0,0,0,0,0,0,0,0,0,0,0,0
503,Is there somewhere is Cayese where I can find your help. ,Is there somewhere is Cayese where I can find your help. ,direct,1,1,0,0,0,0,0,0,0,0,0,0,0,0,0,0,0,0,0,0,0,0,0,0,0,0,0,0,0,0,0,0,0,0,0,1
504,"We are in theastreet, please help us. We need food and plastic sheets sheltery. We have no water problems by the grace of God. There are others in the same situation too. I live in Leogane, rue Darboun at rue Machea. ","We are in theastreet, please help us. We need food and plastic sheets sheltery. We have no water problems by the grace of God. There are others in the same situation too. I live in Leogane, rue Darboun at rue Machea. ",direct,1,1,0,1,0,0,0,0,0,0,1,1,1,0,0,0,0,0,0,0,0,0,0,0,0,0,0,0,0,0,0,0,0,0,0,1
505,"Thanks but no thanks koz i requested something more than 3 weeks, all i got from you are infos that I hear daily from all the media, national  international. ","Thanks but no thanks koz i requested something more than 3 weeks, all i got from you are infos that I hear daily from all the media, national  international. ",direct,1,0,0,0,0,0,0,0,0,0,0,0,0,0,0,0,0,0,0,0,0,0,0,0,0,0,0,0,0,0,0,0,0,0,0,0
506,"May the Lord bless you, please give me a job. ","May the Lord bless you, please give me a job. ",direct,0,0,0,0,0,0,0,0,0,0,0,0,0,0,0,0,0,0,0,0,0,0,0,0,0,0,0,0,0,0,0,0,0,0,0,0
507,WE NEED TENTS WE CANNOT SLEEP IN THE RAIN ,WE NEED TENTS WE CANNOT SLEEP IN THE RAIN ,direct,1,1,0,1,0,0,0,0,0,0,0,0,1,0,0,0,0,0,0,0,0,0,0,0,0,0,0,0,1,0,1,0,0,0,0,1
508,im with you till the end Digicel ,im with you till the end Digicel ,direct,0,0,0,0,0,0,0,0,0,0,0,0,0,0,0,0,0,0,0,0,0,0,0,0,0,0,0,0,0,0,0,0,0,0,0,0
509,"please declare the people on the head of the block (I think - translator) on Bolosse Avenue. They are shooting. Every night at 6pm, the people who live here have to give up the area. There are prisoners who came to hide here. Please save the people of Bolosse. ","please declare the people on the head of the block (I think - translator) on Bolosse Avenue. They are shooting. Every night at 6pm, the people who live here have to give up the area. There are prisoners who came to hide here. Please save the people of Bolosse. ",direct,1,1,0,1,0,0,0,0,1,0,0,0,0,0,0,0,1,0,0,0,0,0,0,0,0,0,0,0,0,0,0,0,0,0,0,1
510,CAAN YOU TELL ME WHERE I CAN HAVE MY PASSEPORT DONE? I EXPECT AN ANSWER FROM YOU THANKS ,CAAN YOU TELL ME WHERE I CAN HAVE MY PASSEPORT DONE? I EXPECT AN ANSWER FROM YOU THANKS ,direct,1,0,0,0,0,0,0,0,0,0,0,0,0,0,0,0,0,0,0,0,0,0,0,0,0,0,0,0,0,0,0,0,0,0,0,0
511,"There are a lot of people who are in need, what do they have to do to successfully obtain aid? ","There are a lot of people who are in need, what do they have to do to successfully obtain aid? ",direct,1,0,0,0,0,0,0,0,0,0,0,0,0,0,0,0,0,0,0,0,0,0,0,0,0,0,0,0,0,0,0,0,0,0,0,0
512,I would like to know if they is a way to go in my archive paper or pull my archive extract ,I would like to know if they is a way to go in my archive paper or pull my archive extract ,direct,0,0,0,0,0,0,0,0,0,0,0,0,0,0,0,0,0,0,0,0,0,0,0,0,0,0,0,0,0,0,0,0,0,0,0,0
513,I NEED A JOB AS DRIVER WHERE CAN I FIND IT? ,I NEED A JOB AS DRIVER WHERE CAN I FIND IT? ,direct,0,0,0,0,0,0,0,0,0,0,0,0,0,0,0,0,0,0,0,0,0,0,0,0,0,0,0,0,0,0,0,0,0,0,0,0
514,"Tuesday, January 12th, 2010, there was an earthquake that ravaged Haiti in an instant. ","Tuesday, January 12th, 2010, there was an earthquake that ravaged Haiti in an instant. ",direct,1,0,0,0,0,0,0,0,0,0,0,0,0,0,0,0,0,0,0,1,0,0,0,0,0,0,0,1,1,0,0,0,1,0,0,0
515,"Hello, i live in Tabarre. I'm a victim and i'm sleeping in the street. I have nothing please help me. ","Hello, i live in Tabarre. I'm a victim and i'm sleeping in the street. I have nothing please help me. ",direct,1,1,0,1,0,0,0,0,0,0,0,0,1,0,0,0,0,0,0,0,0,0,0,0,0,0,0,0,0,0,0,0,0,0,0,1
516,What number can I reach Voila company at? ,What number can I reach Voila company at? ,direct,0,0,0,0,0,0,0,0,0,0,0,0,0,0,0,0,0,0,0,0,0,0,0,0,0,0,0,0,0,0,0,0,0,0,0,0
517,There are a lot of diseases from infection in haiti -- what should we do? ,There are a lot of diseases from infection in haiti -- what should we do? ,direct,1,1,0,1,1,0,0,0,0,0,0,0,0,0,0,0,0,0,0,0,0,0,0,0,0,0,0,0,0,0,0,0,0,0,0,1
518,"Delmas 60, Argentina at the entrance. Thank you for the service. May god bless You All. ","Delmas 60, Argentina at the entrance. Thank you for the service. May god bless You All. ",direct,0,0,0,0,0,0,0,0,0,0,0,0,0,0,0,0,0,0,0,0,0,0,0,0,0,0,0,0,0,0,0,0,0,0,0,0
519,"I salute you. I thought you were going to call or write me, to tell me what you can do for me. I hope that you take good consideration of my particular case. ","I salute you. I thought you were going to call or write me, to tell me what you can do for me. I hope that you take good consideration of my particular case. ",direct,0,0,0,0,0,0,0,0,0,0,0,0,0,0,0,0,0,0,0,0,0,0,0,0,0,0,0,0,0,0,0,0,0,0,0,0
520,Please send some information about rebuilding the country. ,Please send some information about rebuilding the country. ,direct,1,0,0,0,0,0,0,0,0,0,0,0,0,0,0,0,0,0,0,0,0,0,0,0,0,0,0,0,0,0,0,0,0,0,0,0
521,WHAT CAN WE DO TO HELP THE SUVIVORS? ,WHAT CAN WE DO TO HELP THE SUVIVORS? ,direct,1,0,1,1,0,0,0,0,0,0,0,0,0,0,0,0,0,0,1,0,0,0,0,0,0,0,0,0,0,0,0,0,0,0,0,0
522,Is there any possibility that Haiti will be hit by a tsunami? ,Is there any possibility that Haiti will be hit by a tsunami? ,direct,1,0,0,0,0,0,0,0,0,0,0,0,0,0,0,0,0,0,0,0,0,0,0,0,0,0,0,0,1,0,0,0,0,0,1,0
523,Invective.. Useless just discard ,Invective.. Useless just discard ,direct,0,0,0,0,0,0,0,0,0,0,0,0,0,0,0,0,0,0,0,0,0,0,0,0,0,0,0,0,0,0,0,0,0,0,0,0
524,The UN requires that one takes out all the rubbles where he/she leaves ,The UN requires that one takes out all the rubbles where he/she leaves ,direct,1,0,0,0,0,0,0,0,0,0,0,0,0,0,0,0,0,0,0,0,0,0,0,0,0,0,0,0,0,0,0,0,0,0,0,0
525,MY COUSIN HAS AIDS HE WANTS TO KNOW WHAT ARE THE PRECAUTIONS HE HAS TO TAKE WITH HIS GIRL FRIEND ,MY COUSIN HAS AIDS HE WANTS TO KNOW WHAT ARE THE PRECAUTIONS HE HAS TO TAKE WITH HIS GIRL FRIEND ,direct,1,0,0,0,0,0,0,0,0,0,0,0,0,0,0,0,0,0,0,0,0,0,0,0,0,0,0,0,0,0,0,0,0,0,0,0
526,NOTES: this is another fight using vernacular language (bad words).He is complaining that he/she is hungry and people are bothering him on the phone.,NOTES: this is another fight using vernacular language (bad words).He is complaining that he/she is hungry and people are bothering him on the phone.,direct,1,0,0,0,0,0,0,0,0,0,0,0,0,0,0,0,0,0,0,0,0,0,0,0,0,0,0,0,0,0,0,0,0,0,0,0
527,In what can I take away garbage? Where do I leave it afterward? ,In what can I take away garbage? Where do I leave it afterward? ,direct,1,0,0,0,0,0,0,0,0,0,0,0,0,0,0,0,0,0,0,0,0,0,0,0,0,0,0,0,0,0,0,0,0,0,0,0
528,"Let's work together to save Haiti, trust in God our father ","Let's work together to save Haiti, trust in God our father ",direct,1,0,1,0,0,0,0,0,0,0,0,0,0,0,0,0,0,0,0,0,0,0,0,0,0,0,0,0,1,0,0,0,1,0,0,1
529,"I need help, money, I'm not getting any. JJMR ","I need help, money, I'm not getting any. JJMR ",direct,1,1,0,1,0,0,0,0,0,0,0,0,0,0,1,0,0,0,0,0,0,0,0,0,0,0,0,0,0,0,0,0,0,0,0,1
530,I still haven't found anything. I live on Jacmel road. ,I still haven't found anything. I live on Jacmel road. ,direct,1,1,0,0,0,0,0,0,0,0,0,0,0,0,0,0,0,0,0,0,0,0,0,0,0,0,0,0,0,0,0,0,0,0,0,1
531,"THE FOOD CARD COLOR CHANGED EVERY DAY,TO AVOID TRICKS ","THE FOOD CARD COLOR CHANGED EVERY DAY,TO AVOID TRICKS ",direct,1,0,0,0,0,0,0,0,0,0,0,0,0,0,0,0,0,0,0,0,0,0,0,0,0,0,0,0,0,0,0,0,0,0,0,0
532,"You told me to write, I wrote and you didn't tell me anything, I am a victim ","You told me to write, I wrote and you didn't tell me anything, I am a victim ",direct,1,0,0,0,0,0,0,0,0,0,0,0,0,0,0,0,0,0,0,0,0,0,0,0,0,0,0,0,0,0,0,0,0,0,0,0
533,"WHAT CAN I DO WHEN THE FOOD IS FINISHED RIGHT IN FRONT OF ME,WHAT CAN I DO WITH THE CARD? ","WHAT CAN I DO WHEN THE FOOD IS FINISHED RIGHT IN FRONT OF ME,WHAT CAN I DO WITH THE CARD? ",direct,1,1,0,1,0,0,0,0,0,0,0,1,0,0,0,0,0,0,0,0,0,0,0,0,0,0,0,0,0,0,0,0,0,0,0,1
534,"I AM A LAW STUDENT WE ARE A COMITY OF 5 PEOPLE WE TAKE CARE OF 4 STREETS WE WANT TO HELP ,AND WE NEED HELP TOO ","I AM A LAW STUDENT WE ARE A COMITY OF 5 PEOPLE WE TAKE CARE OF 4 STREETS WE WANT TO HELP ,AND WE NEED HELP TOO ",direct,1,1,0,1,0,0,0,0,0,0,0,0,0,0,0,0,0,0,1,0,0,0,0,0,0,0,0,0,0,0,0,0,0,0,0,1
535,Where can the people in Saint-Marc who came from Port-au-Prince find food? We are hungry. ,Where can the people in Saint-Marc who came from Port-au-Prince find food? We are hungry. ,direct,1,1,0,1,1,0,0,0,0,0,0,1,0,0,0,0,0,0,0,0,1,0,0,0,0,0,0,0,1,1,0,0,0,0,0,1
536,What about people who did get their dossier (file) being threated? ,What about people who did get their dossier (file) being threated? ,direct,0,0,0,0,0,0,0,0,0,0,0,0,0,0,0,0,0,0,0,0,0,0,0,0,0,0,0,0,0,0,0,0,0,0,0,0
537,What kind of precautions we can take for the days fasting service. ,What kind of precautions we can take for the days fasting service. ,direct,1,0,0,0,0,0,0,0,0,0,0,0,0,0,0,0,0,0,0,0,0,0,0,0,0,0,0,0,0,0,0,0,0,0,0,0
538,WE NEED HELP IN CROIX DES BOUQUETS CALL ME FOR MORE INFOS ,WE NEED HELP IN CROIX DES BOUQUETS CALL ME FOR MORE INFOS ,direct,1,1,0,1,0,0,0,0,0,0,0,0,0,0,0,0,0,0,1,0,0,0,0,0,0,0,0,0,0,0,0,0,0,0,0,1
539,"Ruelle Canne--Sucre Prolongue, Carrefour. We need tentes, water, food. ","Ruelle Canne--Sucre Prolongue, Carrefour. We need tentes, water, food. ",direct,1,1,0,1,0,0,0,0,0,0,1,1,1,0,0,0,0,0,0,0,0,0,0,0,0,0,0,0,0,0,0,0,0,0,0,1
540,"I greet you in the Diaspora. I say thank you for your message, but we have many needs--all the needs. Please help our family in the city of Jacmel. We.. ","I greet you in the Diaspora. I say thank you for your message, but we have many needs--all the needs. Please help our family in the city of Jacmel. We.. ",direct,1,1,0,1,0,0,0,0,0,0,0,0,0,0,0,0,0,0,1,0,0,0,0,0,0,0,0,0,0,0,0,0,0,0,0,1
541,"We're at the 9th district of Leogane, the population there is dying of hunger, we have not shelter either ","We're at the 9th district of Leogane, the population there is dying of hunger, we have not shelter either ",direct,1,1,0,1,0,0,0,0,0,0,1,1,1,0,0,0,0,0,0,0,0,0,0,0,0,0,0,0,0,0,0,0,0,0,0,1
542,".. tents and water, the situation will get worse if the concerned authorities don't act.. ",".. tents and water, the situation will get worse if the concerned authorities don't act.. ",direct,1,1,0,1,0,0,0,0,0,0,1,0,1,0,0,0,0,0,0,0,0,0,0,0,0,0,0,0,0,0,0,0,0,0,0,0
543,I'm greatfull you have received my message and I congratulate you for the good job you are doing. I hope i can found what i have ask you for. Thanks in advance! ,I'm greatfull you have received my message and I congratulate you for the good job you are doing. I hope i can found what i have ask you for. Thanks in advance! ,direct,0,0,0,0,0,0,0,0,0,0,0,0,0,0,0,0,0,0,0,0,0,0,0,0,0,0,0,0,0,0,0,0,0,0,0,0
544,"Sacre-Coeur Hospital which located in this village Milot 14 km south of Oakp is ready to receive those who are injured. Therefore, we are asking those who are sick to report to that hospital. ","Sacre-Coeur Hospital which located in this village Milot 14 km south of Oakp is ready to receive those who are injured. Therefore, we are asking those who are sick to report to that hospital. ",direct,1,0,0,1,1,0,0,0,0,0,0,0,0,0,0,0,0,0,0,1,0,0,0,0,1,0,0,0,0,0,0,0,0,0,0,0
545,The SMS:  jel2  Acte 5: 29 2chr7 Lev11 Ecl9 Ecl4 jos5 ch102kr Es59  ,The SMS:  jel2  Acte 5: 29 2chr7 Lev11 Ecl9 Ecl4 jos5 ch102kr Es59  ,direct,1,0,0,0,0,0,0,0,0,0,0,0,0,0,0,0,0,0,0,0,0,0,0,0,0,0,0,0,0,0,0,0,0,0,0,0
546,"Good evening, we are located in the Marc area, close to Baradres. We need aide there are a lot of kids in a project nearby. Thank you already. ","Good evening, we are located in the Marc area, close to Baradres. We need aide there are a lot of kids in a project nearby. Thank you already. ",direct,1,1,0,1,0,0,0,0,0,0,0,0,0,0,0,0,0,0,1,0,0,0,0,0,0,0,0,0,0,0,0,0,0,0,0,1
547,Why doesn't the State put up an electronic document for the Immigration Bureau? ,Why doesn't the State put up an electronic document for the Immigration Bureau? ,direct,0,0,0,0,0,0,0,0,0,0,0,0,0,0,0,0,0,0,0,0,0,0,0,0,0,0,0,0,0,0,0,0,0,0,0,0
548,Tell me how much money I will get on Tuesday ,Tell me how much money I will get on Tuesday ,direct,0,0,0,0,0,0,0,0,0,0,0,0,0,0,0,0,0,0,0,0,0,0,0,0,0,0,0,0,0,0,0,0,0,0,0,0
549,"I'd like to know information about the water that they are giving out, because several people are taking them without permission cards. ","I'd like to know information about the water that they are giving out, because several people are taking them without permission cards. ",direct,1,0,0,1,0,0,0,0,0,0,1,0,0,0,0,0,0,0,0,0,0,0,0,0,0,0,0,0,0,0,0,0,0,0,0,1
550,"Hello, I'd like to know what number to call for the World Food Program, to thank them. ","Hello, I'd like to know what number to call for the World Food Program, to thank them. ",direct,1,0,0,1,0,0,0,0,0,0,0,1,0,0,0,0,0,0,0,0,0,0,0,0,0,0,0,0,0,0,0,0,0,0,0,0
551,I'd like to sign up under the program. ,I'd like to sign up under the program. ,direct,0,0,0,0,0,0,0,0,0,0,0,0,0,0,0,0,0,0,0,0,0,0,0,0,0,0,0,0,0,0,0,0,0,0,0,0
552,"I'm a driver, I'm searching for a job since after January 12th. I haven't.. ","I'm a driver, I'm searching for a job since after January 12th. I haven't.. ",direct,1,0,0,0,0,0,0,0,0,0,0,0,0,0,0,0,0,0,0,0,0,0,0,0,0,0,0,0,0,0,0,0,0,0,0,0
553,I would like to register today. ,I would like to register today. ,direct,0,0,0,0,0,0,0,0,0,0,0,0,0,0,0,0,0,0,0,0,0,0,0,0,0,0,0,0,0,0,0,0,0,0,0,0
554,I want to serve my population ,I want to serve my population ,direct,1,1,0,0,0,0,0,0,0,0,0,0,0,0,0,0,0,0,0,0,0,0,0,0,0,0,0,0,0,0,0,0,0,0,0,1
555,We are an organization which would like to get subscribed. ,We are an organization which would like to get subscribed. ,direct,0,0,0,0,0,0,0,0,0,0,0,0,0,0,0,0,0,0,0,0,0,0,0,0,0,0,0,0,0,0,0,0,0,0,0,0
556,I AM A SURVIVOR AND I NEVER GOT ANY HELP FROM NOWHERE ,I AM A SURVIVOR AND I NEVER GOT ANY HELP FROM NOWHERE ,direct,1,1,0,0,0,0,0,0,0,0,0,0,0,0,0,0,0,0,0,0,0,0,0,0,0,0,0,0,0,0,0,0,0,0,0,1
557,I would like to receive more information. ,I would like to receive more information. ,direct,0,0,0,0,0,0,0,0,0,0,0,0,0,0,0,0,0,0,0,0,0,0,0,0,0,0,0,0,0,0,0,0,0,0,0,0
558,"WE ARE A SMALL ORG WHO HELPES SURVIVORS,WE NEED WATER,FOOD ","WE ARE A SMALL ORG WHO HELPES SURVIVORS,WE NEED WATER,FOOD ",direct,1,1,0,1,0,0,0,0,0,0,1,1,0,0,0,0,0,0,0,0,0,0,0,0,0,0,0,0,0,0,0,0,0,0,0,1
559,We are in Leogane. We need food and care. We are really in needs. ,We are in Leogane. We need food and care. We are really in needs. ,direct,1,1,0,1,0,0,0,0,0,0,0,1,0,0,0,0,0,0,1,0,0,0,0,0,0,0,0,0,0,0,0,0,0,0,0,1
560,I'd like to sign up for the 4636 service. Explain to me how I can enter ,I'd like to sign up for the 4636 service. Explain to me how I can enter ,direct,0,0,0,0,0,0,0,0,0,0,0,0,0,0,0,0,0,0,0,0,0,0,0,0,0,0,0,0,0,0,0,0,0,0,0,0
561,I would like to have all the info about what is going on. I only recieve the info on the Radio. ,I would like to have all the info about what is going on. I only recieve the info on the Radio. ,direct,1,1,0,0,0,0,0,0,0,0,0,0,0,0,0,0,0,0,0,0,0,0,0,0,0,0,0,0,0,0,0,0,0,0,0,1
562,I work in the civil engineering field. Where can I drop off a CV? ,I work in the civil engineering field. Where can I drop off a CV? ,direct,0,0,0,0,0,0,0,0,0,0,0,0,0,0,0,0,0,0,0,0,0,0,0,0,0,0,0,0,0,0,0,0,0,0,0,0
563,How can I register for 4636 services? ,How can I register for 4636 services? ,direct,0,0,0,0,0,0,0,0,0,0,0,0,0,0,0,0,0,0,0,0,0,0,0,0,0,0,0,0,0,0,0,0,0,0,0,0
564,I would like to sign into this program to provide myself with some information about what is going to happen to the country. Thank you. ,I would like to sign into this program to provide myself with some information about what is going to happen to the country. Thank you. ,direct,1,0,0,0,0,0,0,0,0,0,0,0,0,0,0,0,0,0,0,0,0,0,0,0,0,0,0,0,0,0,0,0,0,0,0,0
565,I would like to know more information ,I would like to know more information ,direct,0,0,0,0,0,0,0,0,0,0,0,0,0,0,0,0,0,0,0,0,0,0,0,0,0,0,0,0,0,0,0,0,0,0,0,0
566,WE NEED HELP PLEASE WHERE ARE YOU? ,WE NEED HELP PLEASE WHERE ARE YOU? ,direct,1,1,0,1,0,0,0,0,0,0,0,0,0,0,0,0,0,0,1,0,0,0,0,0,0,0,0,0,0,0,0,0,0,0,0,1
567,I was checking to see if I can get any information of a job. ,I was checking to see if I can get any information of a job. ,direct,0,0,0,0,0,0,0,0,0,0,0,0,0,0,0,0,0,0,0,0,0,0,0,0,0,0,0,0,0,0,0,0,0,0,0,0
568,"My friends, the population of Delmas 4 is starving. Do something for us, tell us where we can get a coupon to get food. ","My friends, the population of Delmas 4 is starving. Do something for us, tell us where we can get a coupon to get food. ",direct,1,1,0,1,0,0,0,0,0,0,0,1,0,0,1,0,0,0,0,0,0,0,0,0,0,0,0,0,0,0,0,0,0,0,0,0
569,There is a man who need therapy. Where can he go? What can we do in this situation? ,There is a man who need therapy. Where can he go? What can we do in this situation? ,direct,1,1,0,1,1,0,0,0,0,0,0,0,0,0,0,0,0,0,0,0,0,0,0,0,0,0,0,0,0,0,0,0,0,0,0,1
570,What do you think of ideas about manufacturing passports? ,What do you think of ideas about manufacturing passports? ,direct,0,0,0,0,0,0,0,0,0,0,0,0,0,0,0,0,0,0,0,0,0,0,0,0,0,0,0,0,0,0,0,0,0,0,0,0
571,Please make it possible for me to have a job. I cannot seat and watch.I need to live. May God Bless you ,Please make it possible for me to have a job. I cannot seat and watch.I need to live. May God Bless you ,direct,0,0,0,0,0,0,0,0,0,0,0,0,0,0,0,0,0,0,0,0,0,0,0,0,0,0,0,0,0,0,0,0,0,0,0,0
572,I have no food. I'm dying of hunger. ,I have no food. I'm dying of hunger. ,direct,1,1,0,1,0,0,0,0,0,0,0,1,0,0,0,0,0,0,0,0,0,0,0,0,0,0,0,0,0,0,0,0,0,0,0,1
573,HELP ME WITH MY 9 KIDS WE NEED TENTS FOOD WATER MEDICS ,HELP ME WITH MY 9 KIDS WE NEED TENTS FOOD WATER MEDICS ,direct,1,1,0,1,1,0,0,1,0,0,1,1,1,0,0,0,0,0,0,0,0,0,0,0,0,0,0,0,0,0,0,0,0,0,0,1
574,"The poor never had any history in this country, now It is better to prepare the future form which he can enjoy. ","The poor never had any history in this country, now It is better to prepare the future form which he can enjoy. ",direct,0,0,0,0,0,0,0,0,0,0,0,0,0,0,0,0,0,0,0,0,0,0,0,0,0,0,0,0,0,0,0,0,0,0,0,0
575,"Good morning. Please ,Where is the Sengal Emabassy in Port-au-Prince? Thank you ","Good morning. Please ,Where is the Sengal Emabassy in Port-au-Prince? Thank you ",direct,0,0,0,0,0,0,0,0,0,0,0,0,0,0,0,0,0,0,0,0,0,0,0,0,0,0,0,0,0,0,0,0,0,0,0,0
576,What kind of info they have for professional students in Damien? ,What kind of info they have for professional students in Damien? ,direct,0,0,0,0,0,0,0,0,0,0,0,0,0,0,0,0,0,0,0,0,0,0,0,0,0,0,0,0,0,0,0,0,0,0,0,0
577,Please Tel The President that We are waiting for him in the Garden of Mars to come to implore God for this Country and return it to him ,Please Tel The President that We are waiting for him in the Garden of Mars to come to implore God for this Country and return it to him ,direct,1,0,0,0,0,0,0,0,0,0,0,0,0,0,0,0,0,0,0,0,0,0,0,0,0,0,0,0,0,0,0,0,0,0,0,0
578,i'm very happy for all the information but since the 7th i havent found anything - even a candy - so can you please tell me where to get the card to get assistance ,i'm very happy for all the information but since the 7th i havent found anything - even a candy - so can you please tell me where to get the card to get assistance ,direct,1,0,0,0,0,0,0,0,0,0,0,0,0,0,0,0,0,0,0,0,0,0,0,0,0,0,0,0,0,0,0,0,0,0,0,0
579,The population who's sleeping at the street can catch orther sicks overcoat the children. ,The population who's sleeping at the street can catch orther sicks overcoat the children. ,direct,1,0,0,0,0,0,0,0,0,0,0,0,0,0,0,0,0,0,0,0,0,0,0,0,0,0,0,0,0,0,0,0,0,0,0,0
580,Good evening --- I would like you to pass this message for me. There is a place called Fort-Jacques (Donte?): These people never received anything. Pass this message for me please. ,Good evening --- I would like you to pass this message for me. There is a place called Fort-Jacques (Donte?): These people never received anything. Pass this message for me please. ,direct,1,0,0,1,0,0,0,0,0,0,0,0,0,0,0,0,0,0,1,0,0,0,0,0,0,0,0,0,0,0,0,0,0,0,0,0
581,I am an earthquake victim. I've been hosted by a family in Les Cayes (Southern Haiti). I need help. I need a job. It is really hard for me. Please help me. ,I am an earthquake victim. I've been hosted by a family in Les Cayes (Southern Haiti). I need help. I need a job. It is really hard for me. Please help me. ,direct,1,1,0,1,0,0,0,0,0,0,0,0,0,0,0,0,0,0,1,0,0,0,0,0,0,0,0,0,1,0,0,0,1,0,0,1
582,"We live in Siloe, Impasse Blanchard. we don't have tents, we are homeless. We have made a request earlier to 4636, we never got a response. Please, think about us and do something. ","We live in Siloe, Impasse Blanchard. we don't have tents, we are homeless. We have made a request earlier to 4636, we never got a response. Please, think about us and do something. ",direct,1,1,0,1,1,0,0,0,0,0,0,0,1,0,0,0,0,0,0,0,1,0,0,0,0,0,0,0,1,1,0,0,0,0,0,1
583,"I want to have a job in order to help my mother with my young child I have. All family members passed away (My father, two of my brothers, my grand mother and my grand father ","I want to have a job in order to help my mother with my young child I have. All family members passed away (My father, two of my brothers, my grand mother and my grand father ",direct,0,0,0,0,0,0,0,0,0,0,0,0,0,0,0,0,0,0,0,0,0,0,0,0,0,0,0,0,0,0,0,0,0,0,0,0
584,Where I need to get Tant and food? ,Where I need to get Tant and food? ,direct,1,1,0,1,1,0,0,0,0,0,0,1,0,0,0,0,0,0,0,0,1,0,0,0,0,0,0,0,1,1,0,0,0,0,0,1
585,"We ask for Doctors Without Borders / Mdecins Sans Frontieres to come to the cities/towns outside of the Port-au-Prince areas.. (in the provinces) also. This is, in order to care for people who left Port-au-Prince and who are victims after the January 12th earthquake. Particularly, the dictors should travel to the city of Gonaives. ","We ask for Doctors Without Borders / Mdecins Sans Frontieres to come to the cities/towns outside of the Port-au-Prince areas.. (in the provinces) also. This is, in order to care for people who left Port-au-Prince and who are victims after the January 12th earthquake. Particularly, the dictors should travel to the city of Gonaives. ",direct,1,1,0,1,1,0,0,0,0,0,0,0,0,0,0,0,0,0,0,0,0,0,0,0,0,0,0,0,1,0,0,0,1,0,0,1
586,I'd like to sign up for the information service. What do I do? ,I'd like to sign up for the information service. What do I do? ,direct,1,0,0,0,0,0,0,0,0,0,0,0,0,0,0,0,0,0,0,0,0,0,0,0,0,0,0,0,0,0,0,0,0,0,0,0
587,Hi. I would like to get information about this organization. Thanks. ,Hi. I would like to get information about this organization. Thanks. ,direct,0,0,0,0,0,0,0,0,0,0,0,0,0,0,0,0,0,0,0,0,0,0,0,0,0,0,0,0,0,0,0,0,0,0,0,0
588,"i need a job, send me reply, please! ok ","i need a job, send me reply, please! ok ",direct,0,0,0,0,0,0,0,0,0,0,0,0,0,0,0,0,0,0,0,0,0,0,0,0,0,0,0,0,0,0,0,0,0,0,0,0
589,I need further explanations please. ,I need further explanations please. ,direct,0,0,0,0,0,0,0,0,0,0,0,0,0,0,0,0,0,0,0,0,0,0,0,0,0,0,0,0,0,0,0,0,0,0,0,0
590,i would like to know some informations on this number. ,i would like to know some informations on this number. ,direct,1,0,0,0,0,0,0,0,0,0,0,0,0,0,0,0,0,0,0,0,0,0,0,0,0,0,0,0,0,0,0,0,0,0,0,0
591,Help me understand what is going on here. ,Help me understand what is going on here. ,direct,1,0,0,0,0,0,0,0,0,0,0,0,0,0,0,0,0,0,0,0,0,0,0,0,0,0,0,0,0,0,0,0,0,0,0,0
592,I don't have water to keep clean ,I don't have water to keep clean ,direct,1,1,0,1,0,1,0,0,0,0,1,0,0,0,0,0,0,0,0,0,0,0,0,0,0,0,0,0,0,0,0,0,0,0,0,1
593,"Good Evining, I did not find yet something ","Good Evining, I did not find yet something ",direct,0,0,0,0,0,0,0,0,0,0,0,0,0,0,0,0,0,0,0,0,0,0,0,0,0,0,0,0,0,0,0,0,0,0,0,0
594,Cyclone happy St Valentin day ,Cyclone happy St Valentin day ,direct,1,0,0,0,0,0,0,0,0,0,0,0,0,0,0,0,0,0,0,0,0,0,0,0,0,0,0,0,0,0,0,0,0,0,0,0
595,I have my cousin who has a girlfriend with HIV. What kind of precautions can he take? ,I have my cousin who has a girlfriend with HIV. What kind of precautions can he take? ,direct,1,0,0,1,1,0,0,0,0,0,0,0,0,0,0,0,0,0,0,0,0,0,0,0,0,0,0,0,0,0,0,0,0,0,0,0
596,"..by me there's no way to sleep, please help me, God will bless you all, I'm waiting for a response. I'm in Saint Louis du Sud, Departement Sud. ","..by me there's no way to sleep, please help me, God will bless you all, I'm waiting for a response. I'm in Saint Louis du Sud, Departement Sud. ",direct,1,1,0,1,0,0,0,0,0,0,0,0,0,0,0,0,0,0,1,0,0,0,0,0,0,0,0,0,0,0,0,0,0,0,0,1
597,.. with the provinces. They neglect the capital ,.. with the provinces. They neglect the capital ,direct,0,0,0,0,0,0,0,0,0,0,0,0,0,0,0,0,0,0,0,0,0,0,0,0,0,0,0,0,0,0,0,0,0,0,0,0
598,Thanks united nations for the messages. ,Thanks united nations for the messages. ,direct,1,0,0,0,0,0,0,0,0,0,0,0,0,0,0,0,0,0,0,0,0,0,0,0,0,0,0,0,0,0,0,0,0,0,0,0
599,"They are asking for electricity to be available 24 hours a day, the electric company EDH hasn't provided any electricity. ","They are asking for electricity to be available 24 hours a day, the electric company EDH hasn't provided any electricity. ",direct,1,1,0,0,0,0,0,0,0,0,0,0,0,0,0,0,0,0,0,0,0,0,1,0,0,0,0,0,0,0,0,0,0,0,0,0
600,From limonade there's someone pain sulfur to the stomach. please help! ,From limonade there's someone pain sulfur to the stomach. please help! ,direct,1,1,0,0,0,0,0,0,0,0,0,0,0,0,0,0,0,0,0,0,0,0,0,0,0,0,0,0,0,0,0,0,0,0,0,1
601,I have a problem. Nothing to do each day. I have a profession.but the country does not offer anything. ,I have a problem. Nothing to do each day. I have a profession.but the country does not offer anything. ,direct,0,0,0,0,0,0,0,0,0,0,0,0,0,0,0,0,0,0,0,0,0,0,0,0,0,0,0,0,0,0,0,0,0,0,0,0
602,I want a job of translator in English ( Interpretator in English) ,I want a job of translator in English ( Interpretator in English) ,direct,0,0,0,0,0,0,0,0,0,0,0,0,0,0,0,0,0,0,0,0,0,0,0,0,0,0,0,0,0,0,0,0,0,0,0,0
603,"Digicom is the best telephone company in the northern part of the country, also principally in Centreville (or center of the city) in the Haitian capital. G. ","Digicom is the best telephone company in the northern part of the country, also principally in Centreville (or center of the city) in the Haitian capital. G. ",direct,0,0,0,0,0,0,0,0,0,0,0,0,0,0,0,0,0,0,0,0,0,0,0,0,0,0,0,0,0,0,0,0,0,0,0,0
604,Digicomla is the best company of phone in the northern region than primarily through the downtown of Cape Haitien. G ,Digicomla is the best company of phone in the northern region than primarily through the downtown of Cape Haitien. G ,direct,0,0,0,0,0,0,0,0,0,0,0,0,0,0,0,0,0,0,0,0,0,0,0,0,0,0,0,0,0,0,0,0,0,0,0,0
605,All information on the earthquake ,All information on the earthquake ,direct,1,0,0,0,0,0,0,0,0,0,0,0,0,0,0,0,0,0,0,0,0,0,0,0,0,0,0,0,1,0,0,0,1,0,0,0
606,".. dark, and the mosquitoes are eating us. Please send an institution to do something for us. My pole number is DAS 052 ",".. dark, and the mosquitoes are eating us. Please send an institution to do something for us. My pole number is DAS 052 ",direct,1,1,0,1,0,0,0,0,0,0,0,0,0,0,0,0,0,0,1,0,0,0,0,0,0,0,0,0,0,0,0,0,0,0,0,1
607,Accept jesus as yor personal savior and you will be memeber of his kingdom. Thank you my sisters ,Accept jesus as yor personal savior and you will be memeber of his kingdom. Thank you my sisters ,direct,0,0,0,0,0,0,0,0,0,0,0,0,0,0,0,0,0,0,0,0,0,0,0,0,0,0,0,0,0,0,0,0,0,0,0,0
608,How will things be for tomorrow? ,How will things be for tomorrow? ,direct,0,0,0,0,0,0,0,0,0,0,0,0,0,0,0,0,0,0,0,0,0,0,0,0,0,0,0,0,0,0,0,0,0,0,0,0
609,When do the procedures for the USA's tourist visas are going to begin? ,When do the procedures for the USA's tourist visas are going to begin? ,direct,0,0,0,0,0,0,0,0,0,0,0,0,0,0,0,0,0,0,0,0,0,0,0,0,0,0,0,0,0,0,0,0,0,0,0,0
610,I want to know if Croix-des-Bouquets isn't part of our Country. We haven't found anything in our zone! ,I want to know if Croix-des-Bouquets isn't part of our Country. We haven't found anything in our zone! ,direct,1,0,0,0,0,0,0,0,0,0,0,0,0,0,0,0,0,0,0,0,0,0,0,0,0,0,0,0,0,0,0,0,0,0,0,0
611,I don't where I need to go to get help. I need more info aabout it. ,I don't where I need to go to get help. I need more info aabout it. ,direct,1,0,0,0,0,0,0,0,0,0,0,0,0,0,0,0,0,0,0,0,0,0,0,0,0,0,0,0,0,0,0,0,0,0,0,0
612,I would like to have all information for today Please. ,I would like to have all information for today Please. ,direct,1,0,0,0,0,0,0,0,0,0,0,0,0,0,0,0,0,0,0,0,0,0,0,0,0,0,0,0,0,0,0,0,0,0,0,0
613,I need Information about Orphanage please ,I need Information about Orphanage please ,direct,1,0,0,0,0,0,0,0,0,0,0,0,0,0,0,0,0,0,0,0,0,0,0,0,0,0,0,0,0,0,0,0,0,0,0,0
614,I would like to know what is going on in the country. ,I would like to know what is going on in the country. ,direct,1,0,0,0,0,0,0,0,0,0,0,0,0,0,0,0,0,0,0,0,0,0,0,0,0,0,0,0,0,0,0,0,0,0,0,0
615,We than you but we still haven't found what we we asking for. ,We than you but we still haven't found what we we asking for. ,direct,1,0,0,0,0,0,0,0,0,0,0,0,0,0,0,0,0,0,0,0,0,0,0,0,0,0,0,0,0,0,0,0,0,0,0,0
616,I would like to register for that plan. ,I would like to register for that plan. ,direct,0,0,0,0,0,0,0,0,0,0,0,0,0,0,0,0,0,0,0,0,0,0,0,0,0,0,0,0,0,0,0,0,0,0,0,0
617,"WE NEED WORK AND ALL OF US TO GET PAID BY THE GOVERNMENT,THE DECENTRALISATION WE ARE WAITING FOR ","WE NEED WORK AND ALL OF US TO GET PAID BY THE GOVERNMENT,THE DECENTRALISATION WE ARE WAITING FOR ",direct,1,0,0,0,0,0,0,0,0,0,0,0,0,0,0,0,0,0,0,0,0,0,0,0,0,0,0,0,0,0,0,0,0,0,0,0
618,I need a job please. we must put our head together to make the reconstruction of our country because we are Haitian people. thank you ,I need a job please. we must put our head together to make the reconstruction of our country because we are Haitian people. thank you ,direct,1,1,0,1,0,0,0,0,0,0,0,0,0,0,0,0,0,0,1,0,0,0,0,0,0,0,0,0,0,0,0,0,0,0,0,1
619,emergency we have problem makes pass the message for us contacts ,emergency we have problem makes pass the message for us contacts ,direct,1,1,0,1,0,0,0,0,0,0,0,0,0,0,0,0,0,0,1,0,0,0,0,0,0,0,0,0,0,0,0,0,0,0,0,1
620,NOTES: This person is cursing.It is not important to translate these crude matters.,NOTES: This person is cursing.It is not important to translate these crude matters.,direct,0,0,0,0,0,0,0,0,0,0,0,0,0,0,0,0,0,0,0,0,0,0,0,0,0,0,0,0,0,0,0,0,0,0,0,0
621,May I know if the mayor stops schools for checking if they are safe. ,May I know if the mayor stops schools for checking if they are safe. ,direct,1,0,0,0,0,0,0,0,0,0,0,0,0,0,0,0,0,0,0,0,0,0,0,0,0,0,0,0,0,0,0,0,0,0,0,0
622,Welcome to petit gonave in the balode zone. We need food and water and a car for emergencies. Good day ,Welcome to petit gonave in the balode zone. We need food and water and a car for emergencies. Good day ,direct,1,1,0,1,0,0,0,0,0,0,1,1,0,0,0,0,0,0,1,1,0,0,0,0,0,0,0,1,0,0,0,0,0,0,0,1
623,"Emergency to find, Food, Water, Shelter at Champs de Mars ","Emergency to find, Food, Water, Shelter at Champs de Mars ",direct,1,1,0,1,0,0,0,0,0,0,1,1,1,0,0,0,0,0,0,0,0,0,0,0,0,0,0,0,0,0,0,0,0,0,0,0
624,I ASKING FOR YOUR HELP CALL ME ,I ASKING FOR YOUR HELP CALL ME ,direct,1,0,0,0,0,0,0,0,0,0,0,0,0,0,0,0,0,0,0,0,0,0,0,0,0,0,0,0,0,0,0,0,0,0,0,0
625,"good evening! please, is the volcano phenomenal preview for Haiti really? ","good evening! please, is the volcano phenomenal preview for Haiti really? ",direct,1,0,0,0,0,0,0,0,0,0,0,0,0,0,0,0,0,0,0,0,0,0,0,0,0,0,0,0,0,0,0,0,0,0,0,0
626,I want a job i speak english and spanish i study public administration please give me opportunity for working thank you ,I want a job i speak english and spanish i study public administration please give me opportunity for working thank you ,direct,1,0,0,0,0,0,0,0,0,0,0,0,0,0,0,0,0,0,0,0,0,0,0,0,0,0,0,0,0,0,0,0,0,0,0,0
627,"we are dying from hunger, please help us with that situation, my address is (second narrow street of patience). ","we are dying from hunger, please help us with that situation, my address is (second narrow street of patience). ",direct,1,1,0,1,0,0,0,0,0,0,0,1,0,0,0,0,0,0,0,0,0,0,0,0,0,0,0,0,0,0,0,0,0,0,0,1
628,when the school will restart in ouest's department. what is the state proposition? ,when the school will restart in ouest's department. what is the state proposition? ,direct,0,0,0,0,0,0,0,0,0,0,0,0,0,0,0,0,0,0,0,0,0,0,0,0,0,0,0,0,0,0,0,0,0,0,0,0
629,in jerome Bijou street (Grand-Goave) we do not find foods. ,in jerome Bijou street (Grand-Goave) we do not find foods. ,direct,1,1,0,1,0,0,0,0,0,0,0,1,0,0,0,0,0,0,0,0,0,0,0,0,0,0,0,0,0,0,0,0,0,0,0,1
630,Will school still be resumed in P-a-P ,Will school still be resumed in P-a-P ,direct,0,0,0,0,0,0,0,0,0,0,0,0,0,0,0,0,0,0,0,0,0,0,0,0,0,0,0,0,0,0,0,0,0,0,0,0
631,"Thank, take the number for me please. ","Thank, take the number for me please. ",direct,1,0,0,0,0,0,0,0,0,0,0,0,0,0,0,0,0,0,0,0,0,0,0,0,0,0,0,0,0,0,0,0,0,0,0,0
632,"The bees flit from flower to flower, they are by God what they need, birds do not sow point, God will take care. and we who are OEU ","The bees flit from flower to flower, they are by God what they need, birds do not sow point, God will take care. and we who are OEU ",direct,0,0,0,0,0,0,0,0,0,0,0,0,0,0,0,0,0,0,0,0,0,0,0,0,0,0,0,0,0,0,0,0,0,0,0,0
633,I would like to know when the agroupcash for 3d will be payed because we have already fifteen days. ,I would like to know when the agroupcash for 3d will be payed because we have already fifteen days. ,direct,0,0,0,0,0,0,0,0,0,0,0,0,0,0,0,0,0,0,0,0,0,0,0,0,0,0,0,0,0,0,0,0,0,0,0,0
634,what can people who are on the streets because the rain is falling and spirits of the earth never stops shaking? ,what can people who are on the streets because the rain is falling and spirits of the earth never stops shaking? ,direct,1,1,0,1,0,0,0,0,0,0,0,0,1,0,0,0,0,0,0,0,0,0,0,0,0,0,0,0,1,0,1,0,1,0,0,0
635,"Lord said: learn to love yourself, and then you will love your brother. ","Lord said: learn to love yourself, and then you will love your brother. ",direct,1,0,0,0,0,0,0,0,0,0,0,0,0,0,0,0,0,0,0,0,0,0,0,0,0,0,0,0,0,0,0,0,0,0,0,0
636,Please ask the Government to teardown the big building in front of Teleco in Grand Rue Port-au-Prince ,Please ask the Government to teardown the big building in front of Teleco in Grand Rue Port-au-Prince ,direct,1,1,0,1,1,0,0,0,0,0,0,0,0,0,0,0,0,0,0,0,1,0,0,0,0,0,0,0,1,1,0,0,0,0,0,1
637,what could I do with that situation and than what can I do to find help? ,what could I do with that situation and than what can I do to find help? ,direct,1,1,0,0,0,0,0,0,0,0,0,0,0,0,0,0,0,0,0,0,0,0,0,0,0,0,0,0,0,0,0,0,0,0,0,1
638,Mme Coq Philomene: Desermithe (Ption-Ville) ,Mme Coq Philomene: Desermithe (Ption-Ville) ,direct,1,0,0,0,0,0,0,0,0,0,0,0,0,0,0,0,0,0,0,0,0,0,0,0,0,0,0,0,0,0,0,0,0,0,0,0
639,"I'm a truck driver, I need a job ","I'm a truck driver, I need a job ",direct,0,0,0,0,0,0,0,0,0,0,0,0,0,0,0,0,0,0,0,0,0,0,0,0,0,0,0,0,0,0,0,0,0,0,0,0
640,"we are not sick, but we are hungry, we need help, they never send helps for us, we don't have shelter to sleep, do your best please. ","we are not sick, but we are hungry, we need help, they never send helps for us, we don't have shelter to sleep, do your best please. ",direct,1,1,0,1,0,0,0,0,0,0,0,1,1,0,0,0,0,0,0,0,0,0,0,0,0,0,0,0,0,0,0,0,0,0,0,1
641,"Please, I don't understand the message. ","Please, I don't understand the message. ",direct,0,0,0,0,0,0,0,0,0,0,0,0,0,0,0,0,0,0,0,0,0,0,0,0,0,0,0,0,0,0,0,0,0,0,0,0
642,"They don't give me covers,i sleep under sheet,i would like to have tents please ","They don't give me covers,i sleep under sheet,i would like to have tents please ",direct,1,1,0,1,0,0,0,0,0,0,0,0,1,0,0,0,0,0,0,0,0,0,0,0,0,0,0,0,0,0,0,0,0,0,0,1
643,"i dont have the tent, you joke me. ","i dont have the tent, you joke me. ",direct,1,0,0,0,0,0,0,0,0,0,0,0,0,0,0,0,0,0,0,0,0,0,0,0,0,0,0,0,0,0,0,0,0,0,0,0
644,THIS PLACE DONT GAT ANY HELP WE NEED FOOD TENTS ETC ,THIS PLACE DONT GAT ANY HELP WE NEED FOOD TENTS ETC ,direct,1,1,0,1,0,0,0,0,0,0,0,1,1,0,0,0,0,0,0,0,0,0,0,0,0,0,0,0,0,0,0,0,0,0,0,1
645,"Who needs shelter don't find, who does'nt need find, i hope that God will help us. ","Who needs shelter don't find, who does'nt need find, i hope that God will help us. ",direct,1,1,0,1,0,0,0,0,0,0,0,0,1,0,0,0,1,0,0,0,0,0,0,0,0,0,0,0,0,0,0,0,0,0,0,1
646,I need the telephone numbers of the ONG. ,I need the telephone numbers of the ONG. ,direct,0,0,0,0,0,0,0,0,0,0,0,0,0,0,0,0,0,0,0,0,0,0,0,0,0,0,0,0,0,0,0,0,0,0,0,0
647,Just a locatione no requests. ,Just a locatione no requests. ,direct,0,0,0,0,0,0,0,0,0,0,0,0,0,0,0,0,0,0,0,0,0,0,0,0,0,0,0,0,0,0,0,0,0,0,0,0
648,"United nations don't know my existence, cause they never gave me anything. ","United nations don't know my existence, cause they never gave me anything. ",direct,1,0,0,0,0,0,0,0,0,0,0,0,0,0,0,0,0,0,0,0,0,0,0,0,0,0,0,0,0,0,0,0,0,0,0,1
649,I need information about the earthquake. ,I need information about the earthquake. ,direct,1,0,0,1,0,0,0,0,0,0,0,0,0,0,0,0,0,0,1,0,0,0,0,0,0,0,0,0,1,0,0,0,1,0,0,0
650,May I know if the reopenning class is already done because I am not in port-au-prince. ,May I know if the reopenning class is already done because I am not in port-au-prince. ,direct,0,0,0,0,0,0,0,0,0,0,0,0,0,0,0,0,0,0,0,0,0,0,0,0,0,0,0,0,0,0,0,0,0,0,0,0
651,"Where can I find tents, I'm in delmas 33. ","Where can I find tents, I'm in delmas 33. ",direct,1,1,0,1,0,0,0,0,0,0,0,0,1,0,0,0,0,0,0,0,0,0,0,0,0,0,0,0,0,0,0,0,0,0,0,1
652,yes there's a old person who never find medicament ,yes there's a old person who never find medicament ,direct,1,1,0,1,0,1,0,0,0,0,0,0,0,0,0,0,0,0,0,0,0,0,0,0,0,0,0,0,0,0,0,0,0,0,0,0
653,where can I find stamp passport to buy? ,where can I find stamp passport to buy? ,direct,0,0,0,0,0,0,0,0,0,0,0,0,0,0,0,0,0,0,0,0,0,0,0,0,0,0,0,0,0,0,0,0,0,0,0,0
654,the commitee of APOD (les As du Progres s'Organisent pour le Devloppement). we ask again to Reuters Agency to help APOD as soon as possible for an eventual integration. ,the commitee of APOD (les As du Progres s'Organisent pour le Devloppement). we ask again to Reuters Agency to help APOD as soon as possible for an eventual integration. ,direct,0,0,0,0,0,0,0,0,0,0,0,0,0,0,0,0,0,0,0,0,0,0,0,0,0,0,0,0,0,0,0,0,0,0,0,0
655,"We are weary at Bwa Jalouzi(Petion ville)the authority forget us,we need help please. ","We are weary at Bwa Jalouzi(Petion ville)the authority forget us,we need help please. ",direct,1,1,0,1,0,0,0,0,0,0,0,0,0,0,0,0,0,0,1,0,0,0,0,0,0,0,0,0,0,0,0,0,0,0,0,1
656,If they don't accept to become aware of haiti we going anywhere. ,If they don't accept to become aware of haiti we going anywhere. ,direct,1,0,0,0,0,0,0,0,0,0,0,0,0,0,0,0,0,0,0,0,0,0,0,0,0,0,0,0,0,0,0,0,0,0,0,0
657,WE NEED HELP TP START PLANTING FOOD TO FEED EVERYONE ,WE NEED HELP TP START PLANTING FOOD TO FEED EVERYONE ,direct,1,1,0,1,0,0,0,0,0,0,0,1,0,0,0,0,0,0,0,0,0,0,0,0,0,0,0,0,0,0,0,0,0,0,0,1
658,O.T.E.T (Organisation Tet Ensemble de Trianon). We says cheer up to all victims. ,O.T.E.T (Organisation Tet Ensemble de Trianon). We says cheer up to all victims. ,direct,1,0,0,0,0,0,0,0,0,0,0,0,0,0,0,0,0,0,0,0,0,0,0,0,0,0,0,0,0,0,0,0,0,0,0,0
659,Tell me what time the earthquake will occur today? ,Tell me what time the earthquake will occur today? ,direct,1,0,0,0,0,0,0,0,0,0,0,0,0,0,0,0,0,0,0,0,0,0,0,0,0,0,0,0,1,0,0,0,1,0,0,0
660,I NEED ALWAYS SOME INFORMATIONSPLEASE. ,I NEED ALWAYS SOME INFORMATIONSPLEASE. ,direct,1,0,0,0,0,0,0,0,0,0,0,0,0,0,0,0,0,0,0,0,0,0,0,0,0,0,0,0,0,0,0,0,0,0,0,0
661,"If someone sleeping outside, he would like to find prelate or tent, he is western departement where is he going. I am waiting for your answer. ","If someone sleeping outside, he would like to find prelate or tent, he is western departement where is he going. I am waiting for your answer. ",direct,1,1,0,1,0,0,0,0,0,0,0,0,1,0,0,0,0,0,0,0,0,0,0,0,0,0,0,0,0,0,0,0,0,0,0,1
662,"I am a pupil at Mombin Crochu, Nord-est department. ","I am a pupil at Mombin Crochu, Nord-est department. ",direct,1,0,0,0,0,0,0,0,0,0,0,0,0,0,0,0,0,0,0,0,0,0,0,0,0,0,0,0,0,0,0,0,0,0,0,0
663,"Please, I would like to know where is the OXFAM organization's office. Thank's. ","Please, I would like to know where is the OXFAM organization's office. Thank's. ",direct,1,0,0,0,0,0,0,0,0,0,0,0,0,0,0,0,0,0,0,0,0,0,0,0,0,0,0,0,0,0,0,0,0,0,0,0
664,helllo there is a refuge in front of mariani 12 i would like to know what to do to find help for 220 famillies. ,helllo there is a refuge in front of mariani 12 i would like to know what to do to find help for 220 famillies. ,direct,1,1,0,1,0,0,0,0,0,0,0,0,1,0,0,0,0,0,0,0,0,0,0,0,0,0,0,0,0,0,0,0,0,0,0,1
665,after what i hear this evening the part western will break down. ,after what i hear this evening the part western will break down. ,direct,1,0,0,0,0,0,0,0,0,0,0,0,0,0,0,0,0,0,0,0,0,0,0,0,0,0,0,0,1,0,0,0,0,0,1,0
666,What are the best practices I should follow during an earthquake? ,What are the best practices I should follow during an earthquake? ,direct,1,0,0,0,0,0,0,0,0,0,0,0,0,0,0,0,0,0,0,0,0,0,0,0,0,0,0,0,1,0,0,0,1,0,0,1
667,"I never find nothing, nor shelter nor food. ","I never find nothing, nor shelter nor food. ",direct,1,1,0,1,0,0,0,0,0,0,0,1,1,0,0,0,0,0,0,0,0,0,0,0,0,0,0,0,0,0,0,0,0,0,0,0
668,Is possible another Haiti thanks to international helps? ,Is possible another Haiti thanks to international helps? ,direct,1,0,1,1,0,0,0,0,0,0,0,0,0,0,0,0,0,0,1,0,0,0,0,0,0,0,0,0,0,0,0,0,0,0,0,0
669,People at avenue N said they want to know if the distribution of food is already finish? they don't find nothing. ,People at avenue N said they want to know if the distribution of food is already finish? they don't find nothing. ,direct,1,1,0,1,0,0,0,0,0,0,0,1,0,0,0,0,0,0,0,0,0,0,0,0,0,0,0,0,0,0,0,0,0,0,0,0
670,"My house is brocken,I don't have tent. ","My house is brocken,I don't have tent. ",direct,1,1,0,1,0,0,0,0,0,0,0,0,1,0,0,0,0,0,0,0,0,1,0,0,0,0,0,0,0,0,0,0,0,0,0,1
671,if a young people would like find a jod ii an NOG. what's the adress could he contacted ? ,if a young people would like find a jod ii an NOG. what's the adress could he contacted ? ,direct,0,0,0,0,0,0,0,0,0,0,0,0,0,0,0,0,0,0,0,0,0,0,0,0,0,0,0,0,0,0,0,0,0,0,0,0
672,"the rain is soaking me, send shelter to me ","the rain is soaking me, send shelter to me ",direct,1,1,0,1,0,0,0,0,0,0,0,0,1,0,0,0,0,0,0,0,0,0,0,0,0,0,0,0,1,0,1,0,0,0,0,1
673,congratulation for the person that issued the messages service and also thank you for the informations you are going to give me. ,congratulation for the person that issued the messages service and also thank you for the informations you are going to give me. ,direct,0,0,0,0,0,0,0,0,0,0,0,0,0,0,0,0,0,0,0,0,0,0,0,0,0,0,0,0,0,0,0,0,0,0,0,0
674,Where the social well-being is? ,Where the social well-being is? ,direct,0,0,0,0,0,0,0,0,0,0,0,0,0,0,0,0,0,0,0,0,0,0,0,0,0,0,0,0,0,0,0,0,0,0,0,0
675,"i don't understand, and the men don't have they lost their houses too ","i don't understand, and the men don't have they lost their houses too ",direct,1,0,0,1,0,0,0,0,0,0,0,0,1,0,0,0,0,0,0,0,0,1,0,0,0,0,0,0,0,0,0,0,0,0,0,0
676,when the responsable will give us the information about the volcano ,when the responsable will give us the information about the volcano ,direct,1,0,0,1,0,0,0,0,0,0,0,0,0,0,0,0,0,0,1,0,0,0,0,0,0,0,0,0,1,0,0,0,0,0,1,1
677,please do pass the message relates to the authorities ,please do pass the message relates to the authorities ,direct,0,0,0,0,0,0,0,0,0,0,0,0,0,0,0,0,0,0,0,0,0,0,0,0,0,0,0,0,0,0,0,0,0,0,0,0
678,I am a 4th year agriculture student. I live at Lalue 233 ,I am a 4th year agriculture student. I live at Lalue 233 ,direct,0,0,0,0,0,0,0,0,0,0,0,0,0,0,0,0,0,0,0,0,0,0,0,0,0,0,0,0,0,0,0,0,0,0,0,0
679,There is hurricane we need help in tomazo. ,There is hurricane we need help in tomazo. ,direct,1,1,0,1,0,0,1,0,0,0,0,0,0,0,0,0,0,0,1,0,0,0,0,0,0,0,0,0,1,0,1,0,0,0,0,1
680,"My Chance will tell you, that I'm waiting for your answer. ","My Chance will tell you, that I'm waiting for your answer. ",direct,1,0,0,0,0,0,0,0,0,0,0,0,0,0,0,0,0,0,0,0,0,0,0,0,0,0,0,0,0,0,0,0,0,0,0,0
681,What United Nations say about the person who get some problem in his throat and his eyes. ,What United Nations say about the person who get some problem in his throat and his eyes. ,direct,1,0,0,0,0,0,0,0,0,0,0,0,0,0,0,0,0,0,0,0,0,0,0,0,0,0,0,0,0,0,0,0,0,0,0,0
682,"and if I had another problem in my eyes, me I have a problem in my eyes. how do have been able to help me? ","and if I had another problem in my eyes, me I have a problem in my eyes. how do have been able to help me? ",direct,1,1,0,1,1,0,0,0,0,0,0,0,0,0,0,0,0,0,0,0,0,0,0,0,0,0,0,0,0,0,0,0,0,0,0,1
683,"What happen about the school in North of the country, and about Port-au-prince. ","What happen about the school in North of the country, and about Port-au-prince. ",direct,0,0,0,0,0,0,0,0,0,0,0,0,0,0,0,0,0,0,0,0,0,0,0,0,0,0,0,0,0,0,0,0,0,0,0,0
684,they forget fontamara 43 labelaire about helps ,they forget fontamara 43 labelaire about helps ,direct,1,0,0,1,0,0,0,0,0,0,0,0,0,0,0,0,0,0,1,0,0,0,0,0,0,0,0,0,0,0,0,0,0,0,0,0
685,"I wish every body a nice day, I'm praying lord for us. ","I wish every body a nice day, I'm praying lord for us. ",direct,1,0,0,0,0,0,0,0,0,0,0,0,0,0,0,0,0,0,0,0,0,0,0,0,0,0,0,0,0,0,0,0,0,0,0,0
686,Tomorrow I will be in malibu nightclub. The ocean view hotel of nagasaki and hiroshima and an hold site. ,Tomorrow I will be in malibu nightclub. The ocean view hotel of nagasaki and hiroshima and an hold site. ,direct,1,0,0,0,0,0,0,0,0,0,0,0,0,0,0,0,0,0,0,0,0,0,0,0,0,0,0,0,0,0,0,0,0,0,0,0
687,I would like have some information about this time please. ,I would like have some information about this time please. ,direct,0,0,0,0,0,0,0,0,0,0,0,0,0,0,0,0,0,0,0,0,0,0,0,0,0,0,0,0,0,0,0,0,0,0,0,0
688,Is the storm alraedy in Haiti? ,Is the storm alraedy in Haiti? ,direct,1,0,0,0,0,0,0,0,0,0,0,0,0,0,0,0,0,0,0,0,0,0,0,0,0,0,0,0,1,0,1,0,0,0,0,0
689,What should someone do when he/she's feeling mental Confused. ,What should someone do when he/she's feeling mental Confused. ,direct,0,0,0,0,0,0,0,0,0,0,0,0,0,0,0,0,0,0,0,0,0,0,0,0,0,0,0,0,0,0,0,0,0,0,0,0
690,"We need of helps as : food, water, tent, toilet of any quality and others. We are locate at the Street of the mines. ","We need of helps as : food, water, tent, toilet of any quality and others. We are locate at the Street of the mines. ",direct,1,1,0,1,0,1,0,0,0,0,1,1,1,0,0,0,0,0,0,0,0,0,0,0,0,0,0,0,0,0,0,0,0,0,0,1
691,"Is it this number or # mean several house sms we send for me, i find # but i dont understand it. ","Is it this number or # mean several house sms we send for me, i find # but i dont understand it. ",direct,0,0,0,0,0,0,0,0,0,0,0,0,0,0,0,0,0,0,0,0,0,0,0,0,0,0,0,0,0,0,0,0,0,0,0,0
692,You have received 500 HTG your new balance is 537.04 exc e G and expires on 26/02/2010 for all pappadap over 5 ,You have received 500 HTG your new balance is 537.04 exc e G and expires on 26/02/2010 for all pappadap over 5 ,direct,0,0,0,0,0,0,0,0,0,0,0,0,0,0,0,0,0,0,0,0,0,0,0,0,0,0,0,0,0,0,0,0,0,0,0,0
693,"May God's name be blessing, on that I'm greeting you, and I profit to say you that's make about more than tree messages without any answer ","May God's name be blessing, on that I'm greeting you, and I profit to say you that's make about more than tree messages without any answer ",direct,1,0,0,0,0,0,0,0,0,0,0,0,0,0,0,0,0,0,0,0,0,0,0,0,0,0,0,0,0,0,0,0,0,0,0,0
694,"Good morning,we are still waiting of information ","Good morning,we are still waiting of information ",direct,0,0,0,0,0,0,0,0,0,0,0,0,0,0,0,0,0,0,0,0,0,0,0,0,0,0,0,0,0,0,0,0,0,0,0,0
695,"IF I LIVING IN BIZOTONCARREFOUR WHAT CENTER WHO FIND AROUND OF ME, I WOULD EQUIPMENT SUCH AS TO ENCASEFOOD CORPORATION, MEDICAL SUPPLIES, SCOLARY SUPPLIES. ","IF I LIVING IN BIZOTONCARREFOUR WHAT CENTER WHO FIND AROUND OF ME, I WOULD EQUIPMENT SUCH AS TO ENCASEFOOD CORPORATION, MEDICAL SUPPLIES, SCOLARY SUPPLIES. ",direct,1,1,0,1,1,1,0,0,0,0,0,0,0,0,0,0,0,0,0,0,0,0,0,0,0,0,0,0,0,0,0,0,0,0,0,1
696,"We geet,the organisation for the good work for all haitian people:We that living in la sous tijo,for the city of canada we need some aids i think you could. ","We geet,the organisation for the good work for all haitian people:We that living in la sous tijo,for the city of canada we need some aids i think you could. ",direct,1,1,0,1,0,0,0,0,0,0,0,0,0,0,0,0,0,0,1,0,0,0,0,0,0,0,0,0,0,0,0,0,0,0,0,1
697,"We have only one shelter, we have about 3 others family living to gether, but we did a small youth mapping in our locality we found about 113 people living in the same situation ","We have only one shelter, we have about 3 others family living to gether, but we did a small youth mapping in our locality we found about 113 people living in the same situation ",direct,1,1,0,1,0,0,0,0,0,0,0,0,1,0,0,0,0,0,0,0,0,0,0,0,0,0,0,0,0,0,0,0,0,0,0,1
698,Some information about the earthquake. ,Some information about the earthquake. ,direct,1,0,0,0,0,0,0,0,0,0,0,0,0,0,0,0,0,0,0,0,0,0,0,0,0,0,0,0,1,0,0,0,1,0,0,1
699,"Please, give me some informations about the cyclon. ","Please, give me some informations about the cyclon. ",direct,1,1,0,1,0,0,0,0,0,0,0,0,0,0,0,0,0,0,1,0,0,0,0,0,0,0,0,0,1,0,1,0,0,0,0,1
700,"ONG tell: if you can't fix a tent well, ask that at a staff ONG, after you will try. when they do it, follow the exemple, and then you will fix it in your zone. ","ONG tell: if you can't fix a tent well, ask that at a staff ONG, after you will try. when they do it, follow the exemple, and then you will fix it in your zone. ",direct,1,0,0,1,0,0,0,0,0,0,0,0,1,0,0,0,0,0,0,0,0,0,0,0,0,0,0,0,0,0,0,0,0,0,0,0
701,"MY SUIT CASE IS UNDER THE DEBRIS,HOW CAN I GET A NEW PASSEPORT? ","MY SUIT CASE IS UNDER THE DEBRIS,HOW CAN I GET A NEW PASSEPORT? ",direct,1,0,0,0,0,0,0,0,0,0,0,0,0,0,0,0,0,0,0,0,0,0,0,0,0,0,0,0,0,0,0,0,0,0,0,1
702,I NEED TEL CARDS DIGICEL CAN DO IT FOR ME ,I NEED TEL CARDS DIGICEL CAN DO IT FOR ME ,direct,0,0,0,0,0,0,0,0,0,0,0,0,0,0,0,0,0,0,0,0,0,0,0,0,0,0,0,0,0,0,0,0,0,0,0,0
703,I am victim in 12th january 2010 in sit 1yan a 2 call me back okey. ,I am victim in 12th january 2010 in sit 1yan a 2 call me back okey. ,direct,1,1,0,0,0,0,0,0,0,0,0,0,0,0,0,0,0,0,0,0,0,0,0,0,0,0,0,0,0,0,0,0,0,0,0,1
704,"yes, we need help, food, water, shelter. please, help us! ","yes, we need help, food, water, shelter. please, help us! ",direct,1,1,0,1,0,0,0,0,0,0,1,1,1,0,0,0,0,0,0,0,0,0,0,0,0,0,0,0,0,0,0,0,0,0,0,1
705,It must be a culture of wisdom that means a self control where no one fells very big one another. ,It must be a culture of wisdom that means a self control where no one fells very big one another. ,direct,1,0,0,0,0,0,0,0,0,0,0,0,0,0,0,0,0,0,0,0,0,0,0,0,0,0,0,0,0,0,0,0,0,0,0,0
706,"we not find nothing, and i have an orphanage under my responsible with all people in the street MBC imp.des #2! ","we not find nothing, and i have an orphanage under my responsible with all people in the street MBC imp.des #2! ",direct,1,1,0,1,0,0,0,0,0,0,0,0,0,0,0,0,0,0,1,1,0,0,0,0,0,0,1,0,0,0,0,0,0,0,0,1
707,"I'm hungry,I don't have food to eat,I don't have home,clothes, I count on your supports and help,thank you so much. ","I'm hungry,I don't have food to eat,I don't have home,clothes, I count on your supports and help,thank you so much. ",direct,1,1,0,1,0,0,0,0,0,0,0,1,1,1,0,0,0,0,0,0,0,0,0,0,0,0,0,0,0,0,0,0,0,0,0,1
708,R judesan2live.com banderas18 ,R judesan2live.com banderas18 ,direct,0,0,0,0,0,0,0,0,0,0,0,0,0,0,0,0,0,0,0,0,0,0,0,0,0,0,0,0,0,0,0,0,0,0,0,0
709,annot ni batiman dada cheri se pwason ni ou ni manmi w ni keti renmen an pil la wi se yon gro rat at yon gro kwapo kitap batay lasirne f tranf pou tou ,annot ni batiman dada cheri se pwason ni ou ni manmi w ni keti renmen an pil la wi se yon gro rat at yon gro kwapo kitap batay lasirne f tranf pou tou ,direct,2,0,0,0,0,0,0,0,0,0,0,0,0,0,0,0,0,0,0,0,0,0,0,0,0,0,0,0,0,0,0,0,0,0,0,0
710,"i would like to known some numbers ,adresses of contact office, so we can paticipe on the united nation program. we live at damien(tabarre) ","i would like to known some numbers ,adresses of contact office, so we can paticipe on the united nation program. we live at damien(tabarre) ",direct,1,0,0,0,0,0,0,0,0,0,0,0,0,0,0,0,0,0,0,0,0,0,0,0,0,0,0,0,0,0,0,0,0,0,0,0
711,i am suffering a lot. i don't see nobody for an reply. already i writed. thank you ,i am suffering a lot. i don't see nobody for an reply. already i writed. thank you ,direct,1,1,0,1,0,0,0,0,0,0,0,0,0,0,0,0,0,0,1,0,0,0,0,0,0,0,0,0,0,0,0,0,0,0,0,1
712,"Good evening. Please send me something, I'm getting wet in the rain. Bye. ","Good evening. Please send me something, I'm getting wet in the rain. Bye. ",direct,1,1,0,1,0,0,0,0,0,0,0,0,0,0,0,0,0,0,1,0,0,0,0,0,0,0,0,0,1,0,1,0,0,0,0,1
713,Please send me 50 gourdes. Thank you in advance. ,Please send me 50 gourdes. Thank you in advance. ,direct,0,0,0,0,0,0,0,0,0,0,0,0,0,0,0,0,0,0,0,0,0,0,0,0,0,0,0,0,0,0,0,0,0,0,0,0
714,"thank you at Digicel's compagny, i congratule you so. continue with the messages because they feel me very good. thank you, thank you, thank you ","thank you at Digicel's compagny, i congratule you so. continue with the messages because they feel me very good. thank you, thank you, thank you ",direct,0,0,0,0,0,0,0,0,0,0,0,0,0,0,0,0,0,0,0,0,0,0,0,0,0,0,0,0,0,0,0,0,0,0,0,0
715,"4636:ONG said treat the water with aquatab or put klorox before drinking, If you put klorox wait after 30 minuit before you drink the water. ","4636:ONG said treat the water with aquatab or put klorox before drinking, If you put klorox wait after 30 minuit before you drink the water. ",direct,1,0,0,1,0,0,0,0,0,0,1,0,0,0,0,0,0,0,0,0,0,0,0,0,0,0,0,0,0,0,0,0,0,0,0,0
716,"Good afternoon!we are ok ? i want to tell you thank you for all informations. And either i have no it, how do i get to find one ? Good night God take care of you. ","Good afternoon!we are ok ? i want to tell you thank you for all informations. And either i have no it, how do i get to find one ? Good night God take care of you. ",direct,1,1,0,1,1,0,0,0,0,0,0,0,0,0,0,0,0,0,0,0,1,0,0,0,0,0,0,0,1,1,0,0,0,0,0,1
717,we hope that other people going to have this message because people still cannot drink water cause the water is contamined ,we hope that other people going to have this message because people still cannot drink water cause the water is contamined ,direct,1,1,0,1,0,0,0,0,0,0,1,0,0,0,0,0,0,0,0,0,0,0,0,0,0,0,0,0,0,0,0,0,0,0,0,1
718,"go to break a leg, i am in my conjugal problems, then leave me along with your messages. ok ","go to break a leg, i am in my conjugal problems, then leave me along with your messages. ok ",direct,0,0,0,0,0,0,0,0,0,0,0,0,0,0,0,0,0,0,0,0,0,0,0,0,0,0,0,0,0,0,0,0,0,0,0,0
719,thank you for the informations about the water ,thank you for the informations about the water ,direct,0,0,0,0,0,0,0,0,0,0,0,0,0,0,0,0,0,0,0,0,0,0,0,0,0,0,0,0,0,0,0,0,0,0,0,0
720,"We need work, but you don't awarn me about of employment it's only message that you're sending to me, ONG we need work just to help my self. ","We need work, but you don't awarn me about of employment it's only message that you're sending to me, ONG we need work just to help my self. ",direct,1,0,0,0,0,0,0,0,0,0,0,0,0,0,0,0,0,0,0,0,0,0,0,0,0,0,0,0,0,0,0,0,0,0,0,0
721,"thank you for the beautifuls messages i put in application, i need to work i sturdy administration you can give me a job ","thank you for the beautifuls messages i put in application, i need to work i sturdy administration you can give me a job ",direct,0,0,0,0,0,0,0,0,0,0,0,0,0,0,0,0,0,0,0,0,0,0,0,0,0,0,0,0,0,0,0,0,0,0,0,0
722,"Good morning, i dont have tent. Can you make me find a little job to fight the expensive life. ","Good morning, i dont have tent. Can you make me find a little job to fight the expensive life. ",direct,1,0,0,0,0,0,0,0,0,0,0,0,0,0,0,0,0,0,0,0,0,0,0,0,0,0,0,0,0,0,0,0,0,0,0,0
723,if you don't have a mosquitoes what the prevention can you take ,if you don't have a mosquitoes what the prevention can you take ,direct,1,0,0,0,0,0,0,0,0,0,0,0,0,0,0,0,0,0,0,0,0,0,0,0,0,0,0,0,0,0,0,0,0,0,0,0
724,i don't have mosquito-net and tablets can trait water. do you will give me some.? ,i don't have mosquito-net and tablets can trait water. do you will give me some.? ,direct,1,1,0,1,0,0,0,0,0,0,1,0,0,0,0,0,0,0,0,0,0,0,0,0,0,0,0,0,0,0,0,0,0,0,0,1
725,"Does Leogane have a street which can sustain a tsunami, in reality? What does the scientist say regarding the confusion among the population in that area? ","Does Leogane have a street which can sustain a tsunami, in reality? What does the scientist say regarding the confusion among the population in that area? ",direct,1,0,0,0,0,0,0,0,0,0,0,0,0,0,0,0,0,0,0,0,0,0,0,0,0,0,0,0,1,0,0,0,0,0,1,0
726,"4636:ONG SAYS IF YOU HAVE A MOSQUITO NET, USE IT WHEN YOU'RE SLEEPING.iT'S IMPORTANT,IT CAN HELP YOU TO DECREASE THE RISK TO ATTACK MALARIA. ","4636:ONG SAYS IF YOU HAVE A MOSQUITO NET, USE IT WHEN YOU'RE SLEEPING.iT'S IMPORTANT,IT CAN HELP YOU TO DECREASE THE RISK TO ATTACK MALARIA. ",direct,1,0,0,1,0,1,0,0,0,0,0,0,0,0,0,0,0,0,0,0,0,0,0,0,0,0,0,0,0,0,0,0,0,0,0,0
727,Thank you very much for the good messages. ,Thank you very much for the good messages. ,direct,0,0,0,0,0,0,0,0,0,0,0,0,0,0,0,0,0,0,0,0,0,0,0,0,0,0,0,0,0,0,0,0,0,0,0,0
728,"HELLO ,I would like TO REGISTER ME In the SERVICE INFORMATION THANK YOU. ","HELLO ,I would like TO REGISTER ME In the SERVICE INFORMATION THANK YOU. ",direct,0,0,0,0,0,0,0,0,0,0,0,0,0,0,0,0,0,0,0,0,0,0,0,0,0,0,0,0,0,0,0,0,0,0,0,0
729,you must mistrust water that's sleeping ,you must mistrust water that's sleeping ,direct,1,0,0,0,0,0,0,0,0,0,0,0,0,0,0,0,0,0,0,0,0,0,0,0,0,0,0,0,0,0,0,0,0,0,0,0
730,"4636:An expert says, if you lost your housepaper, see the notary who made it, he will tell you what to do. If you loose your birthcertificate, see archives National. ","4636:An expert says, if you lost your housepaper, see the notary who made it, he will tell you what to do. If you loose your birthcertificate, see archives National. ",direct,0,0,0,0,0,0,0,0,0,0,0,0,0,0,0,0,0,0,0,0,0,0,0,0,0,0,0,0,0,0,0,0,0,0,0,0
731,"Since the Event of January 12 the factory break,we are 5 people who is staying without doing nothing i ask this ONG to create jobs for us please. ","Since the Event of January 12 the factory break,we are 5 people who is staying without doing nothing i ask this ONG to create jobs for us please. ",direct,1,1,0,0,0,0,0,0,0,0,0,0,0,0,0,0,0,0,0,0,0,0,0,0,0,0,0,0,0,0,0,0,0,0,0,1
732,I would like to know where could I find a birth certificate if they start to give. ,I would like to know where could I find a birth certificate if they start to give. ,direct,1,1,0,1,1,0,0,0,0,0,0,0,0,0,0,0,0,0,0,0,1,0,0,0,0,0,0,0,1,1,0,0,0,0,0,1
733,I would like to have these good advices ,I would like to have these good advices ,direct,0,0,0,0,0,0,0,0,0,0,0,0,0,0,0,0,0,0,0,0,0,0,0,0,0,0,0,0,0,0,0,0,0,0,0,0
734,"Hello,how could I find a partial job in this institution,in this moment my country break down. ","Hello,how could I find a partial job in this institution,in this moment my country break down. ",direct,1,0,0,0,0,0,0,0,0,0,0,0,0,0,0,0,0,0,0,0,0,0,0,0,0,0,0,0,0,0,0,0,0,0,0,0
735,"It's true you give me some information, but if the notary die and the office brake down? What i'm going to do in this case? ","It's true you give me some information, but if the notary die and the office brake down? What i'm going to do in this case? ",direct,1,0,0,0,0,0,0,0,0,0,0,0,0,0,0,0,0,0,0,0,0,0,0,0,0,0,0,0,0,0,0,0,0,0,0,0
736,IS IT HEALTHY TO USE INSECTICIDE AGAINS MOSKITOES UNDER THE TEENS WERE BABIES ARE? ,IS IT HEALTHY TO USE INSECTICIDE AGAINS MOSKITOES UNDER THE TEENS WERE BABIES ARE? ,direct,0,0,0,0,0,0,0,0,0,0,0,0,0,0,0,0,0,0,0,0,0,0,0,0,0,0,0,0,0,0,0,0,0,0,0,0
737,there is a rumor circulating saying that they will stop with the distribution of aid. ,there is a rumor circulating saying that they will stop with the distribution of aid. ,direct,1,0,0,1,0,0,0,0,0,0,0,0,0,0,0,0,0,0,1,0,0,0,0,0,0,0,0,0,0,0,0,0,0,0,0,0
738,We need water to drink.Please tell us our to pray because almost not believe in god and our prayer never arrived to god. ,We need water to drink.Please tell us our to pray because almost not believe in god and our prayer never arrived to god. ,direct,1,1,0,1,0,0,0,0,0,0,1,0,0,0,0,0,0,0,0,0,0,0,0,0,0,0,0,0,0,0,0,0,0,0,0,1
739,I would like to know when the national palais will rebuilt. ,I would like to know when the national palais will rebuilt. ,direct,0,0,0,0,0,0,0,0,0,0,0,0,0,0,0,0,0,0,0,0,0,0,0,0,0,0,0,0,0,0,0,0,0,0,0,0
740,"I cannot tell you all my problem, please help us. ","I cannot tell you all my problem, please help us. ",direct,1,1,0,1,0,0,0,0,0,0,0,0,0,0,0,0,0,0,1,0,0,0,0,0,0,0,0,0,0,0,0,0,0,0,0,1
741,we are in a campus who have 450 family.Since the earthquake we don't find anything and we are in emergency rigth now.So we can't stay anymore and ask for help. ,we are in a campus who have 450 family.Since the earthquake we don't find anything and we are in emergency rigth now.So we can't stay anymore and ask for help. ,direct,1,1,0,1,0,0,0,0,0,0,0,0,0,0,0,0,0,0,1,0,0,0,0,0,0,0,0,0,1,0,0,0,1,0,0,1
742,"the hunger kills the survivors those who are not survivors find much rice, Oh GOD say a word for these people. ","the hunger kills the survivors those who are not survivors find much rice, Oh GOD say a word for these people. ",direct,1,0,0,1,0,0,0,0,0,0,0,1,0,0,0,0,0,1,0,0,0,0,0,0,0,0,0,0,0,0,0,0,0,0,0,0
743,Haiti won't destroy! pray for it! lets rebuild it! and then we will save it. ,Haiti won't destroy! pray for it! lets rebuild it! and then we will save it. ,direct,1,0,0,0,0,0,0,0,0,0,0,0,0,0,0,0,0,0,0,0,0,0,0,0,0,0,0,0,0,0,0,0,0,0,0,0
744,"if I have someone that lost his mind during the earthquake, where can I send this person? ","if I have someone that lost his mind during the earthquake, where can I send this person? ",direct,1,1,0,1,1,0,0,0,0,0,0,0,0,0,0,0,0,0,0,0,0,0,0,0,0,0,0,0,1,0,0,0,1,0,0,1
745,"youre never say anything for me, i need your aids or give me a job just to live. ","youre never say anything for me, i need your aids or give me a job just to live. ",direct,1,0,0,0,0,0,0,0,0,0,0,0,0,0,0,0,0,0,0,0,0,0,0,0,0,0,0,0,0,0,0,0,0,0,0,0
746,"we need help in food because our house is crush, and we don't have anyone to take care of us. ","we need help in food because our house is crush, and we don't have anyone to take care of us. ",direct,1,1,0,1,0,0,0,0,0,0,0,1,1,0,0,0,0,0,0,0,0,0,0,0,0,0,0,0,0,0,0,0,0,0,0,1
747,"Water to drink, Please tell us how to pray because we nearly lose belief. Our pray is never arrive to Lord, in the sky. answer for me please. ","Water to drink, Please tell us how to pray because we nearly lose belief. Our pray is never arrive to Lord, in the sky. answer for me please. ",direct,1,1,0,1,0,0,0,0,0,0,1,0,0,0,0,0,0,0,0,0,0,0,0,0,0,0,0,0,0,0,0,0,0,0,0,1
748,"I'm a driver and mechanic,I'm looking for a job in Minustah. Thank you! ","I'm a driver and mechanic,I'm looking for a job in Minustah. Thank you! ",direct,0,0,0,0,0,0,0,0,0,0,0,0,0,0,0,0,0,0,0,0,0,0,0,0,0,0,0,0,0,0,0,0,0,0,0,0
749,The school ask me to pay 700 for the 4months left. I would like to have your advice just to know if I suppose to continue or not. ,The school ask me to pay 700 for the 4months left. I would like to have your advice just to know if I suppose to continue or not. ,direct,1,0,0,0,0,0,0,0,0,0,0,0,0,0,0,0,0,0,0,0,0,0,0,0,0,0,0,0,0,0,0,0,0,0,0,0
750,What kind of ilness moskitoes can give after malaria fever? ,What kind of ilness moskitoes can give after malaria fever? ,direct,1,1,0,1,1,0,0,0,0,0,0,0,0,0,0,0,0,0,0,0,0,0,0,0,0,0,0,0,0,0,0,0,0,0,0,0
751,"I say Hi, to all the ONG which are in Haiti. I'm a capenter and a joiner, I don't have access to the Internet and I would like to find a job. What can I do for that? ","I say Hi, to all the ONG which are in Haiti. I'm a capenter and a joiner, I don't have access to the Internet and I would like to find a job. What can I do for that? ",direct,0,0,0,0,0,0,0,0,0,0,0,0,0,0,0,0,0,0,0,0,0,0,0,0,0,0,0,0,0,0,0,0,0,0,0,0
752,I would like to subscribe in 4636. ,I would like to subscribe in 4636. ,direct,0,0,0,0,0,0,0,0,0,0,0,0,0,0,0,0,0,0,0,0,0,0,0,0,0,0,0,0,0,0,0,0,0,0,0,0
753,if the School ask me to give seven hundred haitian dolars for the 4 months left. is true that I must know what I can do or don't go to school anymore. ,if the School ask me to give seven hundred haitian dolars for the 4 months left. is true that I must know what I can do or don't go to school anymore. ,direct,1,0,0,0,0,0,0,0,0,0,0,0,0,0,0,0,0,0,0,0,0,0,0,0,0,0,0,0,0,0,0,0,0,0,0,0
754,"If a person need to do a passeport and a birth certificate, where he can will go? ","If a person need to do a passeport and a birth certificate, where he can will go? ",direct,0,0,0,0,0,0,0,0,0,0,0,0,0,0,0,0,0,0,0,0,0,0,0,0,0,0,0,0,0,0,0,0,0,0,0,0
755,"We need a lot of aquatable at Petite Artibonite, because the waters are not clearn. ","We need a lot of aquatable at Petite Artibonite, because the waters are not clearn. ",direct,1,1,0,1,0,0,0,0,0,0,1,0,0,0,0,0,0,0,0,0,0,0,0,0,0,0,0,0,0,0,0,0,0,0,0,1
756,"Hey,send for Haiti we don't send a water bag.I want to know if jesus wan't come in the earth for every body,cause i see in all the zone, our is more neglijed. ","Hey,send for Haiti we don't send a water bag.I want to know if jesus wan't come in the earth for every body,cause i see in all the zone, our is more neglijed. ",direct,1,1,0,1,0,0,0,0,0,0,1,0,0,0,0,0,0,0,0,0,0,0,0,0,0,0,0,0,0,0,0,0,0,0,0,1
757,Exist there several another means for the treatment of water. ,Exist there several another means for the treatment of water. ,direct,1,0,0,0,0,0,0,0,0,0,0,0,0,0,0,0,0,0,0,0,0,0,0,0,0,0,0,0,0,0,0,0,0,0,0,0
758,"Where i am for this moment,i don't find any coast to go,and I am a pupils.What can I do? ","Where i am for this moment,i don't find any coast to go,and I am a pupils.What can I do? ",direct,1,1,0,0,0,0,0,0,0,0,0,0,0,0,0,0,0,0,0,0,0,0,0,0,0,0,0,0,0,0,0,0,0,0,0,1
759,I would like to find a job or continu whit my school ,I would like to find a job or continu whit my school ,direct,0,0,0,0,0,0,0,0,0,0,0,0,0,0,0,0,0,0,0,0,0,0,0,0,0,0,0,0,0,0,0,0,0,0,0,0
760,when you begin to give the visa b1/b2 ,when you begin to give the visa b1/b2 ,direct,0,0,0,0,0,0,0,0,0,0,0,0,0,0,0,0,0,0,0,0,0,0,0,0,0,0,0,0,0,0,0,0,0,0,0,0
761,I like you more than my guitar ,I like you more than my guitar ,direct,1,0,0,0,0,0,0,0,0,0,0,0,0,0,0,0,0,0,0,0,0,0,0,0,0,0,0,0,0,0,0,0,0,0,0,0
762,"If one of you don't have one talent between the 21 talent, you're not conforme to a christian!eph 4:10-13, Roman 12:6-8. N B: jacq4:17. ","If one of you don't have one talent between the 21 talent, you're not conforme to a christian!eph 4:10-13, Roman 12:6-8. N B: jacq4:17. ",direct,0,0,0,0,0,0,0,0,0,0,0,0,0,0,0,0,0,0,0,0,0,0,0,0,0,0,0,0,0,0,0,0,0,0,0,0
763,"We would like the country decentralize, for the government gives services everywhere, for a better a nice Haiti. ","We would like the country decentralize, for the government gives services everywhere, for a better a nice Haiti. ",direct,1,0,0,0,0,0,0,0,0,0,0,0,0,0,0,0,0,0,0,0,0,0,0,0,0,0,0,0,0,0,0,0,0,0,0,0
764,"there's 8 families and 2159 in the center akra they need food because they are very hungry,they dont have anything,we can contact us in this number ","there's 8 families and 2159 in the center akra they need food because they are very hungry,they dont have anything,we can contact us in this number ",direct,1,1,0,1,0,0,0,0,0,0,0,1,0,0,0,0,0,0,0,0,0,0,0,0,0,0,0,0,0,0,0,0,0,0,0,0
765,"Salutation! Thank you very much for all your goods advices about health that you send me. The only thing, always remind that i have urgent need. There is a modification which made. ","Salutation! Thank you very much for all your goods advices about health that you send me. The only thing, always remind that i have urgent need. There is a modification which made. ",direct,1,1,0,1,1,0,0,0,0,0,0,0,0,0,0,0,0,0,0,0,0,0,0,0,0,0,0,0,0,0,0,0,0,0,0,1
766,I do not understand only you known as because I am hunger. cease lying me because I am really hunger. ,I do not understand only you known as because I am hunger. cease lying me because I am really hunger. ,direct,1,1,0,1,0,0,0,0,0,0,0,1,0,0,0,0,0,0,0,0,0,0,0,0,0,0,0,0,0,0,0,0,0,0,0,1
767,"We are an organization in the are a of Mangeoire, Rue Garoute. There is some support that we still have not received like food distribution, treated water, hygiene material, etc. ","We are an organization in the are a of Mangeoire, Rue Garoute. There is some support that we still have not received like food distribution, treated water, hygiene material, etc. ",direct,1,1,0,1,0,1,0,0,0,0,1,1,0,0,0,0,0,0,0,0,0,0,0,0,0,0,0,0,0,0,0,0,0,0,0,1
768,I would like to have any information about the earthquake and the different way that it's have risk in Haiti. ,I would like to have any information about the earthquake and the different way that it's have risk in Haiti. ,direct,1,1,0,0,0,0,0,0,0,0,0,0,0,0,0,0,0,0,0,0,0,0,0,0,0,0,0,0,1,0,0,0,1,0,0,1
769,WHERE I FIND THAT FOOD? WE TELL ME TO WASH MY HANDS AFTER EATING. ,WHERE I FIND THAT FOOD? WE TELL ME TO WASH MY HANDS AFTER EATING. ,direct,1,0,0,0,0,0,0,0,0,0,0,0,0,0,0,0,0,0,0,0,0,0,0,0,0,0,0,0,0,0,0,0,0,0,0,0
770,"I need to make my pasport,My house has been destroyed.So what should I do? And I lost all my documents. ","I need to make my pasport,My house has been destroyed.So what should I do? And I lost all my documents. ",direct,1,1,0,1,0,0,0,0,0,0,0,0,0,0,0,0,1,0,1,0,0,1,0,0,0,0,0,0,0,0,0,0,0,0,0,1
771,"thank you for the information, but I want to know more about the capital of haiti ","thank you for the information, but I want to know more about the capital of haiti ",direct,1,0,0,0,0,0,0,0,0,0,0,0,0,0,0,0,0,0,0,0,0,0,0,0,0,0,0,0,0,0,0,0,0,0,0,0
772,Croix-des-bouquets did not find anything. ,Croix-des-bouquets did not find anything. ,direct,1,0,0,0,0,0,0,0,0,0,0,0,0,0,0,0,0,0,0,0,0,0,0,0,0,0,0,0,0,0,0,0,0,0,0,0
773,"We need a food they are living in the matisan, please help me. ","We need a food they are living in the matisan, please help me. ",direct,1,1,0,1,0,0,0,0,0,0,0,1,0,0,0,0,0,0,0,0,0,0,0,0,0,0,0,0,0,0,0,0,0,0,0,1
774,"Knwledge is never forgotten, I profit to work with you good bye! ","Knwledge is never forgotten, I profit to work with you good bye! ",direct,0,0,0,0,0,0,0,0,0,0,0,0,0,0,0,0,0,0,0,0,0,0,0,0,0,0,0,0,0,0,0,0,0,0,0,0
775,I'm a victim I find no help ever ,I'm a victim I find no help ever ,direct,1,1,0,1,0,0,0,0,0,0,0,0,0,0,0,0,0,0,1,0,0,0,0,0,0,0,0,0,0,0,0,0,0,0,0,1
776,"I need a job, I'm an architect and I study computer ","I need a job, I'm an architect and I study computer ",direct,0,0,0,0,0,0,0,0,0,0,0,0,0,0,0,0,0,0,0,0,0,0,0,0,0,0,0,0,0,0,0,0,0,0,0,0
777,what prenention we have to take against the wind which blow ,what prenention we have to take against the wind which blow ,direct,1,0,0,0,0,0,0,0,0,0,0,0,0,0,0,0,0,0,0,0,0,0,0,0,0,0,0,0,0,0,0,0,0,0,0,0
778,"Notice, you suppose to know protect life. ","Notice, you suppose to know protect life. ",direct,0,0,0,0,0,0,0,0,0,0,0,0,0,0,0,0,0,0,0,0,0,0,0,0,0,0,0,0,0,0,0,0,0,0,0,0
779,"I don't know if i can suggest you, I see the bridge of the croix-des-missions reprents a big risk for all the people who pass on it. ","I don't know if i can suggest you, I see the bridge of the croix-des-missions reprents a big risk for all the people who pass on it. ",direct,1,0,0,0,0,0,0,0,0,0,0,0,0,0,0,0,0,0,0,0,1,0,0,0,0,0,0,0,0,0,0,0,0,0,0,1
780,Call me please cause I don't have card. ,Call me please cause I don't have card. ,direct,0,0,0,0,0,0,0,0,0,0,0,0,0,0,0,0,0,0,0,0,0,0,0,0,0,0,0,0,0,0,0,0,0,0,0,0
781,NOTES: This message don't have enough information.,NOTES: This message don't have enough information.,direct,1,0,0,0,0,0,0,0,0,0,0,0,0,0,0,0,0,0,0,0,0,0,0,0,0,0,0,0,0,0,0,0,0,0,0,0
782,"PLEASE, IF SOMEONE NEEDS A JOB, WHERE CAN HE/SHE DEPOSIT A C.V. ","PLEASE, IF SOMEONE NEEDS A JOB, WHERE CAN HE/SHE DEPOSIT A C.V. ",direct,1,0,0,0,0,0,0,0,0,0,0,0,0,0,0,0,0,0,0,0,0,0,0,0,0,0,0,0,0,0,0,0,0,0,0,0
783,You are registered as an SOS message recipient ,You are registered as an SOS message recipient ,direct,1,0,0,0,0,0,0,0,0,0,0,0,0,0,0,0,0,0,0,0,0,0,0,0,0,0,0,0,0,0,0,0,0,0,0,0
784,I have a child of seven months of age who is striked but it's now that acts on him.He can not neither stand nor sit. ,I have a child of seven months of age who is striked but it's now that acts on him.He can not neither stand nor sit. ,direct,1,1,0,0,0,0,0,0,0,0,0,0,0,0,0,0,0,0,0,0,0,0,0,0,0,0,0,0,0,0,0,0,0,0,0,1
785,NOTES: This message has no sense.,NOTES: This message has no sense.,direct,1,0,0,0,0,0,0,0,0,0,0,0,0,0,0,0,0,0,0,0,0,0,0,0,0,0,0,0,0,0,0,0,0,0,0,0
786,"Hi, ladies and gentlemen, I am a victim of the January 12th. The rain gives me many troubles. How can you help me to find a shelter, even a carpet I don't have. ","Hi, ladies and gentlemen, I am a victim of the January 12th. The rain gives me many troubles. How can you help me to find a shelter, even a carpet I don't have. ",direct,1,1,0,1,0,0,0,0,0,0,0,0,1,0,0,0,0,0,0,0,0,0,0,0,0,0,0,0,1,0,1,0,0,0,0,1
787,Help croix des bouquets santo 19 #7 ,Help croix des bouquets santo 19 #7 ,direct,1,1,0,0,0,0,0,0,0,0,0,0,0,0,0,0,0,0,0,0,0,0,0,0,0,0,0,0,0,0,0,0,0,0,0,1
788,"I love you not only because you are, but because .. in my life. I love you. 90thousand kisses to you honey. ","I love you not only because you are, but because .. in my life. I love you. 90thousand kisses to you honey. ",direct,0,0,0,0,0,0,0,0,0,0,0,0,0,0,0,0,0,0,0,0,0,0,0,0,0,0,0,0,0,0,0,0,0,0,0,0
789,Hi sweety! how are you doing? i want to tell you i love and have a nice night. ,Hi sweety! how are you doing? i want to tell you i love and have a nice night. ,direct,1,0,0,0,0,0,0,0,0,0,0,0,0,0,0,0,0,0,0,0,0,0,0,0,0,0,0,0,0,0,0,0,0,0,0,0
790,I need to know when Preval will give one's resignation. ,I need to know when Preval will give one's resignation. ,direct,0,0,0,0,0,0,0,0,0,0,0,0,0,0,0,0,0,0,0,0,0,0,0,0,0,0,0,0,0,0,0,0,0,0,0,0
791,"Good evening, how are you? please I need work. Filo I was at the National High School in petionville, the earthquake destroyed the last of me, he stopped everything. Co ","Good evening, how are you? please I need work. Filo I was at the National High School in petionville, the earthquake destroyed the last of me, he stopped everything. Co ",direct,1,1,0,1,0,0,0,0,0,0,0,0,0,0,0,0,0,0,1,0,0,0,0,0,0,0,0,0,1,0,0,0,1,0,0,1
792,NOTES: It's not an important message.,NOTES: It's not an important message.,direct,1,0,0,0,0,0,0,0,0,0,0,0,0,0,0,0,0,0,0,0,0,0,0,0,0,0,0,0,0,0,0,0,0,0,0,0
793,"Why don't they think about me until the time, I don't have any activity in order to take care of my family. ","Why don't they think about me until the time, I don't have any activity in order to take care of my family. ",direct,1,1,0,0,0,0,0,0,0,0,0,0,0,0,0,0,0,0,0,0,0,0,0,0,0,0,0,0,0,0,0,0,0,0,0,1
794,"beloved, doesn't say anything you know our love is one love thin sense. it is with teardrop the eyes love's that I ask for a kid luck for this love ","beloved, doesn't say anything you know our love is one love thin sense. it is with teardrop the eyes love's that I ask for a kid luck for this love ",direct,0,0,0,0,0,0,0,0,0,0,0,0,0,0,0,0,0,0,0,0,0,0,0,0,0,0,0,0,0,0,0,0,0,0,0,0
795,Re-start the same if there is one error you don't feel so good.Re- start the same a teason you offend.Re-start the same if the dificults you prevent from to start. ,Re-start the same if there is one error you don't feel so good.Re- start the same a teason you offend.Re-start the same if the dificults you prevent from to start. ,direct,0,0,0,0,0,0,0,0,0,0,0,0,0,0,0,0,0,0,0,0,0,0,0,0,0,0,0,0,0,0,0,0,0,0,0,0
796,"What do we make on the earth and for what reason are we there? Why it is the pain, the suffering that is common entire humanity, ","What do we make on the earth and for what reason are we there? Why it is the pain, the suffering that is common entire humanity, ",direct,0,0,0,0,0,0,0,0,0,0,0,0,0,0,0,0,0,0,0,0,0,0,0,0,0,0,0,0,0,0,0,0,0,0,0,0
797,"Hi, please where can I do passport tanks for the answer ","Hi, please where can I do passport tanks for the answer ",direct,0,0,0,0,0,0,0,0,0,0,0,0,0,0,0,0,0,0,0,0,0,0,0,0,0,0,0,0,0,0,0,0,0,0,0,0
798,"please pass this message with the ONG that place to give help in the style of casea we requiere help in area of Canapevert exactly for the cleanning of the toilets,and we requier also to place more toilets with the quantity of persons that need to use for urine daily. ","please pass this message with the ONG that place to give help in the style of casea we requiere help in area of Canapevert exactly for the cleanning of the toilets,and we requier also to place more toilets with the quantity of persons that need to use for urine daily. ",direct,1,1,0,1,0,1,0,0,0,0,0,0,0,0,0,0,0,0,0,0,0,0,0,0,0,0,0,0,0,0,0,0,0,0,0,1
799,Tell us i'm listening this message in the radio station and i write you. please i need help! i'm waitting for your answer. ,Tell us i'm listening this message in the radio station and i write you. please i need help! i'm waitting for your answer. ,direct,1,1,0,1,0,0,0,0,0,0,0,0,0,0,0,0,0,0,1,0,0,0,0,0,0,0,0,0,0,0,0,0,0,0,0,1
800,"vermin, I think that you are satisfied because of all messages that me you in way for you. do never frequent my house I don't laugh, put me then the peace. ok species of dirty vermin. ","vermin, I think that you are satisfied because of all messages that me you in way for you. do never frequent my house I don't laugh, put me then the peace. ok species of dirty vermin. ",direct,0,0,0,0,0,0,0,0,0,0,0,0,0,0,0,0,0,0,0,0,0,0,0,0,0,0,0,0,0,0,0,0,0,0,0,0
801,Your voice is sweet like a morning kiss. ,Your voice is sweet like a morning kiss. ,direct,0,0,0,0,0,0,0,0,0,0,0,0,0,0,0,0,0,0,0,0,0,0,0,0,0,0,0,0,0,0,0,0,0,0,0,0
802,This message isn't important. ,This message isn't important. ,direct,0,0,0,0,0,0,0,0,0,0,0,0,0,0,0,0,0,0,0,0,0,0,0,0,0,0,0,0,0,0,0,0,0,0,0,0
803,"I dont understand,i want to know if it's a cyclon today ","I dont understand,i want to know if it's a cyclon today ",direct,1,0,0,0,0,0,0,0,0,0,0,0,0,0,0,0,0,0,0,0,0,0,0,0,0,0,0,0,1,0,1,0,0,0,1,1
804,"Yesterday evening people could not sleep becaus, it had much problem to send some so much for me.Please. ","Yesterday evening people could not sleep becaus, it had much problem to send some so much for me.Please. ",direct,1,0,0,0,0,0,0,0,0,0,0,0,0,0,0,0,0,0,0,0,0,0,0,0,0,0,0,0,0,0,0,0,0,0,0,0
805,abaout the help to ask you. i d'ont have find the answer what succesfully and nothing more. ,abaout the help to ask you. i d'ont have find the answer what succesfully and nothing more. ,direct,1,0,0,0,0,0,0,0,0,0,0,0,0,0,0,0,0,0,0,0,0,0,0,0,0,0,0,0,0,0,0,0,0,0,0,0
806,I would like to know when the school will be opend and when they will make the exam of bacc permanent. ,I would like to know when the school will be opend and when they will make the exam of bacc permanent. ,direct,0,0,0,0,0,0,0,0,0,0,0,0,0,0,0,0,0,0,0,0,0,0,0,0,0,0,0,0,0,0,0,0,0,0,0,0
807,To ask you of loving of Lord to help me to find a job in these options:mechanic ,To ask you of loving of Lord to help me to find a job in these options:mechanic ,direct,0,0,0,0,0,0,0,0,0,0,0,0,0,0,0,0,0,0,0,0,0,0,0,0,0,0,0,0,0,0,0,0,0,0,0,0
808,ERT GLASS-CONDUCTEUR CAR AND TRUCK -OPERATOR-TRACTOR-EXP: SOUVERAIN-MATHIEU'?1 ,ERT GLASS-CONDUCTEUR CAR AND TRUCK -OPERATOR-TRACTOR-EXP: SOUVERAIN-MATHIEU'?1 ,direct,0,0,0,0,0,0,0,0,0,0,0,0,0,0,0,0,0,0,0,0,0,0,0,0,0,0,0,0,0,0,0,0,0,0,0,0
809,"We need tent, cover, rice. Uneted Nation never Help us since the earthquake, we live in Carre-four, Lapot street, We want to know if we are not victims, cause we never recieved any visit from the leaders to let us know what is about. ","We need tent, cover, rice. Uneted Nation never Help us since the earthquake, we live in Carre-four, Lapot street, We want to know if we are not victims, cause we never recieved any visit from the leaders to let us know what is about. ",direct,1,1,0,1,0,0,0,0,0,0,0,1,1,0,0,0,0,0,0,0,0,0,0,0,0,0,0,0,1,0,0,0,1,0,0,1
810,I have only one problem with the international politic because all they give to the country never have a good distribution and they continue ,I have only one problem with the international politic because all they give to the country never have a good distribution and they continue ,direct,0,0,0,0,0,0,0,0,0,0,0,0,0,0,0,0,0,0,0,0,0,0,0,0,0,0,0,0,0,0,0,0,0,0,0,0
811,"May God bless Haiti, and make it to be come a new country and comfort the orphans, deprive, with out shelter like me. ","May God bless Haiti, and make it to be come a new country and comfort the orphans, deprive, with out shelter like me. ",direct,1,1,0,1,0,0,0,0,0,0,0,0,1,0,0,0,1,0,0,0,0,0,0,0,0,0,0,0,0,0,0,0,0,0,0,1
812,8 @9q@@  5 m) 1A a!a ?aCYCLONE ,8 @9q@@  5 m) 1A a!a ?aCYCLONE ,direct,1,0,0,0,0,0,0,0,0,0,0,0,0,0,0,0,0,0,0,0,0,0,0,0,0,0,0,0,0,0,0,0,0,0,0,0
813,"Even the life is impossible to live in, So, God will show you the true way in the very badest moments. ","Even the life is impossible to live in, So, God will show you the true way in the very badest moments. ",direct,1,0,0,0,0,0,0,0,0,0,0,0,0,0,0,0,0,0,0,0,0,0,0,0,0,0,0,0,0,0,0,0,0,0,0,0
814,what this that I must make to find a toilet has Gedco? do I have to call in what number? ,what this that I must make to find a toilet has Gedco? do I have to call in what number? ,direct,1,0,0,0,0,0,0,0,0,0,0,0,0,0,0,0,0,0,0,0,0,0,0,0,0,0,0,0,0,0,0,0,0,0,0,0
815,"Give me an idea about my house which has destroyed, will I find the site in the same place or will I lost it forever? ","Give me an idea about my house which has destroyed, will I find the site in the same place or will I lost it forever? ",direct,1,1,0,1,0,0,0,0,0,0,0,0,1,0,0,0,0,0,0,0,0,1,0,0,0,0,0,0,0,0,0,0,0,0,0,1
816,I think with this life. I don't see nor before and behind by what haiti is all of red ,I think with this life. I don't see nor before and behind by what haiti is all of red ,direct,1,0,0,0,0,0,0,0,0,0,0,0,0,0,0,0,0,0,0,0,0,0,0,0,0,0,0,0,0,0,0,0,0,0,0,0
817,"I greet everyone in the Utited States I thank you because I saw ADRA bring something for like 250 persons. We find, soap, tooth and towel. ","I greet everyone in the Utited States I thank you because I saw ADRA bring something for like 250 persons. We find, soap, tooth and towel. ",direct,1,1,0,1,0,1,0,0,0,0,0,0,0,0,0,0,0,0,0,0,0,0,0,0,0,0,0,0,0,0,0,0,0,0,0,1
818,NOTES: this message is not legible,NOTES: this message is not legible,direct,1,0,0,0,0,0,0,0,0,0,0,0,0,0,0,0,0,0,0,0,0,0,0,0,0,0,0,0,0,0,0,0,0,0,0,0
819,Persons Projet lento 1 don't find anything because if they leave their houses to go on place thieves will rob everythinf they got. ,Persons Projet lento 1 don't find anything because if they leave their houses to go on place thieves will rob everythinf they got. ,direct,1,0,0,1,0,0,0,1,0,0,0,0,0,0,0,0,0,0,0,0,0,0,0,0,0,0,0,0,0,0,0,0,0,0,0,0
820,I would like to know if united state don't responsible to give covers? ,I would like to know if united state don't responsible to give covers? ,direct,1,1,0,0,0,0,0,0,0,0,0,0,0,0,0,0,0,0,0,0,0,0,0,0,0,0,0,0,0,0,0,0,0,0,0,1
821,me ever to find the rices that were distribute by the American. makes me find rices ,me ever to find the rices that were distribute by the American. makes me find rices ,direct,1,1,0,1,0,0,0,0,0,0,0,1,0,0,0,0,0,0,0,0,0,0,0,0,0,0,0,0,0,0,0,0,0,0,0,1
822,I'm a young girl and I'm doing nothing I was at University it is breaking please can you help me to find a job. the person who use to help me s died. please help me. ,I'm a young girl and I'm doing nothing I was at University it is breaking please can you help me to find a job. the person who use to help me s died. please help me. ,direct,1,0,0,0,0,0,0,0,0,0,0,0,0,0,0,0,0,0,0,0,0,0,0,0,0,0,0,0,0,0,0,0,0,0,0,0
823,"I am asthmatic can't i take injection, what i have to do or what i suppose to take in the place of i wait your answer. ","I am asthmatic can't i take injection, what i have to do or what i suppose to take in the place of i wait your answer. ",direct,1,1,0,1,1,1,0,0,0,0,0,0,0,0,0,0,0,0,0,0,0,0,0,0,0,0,0,0,0,0,0,0,0,0,0,1
824,Poeple who are in the yard does't give chance to the other ,Poeple who are in the yard does't give chance to the other ,direct,0,0,0,0,0,0,0,0,0,0,0,0,0,0,0,0,0,0,0,0,0,0,0,0,0,0,0,0,0,0,0,0,0,0,0,0
825,"don't let any body know those informations and where you find them, if you want to go to EQUATEUR and pass less than 90 days there, you won't need Visa for that, you'll just need to buy your tiket. ","don't let any body know those informations and where you find them, if you want to go to EQUATEUR and pass less than 90 days there, you won't need Visa for that, you'll just need to buy your tiket. ",direct,0,0,0,0,0,0,0,0,0,0,0,0,0,0,0,0,0,0,0,0,0,0,0,0,0,0,0,0,0,0,0,0,0,0,0,0
826,"My lover, are you of this opinion ? When im very close of a person, i want to make him please all the time, and i want anything to do that can make him crumple. ","My lover, are you of this opinion ? When im very close of a person, i want to make him please all the time, and i want anything to do that can make him crumple. ",direct,0,0,0,0,0,0,0,0,0,0,0,0,0,0,0,0,0,0,0,0,0,0,0,0,0,0,0,0,0,0,0,0,0,0,0,0
827,"My friends, good evening, I am in Cedep center on Cite soleil commune. We don't find anything yet. we need water, foods, shelters. We don't participate in anything yet. ","My friends, good evening, I am in Cedep center on Cite soleil commune. We don't find anything yet. we need water, foods, shelters. We don't participate in anything yet. ",direct,1,1,0,1,0,0,0,0,0,0,1,1,1,0,0,0,0,0,0,0,0,0,0,0,0,0,0,0,0,0,0,0,0,0,0,1
828,"If some one is selling the Food Card, where may i call to required him immediately? ","If some one is selling the Food Card, where may i call to required him immediately? ",direct,0,0,0,0,0,0,0,0,0,0,0,0,0,0,0,0,0,0,0,0,0,0,0,0,0,0,0,0,0,0,0,0,0,0,0,0
829,I would like more information ,I would like more information ,direct,0,0,0,0,0,0,0,0,0,0,0,0,0,0,0,0,0,0,0,0,0,0,0,0,0,0,0,0,0,0,0,0,0,0,0,0
830,"I have another person in my mind.For this vibration I know that you think that I have another girl,I used to you honey.wait for my sms. ","I have another person in my mind.For this vibration I know that you think that I have another girl,I used to you honey.wait for my sms. ",direct,0,0,0,0,0,0,0,0,0,0,0,0,0,0,0,0,0,0,0,0,0,0,0,0,0,0,0,0,0,0,0,0,0,0,0,0
831,"me not of problem with you, you to desire to tell me you come with with another boys that is for this cel you told to me that me summer to come with another girl I want to make known that I am not you. ","me not of problem with you, you to desire to tell me you come with with another boys that is for this cel you told to me that me summer to come with another girl I want to make known that I am not you. ",direct,0,0,0,0,0,0,0,0,0,0,0,0,0,0,0,0,0,0,0,0,0,0,0,0,0,0,0,0,0,0,0,0,0,0,0,0
832,"I am at Port-au-paix they don't give me food, do something for me.Thanks. ","I am at Port-au-paix they don't give me food, do something for me.Thanks. ",direct,1,1,0,1,0,0,0,0,0,0,0,1,0,0,0,0,0,0,0,0,0,0,0,0,0,0,0,0,0,0,0,0,0,0,0,1
833,"You should be strong,don't give up.For all that I love you. ","You should be strong,don't give up.For all that I love you. ",direct,1,0,0,0,0,0,0,0,0,0,0,0,0,0,0,0,0,0,0,0,0,0,0,0,0,0,0,0,0,0,0,0,0,0,0,0
834,what is the precaution a person who was affected in the earthquake must take ? ,what is the precaution a person who was affected in the earthquake must take ? ,direct,1,0,0,0,0,0,0,0,0,0,0,0,0,0,0,0,0,0,0,0,0,0,0,0,0,0,0,0,1,0,0,0,1,0,0,0
835,NOTES: it's not important cause this text is not concerned 1000 jobs,NOTES: it's not important cause this text is not concerned 1000 jobs,direct,0,0,0,0,0,0,0,0,0,0,0,0,0,0,0,0,0,0,0,0,0,0,0,0,0,0,0,0,0,0,0,0,0,0,0,0
836,"I need food and water for martissant people exactely for solidarite group. 25, Rue manigat martissant 21 ","I need food and water for martissant people exactely for solidarite group. 25, Rue manigat martissant 21 ",direct,1,1,0,1,0,0,0,0,0,0,1,1,0,0,0,0,0,0,0,0,0,0,0,0,0,0,0,0,0,0,0,0,0,0,0,1
837,What the Education Minter says about the pupil who loose their slip for the official exam. thanks for the answer. ,What the Education Minter says about the pupil who loose their slip for the official exam. thanks for the answer. ,direct,1,0,0,0,0,0,0,0,0,0,0,0,0,0,0,0,0,0,0,0,0,0,0,0,0,0,0,0,0,0,0,0,0,0,0,0
838,"When the earth is about to shake, can we sleep under the seren? ","When the earth is about to shake, can we sleep under the seren? ",direct,1,1,0,0,0,0,0,0,0,0,0,0,0,0,0,0,0,0,0,0,0,0,0,0,0,0,0,0,1,0,0,0,1,0,0,1
839,"united nations, we need some importans helps in the site ''baylod'' we need water, we need foods, clothes and shoes. we want to go to pray God in the church that is near us. please, please. it's important for us in the ''baylod''. thank you in advance ","united nations, we need some importans helps in the site ''baylod'' we need water, we need foods, clothes and shoes. we want to go to pray God in the church that is near us. please, please. it's important for us in the ''baylod''. thank you in advance ",direct,1,1,0,1,0,0,0,0,0,0,1,1,0,1,0,0,0,0,0,0,0,0,0,0,0,0,0,0,0,0,0,0,0,0,0,1
840,informations about the earthquake ,informations about the earthquake ,direct,1,0,0,0,0,0,0,0,0,0,0,0,0,0,0,0,0,0,0,0,0,0,0,0,0,0,0,0,1,0,0,0,1,0,0,0
841,I don't find covers to make house. ,I don't find covers to make house. ,direct,1,0,0,0,0,0,0,0,0,0,0,0,0,0,0,0,0,0,0,0,0,0,0,0,0,0,0,0,0,0,0,0,0,0,0,0
842,Who are the foreing ministery now.we needs to legalise a piece. ,Who are the foreing ministery now.we needs to legalise a piece. ,direct,0,0,0,0,0,0,0,0,0,0,0,0,0,0,0,0,0,0,0,0,0,0,0,0,0,0,0,0,0,0,0,0,0,0,0,0
843,"Hi sister! How are u? I find, five dolar card in my cell phone thank u.  ","Hi sister! How are u? I find, five dolar card in my cell phone thank u.  ",direct,1,0,0,0,0,0,0,0,0,0,0,0,0,0,0,0,0,0,0,0,0,0,0,0,0,0,0,0,0,0,0,0,0,0,0,0
844,"Please, avoid giving the raised hand to Haitians to rebuild the country! they can't separate the aid, how will they rebuild Haiti? if a group of 10 foreigners, I'd be happy to see only one Haitian in the group. if the country falls into the hands of Haitian misery will destroy the people. thank you! Farewell, Haiti! ","Please, avoid giving the raised hand to Haitians to rebuild the country! they can't separate the aid, how will they rebuild Haiti? if a group of 10 foreigners, I'd be happy to see only one Haitian in the group. if the country falls into the hands of Haitian misery will destroy the people. thank you! Farewell, Haiti! ",direct,1,0,0,0,0,0,0,0,0,0,0,0,0,0,0,0,0,0,0,0,0,0,0,0,0,0,0,0,0,0,0,0,0,0,0,0
845,I WAS FEELING MY BREATH AND I SAID THAT WOULD DO A GREAT PERFUME ,I WAS FEELING MY BREATH AND I SAID THAT WOULD DO A GREAT PERFUME ,direct,0,0,0,0,0,0,0,0,0,0,0,0,0,0,0,0,0,0,0,0,0,0,0,0,0,0,0,0,0,0,0,0,0,0,0,0
846,How can I know if I catch malaria? ,How can I know if I catch malaria? ,direct,1,1,0,0,0,0,0,0,0,0,0,0,0,0,0,0,0,0,0,0,0,0,0,0,0,0,0,0,0,0,0,0,0,0,0,1
847,"i am telling you, thank you for all you did. it's b.g.l ","i am telling you, thank you for all you did. it's b.g.l ",direct,0,0,0,0,0,0,0,0,0,0,0,0,0,0,0,0,0,0,0,0,0,0,0,0,0,0,0,0,0,0,0,0,0,0,0,0
848,good morning unted nations today is five days since that we have a visit in the site baylod wonder that the foreign ones bear ourselves need ourselves the desefectants for the toillettes please it's a brother church is name joseph labon ,good morning unted nations today is five days since that we have a visit in the site baylod wonder that the foreign ones bear ourselves need ourselves the desefectants for the toillettes please it's a brother church is name joseph labon ,direct,1,1,0,1,0,1,0,0,0,0,0,0,0,0,0,0,0,0,0,0,0,0,0,0,0,0,0,0,0,0,0,0,0,0,0,1
849,I want to have a job in the MUNISTHA. ,I want to have a job in the MUNISTHA. ,direct,1,0,0,0,0,0,0,0,0,0,0,0,0,0,0,0,0,0,0,0,0,0,0,0,0,0,0,0,0,0,0,0,0,0,0,0
850,"why do, we never find a response for the trip to Senegal? yes we need to to to Africa, me my self, one of my little Brother and a fiend of mine. ","why do, we never find a response for the trip to Senegal? yes we need to to to Africa, me my self, one of my little Brother and a fiend of mine. ",direct,0,0,0,0,0,0,0,0,0,0,0,0,0,0,0,0,0,0,0,0,0,0,0,0,0,0,0,0,0,0,0,0,0,0,0,0
851,How are you? Feeling better? I have a very sore back also ,How are you? Feeling better? I have a very sore back also ,direct,0,0,0,0,0,0,0,0,0,0,0,0,0,0,0,0,0,0,0,0,0,0,0,0,0,0,0,0,0,0,0,0,0,0,0,0
852,Give some information please! ,Give some information please! ,direct,1,0,0,0,0,0,0,0,0,0,0,0,0,0,0,0,0,0,0,0,0,0,0,0,0,0,0,0,0,0,0,0,0,0,0,0
853,"Radio 1 Hi, I am a great plug from the area in Mirebalais Carrefou-Peligre I'm good Dj Anouce SUNDAY. ","Radio 1 Hi, I am a great plug from the area in Mirebalais Carrefou-Peligre I'm good Dj Anouce SUNDAY. ",direct,1,0,0,0,0,0,0,0,0,0,0,0,0,0,0,0,0,0,0,0,0,0,0,0,0,0,0,0,0,0,0,0,0,0,0,0
854,Aa.Bb.Cc.Dd.Ee.Ff.Gg.Hh.Ii.Jj.Kk.Ll.Mm.Nn.Oo.Pp.Qq.Rr.Ss.Tt.Uu.Vv.Ww.Xx.Yy.Zz.KERLANGE. ,Aa.Bb.Cc.Dd.Ee.Ff.Gg.Hh.Ii.Jj.Kk.Ll.Mm.Nn.Oo.Pp.Qq.Rr.Ss.Tt.Uu.Vv.Ww.Xx.Yy.Zz.KERLANGE. ,direct,2,0,0,0,0,0,0,0,0,0,0,0,0,0,0,0,0,0,0,0,0,0,0,0,0,0,0,0,0,0,0,0,0,0,0,0
855,"NOTES: I already translate this message, it's an emergency.","NOTES: I already translate this message, it's an emergency.",direct,1,1,0,1,0,0,0,0,0,0,0,0,0,0,0,0,0,0,1,0,0,0,0,0,0,0,0,0,0,0,0,0,0,0,0,0
856,We need food distributions in Larat kadet (Tomazo) ,We need food distributions in Larat kadet (Tomazo) ,direct,1,1,0,1,0,0,0,0,0,0,0,1,0,0,0,0,0,0,0,0,0,0,0,0,0,0,0,0,0,0,0,0,0,0,0,1
857,"Unitet state, why you don't send me the messages? ","Unitet state, why you don't send me the messages? ",direct,0,0,0,0,0,0,0,0,0,0,0,0,0,0,0,0,0,0,0,0,0,0,0,0,0,0,0,0,0,0,0,0,0,0,0,0
858,"ye, it's time to change our mantality, misery is not sweet, I need a job to survive thanks. ","ye, it's time to change our mantality, misery is not sweet, I need a job to survive thanks. ",direct,0,0,0,0,0,0,0,0,0,0,0,0,0,0,0,0,0,0,0,0,0,0,0,0,0,0,0,0,0,0,0,0,0,0,0,0
859,Yes Welcome have to my today Yes ............ JUMP the is mysister Good monming of ter Noon the Quest For akiJUMP Nose don't it turn their eyes? blue?  ,Yes Welcome have to my today Yes ............ JUMP the is mysister Good monming of ter Noon the Quest For akiJUMP Nose don't it turn their eyes? blue?  ,direct,0,0,0,0,0,0,0,0,0,0,0,0,0,0,0,0,0,0,0,0,0,0,0,0,0,0,0,0,0,0,0,0,0,0,0,0
860,Baby I had wanted to hear you voice so much that if I didn't i would not sleep i love you so much. ,Baby I had wanted to hear you voice so much that if I didn't i would not sleep i love you so much. ,direct,1,0,0,0,0,0,0,0,0,0,0,0,0,0,0,0,0,0,0,0,0,0,0,0,0,0,0,0,0,0,0,0,0,0,0,0
861,Call me back boo to talk all little word which. ,Call me back boo to talk all little word which. ,direct,0,0,0,0,0,0,0,0,0,0,0,0,0,0,0,0,0,0,0,0,0,0,0,0,0,0,0,0,0,0,0,0,0,0,0,0
862,I see that we stopped with the informations. ,I see that we stopped with the informations. ,direct,1,0,0,0,0,0,0,0,0,0,0,0,0,0,0,0,0,0,0,0,0,0,0,0,0,0,0,0,0,0,0,0,0,0,0,0
863,I would like to know when they are going to do the back permanent. ,I would like to know when they are going to do the back permanent. ,direct,0,0,0,0,0,0,0,0,0,0,0,0,0,0,0,0,0,0,0,0,0,0,0,0,0,0,0,0,0,0,0,0,0,0,0,0
864,NOTES: this message is not important,NOTES: this message is not important,direct,1,0,0,0,0,0,0,0,0,0,0,0,0,0,0,0,0,0,0,0,0,0,0,0,0,0,0,0,0,0,0,0,0,0,0,0
865,"FOR THE PERSON WHOSE IN CEDHEP THAT LOCATE IN SITE SOLEY VILLAGE OF RAPATRIYE. THE QUESTION IS, WE NEVER FIND NOTHING SINCE AFTER 12TH JANUARY, WE STILL STAY LIVING UNDER BED SHEET. WHEN HAS RAIN WE OBLIGE ENTER UNDER THE ANCIENT CRACKING HOUSE AS OUR SHELTER AND YOU KNOW THAT'S SO DANGEROUS FOR US.FOR THIS WE NEED HELP! ","FOR THE PERSON WHOSE IN CEDHEP THAT LOCATE IN SITE SOLEY VILLAGE OF RAPATRIYE. THE QUESTION IS, WE NEVER FIND NOTHING SINCE AFTER 12TH JANUARY, WE STILL STAY LIVING UNDER BED SHEET. WHEN HAS RAIN WE OBLIGE ENTER UNDER THE ANCIENT CRACKING HOUSE AS OUR SHELTER AND YOU KNOW THAT'S SO DANGEROUS FOR US.FOR THIS WE NEED HELP! ",direct,1,1,0,1,0,0,0,0,0,0,0,0,1,0,0,0,0,0,1,0,0,1,0,0,0,0,0,0,1,0,1,0,0,0,0,1
866,"I do not have anywhere to go to school,what can i do? ","I do not have anywhere to go to school,what can i do? ",direct,1,0,0,0,0,0,0,0,0,0,0,0,0,0,0,0,0,0,0,0,0,0,0,0,0,0,0,0,0,0,0,0,0,0,0,0
867,the earthquake of the 12th january 2010 ,the earthquake of the 12th january 2010 ,direct,1,0,0,0,0,0,0,0,0,0,0,0,0,0,0,0,0,0,0,0,0,0,0,0,0,0,0,0,1,0,0,0,1,0,0,0
868,this message is a verset he is not important to translate it ,this message is a verset he is not important to translate it ,direct,0,0,0,0,0,0,0,0,0,0,0,0,0,0,0,0,0,0,0,0,0,0,0,0,0,0,0,0,0,0,0,0,0,0,0,0
869,Have they a date the replies will finish? ,Have they a date the replies will finish? ,direct,0,0,0,0,0,0,0,0,0,0,0,0,0,0,0,0,0,0,0,0,0,0,0,0,0,0,0,0,0,0,0,0,0,0,0,0
870,I would like to find a job and a place to deposit a resume. ,I would like to find a job and a place to deposit a resume. ,direct,0,0,0,0,0,0,0,0,0,0,0,0,0,0,0,0,0,0,0,0,0,0,0,0,0,0,0,0,0,0,0,0,0,0,0,0
871,what should i do to find a job at Digicel? ,what should i do to find a job at Digicel? ,direct,0,0,0,0,0,0,0,0,0,0,0,0,0,0,0,0,0,0,0,0,0,0,0,0,0,0,0,0,0,0,0,0,0,0,0,0
872,Hello I wonder what kind of precaution that people can take small Goave. ,Hello I wonder what kind of precaution that people can take small Goave. ,direct,1,0,0,0,0,0,0,0,0,0,0,0,0,0,0,0,0,0,0,0,0,0,0,0,0,0,0,0,0,0,0,0,0,0,0,0
873,tramblement de terre d'haiti le 12 janvier 2010  ,tramblement de terre d'haiti le 12 janvier 2010  ,direct,1,0,0,0,0,0,0,0,0,0,0,0,0,0,0,0,0,0,0,0,0,0,0,0,0,0,0,0,0,0,0,0,0,0,0,0
874,"Hello my friend, You're OK! I wish you good night. Your friend ","Hello my friend, You're OK! I wish you good night. Your friend ",direct,0,0,0,0,0,0,0,0,0,0,0,0,0,0,0,0,0,0,0,0,0,0,0,0,0,0,0,0,0,0,0,0,0,0,0,0
875,"You know that the water turns to ice and flowers in fruit, even our friendship can turn into love. Please, please give me a darling little place in your heart that I can live in.I love you and I worship you forever and ever. Answer. ","You know that the water turns to ice and flowers in fruit, even our friendship can turn into love. Please, please give me a darling little place in your heart that I can live in.I love you and I worship you forever and ever. Answer. ",direct,0,0,0,0,0,0,0,0,0,0,0,0,0,0,0,0,0,0,0,0,0,0,0,0,0,0,0,0,0,0,0,0,0,0,0,0
876,Is the earthquake possible again. ,Is the earthquake possible again. ,direct,1,0,0,0,0,0,0,0,0,0,0,0,0,0,0,0,0,0,0,0,0,0,0,0,0,0,0,0,1,0,0,0,1,0,0,0
877,Good evening! when do you preview the next earthquake? I know you can't tell me the specific date but you tell me what you think! ,Good evening! when do you preview the next earthquake? I know you can't tell me the specific date but you tell me what you think! ,direct,1,0,0,0,0,0,0,0,0,0,0,0,0,0,0,0,0,0,0,0,0,0,0,0,0,0,0,0,1,0,0,0,1,0,0,0
878,"Zb rmd : dl c.lve dl 2, dl rep, dl chase. ","Zb rmd : dl c.lve dl 2, dl rep, dl chase. ",direct,2,0,0,0,0,0,0,0,0,0,0,0,0,0,0,0,0,0,0,0,0,0,0,0,0,0,0,0,0,0,0,0,0,0,0,0
879,"Hello, even if I have not answered the questions for  100 gdes but you have promised me, I think you should keep your promesses.Thank you! ","Hello, even if I have not answered the questions for  100 gdes but you have promised me, I think you should keep your promesses.Thank you! ",direct,0,0,0,0,0,0,0,0,0,0,0,0,0,0,0,0,0,0,0,0,0,0,0,0,0,0,0,0,0,0,0,0,0,0,0,0
880,I would like to know if the faculties will open. ,I would like to know if the faculties will open. ,direct,0,0,0,0,0,0,0,0,0,0,0,0,0,0,0,0,0,0,0,0,0,0,0,0,0,0,0,0,0,0,0,0,0,0,0,0
881,WHAT IS THE REPLICA ARE AND PROVIDES FOR THIS WEEK ,WHAT IS THE REPLICA ARE AND PROVIDES FOR THIS WEEK ,direct,0,0,0,0,0,0,0,0,0,0,0,0,0,0,0,0,0,0,0,0,0,0,0,0,0,0,0,0,0,0,0,0,0,0,0,0
882,I need to know how the official exams will be this year. ,I need to know how the official exams will be this year. ,direct,0,0,0,0,0,0,0,0,0,0,0,0,0,0,0,0,0,0,0,0,0,0,0,0,0,0,0,0,0,0,0,0,0,0,0,0
883,At morne acra's camp in opetion-villee the people need tents because they are wetting they only have sheets as house. You should help them. ,At morne acra's camp in opetion-villee the people need tents because they are wetting they only have sheets as house. You should help them. ,direct,1,1,0,1,0,0,0,0,0,0,0,0,1,0,0,0,0,0,0,0,0,0,0,0,0,0,0,0,0,0,0,0,0,0,0,0
884,I would like to know if realy people shouldn't sleep an our house? ,I would like to know if realy people shouldn't sleep an our house? ,direct,1,0,0,0,0,0,0,0,0,0,0,0,0,0,0,0,0,0,0,0,0,0,0,0,0,0,0,0,0,0,0,0,0,0,0,0
885,"i need more informations about what you said, i don't really understand it. Be more explicit. ","i need more informations about what you said, i don't really understand it. Be more explicit. ",direct,0,0,0,0,0,0,0,0,0,0,0,0,0,0,0,0,0,0,0,0,0,0,0,0,0,0,0,0,0,0,0,0,0,0,0,0
886,send me some pictures of the earthquake ,send me some pictures of the earthquake ,direct,1,0,0,0,0,0,0,0,0,0,0,0,0,0,0,0,0,0,0,0,0,0,0,0,0,0,0,0,1,0,0,0,1,0,0,0
887,"NOTES: This message is not complete, there's missing information.","NOTES: This message is not complete, there's missing information.",direct,1,0,0,0,0,0,0,0,0,0,0,0,0,0,0,0,0,0,0,0,0,0,0,0,0,0,0,0,0,0,0,0,0,0,0,0
888,"which organization, company give jobs for now? ","which organization, company give jobs for now? ",direct,0,0,0,0,0,0,0,0,0,0,0,0,0,0,0,0,0,0,0,0,0,0,0,0,0,0,0,0,0,0,0,0,0,0,0,0
889,Good afternoon I'd like to know if this reply can make something bad. ,Good afternoon I'd like to know if this reply can make something bad. ,direct,0,0,0,0,0,0,0,0,0,0,0,0,0,0,0,0,0,0,0,0,0,0,0,0,0,0,0,0,0,0,0,0,0,0,0,0
890,What do you yhink about the waether or temperature? ,What do you yhink about the waether or temperature? ,direct,0,0,0,0,0,0,0,0,0,0,0,0,0,0,0,0,0,0,0,0,0,0,0,0,0,0,0,0,0,0,0,0,0,0,0,0
891,"what office that responsable in the built in the zon,is the organisation jhudp ","what office that responsable in the built in the zon,is the organisation jhudp ",direct,0,0,0,0,0,0,0,0,0,0,0,0,0,0,0,0,0,0,0,0,0,0,0,0,0,0,0,0,0,0,0,0,0,0,0,0
892,im waiting for your help because i lost my wife and everything i had. ,im waiting for your help because i lost my wife and everything i had. ,direct,1,1,0,1,0,0,0,0,0,0,0,0,0,0,0,0,0,0,1,0,0,0,0,0,0,0,0,0,0,0,0,0,0,0,0,1
893,"What number that willl available for information about the bad time,My Friend the Sabbath, because Christ returns ","What number that willl available for information about the bad time,My Friend the Sabbath, because Christ returns ",direct,1,0,0,0,0,0,0,0,0,0,0,0,0,0,0,0,0,0,0,0,0,0,0,0,0,0,0,0,0,0,0,0,0,0,0,0
894,"GOOD EVENING! MY FRIEND HOW YOU LAST THE DAY, GOOD NIGHT ","GOOD EVENING! MY FRIEND HOW YOU LAST THE DAY, GOOD NIGHT ",direct,0,0,0,0,0,0,0,0,0,0,0,0,0,0,0,0,0,0,0,0,0,0,0,0,0,0,0,0,0,0,0,0,0,0,0,0
895,I have a Coral 640 does it take and how much net short term it will ,I have a Coral 640 does it take and how much net short term it will ,direct,1,0,0,0,0,0,0,0,0,0,0,0,0,0,0,0,0,0,0,0,0,0,0,0,0,0,0,0,0,0,0,0,0,0,0,0
896,"i do not understand this message older,older already ","i do not understand this message older,older already ",direct,0,0,0,0,0,0,0,0,0,0,0,0,0,0,0,0,0,0,0,0,0,0,0,0,0,0,0,0,0,0,0,0,0,0,0,0
897,What the UN gool in the country? ,What the UN gool in the country? ,direct,0,0,0,0,0,0,0,0,0,0,0,0,0,0,0,0,0,0,0,0,0,0,0,0,0,0,0,0,0,0,0,0,0,0,0,0
898,I would like to know more information on the earthquake will be arriving in thi year. ,I would like to know more information on the earthquake will be arriving in thi year. ,direct,1,1,0,0,0,0,0,0,0,0,0,0,0,0,0,0,0,0,0,0,0,0,0,0,0,0,0,0,1,0,0,0,1,0,0,1
899,i would like to have some information there ,i would like to have some information there ,direct,0,0,0,0,0,0,0,0,0,0,0,0,0,0,0,0,0,0,0,0,0,0,0,0,0,0,0,0,0,0,0,0,0,0,0,0
900,"We are in the same way, more precisely in btin we need shelter, work with a good way to build shelter. Thanks ","We are in the same way, more precisely in btin we need shelter, work with a good way to build shelter. Thanks ",direct,1,1,0,1,0,0,0,0,0,0,0,0,1,0,0,0,0,0,0,0,0,0,0,0,0,0,0,0,0,0,0,0,0,0,0,1
901,Talk to me about the earthquake. ,Talk to me about the earthquake. ,direct,1,0,0,0,0,0,0,0,0,0,0,0,0,0,0,0,0,0,0,0,0,0,0,0,0,0,0,0,1,0,0,0,1,0,0,0
902,Csn we sleep inside the house dal Concrete. ,Csn we sleep inside the house dal Concrete. ,direct,1,0,0,0,0,0,0,0,0,0,0,0,0,0,0,0,0,0,0,0,0,0,0,0,0,0,0,0,0,0,0,0,0,0,0,1
903,How much hours a student can spend under a family tent. ,How much hours a student can spend under a family tent. ,direct,1,0,0,0,0,0,0,0,0,0,0,0,0,0,0,0,0,0,0,0,0,0,0,0,0,0,0,0,0,0,0,0,0,0,0,0
904,NOTES: This message is not importsnt for my work.,NOTES: This message is not importsnt for my work.,direct,0,0,0,0,0,0,0,0,0,0,0,0,0,0,0,0,0,0,0,0,0,0,0,0,0,0,0,0,0,0,0,0,0,0,0,0
905,NOTES: This message is threatening.,NOTES: This message is threatening.,direct,0,0,0,0,0,0,0,0,0,0,0,0,0,0,0,0,0,0,0,0,0,0,0,0,0,0,0,0,0,0,0,0,0,0,0,0
906,what does the education minister is preparing with the students in permanent baccalaureate ,what does the education minister is preparing with the students in permanent baccalaureate ,direct,0,0,0,0,0,0,0,0,0,0,0,0,0,0,0,0,0,0,0,0,0,0,0,0,0,0,0,0,0,0,0,0,0,0,0,0
907,"when the earthquake reply often after january 12,wat should we do? ","when the earthquake reply often after january 12,wat should we do? ",direct,1,1,0,0,0,0,0,0,0,0,0,0,0,0,0,0,0,0,0,0,0,0,0,0,0,0,0,0,1,0,0,0,1,0,0,1
908,I would like to know whether we can enter the house dal Concrete Is not fisire. earthquake ground will last longer thanks. ,I would like to know whether we can enter the house dal Concrete Is not fisire. earthquake ground will last longer thanks. ,direct,1,0,0,1,0,0,0,0,0,0,0,0,1,0,0,0,0,0,0,0,0,0,0,0,0,0,0,0,1,0,0,0,1,0,0,1
909,will the have the cyclon at Port-Au-Prince? ,will the have the cyclon at Port-Au-Prince? ,direct,1,0,0,0,0,0,0,0,0,0,0,0,0,0,0,0,0,0,0,0,0,0,0,0,0,0,0,0,1,0,1,0,0,0,0,0
910,they said: tomorrow the black replace the day at 12:00. it's truth? reply ,they said: tomorrow the black replace the day at 12:00. it's truth? reply ,direct,0,0,0,0,0,0,0,0,0,0,0,0,0,0,0,0,0,0,0,0,0,0,0,0,0,0,0,0,0,0,0,0,0,0,0,0
911,The nicotine is very toxic for the nervous system for the heart and tired sanguine vessels eles tars provoke the cancers of the lip of the language of the larynx of loesophage eles irritating bronciques such as phenol acroleine provoke of ,The nicotine is very toxic for the nervous system for the heart and tired sanguine vessels eles tars provoke the cancers of the lip of the language of the larynx of loesophage eles irritating bronciques such as phenol acroleine provoke of ,direct,1,0,0,0,0,0,0,0,0,0,0,0,0,0,0,0,0,0,0,0,0,0,0,0,0,0,0,0,0,0,0,0,0,0,0,0
912,NOTES: I had already translated this message.,NOTES: I had already translated this message.,direct,0,0,0,0,0,0,0,0,0,0,0,0,0,0,0,0,0,0,0,0,0,0,0,0,0,0,0,0,0,0,0,0,0,0,0,0
913,We need tent indelmas 18 because we don't find nothing in the area. ,We need tent indelmas 18 because we don't find nothing in the area. ,direct,1,1,0,1,0,0,0,0,0,0,0,0,1,0,0,0,0,0,0,0,0,0,0,0,0,0,0,0,0,0,0,0,0,0,0,1
914,Is that right they will have earthquake once again? ,Is that right they will have earthquake once again? ,direct,1,0,0,0,0,0,0,0,0,0,0,0,0,0,0,0,0,0,0,0,0,0,0,0,0,0,0,0,1,0,0,0,1,0,0,0
915,"question that i have is, i was in elementry school at saint jean bosco of saleziene,do will i have access to go to anorther school,this is the message i wanted to ask. ","question that i have is, i was in elementry school at saint jean bosco of saleziene,do will i have access to go to anorther school,this is the message i wanted to ask. ",direct,0,0,0,0,0,0,0,0,0,0,0,0,0,0,0,0,0,0,0,0,0,0,0,0,0,0,0,0,0,0,0,0,0,0,0,0
916,is there possibility to have a natural catastrophy this week ,is there possibility to have a natural catastrophy this week ,direct,1,0,0,0,0,0,0,0,0,0,0,0,0,0,0,0,0,0,0,0,0,0,0,0,0,0,0,0,1,0,0,0,0,0,1,0
917,"we want to bring to your notice that starting today, the 4636 service for emergency information.. ","we want to bring to your notice that starting today, the 4636 service for emergency information.. ",direct,1,0,0,0,0,0,0,0,0,0,0,0,0,0,0,0,0,0,0,0,0,0,0,0,0,0,0,0,0,0,0,0,0,0,0,0
918,I woul like to know the areas who at risk. ,I woul like to know the areas who at risk. ,direct,1,0,0,0,0,0,0,0,0,0,0,0,0,0,0,0,0,0,0,0,0,0,0,0,0,0,0,0,0,0,0,0,0,0,0,1
919,I HEAR THAT THERE'S CYCLONE IS IT TRUE? ,I HEAR THAT THERE'S CYCLONE IS IT TRUE? ,direct,1,0,0,0,0,0,0,0,0,0,0,0,0,0,0,0,0,0,0,0,0,0,0,0,0,0,0,0,1,0,1,0,0,0,0,0
920,"Please, give me all the latest information. Thanks ","Please, give me all the latest information. Thanks ",direct,1,0,0,0,0,0,0,0,0,0,0,0,0,0,0,0,0,0,0,0,0,0,0,0,0,0,0,0,0,0,0,0,0,0,0,0
921,we don't have water in delma camp. ,we don't have water in delma camp. ,direct,1,1,0,1,0,0,0,0,0,0,1,0,0,0,0,0,0,0,0,0,0,0,0,0,0,0,0,0,1,1,0,0,0,0,0,1
922,Is it provides for the tsunami of Cap? ,Is it provides for the tsunami of Cap? ,direct,1,0,0,0,0,0,0,0,0,0,0,0,0,0,0,0,0,0,0,0,0,0,0,0,0,0,0,0,0,0,0,0,0,0,0,0
923,NOTES: I translated this message,NOTES: I translated this message,direct,0,0,0,0,0,0,0,0,0,0,0,0,0,0,0,0,0,0,0,0,0,0,0,0,0,0,0,0,0,0,0,0,0,0,0,0
924,A little information please about of the country. ,A little information please about of the country. ,direct,1,0,0,0,0,0,0,0,0,0,0,0,0,0,0,0,0,0,0,0,0,0,0,0,0,0,0,0,0,0,0,0,0,0,0,0
925,is possible to have a tsunamis at Jeremie? ,is possible to have a tsunamis at Jeremie? ,direct,1,0,0,0,0,0,0,0,0,0,0,0,0,0,0,0,0,0,0,0,0,0,0,0,0,0,0,0,1,0,0,0,0,0,1,0
926,how some one can send his colum vital for jobpam.com if he gets it on his jump? ,how some one can send his colum vital for jobpam.com if he gets it on his jump? ,direct,0,0,0,0,0,0,0,0,0,0,0,0,0,0,0,0,0,0,0,0,0,0,0,0,0,0,0,0,0,0,0,0,0,0,0,0
927,"Please, send me 50 gourdes.Thanks ","Please, send me 50 gourdes.Thanks ",direct,1,0,0,0,0,0,0,0,0,0,0,0,0,0,0,0,0,0,0,0,0,0,0,0,0,0,0,0,0,0,0,0,0,0,0,0
928,this message is not important to translate cause isn't clear ,this message is not important to translate cause isn't clear ,direct,0,0,0,0,0,0,0,0,0,0,0,0,0,0,0,0,0,0,0,0,0,0,0,0,0,0,0,0,0,0,0,0,0,0,0,0
929,Is there going to be a terrible earthquake? ,Is there going to be a terrible earthquake? ,direct,1,0,0,0,0,0,0,0,0,0,0,0,0,0,0,0,0,0,0,0,0,0,0,0,0,0,0,0,1,0,0,0,1,0,0,0
930,send actualities about United States ,send actualities about United States ,direct,0,0,0,0,0,0,0,0,0,0,0,0,0,0,0,0,0,0,0,0,0,0,0,0,0,0,0,0,0,0,0,0,0,0,0,0
931,Try business with Digicel Haiti ,Try business with Digicel Haiti ,direct,0,0,0,0,0,0,0,0,0,0,0,0,0,0,0,0,0,0,0,0,0,0,0,0,0,0,0,0,0,0,0,0,0,0,0,0
932,NOTES: This message is not too important for my task.,NOTES: This message is not too important for my task.,direct,0,0,0,0,0,0,0,0,0,0,0,0,0,0,0,0,0,0,0,0,0,0,0,0,0,0,0,0,0,0,0,0,0,0,0,0
933,hi! please did the meeting at the parliament pass well? what happened finally? thank you for advances. BFH ,hi! please did the meeting at the parliament pass well? what happened finally? thank you for advances. BFH ,direct,0,0,0,0,0,0,0,0,0,0,0,0,0,0,0,0,0,0,0,0,0,0,0,0,0,0,0,0,0,0,0,0,0,0,0,0
934,is there someone always under rubbish in Port-au-Prince? ,is there someone always under rubbish in Port-au-Prince? ,direct,1,0,0,0,0,0,0,0,0,0,0,0,0,0,0,0,0,0,0,0,0,0,0,0,0,0,0,0,0,0,0,0,0,0,0,0
935,can we have the current address of the hospital with the name''Medecins sans frontieres''which was at the zone of ''Christ-Roi''? ,can we have the current address of the hospital with the name''Medecins sans frontieres''which was at the zone of ''Christ-Roi''? ,direct,0,0,0,0,0,0,0,0,0,0,0,0,0,0,0,0,0,0,0,0,0,0,0,0,0,0,0,0,0,0,0,0,0,0,0,0
936,I would like to where can i go to redo my certificate birthday thanks ,I would like to where can i go to redo my certificate birthday thanks ,direct,0,0,0,0,0,0,0,0,0,0,0,0,0,0,0,0,0,0,0,0,0,0,0,0,0,0,0,0,0,0,0,0,0,0,0,0
937,"good morning louko,i'm joneldi hearing the radio at adelma 33. big up saint pierre for me.please ","good morning louko,i'm joneldi hearing the radio at adelma 33. big up saint pierre for me.please ",direct,0,0,0,0,0,0,0,0,0,0,0,0,0,0,0,0,0,0,0,0,0,0,0,0,0,0,0,0,0,0,0,0,0,0,0,0
938,I have a child who is burned where must I go with him ,I have a child who is burned where must I go with him ,direct,1,1,0,1,1,0,0,0,0,0,0,0,0,0,0,0,0,0,0,0,0,0,0,0,0,0,0,0,0,0,0,0,0,0,0,1
939,urgent information about big winds which are blowing over haiti above all the coastal areas. ,urgent information about big winds which are blowing over haiti above all the coastal areas. ,direct,1,0,0,0,0,0,0,0,0,0,0,0,0,0,0,0,0,0,0,0,0,0,0,0,0,0,0,0,1,0,1,0,0,0,0,0
940,thank you the 4636 service for the text. ,thank you the 4636 service for the text. ,direct,1,0,0,0,0,0,0,0,0,0,0,0,0,0,0,0,0,0,0,0,0,0,0,0,0,0,0,0,0,0,0,0,0,0,0,0
941,"The company became boring, we make money messages and do not l booklet, that is yes abuse voila will don't what ","The company became boring, we make money messages and do not l booklet, that is yes abuse voila will don't what ",direct,0,0,0,0,0,0,0,0,0,0,0,0,0,0,0,0,0,0,0,0,0,0,0,0,0,0,0,0,0,0,0,0,0,0,0,0
942,i'm happy you come back with this program we have a board commition we never finf nothing.we need agricutural implement.residence is street the lenterment in front of college bird.we waiting the answer ,i'm happy you come back with this program we have a board commition we never finf nothing.we need agricutural implement.residence is street the lenterment in front of college bird.we waiting the answer ,direct,1,0,0,0,0,0,0,0,0,0,0,0,0,0,0,0,0,0,0,0,0,0,0,0,0,0,0,0,0,0,0,0,0,0,0,0
943,The rain is stuping us from are sleep fontamara street 27 jeannot prola area  delwi dekayt ,The rain is stuping us from are sleep fontamara street 27 jeannot prola area  delwi dekayt ,direct,1,1,0,0,0,0,0,0,0,0,0,0,0,0,0,0,0,0,0,0,0,0,0,0,0,0,0,0,1,0,1,0,0,0,0,1
944,i want to know how many people died after 12 ,i want to know how many people died after 12 ,direct,1,0,0,1,0,0,0,0,0,0,0,0,0,0,0,0,0,1,0,0,0,0,0,0,0,0,0,0,0,0,0,0,0,0,0,0
945,"Good morning,this is Jean Wilner the superbrancher in Miragoane. ","Good morning,this is Jean Wilner the superbrancher in Miragoane. ",direct,1,0,0,0,0,0,0,0,0,0,0,0,0,0,0,0,0,0,0,0,0,0,0,0,0,0,0,0,0,0,0,0,0,0,0,0
946,Tell me more about they state university ,Tell me more about they state university ,direct,1,0,0,0,0,0,0,0,0,0,0,0,0,0,0,0,0,0,0,0,0,0,0,0,0,0,0,0,0,0,0,0,0,0,0,0
947,"It is a truth there's a volcano who to burst the haitian country? Question 2: I f there is one part of haiti will to break? But KAFOU before? thank you, i wait your answer. ","It is a truth there's a volcano who to burst the haitian country? Question 2: I f there is one part of haiti will to break? But KAFOU before? thank you, i wait your answer. ",direct,1,0,0,0,0,0,0,0,0,0,0,0,0,0,0,0,0,0,0,0,0,0,0,0,0,0,0,0,1,0,0,0,0,0,1,0
948,I would like to know of informations about the earthquake. ,I would like to know of informations about the earthquake. ,direct,1,0,0,0,0,0,0,0,0,0,0,0,0,0,0,0,0,0,0,0,0,0,0,0,0,0,0,0,1,0,0,0,1,0,0,0
949,What could i to find some food and water for 500 people? ,What could i to find some food and water for 500 people? ,direct,1,1,0,1,0,0,0,0,0,0,1,1,0,0,0,0,0,0,0,0,0,0,0,0,0,0,0,0,0,0,0,0,0,0,0,0
950,NOTES: This message is not complete.,NOTES: This message is not complete.,direct,1,0,0,0,0,0,0,0,0,0,0,0,0,0,0,0,0,0,0,0,0,0,0,0,0,0,0,0,0,0,0,0,0,0,0,0
951,"Someone told me that the central tray will not hit by the earthquake, give me some information please. ","Someone told me that the central tray will not hit by the earthquake, give me some information please. ",direct,1,0,0,0,0,0,0,0,0,0,0,0,0,0,0,0,0,0,0,0,0,0,0,0,0,0,0,0,1,0,0,0,1,0,0,0
952,could people enter rooms that was made in concrete and whish not crack? cause the wind's blows out. ,could people enter rooms that was made in concrete and whish not crack? cause the wind's blows out. ,direct,1,0,0,0,0,0,0,0,0,0,0,0,0,0,0,0,0,0,0,0,0,0,0,0,0,0,0,0,1,0,1,0,0,0,0,0
953,How the temperature this morning? ,How the temperature this morning? ,direct,0,0,0,0,0,0,0,0,0,0,0,0,0,0,0,0,0,0,0,0,0,0,0,0,0,0,0,0,0,0,0,0,0,0,0,0
954,Help Delmas 9 rue du Cosquer please! ,Help Delmas 9 rue du Cosquer please! ,direct,1,1,0,0,0,0,0,0,0,0,0,0,0,0,0,0,0,0,0,0,0,0,0,0,0,0,0,0,0,0,0,0,0,0,0,1
955,we never send a message for me. ,we never send a message for me. ,direct,0,0,0,0,0,0,0,0,0,0,0,0,0,0,0,0,0,0,0,0,0,0,0,0,0,0,0,0,0,0,0,0,0,0,0,0
956,Is there any risk to Haiti on the earthquake. ,Is there any risk to Haiti on the earthquake. ,direct,1,0,0,0,0,0,0,0,0,0,0,0,0,0,0,0,0,0,0,0,0,0,0,0,0,0,0,0,1,0,0,0,1,0,0,0
957,you go around in the area born.fer Petit-Goave first section we find nothing ,you go around in the area born.fer Petit-Goave first section we find nothing ,direct,0,0,0,0,0,0,0,0,0,0,0,0,0,0,0,0,0,0,0,0,0,0,0,0,0,0,0,0,0,0,0,0,0,0,0,0
958,inform me how is the meteologic situation for this week. ,inform me how is the meteologic situation for this week. ,direct,0,0,0,0,0,0,0,0,0,0,0,0,0,0,0,0,0,0,0,0,0,0,0,0,0,0,0,0,0,0,0,0,0,0,0,0
959,NOTES: This message is not important. This person is joking.,NOTES: This message is not important. This person is joking.,direct,0,0,0,0,0,0,0,0,0,0,0,0,0,0,0,0,0,0,0,0,0,0,0,0,0,0,0,0,0,0,0,0,0,0,0,0
960,"I have a schools I led but we do not have money to do it work, we needs help. ","I have a schools I led but we do not have money to do it work, we needs help. ",direct,1,0,0,0,0,0,0,0,0,0,0,0,0,0,0,0,0,0,0,0,0,0,0,0,0,0,0,0,0,0,0,0,0,0,0,0
961,"Hello, I congratulate you for this good work, I want to know something, I think you can help me, is what a mosquito bite can transmit HIV / AIDS? ","Hello, I congratulate you for this good work, I want to know something, I think you can help me, is what a mosquito bite can transmit HIV / AIDS? ",direct,1,0,0,0,0,0,0,0,0,0,0,0,0,0,0,0,0,0,0,0,0,0,0,0,0,0,0,0,0,0,0,0,0,0,0,0
962,In the camp where i'm don't have toilet. ,In the camp where i'm don't have toilet. ,direct,1,1,0,1,0,0,0,0,0,0,0,0,0,0,0,0,0,0,1,0,0,0,0,0,0,0,0,0,0,0,0,0,0,0,0,1
963,I need help because i am really in need than how could you help me please. ,I need help because i am really in need than how could you help me please. ,direct,1,1,0,1,0,0,0,0,0,0,0,0,0,0,0,0,0,0,1,0,0,0,0,0,0,0,0,0,0,0,0,0,0,0,0,1
964,NOTES: THis kind of message is not important to translate because he don't have repport whit my work.,NOTES: THis kind of message is not important to translate because he don't have repport whit my work.,direct,0,0,0,0,0,0,0,0,0,0,0,0,0,0,0,0,0,0,0,0,0,0,0,0,0,0,0,0,0,0,0,0,0,0,0,0
965,NOTES: this text is not important cause is not concerned by the mission at 1000 jobs,NOTES: this text is not important cause is not concerned by the mission at 1000 jobs,direct,0,0,0,0,0,0,0,0,0,0,0,0,0,0,0,0,0,0,0,0,0,0,0,0,0,0,0,0,0,0,0,0,0,0,0,0
966,I want to know why Dinepa has to choose to sell l' water now ,I want to know why Dinepa has to choose to sell l' water now ,direct,1,0,0,0,0,0,0,0,0,0,0,0,0,0,0,0,0,0,0,0,0,0,0,0,0,0,0,0,0,0,0,0,0,0,0,0
967,"Aristocratic: It's a politic system in which a social category do the laws, exercise sovereign power by the intermediary of one of its representatives. The priciples which found is moderation. ","Aristocratic: It's a politic system in which a social category do the laws, exercise sovereign power by the intermediary of one of its representatives. The priciples which found is moderation. ",direct,0,0,0,0,0,0,0,0,0,0,0,0,0,0,0,0,0,0,0,0,0,0,0,0,0,0,0,0,0,0,0,0,0,0,0,0
968,"Big up louco how you feel I'm healthy,it's just a divin grace ","Big up louco how you feel I'm healthy,it's just a divin grace ",direct,0,0,0,0,0,0,0,0,0,0,0,0,0,0,0,0,0,0,0,0,0,0,0,0,0,0,0,0,0,0,0,0,0,0,0,0
969,Where FAES office locations and number of MFT. ,Where FAES office locations and number of MFT. ,direct,0,0,0,0,0,0,0,0,0,0,0,0,0,0,0,0,0,0,0,0,0,0,0,0,0,0,0,0,0,0,0,0,0,0,0,0
970,"thanks friendsi would like to confirm this information,there are twenty haitien who made a helicopter?it's true ","thanks friendsi would like to confirm this information,there are twenty haitien who made a helicopter?it's true ",direct,1,0,0,0,0,0,0,0,0,0,0,0,0,0,0,0,0,0,0,0,0,0,0,0,0,0,0,0,0,0,0,0,0,0,0,0
971,it's me renaise who send you the message. i forgot.. ,it's me renaise who send you the message. i forgot.. ,direct,1,0,0,0,0,0,0,0,0,0,0,0,0,0,0,0,0,0,0,0,0,0,0,0,0,0,0,0,0,0,0,0,0,0,0,0
972,"am a youth who need to study, to useful my country, I do not have the means.I would like to Haitian government and the community international help me. ","am a youth who need to study, to useful my country, I do not have the means.I would like to Haitian government and the community international help me. ",direct,1,0,0,0,0,0,0,0,0,0,0,0,0,0,0,0,0,0,0,0,0,0,0,0,0,0,0,0,0,0,0,0,0,0,0,0
973,NOTES: This message is not important to translate because he don't have any repport with my work.,NOTES: This message is not important to translate because he don't have any repport with my work.,direct,0,0,0,0,0,0,0,0,0,0,0,0,0,0,0,0,0,0,0,0,0,0,0,0,0,0,0,0,0,0,0,0,0,0,0,0
974,NOTES: This person has the wrong number.,NOTES: This person has the wrong number.,direct,0,0,0,0,0,0,0,0,0,0,0,0,0,0,0,0,0,0,0,0,0,0,0,0,0,0,0,0,0,0,0,0,0,0,0,0
975,What must he have to find a visa after to do the passport ,What must he have to find a visa after to do the passport ,direct,0,0,0,0,0,0,0,0,0,0,0,0,0,0,0,0,0,0,0,0,0,0,0,0,0,0,0,0,0,0,0,0,0,0,0,0
976,so i don't speak english express to in French ,so i don't speak english express to in French ,direct,1,0,0,0,0,0,0,0,0,0,0,0,0,0,0,0,0,0,0,0,0,0,0,0,0,0,0,0,0,0,0,0,0,0,0,0
977,"We are hungry, thirsty, we sleep under the stars has always, because our homes are destroyed, help us in the new haiti we would like to participate, I just to let you know that the people have the vilage solidarity serious problem for the lack of water for four days. ","We are hungry, thirsty, we sleep under the stars has always, because our homes are destroyed, help us in the new haiti we would like to participate, I just to let you know that the people have the vilage solidarity serious problem for the lack of water for four days. ",direct,1,1,0,1,0,0,0,0,0,0,1,1,1,0,0,0,0,0,0,0,0,1,0,0,0,0,0,0,1,0,0,0,1,0,0,1
978,"to know who's the winner in the special from April 5th to May 2nd,what i can do ,cause i'm in province,i wanna know, as it was in the christmas's period. ","to know who's the winner in the special from April 5th to May 2nd,what i can do ,cause i'm in province,i wanna know, as it was in the christmas's period. ",direct,0,0,0,0,0,0,0,0,0,0,0,0,0,0,0,0,0,0,0,0,0,0,0,0,0,0,0,0,0,0,0,0,0,0,0,0
979,"How important is this issue, so when I need information I can not manage to find the answer. Who is responsible for this issue. ","How important is this issue, so when I need information I can not manage to find the answer. Who is responsible for this issue. ",direct,1,0,0,0,0,0,0,0,0,0,0,0,0,0,0,0,0,0,0,0,0,0,0,0,0,0,0,0,0,0,0,0,0,0,0,0
980,"Because of the heat, the charge should be given to students of juice every day as horsetails. ","Because of the heat, the charge should be given to students of juice every day as horsetails. ",direct,1,0,0,0,0,0,0,0,0,0,0,0,0,0,0,0,0,0,0,0,0,0,0,0,0,0,0,0,0,0,0,0,0,0,0,0
981,RT selenagomez UNICEF has just announced an emergency alert for the people of Haiti who were hit by a 7.0 earthquake and a tsunami.. ..,RT selenagomez UNICEF has just announced an emergency alert for the people of Haiti who were hit by a 7.0 earthquake and a tsunami.. ..,social,1,0,0,1,0,0,0,0,0,0,0,0,0,0,0,0,0,0,1,0,0,0,0,0,0,0,0,0,1,0,0,0,1,0,0,0
982,RT YURFAVHALFBREED Moment of silence for those devastated by the earthquake in Haiti,RT YURFAVHALFBREED Moment of silence for those devastated by the earthquake in Haiti,social,1,0,0,0,0,0,0,0,0,0,0,0,0,0,0,0,0,0,0,0,0,0,0,0,0,0,0,0,0,0,0,0,0,0,0,0
983,Earthquake in #Haiti? Does anyone know anything about this?,Earthquake in #Haiti? Does anyone know anything about this?,social,1,0,0,0,0,0,0,0,0,0,0,0,0,0,0,0,0,0,0,0,0,0,0,0,0,0,0,0,1,0,0,0,1,0,0,0
984,RT OrphanProject Most of you have probably heard this but Haiti was hit by a 7.3 Magnitude earthquake at approx. 4 30pm today. .. htt ..,RT OrphanProject Most of you have probably heard this but Haiti was hit by a 7.3 Magnitude earthquake at approx. 4 30pm today. .. htt ..,social,1,0,0,0,0,0,0,0,0,0,0,0,0,0,0,0,0,0,0,0,0,0,0,0,0,0,0,0,1,0,0,0,1,0,0,0
985,In Punta Cana Dominican Republic for a friend s wedding. Earthquake that rocked Haiti was not felt here. Feel bad for those folks.,In Punta Cana Dominican Republic for a friend s wedding. Earthquake that rocked Haiti was not felt here. Feel bad for those folks.,social,1,0,0,0,0,0,0,0,0,0,0,0,0,0,0,0,0,0,0,0,0,0,0,0,0,0,0,0,1,0,0,0,1,0,0,0
986,Earthquake roks the country of Haiti Pls Pray! This is the root of Bien Abye!,Earthquake roks the country of Haiti Pls Pray! This is the root of Bien Abye!,social,1,0,0,0,0,0,0,0,0,0,0,0,0,0,0,0,0,0,0,0,0,0,0,0,0,0,0,0,1,0,0,0,1,0,0,0
987,please take a moment and pray for haiti! 7.0 earthquake hit near port au prince.,please take a moment and pray for haiti! 7.0 earthquake hit near port au prince.,social,1,0,0,0,0,0,0,0,0,0,0,0,0,0,0,0,0,0,0,0,0,0,0,0,0,0,0,0,1,0,0,0,1,0,0,0
988,Many casualties expected after big quake in Haiti PORT AU PRINCE Haiti AP The largest earthquake ever r.. http ow.ly 16kdNM,Many casualties expected after big quake in Haiti PORT AU PRINCE Haiti AP The largest earthquake ever r.. http ow.ly 16kdNM,social,1,0,0,1,0,0,0,0,0,0,0,0,0,0,0,0,0,1,0,0,0,0,0,0,0,0,0,0,1,0,0,0,1,0,0,0
989,Everyone please pray for those who are in the dark tonight and who are suffering either physically or emotionally form this earthquake.,Everyone please pray for those who are in the dark tonight and who are suffering either physically or emotionally form this earthquake.,social,1,0,0,0,0,0,0,0,0,0,0,0,0,0,0,0,0,0,0,0,0,0,1,0,0,0,0,0,1,0,0,0,1,0,0,0
990,RT larry411 RT RebFef RT Chris_Gorham The Red Cross needs your help earthquake in #Haiti http bit.ly 4XMCoB via RedCross,RT larry411 RT RebFef RT Chris_Gorham The Red Cross needs your help earthquake in #Haiti http bit.ly 4XMCoB via RedCross,social,1,1,0,1,0,0,0,0,0,0,0,0,0,0,0,0,0,0,1,0,0,0,0,0,0,0,0,0,1,0,0,0,1,0,0,0
991,RT compassion Donate to our Disaster Relief Fund to help those affected by the Haiti earthquake http bit.ly 6l9Xhv favorited false in_reply_to_user_id null in_reply_to_status_id null in_reply_to_screen_name null source <a href= http www.tweetdeck.com rel= nofollow >TweetDeck< a>,RT compassion Donate to our Disaster Relief Fund to help those affected by the Haiti earthquake http bit.ly 6l9Xhv favorited false in_reply_to_user_id null in_reply_to_status_id null in_reply_to_screen_name null source <a href= http www.tweetdeck.com rel= nofollow >TweetDeck< a>,social,1,0,0,0,0,0,0,0,0,0,0,0,0,0,0,0,0,0,0,0,0,0,0,0,0,0,0,0,0,0,0,0,0,0,0,0
992,wow now i feel bad for my post earthquake tweet. i felt it just a little and thought it wasn t a big deal.,wow now i feel bad for my post earthquake tweet. i felt it just a little and thought it wasn t a big deal.,social,1,0,0,0,0,0,0,0,0,0,0,0,0,0,0,0,0,0,0,0,0,0,0,0,0,0,0,0,1,0,0,0,1,0,0,0
993,Deadly Earthquake Strikes Haiti AmeriCares Sending Disaster Relief http dlvr.it QLp,Deadly Earthquake Strikes Haiti AmeriCares Sending Disaster Relief http dlvr.it QLp,social,1,0,0,1,0,0,0,0,0,0,0,0,0,0,0,0,0,0,1,0,0,0,0,0,0,0,0,0,1,0,0,0,1,0,0,0
994,RT myfoxdc myfoxdc PHOTOS Haiti Earthquake Aftermath A major earthquake left thousands of people in and around nPort O.. http tiny ..,RT myfoxdc myfoxdc PHOTOS Haiti Earthquake Aftermath A major earthquake left thousands of people in and around nPort O.. http tiny ..,social,1,0,0,0,0,0,0,0,0,0,0,0,0,0,0,0,0,0,0,0,0,0,0,0,0,0,0,0,1,0,0,0,1,0,0,1
995,RT protagonistas_ Impresionante fotograf u00eda del Palacio Presidencial en Hait u00ed antes y despu u00e9s http twitpic.com xvzzt #Haiti #Earthquake,RT protagonistas_ Impresionante fotograf u00eda del Palacio Presidencial en Hait u00ed antes y despu u00e9s http twitpic.com xvzzt #Haiti #Earthquake,social,1,0,0,0,0,0,0,0,0,0,0,0,0,0,0,0,0,0,0,0,0,1,0,0,0,0,0,0,1,0,0,0,1,0,0,0
996,NEWS Anxious Haitians in U.S. Search for Information The devastating earthquake left Haitian Americans scramblin.. http ow.ly 16kkSR,NEWS Anxious Haitians in U.S. Search for Information The devastating earthquake left Haitian Americans scramblin.. http ow.ly 16kkSR,social,1,0,0,0,0,0,0,0,0,0,0,0,0,0,0,0,0,0,0,0,0,0,0,0,0,0,0,0,1,0,0,0,1,0,0,0
997,RT Karoli RT lanewsnow Haiti Presidential Palace before and after earthquake http twitpic.com xvzzt #Haiti || shocking,RT Karoli RT lanewsnow Haiti Presidential Palace before and after earthquake http twitpic.com xvzzt #Haiti || shocking,social,1,0,0,0,0,0,0,0,0,0,0,0,0,0,0,0,0,0,0,0,0,1,0,0,0,0,0,0,1,0,0,0,1,0,0,0
998,No weed for the governator RT BreakingNews Schwarzenegger proclaims state of emergency in Humboldt County due to Saturday s earthquake..,No weed for the governator RT BreakingNews Schwarzenegger proclaims state of emergency in Humboldt County due to Saturday s earthquake..,social,1,0,0,0,0,0,0,0,0,0,0,0,0,0,0,0,0,0,0,0,0,0,0,0,0,0,0,0,1,0,0,0,1,0,0,0
999,https secure.unicefusa.org site Donation2?df_id=6680&6680.donation=form1 Donate for Haiti earthquake relief,https secure.unicefusa.org site Donation2?df_id=6680&6680.donation=form1 Donate for Haiti earthquake relief,social,1,1,0,1,0,0,0,0,0,0,0,0,0,0,1,0,0,0,0,0,0,0,0,0,0,0,0,0,1,0,0,0,1,0,0,0
1000,#omgfacts Fox News isn t reporting the earthquake in Haiti #FOXfail,#omgfacts Fox News isn t reporting the earthquake in Haiti #FOXfail,social,1,0,0,0,0,0,0,0,0,0,0,0,0,0,0,0,0,0,0,0,0,0,0,0,0,0,0,0,1,0,0,0,1,0,0,0
1001,New blog post Haiti DisasterI mportan earthquake http tinyurl.com yeg9hxd,New blog post Haiti DisasterI mportan earthquake http tinyurl.com yeg9hxd,social,1,0,0,0,0,0,0,0,0,0,0,0,0,0,0,0,0,0,0,0,0,0,0,0,0,0,0,0,1,0,0,0,1,0,0,0
1002,Updates from the Haiti earthquake Posted http bit.ly 7chZDX,Updates from the Haiti earthquake Posted http bit.ly 7chZDX,social,1,0,0,0,0,0,0,0,0,0,0,0,0,0,0,0,0,0,0,0,0,0,0,0,0,0,0,0,1,0,0,0,1,0,0,0
1003,! cousin Nebraskans with ties to Haiti hold breath on news of earthquake http bit.ly 54I4dH,! cousin Nebraskans with ties to Haiti hold breath on news of earthquake http bit.ly 54I4dH,social,1,0,0,0,0,0,0,0,0,0,0,0,0,0,0,0,0,0,0,0,0,0,0,0,0,0,0,0,1,0,0,0,1,0,0,0
1004,Thoughts and prayers to those affected by Haiti earthquake..very sad!,Thoughts and prayers to those affected by Haiti earthquake..very sad!,social,1,0,0,0,0,0,0,0,0,0,0,0,0,0,0,0,0,0,0,0,0,0,0,0,0,0,0,0,1,0,0,0,1,0,0,0
1005,Catastrophe feared after big earthquake strikes Haiti http goo.gl fb dhSh,Catastrophe feared after big earthquake strikes Haiti http goo.gl fb dhSh,social,1,0,0,0,0,0,0,0,0,0,0,0,0,0,0,0,0,0,0,0,0,0,0,0,0,0,0,0,1,0,0,0,1,0,0,0
1006,RT aplusk If you want to DONATE to HAITI EARTHQUAKE RELIEF http tinyurl.com ya6kpzm,RT aplusk If you want to DONATE to HAITI EARTHQUAKE RELIEF http tinyurl.com ya6kpzm,social,1,1,0,1,0,0,0,0,0,0,0,0,0,0,1,0,0,0,0,0,0,0,0,0,0,0,0,0,1,0,0,0,1,0,0,0
1007,RT backblocks RT BADGIRLSTREETS smh Haiti Presidential Palace before and after earthquake http twitpic.com xvzzt #Haiti,RT backblocks RT BADGIRLSTREETS smh Haiti Presidential Palace before and after earthquake http twitpic.com xvzzt #Haiti,social,1,0,0,0,0,0,0,0,0,0,0,0,0,0,0,0,0,0,0,0,0,1,0,0,0,0,0,0,1,0,0,0,1,0,0,0
1008,real time photos of streaming from #haiti http tinyurl.com ybboxnw #earthquake #helphaiti,real time photos of streaming from #haiti http tinyurl.com ybboxnw #earthquake #helphaiti,social,1,0,0,0,0,0,0,0,0,0,0,0,0,0,0,0,0,0,0,0,0,0,0,0,0,0,0,0,0,0,0,0,0,0,0,0
1009,Earthquake Haiti donate to a Dutch foundation that helps Haiti with different projects http bit.ly 77sEhW,Earthquake Haiti donate to a Dutch foundation that helps Haiti with different projects http bit.ly 77sEhW,social,1,0,1,1,0,0,0,0,0,0,0,0,0,0,1,0,0,0,1,0,0,0,0,0,0,0,0,0,1,0,0,0,1,0,0,0
1010,OMG Aruba felt the after shock of Haiti s earthquake.. s,OMG Aruba felt the after shock of Haiti s earthquake.. s,social,1,0,0,0,0,0,0,0,0,0,0,0,0,0,0,0,0,0,0,0,0,0,0,0,0,0,0,0,1,0,0,0,1,0,0,0
1011,So they re nw gonna use their alreadi inefficient state funds 2 deal with the aftamath of da earthquake,So they re nw gonna use their alreadi inefficient state funds 2 deal with the aftamath of da earthquake,social,1,0,0,0,0,0,0,0,0,0,0,0,0,0,0,0,0,0,0,0,0,0,0,0,0,0,0,0,1,0,0,0,1,0,1,0
1012,RT vobes I guess the earthquake in #Haiti puts the UK s snow worries into perspective somewhat! #snow,RT vobes I guess the earthquake in #Haiti puts the UK s snow worries into perspective somewhat! #snow,social,1,0,0,0,0,0,0,0,0,0,0,0,0,0,0,0,0,0,0,0,0,0,0,0,0,0,0,0,1,0,0,0,1,1,0,0
1013,We re discussing possibility of moving to San Fran. Occasional earthquake but I m sure we ll adapt!,We re discussing possibility of moving to San Fran. Occasional earthquake but I m sure we ll adapt!,social,1,0,0,0,0,0,0,0,0,0,0,0,0,0,0,0,0,0,0,0,0,0,0,0,0,0,0,0,1,0,0,0,1,0,0,1
1014,RT gillo Eyewitness Tweets from Haiti http bit.ly 5QVS4c #haiti #earthquake,RT gillo Eyewitness Tweets from Haiti http bit.ly 5QVS4c #haiti #earthquake,social,1,0,0,0,0,0,0,0,0,0,0,0,0,0,0,0,0,0,0,0,0,0,0,0,0,0,0,0,1,0,0,0,1,0,0,0
1015,u2018Hundreds dead u2019 after Haiti quake Hundreds of people are feared dead after a powerful earthquake rocks Haiti cau.. http bit.ly 6RePFB,u2018Hundreds dead u2019 after Haiti quake Hundreds of people are feared dead after a powerful earthquake rocks Haiti cau.. http bit.ly 6RePFB,social,1,0,0,1,0,0,0,0,0,0,0,0,0,0,0,0,0,1,0,0,0,0,0,0,0,0,0,0,1,0,0,0,1,0,0,0
1016,RT QueenofSpain RT GlobalGiving GlobalGiving s #Haiti #earthquake relief fund is live. http bit.ly 5ScGkB,RT QueenofSpain RT GlobalGiving GlobalGiving s #Haiti #earthquake relief fund is live. http bit.ly 5ScGkB,social,1,0,0,0,0,0,0,0,0,0,0,0,0,0,0,0,0,0,0,0,0,0,0,0,0,0,0,0,1,0,0,0,1,0,0,0
1017,Earthquake Pictures | Earthquake Photo | Earthquake Images | Haiti country | Haiti country Earthquake | Haiti country Earthquake Pictures,Earthquake Pictures | Earthquake Photo | Earthquake Images | Haiti country | Haiti country Earthquake | Haiti country Earthquake Pictures,social,1,0,0,0,0,0,0,0,0,0,0,0,0,0,0,0,0,0,0,0,0,0,0,0,0,0,0,0,1,0,0,0,1,0,0,0
1018,RT EamonnHolmes Terrible terrible news about the Haiti earthquake and we think we have a tough life coz of a bit of snow *PRAY 4 Haiti*,RT EamonnHolmes Terrible terrible news about the Haiti earthquake and we think we have a tough life coz of a bit of snow *PRAY 4 Haiti*,social,1,0,0,0,0,0,0,0,0,0,0,0,0,0,0,0,0,0,0,0,0,0,0,0,0,0,0,0,1,0,0,0,1,0,0,1
1019,zomgggg. thoughts go out to people in the earthquake D,zomgggg. thoughts go out to people in the earthquake D,social,1,0,0,0,0,0,0,0,0,0,0,0,0,0,0,0,0,0,0,0,0,0,0,0,0,0,0,0,1,0,0,0,1,0,0,0
1020,http bit.ly 6oGJrX Haiti hit by largest earthquake in over 200 years ! haiti earthquake,http bit.ly 6oGJrX Haiti hit by largest earthquake in over 200 years ! haiti earthquake,social,1,0,0,0,0,0,0,0,0,0,0,0,0,0,0,0,0,0,0,0,0,0,0,0,0,0,0,0,1,0,0,0,1,0,0,0
1021,#ihungupbecause I got news of the earthquake in Haiti.Disaster is more important than some sweet loving. HELP HELP HELP #HAITI #HAITI #HAITI,#ihungupbecause I got news of the earthquake in Haiti.Disaster is more important than some sweet loving. HELP HELP HELP #HAITI #HAITI #HAITI,social,1,1,0,1,0,0,0,0,0,0,0,0,0,0,0,0,0,0,1,0,0,0,0,0,0,0,0,0,1,0,0,0,1,0,0,0
1022,Magnitude 7.0 Earthquake Hits Haiti P haiti earthquake http bit.ly 8okEsH,Magnitude 7.0 Earthquake Hits Haiti P haiti earthquake http bit.ly 8okEsH,social,1,0,0,0,0,0,0,0,0,0,0,0,0,0,0,0,0,0,0,0,0,0,0,0,0,0,0,0,1,0,0,0,1,0,0,0
1023,Haiti earthquake what we re hearing http bit.ly 6mOsWE #cnn,Haiti earthquake what we re hearing http bit.ly 6mOsWE #cnn,social,1,0,0,0,0,0,0,0,0,0,0,0,0,0,0,0,0,0,0,0,0,0,0,0,0,0,0,0,1,0,0,0,1,0,0,0
1024,RT greggles1969 Oxfam donation site for Haitian earthquake http bit.ly 6qDkJe Miss out on a little treat and help those in dire need.,RT greggles1969 Oxfam donation site for Haitian earthquake http bit.ly 6qDkJe Miss out on a little treat and help those in dire need.,social,1,1,0,1,0,0,0,0,0,0,0,0,0,0,1,0,0,0,0,0,0,0,0,0,0,0,0,0,1,0,0,0,1,0,0,0
1025,RT iDeskCNN RT bravesannie ideskcnn Earthquake felt in ARUBA around 4 13 AM. Woke everyone up. You can see lights on in mos cont ..,RT iDeskCNN RT bravesannie ideskcnn Earthquake felt in ARUBA around 4 13 AM. Woke everyone up. You can see lights on in mos cont ..,social,1,0,0,0,0,0,0,0,0,0,0,0,0,0,0,0,0,0,0,0,0,0,0,0,0,0,0,0,1,0,0,0,1,0,0,1
1026,In aftermath of earthquake eyewitness tweets from Haiti u00ab Global Voices Online http topsy.com tb bit.ly 7Jz99T,In aftermath of earthquake eyewitness tweets from Haiti u00ab Global Voices Online http topsy.com tb bit.ly 7Jz99T,social,1,0,0,0,0,0,0,0,0,0,0,0,0,0,0,0,0,0,0,0,0,0,0,0,0,0,0,0,1,0,0,0,1,0,0,0
1027,RT kevinconroy terrymslobodian FYI GlobalGiving #Haiti Earthquake Relief Fund is up http goto.gg 4561,RT kevinconroy terrymslobodian FYI GlobalGiving #Haiti Earthquake Relief Fund is up http goto.gg 4561,social,1,0,0,1,0,0,0,0,0,0,0,0,0,0,1,0,0,0,0,0,0,0,0,0,0,0,0,0,1,0,0,0,1,0,0,0
1028,Tragic earthquake in Haiti leaves so many dead injured and missing including UN peacekeepers and among them Jordanians on duty. Awful.,Tragic earthquake in Haiti leaves so many dead injured and missing including UN peacekeepers and among them Jordanians on duty. Awful.,social,1,0,0,1,0,0,0,0,0,0,0,0,0,0,0,1,0,0,0,0,0,0,0,0,0,0,0,0,1,0,0,0,1,0,0,0
1029,#Haiti #Earthquake Twitter Pictures Sweep Across the Web http uurl.in 7fXcV,#Haiti #Earthquake Twitter Pictures Sweep Across the Web http uurl.in 7fXcV,social,1,0,0,0,0,0,0,0,0,0,0,0,0,0,0,0,0,0,0,0,0,0,0,0,0,0,0,0,1,0,0,0,1,0,0,0
1030,Awoke to discover snow earthquake and hot nights. We aren t gonna make it to 2012 are we?,Awoke to discover snow earthquake and hot nights. We aren t gonna make it to 2012 are we?,social,1,0,0,0,0,0,0,0,0,0,0,0,0,0,0,0,0,0,0,0,0,0,0,0,0,0,0,0,1,0,0,0,1,1,1,1
1031,National Briefing | West California Earthquake Damage Climbs The damage estimate from the earthquake on Satu. http bit.ly 7cbO7M,National Briefing | West California Earthquake Damage Climbs The damage estimate from the earthquake on Satu. http bit.ly 7cbO7M,social,1,0,0,0,0,0,0,0,0,0,0,0,0,0,0,0,0,0,0,0,0,0,0,0,0,0,0,0,1,0,0,0,1,0,0,0
1032,Various places online & charity shops where you can donate should you wish to. https www.oxfam.org.uk donate haiti earthquake index.php,Various places online & charity shops where you can donate should you wish to. https www.oxfam.org.uk donate haiti earthquake index.php,social,1,0,1,1,0,0,0,0,0,0,0,0,0,0,1,0,0,0,0,0,0,0,0,0,0,0,0,0,1,0,0,0,1,0,0,0
1033,swear dwn by the endin of this year filmakers r gna make a movie ouuta dis haiti earthquake ting and sell.by naw dey started planin even,swear dwn by the endin of this year filmakers r gna make a movie ouuta dis haiti earthquake ting and sell.by naw dey started planin even,social,1,0,0,0,0,0,0,0,0,0,0,0,0,0,0,0,0,0,0,0,0,0,0,0,0,0,0,0,0,0,0,0,0,0,0,0
1034,RT tweetmeme Haiti Earthquake Twitter Pictures Sweep Across the Web PHOTOS http tinyurl.com ycs6ccv,RT tweetmeme Haiti Earthquake Twitter Pictures Sweep Across the Web PHOTOS http tinyurl.com ycs6ccv,social,1,0,0,0,0,0,0,0,0,0,0,0,0,0,0,0,0,0,0,0,0,0,0,0,0,0,0,0,1,0,0,0,1,0,0,0
1035,CBS U.S. Haitians Desperate to Contact Kin Few Have Been Able to Reach Loved Ones in Earthquake Ravaged Island N.. http bit.ly 6fVjUx,CBS U.S. Haitians Desperate to Contact Kin Few Have Been Able to Reach Loved Ones in Earthquake Ravaged Island N.. http bit.ly 6fVjUx,social,1,0,0,0,0,0,0,0,0,0,0,0,0,0,0,0,0,0,0,0,0,0,0,0,0,0,0,0,1,0,0,0,1,0,0,0
1036,RT ytreberg RT digiphile Video of the #earthquake in #Haiti RT bnmeeks Haiti Tragedy Plays Out in Real Time http bit.ly 6Y8sJH,RT ytreberg RT digiphile Video of the #earthquake in #Haiti RT bnmeeks Haiti Tragedy Plays Out in Real Time http bit.ly 6Y8sJH,social,1,0,0,0,0,0,0,0,0,0,0,0,0,0,0,0,0,0,0,0,0,0,0,0,0,0,0,0,1,0,0,0,1,0,0,0
1037,I favorited a YouTube video Dog Senses Arcata Earthquake at News Station http youtu.be NzBnyRDwQxE?a,I favorited a YouTube video Dog Senses Arcata Earthquake at News Station http youtu.be NzBnyRDwQxE?a,social,1,0,0,0,0,0,0,0,0,0,0,0,0,0,0,0,0,0,0,0,0,0,0,0,0,0,0,0,1,0,0,0,1,0,0,0
1038,My thoughts and prayers go out to those who have been affected by the earthquake in Haiti,My thoughts and prayers go out to those who have been affected by the earthquake in Haiti,social,1,0,0,1,0,0,0,0,0,0,0,0,1,0,0,0,0,0,0,0,0,0,0,0,0,0,0,0,1,0,0,0,1,0,0,0
1039,Haitian Capital Suffers Devastating Earthquake Aftershocks| IANYAN http bit.ly 5w5vhH #haiti #earthquake,Haitian Capital Suffers Devastating Earthquake Aftershocks| IANYAN http bit.ly 5w5vhH #haiti #earthquake,social,1,0,0,0,0,0,0,0,0,0,0,0,0,0,0,0,0,0,0,0,0,0,0,0,0,0,0,0,1,0,0,0,1,0,0,0
1040,Help For Haiti Earthquake Aftermath. Giving Green. http rep.ly 1LxtH,Help For Haiti Earthquake Aftermath. Giving Green. http rep.ly 1LxtH,social,1,0,0,1,0,0,0,0,0,0,0,0,0,0,1,0,0,0,1,0,0,0,0,0,0,0,0,0,1,0,0,0,1,0,0,0
1041,The damage from the earthquake in Haiti is enormous. God s ways truly are unsearchable.,The damage from the earthquake in Haiti is enormous. God s ways truly are unsearchable.,social,1,0,0,0,0,0,0,0,0,0,0,0,0,0,0,0,0,0,0,0,1,0,0,0,0,0,0,0,1,0,0,0,1,0,0,0
1042,RT Footz95 RT RealDjKayslay Help Haiti Earthquake Relief Donate $5 by texting YELE to 501 right now please RT&lt Keep in mind your c ..,RT Footz95 RT RealDjKayslay Help Haiti Earthquake Relief Donate $5 by texting YELE to 501 right now please RT&lt Keep in mind your c ..,social,1,0,1,1,0,0,0,0,0,0,0,0,0,0,1,0,0,0,0,0,0,0,0,0,0,0,0,0,1,0,0,0,1,0,0,0
1043,Top 3 fears Flood Earthquake Mom.,Top 3 fears Flood Earthquake Mom.,social,1,0,0,0,0,0,0,0,0,0,0,0,0,0,0,0,0,0,0,0,0,0,0,0,0,0,0,0,1,1,0,0,1,0,0,0
1044,u8b93 u6211 u5011 u70ba u5728HATI u56e0 u5730 u9707 u50b7 u4ea1 u548c u4eba u6c11 u7948 u798f! let s pray for the victim and friends at HATI due to the earthquake http plurk.com p 3cogqi,u8b93 u6211 u5011 u70ba u5728HATI u56e0 u5730 u9707 u50b7 u4ea1 u548c u4eba u6c11 u7948 u798f! let s pray for the victim and friends at HATI due to the earthquake http plurk.com p 3cogqi,social,1,0,0,0,0,0,0,0,0,0,0,0,0,0,0,0,0,0,0,0,0,0,0,0,0,0,0,0,1,0,0,0,1,0,0,1
1045,Sandy relief efforts in full swing @foodcoop @Park Slope Food Coop http : //t.co/XN3QwUct,Sandy relief efforts in full swing @foodcoop @Park Slope Food Coop http : //t.co/XN3QwUct,social,1,0,0,0,0,0,0,0,0,0,0,0,0,0,0,0,0,0,0,0,0,0,0,0,0,0,0,0,1,0,1,0,0,0,0,0
1046,"Hide your kids , hide your wife .. .. And hide your husband cuz , #HurricaneSandy is coming fo @10th Ave Beach http : //t.co/Jw2aoKts","Hide your kids , hide your wife .. .. And hide your husband cuz , #HurricaneSandy is coming fo @10th Ave Beach http : //t.co/Jw2aoKts",social,1,0,0,0,0,0,0,0,0,0,0,0,0,0,0,0,0,0,0,0,0,0,0,0,0,0,0,0,1,0,1,0,0,0,1,0
1047,When res life turns off our fridge for the hurricane and all our food goes bad #bummer,When res life turns off our fridge for the hurricane and all our food goes bad #bummer,social,1,0,0,1,0,0,0,0,0,0,0,1,0,0,0,0,0,0,0,0,0,0,0,0,0,0,0,0,1,0,1,0,0,0,0,1
1048,"I am in decent shape , so can climb stairs to deliver food and water to folks in high rises . I also have a backpack , which could make it easier to truck stuff up stairs .","I am in decent shape , so can climb stairs to deliver food and water to folks in high rises . I also have a backpack , which could make it easier to truck stuff up stairs .",direct,1,0,1,1,0,0,0,0,0,0,1,1,0,0,0,0,0,0,0,0,0,0,0,0,0,0,0,0,0,0,0,0,0,0,0,0
1049,Happy to drop off whatever is most needed . Food and flashlights .,Happy to drop off whatever is most needed . Food and flashlights .,direct,1,0,1,1,0,0,0,0,0,0,0,1,0,0,0,0,0,0,1,0,0,0,0,0,0,0,0,0,0,0,0,0,0,0,0,1
1050,#HoesBeTwerkin to Twerk up the east coast . Ohhhh wait .. . #HurricaneSandy,#HoesBeTwerkin to Twerk up the east coast . Ohhhh wait .. . #HurricaneSandy,social,1,1,0,1,1,0,0,0,0,0,0,0,0,0,0,0,0,0,0,0,1,0,0,0,0,0,0,0,1,1,1,0,0,0,0,1
1051,We can bring prepared food and kid snacks .,We can bring prepared food and kid snacks .,direct,1,0,1,1,0,0,0,0,0,0,0,1,0,0,0,0,0,0,0,0,0,0,0,0,0,0,0,0,0,0,0,0,0,0,0,1
1052,Amen @horwad : Sandy update .. I 'm going to bed after an amazing #sandybinge of Chinese food and philosophical conversation.,Amen @horwad : Sandy update .. I 'm going to bed after an amazing #sandybinge of Chinese food and philosophical conversation.,social,1,0,0,0,0,0,0,0,0,0,0,0,0,0,0,0,0,0,0,0,0,0,0,0,0,0,0,0,0,0,0,0,0,0,0,0
1053,"We can donate clothing , towels , toys , and food","We can donate clothing , towels , toys , and food",direct,1,0,1,1,0,0,0,0,0,0,0,1,0,1,0,0,0,0,0,0,0,0,0,0,0,0,0,0,0,0,0,0,0,0,0,0
1054,i 'm also good with food prep if there 's a need to feed people out there,i 'm also good with food prep if there 's a need to feed people out there,direct,1,0,1,1,0,0,0,0,0,0,0,1,0,0,0,0,0,0,0,0,0,0,0,0,0,0,0,0,0,0,0,0,0,0,0,1
1055,@blade_donft Good stuff .. BA2 has to be the thinking man 's way to cross the pond . Especially in a stormageddon .. @British_Airways,@blade_donft Good stuff .. BA2 has to be the thinking man 's way to cross the pond . Especially in a stormageddon .. @British_Airways,social,1,0,0,0,0,0,0,0,0,0,0,0,0,0,0,0,0,0,0,0,0,0,0,0,0,0,0,0,0,0,0,0,0,0,0,0
1056,"Canned goods , Boxes of crackers , Peanut Butter","Canned goods , Boxes of crackers , Peanut Butter",direct,1,0,0,0,0,0,0,0,0,0,0,0,0,0,0,0,0,0,0,0,0,0,0,0,0,0,0,0,0,0,0,0,0,0,0,0
1057,"Hot water ( for a shower/bath ) after two weeks , and heat .","Hot water ( for a shower/bath ) after two weeks , and heat .",direct,0,0,0,0,0,0,0,0,0,0,0,0,0,0,0,0,0,0,0,0,0,0,0,0,0,0,0,0,0,0,0,0,0,0,0,0
1058,Clothes sorting . Giving out food,Clothes sorting . Giving out food,direct,1,0,1,1,0,0,0,0,0,0,0,1,0,1,0,0,0,0,0,0,0,0,0,0,0,0,0,0,0,0,0,0,0,0,0,0
1059,Welcome winter .. . Terrible time to come .. After a tropical hurricane .. #globalwarming #sa @Staten Island http : //t.co/eyJFLS4k,Welcome winter .. . Terrible time to come .. After a tropical hurricane .. #globalwarming #sa @Staten Island http : //t.co/eyJFLS4k,social,1,0,0,0,0,0,0,0,0,0,0,0,0,0,0,0,0,0,0,0,0,0,0,0,0,0,0,0,1,0,1,0,0,1,0,0
1060,Friendly and good with people . healthy and would be good at bringing food/supplies to people in need preferably in the lower east side area or anywhere in Manhattan right now ( when public transport improves i could travel further ) available sat/sun only . thanks,Friendly and good with people . healthy and would be good at bringing food/supplies to people in need preferably in the lower east side area or anywhere in Manhattan right now ( when public transport improves i could travel further ) available sat/sun only . thanks,direct,1,0,1,1,0,0,0,0,0,0,0,1,0,0,0,0,0,0,0,0,0,0,0,0,0,0,0,0,0,0,0,0,0,0,0,1
1061,"any kind of cleanup , food distribution , cooking , etc","any kind of cleanup , food distribution , cooking , etc",direct,1,0,0,1,0,0,0,0,0,0,0,1,0,0,0,0,0,0,0,0,0,0,0,0,0,0,0,0,0,0,0,0,0,0,0,0
1062,"No work tomorrow , going to be with Hubby & the kids . Enough food & cookies to sink a ship .. Gears 3 marathon .. thanks #SANDY #Frankenstorm","No work tomorrow , going to be with Hubby & the kids . Enough food & cookies to sink a ship .. Gears 3 marathon .. thanks #SANDY #Frankenstorm",social,1,0,0,1,0,0,0,0,0,0,0,1,0,0,0,0,0,0,0,0,0,0,0,0,0,0,0,0,0,0,0,0,0,0,0,1
1063,"Clothing , books , board games , hygiene products , bottles water , towels , home goods .","Clothing , books , board games , hygiene products , bottles water , towels , home goods .",direct,1,0,0,0,0,0,0,0,0,0,0,0,0,0,0,0,0,0,0,0,0,0,0,0,0,0,0,0,0,0,0,0,0,0,0,0
1064,@StressFactoryCC a skeleton walked into a bar .. Ordered a beer and a mop ? ? ( work with me .. I 'm recovering from a hurricane .. : - ),@StressFactoryCC a skeleton walked into a bar .. Ordered a beer and a mop ? ? ( work with me .. I 'm recovering from a hurricane .. : - ),social,1,0,0,1,0,0,0,0,0,0,0,0,0,0,0,0,0,0,1,0,0,0,0,0,0,0,0,0,1,0,1,0,0,0,0,1
1065,"Legos , A file cabinet Girl clothing Books Games Storage shoe boxes from Container Store Miscl items Please let me know where I can send this group miscellaneous supplies . Thank you !","Legos , A file cabinet Girl clothing Books Games Storage shoe boxes from Container Store Miscl items Please let me know where I can send this group miscellaneous supplies . Thank you !",direct,1,0,1,1,0,0,0,0,0,0,0,0,0,1,0,0,0,0,0,0,0,0,0,0,0,0,0,0,0,0,0,0,0,0,0,1
1066,"i have some canned foods , cereals and s bit of childrens clothing . Friends also have some food to give as well","i have some canned foods , cereals and s bit of childrens clothing . Friends also have some food to give as well",direct,1,0,1,1,0,0,0,0,0,0,0,1,0,1,0,0,0,0,0,0,0,0,0,0,0,0,0,0,0,0,0,0,0,0,0,1
1067,"Anything to do with food , food services , manning tables , etc","Anything to do with food , food services , manning tables , etc",direct,1,0,0,0,0,0,0,0,0,0,0,0,0,0,0,0,0,0,0,0,0,0,0,0,0,0,0,0,0,0,0,0,0,0,0,0
1068,"bleach , non-perishable food , blanket , pillow","bleach , non-perishable food , blanket , pillow",direct,1,0,0,1,0,0,0,0,0,0,0,1,0,0,0,0,0,0,0,0,0,0,0,0,0,0,0,0,0,0,0,0,0,0,0,0
1069,Distribute food and supplies .,Distribute food and supplies .,direct,1,0,1,1,0,0,0,0,0,0,0,1,0,0,0,0,0,0,1,0,0,0,0,0,0,0,0,0,0,0,0,0,0,0,0,0
1070,I can cook and would be happy to try to provide meals or serve in a soup kitchen .,I can cook and would be happy to try to provide meals or serve in a soup kitchen .,direct,1,0,1,1,0,0,0,0,0,0,0,1,0,0,0,0,0,0,0,0,0,0,0,0,0,0,0,0,0,0,0,0,0,0,0,1
1071,"i can donate whatever is needed : food , clothes , coats , blankets , baby food/supplies , whatever .","i can donate whatever is needed : food , clothes , coats , blankets , baby food/supplies , whatever .",direct,1,0,1,1,0,1,0,0,0,0,0,1,1,1,0,0,0,0,0,0,0,0,0,0,0,0,0,0,0,0,0,0,0,0,0,0
1072,I can help packing and distributing food and supplies,I can help packing and distributing food and supplies,direct,1,0,1,1,0,1,0,0,0,0,0,1,0,0,0,0,0,0,1,0,0,0,0,0,0,0,0,0,0,0,0,0,0,0,0,1
1073,thank you sandy for giving me an excuse to stay home all day and eat all the food in my house,thank you sandy for giving me an excuse to stay home all day and eat all the food in my house,social,1,0,0,0,0,0,0,0,0,0,0,0,0,0,0,0,0,0,0,0,0,0,0,0,0,0,0,0,0,0,0,0,0,0,0,0
1074,10 1 liter bottles of water in the east village,10 1 liter bottles of water in the east village,direct,1,0,0,0,0,0,0,0,0,0,0,0,0,0,0,0,0,0,0,0,0,0,0,0,0,0,0,0,0,0,0,0,0,0,0,0
1075,Can hand out food . Am tall and fit .,Can hand out food . Am tall and fit .,direct,1,0,1,1,0,0,0,0,0,0,0,1,0,0,0,0,0,0,0,0,0,0,0,0,0,0,0,0,0,0,0,0,0,0,0,1
1076,"I can help prepare food and distribute food , clean up , etc .","I can help prepare food and distribute food , clean up , etc .",direct,1,0,1,1,0,0,0,0,0,0,0,1,0,0,0,0,0,0,1,0,0,0,0,0,0,0,0,0,0,0,0,0,0,0,0,0
1077,"interested in donating food , blankets , and toilet paper","interested in donating food , blankets , and toilet paper",direct,1,0,1,1,0,1,0,0,0,0,0,1,1,0,0,0,0,0,0,0,0,0,0,0,0,0,0,0,0,0,0,0,0,0,0,0
1078,Keep on bringing the water ! We need tons of supplies now because most drop off locations have enough clothes .,Keep on bringing the water ! We need tons of supplies now because most drop off locations have enough clothes .,direct,1,1,0,1,0,0,0,0,0,0,1,0,0,1,0,0,0,0,1,0,0,0,0,0,0,0,0,0,0,0,0,0,0,0,0,1
1079,"Waiting for Sandy .. Esperando a Sandrita .. . #ghosttown @Manhattan , NY http : //t.co/mI3Olvin","Waiting for Sandy .. Esperando a Sandrita .. . #ghosttown @Manhattan , NY http : //t.co/mI3Olvin",social,1,0,0,0,0,0,0,0,0,0,0,0,0,0,0,0,0,0,0,0,0,0,0,0,0,0,0,0,0,0,0,0,0,0,0,0
1080,"I can bring batteries , toiletries , non-perishable items , hygiene products , towels ..","I can bring batteries , toiletries , non-perishable items , hygiene products , towels ..",direct,1,0,1,1,0,1,0,0,0,0,0,1,0,0,0,0,0,0,0,0,0,0,0,0,0,0,0,0,0,0,0,0,0,0,0,1
1081,"food prep , serving , distributing","food prep , serving , distributing",direct,1,0,1,1,0,0,0,0,0,0,0,1,0,0,0,0,0,0,0,0,0,0,0,0,0,0,0,0,0,0,0,0,0,0,0,0
1082,I have both clothing and non-perishable foods to donate .,I have both clothing and non-perishable foods to donate .,direct,1,0,1,1,0,0,0,0,0,0,0,1,0,1,0,0,0,0,0,0,0,0,0,0,0,0,0,0,0,0,0,0,0,0,0,0
1083,Food clothes supplies tell us what to bring . We are collecting in Delaware and coming up !,Food clothes supplies tell us what to bring . We are collecting in Delaware and coming up !,direct,1,0,0,1,0,0,0,0,0,0,0,1,0,1,0,0,0,0,0,0,0,0,0,0,0,0,0,0,0,0,0,0,0,0,0,1
1084,21 without power in #queens #HurricaneSandy #NorEaster2012 .. .death toll 41 persons .. that 's in tristate area .. #RiP #staystrong,21 without power in #queens #HurricaneSandy #NorEaster2012 .. .death toll 41 persons .. that 's in tristate area .. #RiP #staystrong,social,1,0,0,1,0,0,0,0,0,0,0,0,0,0,0,0,0,1,0,0,0,0,0,0,0,0,0,0,1,0,1,0,0,0,0,0
1085,clothing ( wide range of styles and for various ages ) ; non-perishable food ; hygiene products,clothing ( wide range of styles and for various ages ) ; non-perishable food ; hygiene products,direct,1,1,0,1,0,1,0,0,0,0,0,1,0,1,0,0,0,0,0,0,0,0,0,0,0,0,0,0,0,0,0,0,0,0,0,0
1086,Oh waw .. .. . snow storm ? Plzz tell me we not gon na do this all over again ..,Oh waw .. .. . snow storm ? Plzz tell me we not gon na do this all over again ..,social,1,0,0,0,0,0,0,0,0,0,0,0,0,0,0,0,0,0,0,0,0,0,0,0,0,0,0,0,1,0,0,0,0,1,0,1
1087,"This hurricane info is pissin me off . Stay off the roads , away from the water & & make sure your flashlights and food are on deck ! !","This hurricane info is pissin me off . Stay off the roads , away from the water & & make sure your flashlights and food are on deck ! !",social,1,0,0,1,0,0,0,0,0,0,1,1,0,0,0,0,0,0,0,0,1,0,0,0,0,0,0,0,1,0,1,0,0,0,0,1
1088,"I have men and woman clothing plus 3-4t girl clothing , Toys , Non perishable food","I have men and woman clothing plus 3-4t girl clothing , Toys , Non perishable food",direct,1,0,1,1,0,0,0,0,0,0,0,1,0,1,0,0,0,0,0,0,0,0,0,0,0,0,0,0,0,0,0,0,0,0,0,0
1089,"I have men and woman clothing plus 3-4t girl clothing , Toys , Non perishable food","I have men and woman clothing plus 3-4t girl clothing , Toys , Non perishable food",direct,1,0,1,1,0,0,0,0,0,0,0,1,0,1,0,0,0,0,0,0,0,0,0,0,0,0,0,0,0,0,0,0,0,0,0,0
1090,would like to make food/ serve food,would like to make food/ serve food,direct,1,0,0,0,0,0,0,0,0,0,0,0,0,0,0,0,0,0,0,0,0,0,0,0,0,0,0,0,0,0,0,0,0,0,0,0
1091,Pull ups 4T-5T several packages A & D ointment latex free gloves first aid kits,Pull ups 4T-5T several packages A & D ointment latex free gloves first aid kits,direct,1,0,0,1,0,1,0,0,0,0,0,0,0,0,0,0,0,0,0,0,0,0,0,0,0,0,0,0,0,0,0,0,0,0,0,0
1092,"Charrito 's served free food todaty in #hoboken #hurricanesandy #njsandy @Hoboken , NJ http : //t.co/verhpLaa","Charrito 's served free food todaty in #hoboken #hurricanesandy #njsandy @Hoboken , NJ http : //t.co/verhpLaa",social,1,0,0,1,0,0,0,0,0,0,0,1,0,0,0,0,0,0,0,0,0,0,0,0,0,0,0,0,0,0,0,0,0,0,0,0
1093,"Dog beds for two dogs , Evo dry food ( chicken ) , new toys Both need a hair cut and cleaning","Dog beds for two dogs , Evo dry food ( chicken ) , new toys Both need a hair cut and cleaning",direct,0,0,0,0,0,0,0,0,0,0,0,0,0,0,0,0,0,0,0,0,0,0,0,0,0,0,0,0,0,0,0,0,0,0,0,0
1094,I 'm a nutritionist and would be also happy to help with any food distribution/food pantry work .,I 'm a nutritionist and would be also happy to help with any food distribution/food pantry work .,direct,1,0,1,1,0,0,0,0,0,0,0,1,0,0,0,0,0,0,0,0,0,0,0,0,0,0,0,0,0,0,0,0,0,0,0,1
1095,@RandomCravings your welcome . If I can help in anyway let me know . #localsunite #Sandy #foodies,@RandomCravings your welcome . If I can help in anyway let me know . #localsunite #Sandy #foodies,social,1,0,1,1,0,0,0,0,0,0,0,1,0,0,0,0,0,0,0,0,0,0,0,0,0,0,0,0,1,0,1,0,0,0,0,0
1096,A few friends and I are happy to distribute meds,A few friends and I are happy to distribute meds,direct,1,0,1,1,0,1,0,0,0,0,0,0,0,0,0,0,0,0,0,0,0,0,0,0,0,0,0,0,0,0,0,0,0,0,0,1
1097,@therealjdeuce : My mom keeps cooking .. & i keep eating #fml #hurricaneprobz wait but mine too .. .,@therealjdeuce : My mom keeps cooking .. & i keep eating #fml #hurricaneprobz wait but mine too .. .,direct,1,0,0,0,0,0,0,0,0,0,0,0,0,0,0,0,0,0,0,0,0,0,0,0,0,0,0,0,0,0,0,0,0,0,0,0
1098,I can also cook food or buy non perishable food and hygiene products . The site only let 's me pick one ! I do have clothes to give as well . Whatever is most needed or all .,I can also cook food or buy non perishable food and hygiene products . The site only let 's me pick one ! I do have clothes to give as well . Whatever is most needed or all .,direct,1,0,1,1,0,0,0,0,0,0,0,1,0,1,0,0,0,0,0,0,0,0,0,0,0,0,0,0,0,0,0,0,0,0,0,1
1099,"Stocking up on water , food and warm blankets .. Sandy 's gon na be a fierce one !","Stocking up on water , food and warm blankets .. Sandy 's gon na be a fierce one !",direct,1,0,0,1,0,0,0,0,0,0,1,1,1,0,0,0,0,0,0,0,0,0,0,0,0,0,0,0,1,0,1,0,0,0,0,0
1100,Running burning some calories from all that food that I ate while sandy was here,Running burning some calories from all that food that I ate while sandy was here,direct,1,0,0,1,0,0,0,0,0,0,0,1,0,0,0,0,0,0,0,0,0,0,0,0,0,0,0,0,0,0,0,0,0,0,0,1
1101,Love this tweet from @jetblue @nycfoodtruck #SandyRelief #SandyUnites #NYC #FeedOurNeighbors #SCBD http : //t.co/exYTJKtD,Love this tweet from @jetblue @nycfoodtruck #SandyRelief #SandyUnites #NYC #FeedOurNeighbors #SCBD http : //t.co/exYTJKtD,social,1,0,0,1,0,0,0,0,0,0,0,1,0,0,0,0,0,0,0,0,0,0,0,0,0,0,0,0,1,0,1,0,0,0,0,0
1102,There 's a storm on the ocean and it 's moving this a way. If ur soul not anchored in Jesus U will surely drift away. JUST THOUGHT OF SONG.,There 's a storm on the ocean and it 's moving this a way. If ur soul not anchored in Jesus U will surely drift away. JUST THOUGHT OF SONG.,social,1,0,0,0,0,0,0,0,0,0,0,0,0,0,0,0,0,0,0,0,0,0,0,0,0,0,0,0,1,0,1,0,0,0,0,0
1103,"Meals on Wheels donated 50 meals , can anyone deliver additional meals tomorrow ?","Meals on Wheels donated 50 meals , can anyone deliver additional meals tomorrow ?",direct,1,0,1,1,0,0,0,0,0,0,0,1,0,0,0,0,0,0,0,0,0,0,0,0,0,0,0,0,0,0,0,0,0,0,0,1
1104,"prepare food package , help to deliver food ..","prepare food package , help to deliver food ..",direct,1,0,1,1,0,0,0,0,0,0,0,1,0,0,0,0,0,0,0,0,0,0,0,0,0,0,0,0,0,0,0,0,0,0,0,1
1105,"I have many towels ( large , as well as hand towels and wash cloths , ) small men 's hygiene products ( travel size ) I 'd like to donate . I also have some batteries to donate . If there is a need for these items , please let me know . Thank you .","I have many towels ( large , as well as hand towels and wash cloths , ) small men 's hygiene products ( travel size ) I 'd like to donate . I also have some batteries to donate . If there is a need for these items , please let me know . Thank you .",direct,1,0,1,1,0,1,0,0,0,0,0,0,0,1,1,0,0,0,0,0,0,0,0,0,0,0,0,0,0,0,0,0,0,0,0,0
1106,I 've been waiting for the bus for an hour now . #sandy,I 've been waiting for the bus for an hour now . #sandy,direct,1,0,0,0,0,0,0,0,0,0,0,0,0,0,0,0,0,0,0,0,0,0,0,0,0,0,0,0,0,0,0,0,0,0,0,0
1107,Out here helping this community .. . The things u see is incredible .. Keep these people in ur prayers .. . #Sandy http : //t.co/zTFbQjht,Out here helping this community .. . The things u see is incredible .. Keep these people in ur prayers .. . #Sandy http : //t.co/zTFbQjht,social,1,0,1,0,0,0,0,0,0,0,0,0,0,0,0,0,0,0,0,0,0,0,0,0,0,0,0,0,0,0,0,0,0,0,0,1
1108,"Happy to transport the injured , clean debris , etc .","Happy to transport the injured , clean debris , etc .",direct,1,0,1,1,0,0,0,0,0,0,0,0,0,0,0,0,0,0,1,0,0,0,0,0,0,0,0,0,0,0,0,0,0,0,0,1
1109,Power 's out .. Thanks Sandy . Thanks .,Power 's out .. Thanks Sandy . Thanks .,social,1,0,0,0,0,0,0,0,0,0,0,0,0,0,0,0,0,0,0,0,0,0,1,0,0,0,0,0,0,0,0,0,0,0,0,1
1110,Lights flickering powers going off ! Come on sandy what you got !,Lights flickering powers going off ! Come on sandy what you got !,social,1,0,0,0,0,0,0,0,0,0,0,0,0,0,0,0,0,0,0,0,0,0,0,0,0,0,0,0,0,0,0,0,0,0,0,0
1111,#hunkerdown drinking game is a huge success and I 'm .. . ( flops face down on bed ) @thegreatmick #Sandy,#hunkerdown drinking game is a huge success and I 'm .. . ( flops face down on bed ) @thegreatmick #Sandy,social,1,0,0,0,0,0,0,0,0,0,0,0,0,0,0,0,0,0,0,0,0,0,0,0,0,0,0,0,0,0,0,0,0,0,0,0
1112,I would like to donate a turkey for Thanksgiving to someone in need !,I would like to donate a turkey for Thanksgiving to someone in need !,direct,1,1,0,1,1,0,0,0,0,0,0,0,0,0,0,0,0,0,0,0,1,0,0,0,0,0,0,0,1,1,0,0,0,0,0,1
1113,Big storm .. 2 days off .. still ca n't sleep .. grr,Big storm .. 2 days off .. still ca n't sleep .. grr,direct,1,0,0,0,0,0,0,0,0,0,0,0,0,0,0,0,0,0,0,0,0,0,0,0,0,0,0,0,1,0,1,0,0,0,0,1
1114,This hurricane was just an awful excuse for me to eat all the junk food in sight .,This hurricane was just an awful excuse for me to eat all the junk food in sight .,direct,1,0,0,0,0,0,0,0,0,0,0,0,0,0,0,0,0,0,0,0,0,0,0,0,0,0,0,0,1,0,1,0,1,0,1,1
1115,"Will provide & serve nonperishable food . Also , possible coats , jackets , gloves , & hats .","Will provide & serve nonperishable food . Also , possible coats , jackets , gloves , & hats .",direct,1,0,1,1,0,0,0,0,0,0,0,1,0,1,0,0,0,0,0,0,0,0,0,0,0,0,0,0,0,0,0,0,0,0,0,1
1116,Taking this storm as a learning experience . Still no power .. getting kind of scary .,Taking this storm as a learning experience . Still no power .. getting kind of scary .,direct,1,0,0,0,0,0,0,0,0,0,0,0,0,0,0,0,0,0,0,0,0,0,0,0,0,0,0,0,1,0,1,0,0,0,0,1
1117,"Looking to donate new ( several-year shelf life , sealed ) non-prescription medications to any organization involved in or impacted by Hurricane Sandy . Red Cross was contacted by a community member whose work department had collected money and purchased these items . Donation approximately fills a 10-ream paper box . Products are NOT used or near expiration .","Looking to donate new ( several-year shelf life , sealed ) non-prescription medications to any organization involved in or impacted by Hurricane Sandy . Red Cross was contacted by a community member whose work department had collected money and purchased these items . Donation approximately fills a 10-ream paper box . Products are NOT used or near expiration .",direct,1,0,1,1,0,1,0,0,0,0,0,0,0,0,1,0,0,0,0,0,0,0,0,0,0,0,0,0,1,0,1,0,0,0,1,0
1118,@sulllydude a storm of this magnitude has never happened here .. if it happened like this all the time then yes ..,@sulllydude a storm of this magnitude has never happened here .. if it happened like this all the time then yes ..,social,1,0,0,0,0,0,0,0,0,0,0,0,0,0,0,0,0,0,0,0,0,0,0,0,0,0,0,0,1,0,1,0,0,0,1,1
1119,"Bring food , drinks to victims --","Bring food , drinks to victims --",social,1,1,0,1,0,0,0,0,0,0,1,1,0,0,0,0,0,0,0,0,0,0,0,0,0,0,0,0,0,0,0,0,0,0,0,1
1120,Winter coat Gloves Hat Scarves Shirts Water Hygiene products,Winter coat Gloves Hat Scarves Shirts Water Hygiene products,direct,1,0,1,1,0,1,0,0,0,0,1,0,0,0,0,0,0,0,0,0,0,0,0,0,0,0,0,0,0,0,0,0,0,0,0,0
1121,"I have canned goods , some jars of baby food ( stage 3 ) , children 's books , children 's puzzles , cards/card games .","I have canned goods , some jars of baby food ( stage 3 ) , children 's books , children 's puzzles , cards/card games .",direct,1,0,1,1,0,0,0,0,0,0,0,1,0,0,0,0,0,0,1,0,0,0,0,0,0,0,0,0,0,0,0,0,0,0,0,0
1122,I 'm glad @torrrx3 is worried about where the trees went and saving the squirrels as were driving thru a snow storm .. .,I 'm glad @torrrx3 is worried about where the trees went and saving the squirrels as were driving thru a snow storm .. .,social,1,0,0,0,0,0,0,0,0,0,0,0,0,0,0,0,0,0,0,0,0,0,0,0,0,0,0,0,1,0,0,0,0,1,0,1
1123,"I am a chef and Carter 's who can prepare an , d organize serving food .","I am a chef and Carter 's who can prepare an , d organize serving food .",direct,1,0,0,0,0,0,0,0,0,0,0,0,0,0,0,0,0,0,0,0,0,0,0,0,0,0,0,0,0,0,0,0,0,0,0,0
1124,"i am a food service worker , i can cook and deliver meals","i am a food service worker , i can cook and deliver meals",direct,1,0,1,1,0,0,0,0,0,0,0,1,0,0,0,0,0,0,0,0,0,0,0,0,0,0,0,0,0,0,0,0,0,0,0,1
1125,So battery park is flooded but there 's no rain on the UES .. .this does n't make sense . #Sandy http : //t.co/ssad9Tbi,So battery park is flooded but there 's no rain on the UES .. .this does n't make sense . #Sandy http : //t.co/ssad9Tbi,social,1,0,0,0,0,0,0,0,0,0,0,0,0,0,0,0,0,0,0,0,0,0,0,0,0,0,0,0,1,1,0,0,0,0,0,0
1126,When and Where should hot meals be delivered this evening ? 11/3/12,When and Where should hot meals be delivered this evening ? 11/3/12,direct,1,0,1,1,0,0,0,0,0,0,0,1,0,0,0,0,0,0,0,0,0,0,0,0,0,0,0,0,0,0,0,0,0,0,0,1
1127,foodrun ! ! #instamood #instafood @Frankenstorm Apocalypse - Hurricane Sandy http : //t.co/kV94cCfl,foodrun ! ! #instamood #instafood @Frankenstorm Apocalypse - Hurricane Sandy http : //t.co/kV94cCfl,social,1,0,0,1,0,0,0,0,0,0,0,1,0,0,0,0,0,0,0,0,0,0,0,0,0,0,0,0,1,0,1,0,0,0,0,0
1128,"clothing ( winter coats ) , non-perishable food , hygiene products , etc .","clothing ( winter coats ) , non-perishable food , hygiene products , etc .",direct,1,0,0,1,0,1,0,0,0,0,0,1,0,1,0,0,0,0,0,0,0,0,0,0,0,0,0,0,0,0,0,0,0,0,0,0
1129,"Sent email , matched to Seniors are living in the Seward Park Co-Op top floors with no power or water .","Sent email , matched to Seniors are living in the Seward Park Co-Op top floors with no power or water .",direct,1,1,0,1,0,0,0,0,0,0,1,0,0,0,0,0,0,0,1,0,0,0,1,0,0,0,0,0,0,0,0,0,0,0,0,0
1130,"Sent email , matched to Seniors are living in the Seward Park Co-Op top floors with no power or water .","Sent email , matched to Seniors are living in the Seward Park Co-Op top floors with no power or water .",direct,1,1,0,1,0,0,0,0,0,0,1,0,0,0,0,0,0,0,1,0,0,0,1,0,0,0,0,0,0,0,0,0,0,0,0,0
1131,"We did a large donation drive in our community . We have adult children and infant clothing , toys , nonperishable food , prepaid cell phone , pet supplies , baby supplies , blankets , winter gear , it is all seperated organized and boxed . We can deliver next sunday","We did a large donation drive in our community . We have adult children and infant clothing , toys , nonperishable food , prepaid cell phone , pet supplies , baby supplies , blankets , winter gear , it is all seperated organized and boxed . We can deliver next sunday",direct,1,0,1,1,0,1,0,0,0,0,0,1,1,1,0,0,0,0,1,0,0,0,0,0,0,0,0,0,0,0,0,0,0,0,0,0
1132,I have several items I can donate including : -a bassinet stroller -half a packet of preemie diapers -candles -paper towels -9volt batteries -size 14/16 maternity jeans -canned tuna and shrimp,I have several items I can donate including : -a bassinet stroller -half a packet of preemie diapers -candles -paper towels -9volt batteries -size 14/16 maternity jeans -canned tuna and shrimp,direct,1,0,1,1,0,1,0,0,0,0,0,1,0,1,0,0,0,0,1,0,0,0,0,0,0,0,0,0,0,0,0,0,0,0,0,0
1133,#SandyHelp please help ! Sandy litterly broke Atlantic City .. . Ventnor is like a ghost town .. . This hurts like hell i my heart .. . HELP !,#SandyHelp please help ! Sandy litterly broke Atlantic City .. . Ventnor is like a ghost town .. . This hurts like hell i my heart .. . HELP !,social,1,1,0,1,0,0,0,0,0,0,0,0,0,0,0,0,0,0,1,0,0,0,0,0,0,0,0,0,1,0,1,0,0,0,0,1
1134,"I can distribute food and/or goods , cook , provide Reiki ( relaxation therapy ) , check on residents , organize , provide graphic design work","I can distribute food and/or goods , cook , provide Reiki ( relaxation therapy ) , check on residents , organize , provide graphic design work",direct,1,0,1,1,0,0,0,0,0,0,0,1,0,0,0,0,0,0,0,0,0,0,0,0,0,0,0,0,0,0,0,0,0,0,0,0
1135,"stro_Soichi Upsss I Love the Pics the my City!Chile is a Strong Country!\nThanks you for Share!Santiago is a little more Normal today,Hugs","stro_Soichi Upsss I Love the Pics the my City!Chile is a Strong Country!\nThanks you for Share!Santiago is a little more Normal today,Hugs",social,1,0,0,0,0,0,0,0,0,0,0,0,0,0,0,0,0,0,0,0,0,0,0,0,0,0,0,0,0,0,0,0,0,0,0,0
1136,"#Chillan is affected, but Thanks to God, not as affected as #Concepcion or #Talca. #earthquakeChile #Chile #earthquake","#Chillan is affected, but Thanks to God, not as affected as #Concepcion or #Talca. #earthquakeChile #Chile #earthquake",social,1,0,0,0,0,0,0,0,0,0,0,0,0,0,0,0,0,0,0,0,0,0,0,0,0,0,0,0,1,0,0,0,1,0,0,1
1137,"ikePortnoyDT Everything is under control in Santiago, Chile.Thanks for your prayers!Come down and bring us some hapiness with good music!!","ikePortnoyDT Everything is under control in Santiago, Chile.Thanks for your prayers!Come down and bring us some hapiness with good music!!",social,1,0,0,0,0,0,0,0,0,0,0,0,0,0,0,0,0,0,0,0,0,0,0,0,0,0,0,0,0,0,0,0,0,0,0,1
1138,"RT usafraba: Paper del 2007: Constituci‚àö‚â•n and Concepci‚àö‚â•n has a potential for an earthquake of magnitude as large as 8.5, should happen ..","RT usafraba: Paper del 2007: Constituci‚àö‚â•n and Concepci‚àö‚â•n has a potential for an earthquake of magnitude as large as 8.5, should happen ..",social,1,0,0,0,0,0,0,0,0,0,0,0,0,0,0,0,0,0,0,0,0,0,0,0,0,0,0,0,1,0,0,0,1,0,0,0
1139,Twitterer @Biodome10 pretended to be caught in a building in Santiago #Chile wasting people's time what a senseless moron,Twitterer @Biodome10 pretended to be caught in a building in Santiago #Chile wasting people's time what a senseless moron,social,1,0,0,0,0,0,0,0,0,0,0,0,0,0,0,0,0,0,0,0,0,0,0,0,0,0,0,0,0,0,0,0,0,0,0,0
1140,inalau that's amazing. i have been in a few shows but it's really difficult to me because i need to travel like 10 hours to go to Santiago,inalau that's amazing. i have been in a few shows but it's really difficult to me because i need to travel like 10 hours to go to Santiago,social,1,0,0,0,0,0,0,0,0,0,0,0,0,0,0,0,0,0,0,0,0,0,0,0,0,0,0,0,0,0,0,0,0,0,0,0
1141,"Our team is still evaluating the damage in the cellar in Peumo.. In Santiago, our main office is fine.. Good.. http://bit.ly/dllDxS","Our team is still evaluating the damage in the cellar in Peumo.. In Santiago, our main office is fine.. Good.. http://bit.ly/dllDxS",social,1,0,0,0,0,0,0,0,0,0,0,0,0,0,0,0,0,0,0,1,0,1,0,0,0,1,0,0,0,0,0,0,0,0,0,1
1142,We have heard from most of the staff at I Love Chile and Santiago Radio by now. We're all alive and well.,We have heard from most of the staff at I Love Chile and Santiago Radio by now. We're all alive and well.,social,1,0,0,0,0,0,0,0,0,0,0,0,0,0,0,0,0,0,0,0,0,0,0,0,0,0,0,0,0,0,0,0,0,0,0,1
1143,going out to explore Santiago. yikes*,going out to explore Santiago. yikes*,social,0,0,0,0,0,0,0,0,0,0,0,0,0,0,0,0,0,0,0,0,0,0,0,0,0,0,0,0,0,0,0,0,0,0,0,0
1144,"#Santiago #chile blood donation points have been stablished in the city, also in valparaiso and in some desastre areas too this is important","#Santiago #chile blood donation points have been stablished in the city, also in valparaiso and in some desastre areas too this is important",social,1,0,0,1,0,0,0,0,0,0,0,0,0,0,1,0,0,0,1,0,0,0,0,0,0,0,0,0,0,0,0,0,0,0,0,0
1145,"RT izcaskey: Why Now is Still the Time to Come to Santiagoand Chile. Yes, you read that correctly: http://bit.ly/cs8BsY (well said Liz)","RT izcaskey: Why Now is Still the Time to Come to Santiagoand Chile. Yes, you read that correctly: http://bit.ly/cs8BsY (well said Liz)",social,0,0,0,0,0,0,0,0,0,0,0,0,0,0,0,0,0,0,0,0,0,0,0,0,0,0,0,0,0,0,0,0,0,0,0,0
1146,"My sister is isolated, she has 2 babies and needs milk. She's afraid of armed gangs and what is to come. Chaos in Concepcion Chile","My sister is isolated, she has 2 babies and needs milk. She's afraid of armed gangs and what is to come. Chaos in Concepcion Chile",social,1,1,0,1,0,0,0,0,1,0,0,1,0,0,0,0,0,0,0,0,0,0,0,0,0,0,0,0,0,0,0,0,0,0,0,1
1147,"Trying hard to upload videos of earthquake in Santiago - Chile, but internet connection unstable!","Trying hard to upload videos of earthquake in Santiago - Chile, but internet connection unstable!",social,1,0,0,0,0,0,0,0,0,0,0,0,0,0,0,0,0,0,0,0,0,0,0,0,0,0,0,0,1,0,0,0,1,0,0,1
1148,hilgood Not bad really. Earth has been really kind on us here in Santiago after the Earthquake. In the south are being really bad.,hilgood Not bad really. Earth has been really kind on us here in Santiago after the Earthquake. In the south are being really bad.,social,1,0,0,0,0,0,0,0,0,0,0,0,0,0,0,0,0,0,0,0,0,0,0,0,0,0,0,0,1,0,0,0,1,0,0,1
1149,"Chile rushes troops, aid to quake-stricken towns: CONCEPCION, Chile (Reuters) - Looters raided more stores in this.. http://bit.ly/d7amKf","Chile rushes troops, aid to quake-stricken towns: CONCEPCION, Chile (Reuters) - Looters raided more stores in this.. http://bit.ly/d7amKf",social,1,0,0,1,0,0,0,1,1,0,0,0,0,0,0,0,0,0,1,1,0,0,0,0,0,0,0,1,1,0,0,0,1,0,0,0
1150,"thoughts and prayers, i havent been able to talk to my mom, she lives in Talcahuano & she has no light nor water at her place. I know she's","thoughts and prayers, i havent been able to talk to my mom, she lives in Talcahuano & she has no light nor water at her place. I know she's",social,1,1,0,1,0,0,0,0,0,0,1,0,0,0,0,0,0,0,0,0,0,0,0,0,0,0,0,0,0,0,0,0,0,0,0,0
1151,http://twitvid.com/862B9 - Driving down the highway that takes you to the airport in Santiago,http://twitvid.com/862B9 - Driving down the highway that takes you to the airport in Santiago,social,0,0,0,0,0,0,0,0,0,0,0,0,0,0,0,0,0,0,0,0,0,0,0,0,0,0,0,0,0,0,0,0,0,0,0,0
1152,Energy is going back in Santiago. Also its way more calm this night. Going back to normal at least in the capital of Chile!,Energy is going back in Santiago. Also its way more calm this night. Going back to normal at least in the capital of Chile!,social,1,0,0,0,0,0,0,0,0,0,0,0,0,0,0,0,0,0,0,0,0,0,1,0,0,0,0,0,0,0,0,0,0,0,0,1
1153,RT hilequakenews: Argentinean government's mobile hospital has arrived to Santiago Airport. #Chile #Earthquake #TerremotoChile,RT hilequakenews: Argentinean government's mobile hospital has arrived to Santiago Airport. #Chile #Earthquake #TerremotoChile,social,1,0,0,1,1,0,0,0,0,0,0,0,0,0,0,0,0,0,0,1,0,0,0,0,1,0,0,0,1,0,0,0,1,0,0,0
1154,"I wanted to buy the new album by @justinbieber online at Amazon, but since the airport of Santiago is destroyed..","I wanted to buy the new album by @justinbieber online at Amazon, but since the airport of Santiago is destroyed..",social,1,0,0,0,0,0,0,0,0,0,0,0,0,0,0,0,0,0,0,1,0,1,0,0,0,0,0,1,0,0,0,0,0,0,0,0
1155,"My relitives in Talcahuano have lost everything, between the quake, the wave and the robbers. There buisnesses are wiped out. #chile","My relitives in Talcahuano have lost everything, between the quake, the wave and the robbers. There buisnesses are wiped out. #chile",social,1,0,0,0,0,0,0,0,0,0,0,0,0,0,0,0,0,0,0,0,0,0,0,0,0,0,0,0,1,0,0,0,1,0,0,0
1156,"Is horrible to see Duao, Iloca and Constituci‚àö‚â•n.","Is horrible to see Duao, Iloca and Constituci‚àö‚â•n.",social,1,0,0,0,0,0,0,0,0,0,0,0,0,0,0,0,0,0,0,0,0,0,0,0,0,0,0,0,0,0,0,0,0,0,0,0
1157,"Video of the damage in Talcahuano, Chile: http://bit.ly/dAvwbN #chile #terremotochile #cnn","Video of the damage in Talcahuano, Chile: http://bit.ly/dAvwbN #chile #terremotochile #cnn",social,1,0,0,0,0,0,0,0,0,0,0,0,0,0,0,0,0,0,0,0,0,0,0,0,0,0,0,0,1,0,0,0,1,0,0,0
1158,"RT stro_Soichi: http://twitpic.com/16ad2g - San Antonio, Chile. One of the closest port to Santiago. // impresionante el color del r‚àö‚â†o!","RT stro_Soichi: http://twitpic.com/16ad2g - San Antonio, Chile. One of the closest port to Santiago. // impresionante el color del r‚àö‚â†o!",social,0,0,0,0,0,0,0,0,0,0,0,0,0,0,0,0,0,0,0,0,0,0,0,0,0,0,0,0,0,0,0,0,0,0,0,0
1159,RT ytimeschile: Four or five giant waves following the earthquake in Chile almost wipe out coastal towns near Concepcion http://nyti.m ..,RT ytimeschile: Four or five giant waves following the earthquake in Chile almost wipe out coastal towns near Concepcion http://nyti.m ..,social,1,0,0,0,0,0,0,0,0,0,0,0,0,0,0,0,0,0,0,0,0,1,0,0,0,0,0,0,1,1,0,0,1,0,1,0
1160,"1xy15 no, not yet. the corpse arrives today, at 16.00. from Concepcion.","1xy15 no, not yet. the corpse arrives today, at 16.00. from Concepcion.",social,0,0,0,0,0,0,0,0,0,0,0,0,0,0,0,0,0,0,0,0,0,0,0,0,0,0,0,0,0,0,0,0,0,0,0,0
1161,"RT stro_Soichi: http://twitpic.com/16esd9 - Volcano in Andes, east of Concepcion, Chile. YES, it is erupting! Can you see the plume?","RT stro_Soichi: http://twitpic.com/16esd9 - Volcano in Andes, east of Concepcion, Chile. YES, it is erupting! Can you see the plume?",social,1,0,0,0,0,0,0,0,0,0,0,0,0,0,0,0,0,0,0,0,0,0,0,0,0,0,0,0,1,0,0,0,0,0,1,0
1162,"arcoswitt Check out my tweets! Videos of Santiago, Chile after the earthquake!","arcoswitt Check out my tweets! Videos of Santiago, Chile after the earthquake!",social,1,0,0,0,0,0,0,0,0,0,0,0,0,0,0,0,0,0,0,0,0,0,0,0,0,0,0,0,1,0,0,0,1,0,0,0
1163,http://twitpic.com/16fy73 - Centro de Talca despues del Terremoto #rptw // Talca center after the earthquake,http://twitpic.com/16fy73 - Centro de Talca despues del Terremoto #rptw // Talca center after the earthquake,social,1,0,0,0,0,0,0,0,0,0,0,0,0,0,0,0,0,0,0,0,0,0,0,0,0,0,0,0,1,0,0,0,1,0,0,0
1164,"ophiabliu it's getting better, Santiago has no problem, Concepcion has no services and the same with other areas affected by the earthqk","ophiabliu it's getting better, Santiago has no problem, Concepcion has no services and the same with other areas affected by the earthqk",social,1,0,0,0,0,0,0,0,0,0,0,0,0,0,0,0,0,0,0,0,0,0,0,0,0,0,0,0,1,0,0,0,1,0,0,1
1165,"urtFamily i don't know.. well, there have been a lot of lil quakes during the day & a 5,1 richter in santiago. That was scary, according","urtFamily i don't know.. well, there have been a lot of lil quakes during the day & a 5,1 richter in santiago. That was scary, according",social,1,0,0,0,0,0,0,0,0,0,0,0,0,0,0,0,0,0,0,0,0,0,0,0,0,0,0,0,1,0,0,0,1,0,0,1
1166,"tomorrow is the envent here in santiago, made to help the people hurt by the quake! jonas please come to help us! we need your help!","tomorrow is the envent here in santiago, made to help the people hurt by the quake! jonas please come to help us! we need your help!",social,1,1,0,1,1,0,0,0,0,0,0,0,0,0,0,0,0,0,1,0,0,0,0,0,0,0,0,0,1,0,0,0,1,0,0,1
1167,RT: @cammy__s: #everydayiwakeup(since Saturday)and I cannot believe that the place where I spent summer is gone.. #Dichato #Chile // x2 u.u,RT: @cammy__s: #everydayiwakeup(since Saturday)and I cannot believe that the place where I spent summer is gone.. #Dichato #Chile // x2 u.u,social,1,0,0,0,0,0,0,0,0,0,0,0,0,0,0,0,0,0,0,0,0,0,0,0,0,0,0,0,0,0,0,0,0,0,0,0
1168,"nnbrk #terremotochile my photos of the quake in Curanipe, Pelluhue, Cauquenes & Parral published on internet http://url.ie/59jz","nnbrk #terremotochile my photos of the quake in Curanipe, Pelluhue, Cauquenes & Parral published on internet http://url.ie/59jz",social,1,0,0,0,0,0,0,0,0,0,0,0,0,0,0,0,0,0,0,0,0,0,0,0,0,0,0,0,1,0,0,0,1,0,0,0
1169,"my wife mother alive, living in Dichato the most serious beach affected. House taken by the see. My mother house at the see also.","my wife mother alive, living in Dichato the most serious beach affected. House taken by the see. My mother house at the see also.",social,1,1,0,0,0,0,0,0,0,0,0,0,0,0,0,0,0,0,0,0,0,1,0,0,0,0,0,0,0,0,0,0,0,0,0,1
1170,"A picture of my aunt's home in downtown Concepcion, Chile, after the 8.8 earthquake. She's one of the lucky ones: http://tinyurl.com/ydzt75k","A picture of my aunt's home in downtown Concepcion, Chile, after the 8.8 earthquake. She's one of the lucky ones: http://tinyurl.com/ydzt75k",social,1,0,0,0,0,0,0,0,0,0,0,0,0,0,0,0,0,0,0,0,0,0,0,0,0,0,0,0,1,0,0,0,1,0,0,0
1171,"please come back to DOMINICAN REPUBLIC, SANTO DOMINGO AND SANTIAGO!!!\nplease come back to DOMINICAN REPUBLIC, SANTO DOMINGO AND SANTIAGO!!!","please come back to DOMINICAN REPUBLIC, SANTO DOMINGO AND SANTIAGO!!!\nplease come back to DOMINICAN REPUBLIC, SANTO DOMINGO AND SANTIAGO!!!",social,0,0,0,0,0,0,0,0,0,0,0,0,0,0,0,0,0,0,0,0,0,0,0,0,0,0,0,0,0,0,0,0,0,0,0,0
1172,i'm watching the few of stars that is here in Santiago's sky. I love the stars ,i'm watching the few of stars that is here in Santiago's sky. I love the stars ,social,0,0,0,0,0,0,0,0,0,0,0,0,0,0,0,0,0,0,0,0,0,0,0,0,0,0,0,0,0,0,0,0,0,0,0,0
1173,"yperlovers yep, I'm at Talcahuano, a city next to Concepcion. The ato (CCP) is operating ~ 2-3 commercial flights + military & emergency","yperlovers yep, I'm at Talcahuano, a city next to Concepcion. The ato (CCP) is operating ~ 2-3 commercial flights + military & emergency",social,1,0,0,1,0,0,0,0,1,0,0,0,0,0,0,0,0,0,0,0,0,0,0,0,0,0,0,0,0,0,0,0,0,0,0,1
1174,oejonas I think that you should come back to Santiago Chile!!!!! (we are waiting for you ) ,oejonas I think that you should come back to Santiago Chile!!!!! (we are waiting for you ) ,social,1,0,0,0,0,0,0,0,0,0,0,0,0,0,0,0,0,0,0,0,0,0,0,0,0,0,0,0,0,0,0,0,0,0,0,0
1175,"finally! back to Santiago, i dont think ill get it again, bye ppl","finally! back to Santiago, i dont think ill get it again, bye ppl",social,1,0,0,0,0,0,0,0,0,0,0,0,0,0,0,0,0,0,0,0,0,0,0,0,0,0,0,0,0,0,0,0,0,0,0,0
1176,"heeRealFDHC since Sensation is suspended in Santiago, will come to the next one? is apr 30th..","heeRealFDHC since Sensation is suspended in Santiago, will come to the next one? is apr 30th..",social,1,0,0,0,0,0,0,0,0,0,0,0,0,0,0,0,0,0,0,0,0,0,0,0,0,0,0,0,0,0,0,0,0,0,0,0
1177,RT: @glhuilli: RT: @wired: Big kahuna. RT @wiredscience: Chile quake moved the city of Concepcion 10 feet to the west. http://bit.ly/a7zy8s,RT: @glhuilli: RT: @wired: Big kahuna. RT @wiredscience: Chile quake moved the city of Concepcion 10 feet to the west. http://bit.ly/a7zy8s,social,1,0,0,0,0,0,0,0,0,0,0,0,0,0,0,0,0,0,0,0,0,0,0,0,0,0,0,0,1,0,0,0,1,0,0,0
1178,Hubble will pass over Santiago at mag 2.4 at 21:38 on 08/03. Moves from 20¬¨‚àû elevation NW to 30¬¨‚àû elevation N over 3 min,Hubble will pass over Santiago at mag 2.4 at 21:38 on 08/03. Moves from 20¬¨‚àû elevation NW to 30¬¨‚àû elevation N over 3 min,social,1,0,0,0,0,0,0,0,0,0,0,0,0,0,0,0,0,0,0,0,0,0,0,0,0,0,0,0,0,0,0,0,0,0,0,0
1179,Chile earthquake moved city of Concepcion 10ft to the west: The massive magnitude 8.8 earthquake that struck the w.. http://bit.ly/cUi4yd,Chile earthquake moved city of Concepcion 10ft to the west: The massive magnitude 8.8 earthquake that struck the w.. http://bit.ly/cUi4yd,social,1,0,0,0,0,0,0,0,0,0,0,0,0,0,0,0,0,0,0,0,0,0,0,0,0,0,0,0,1,0,0,0,1,0,0,0
1180,http://twitvid.com/C306D - Bypass just outside of Santiago getting into highway to the south of Chile,http://twitvid.com/C306D - Bypass just outside of Santiago getting into highway to the south of Chile,social,1,0,0,0,0,0,0,0,0,0,0,0,0,0,0,0,0,0,0,0,0,0,0,0,0,0,0,0,0,0,0,0,0,0,0,0
1181,Santiago returned to normal :) we recommend you to take a tour on a bike with \,Santiago returned to normal :) we recommend you to take a tour on a bike with \,social,1,0,0,0,0,0,0,0,0,0,0,0,0,0,0,0,0,0,0,0,0,0,0,0,0,0,0,0,0,0,0,0,0,0,0,0
1182,"consegui o cel da bianca, to indo pra santa cruz :D beijos s2","consegui o cel da bianca, to indo pra santa cruz :D beijos s2",social,1,0,0,0,0,0,0,0,0,0,0,0,0,0,0,0,0,0,0,0,0,0,0,0,0,0,0,0,0,0,0,0,0,0,0,0
1183,Want to live in Chile? Tech Project Management position available in Santiago de Chile: http://bit.ly/6nTady,Want to live in Chile? Tech Project Management position available in Santiago de Chile: http://bit.ly/6nTady,social,0,0,0,0,0,0,0,0,0,0,0,0,0,0,0,0,0,0,0,0,0,0,0,0,0,0,0,0,0,0,0,0,0,0,0,0
1184,coming to #Chile #Santiago?don't want to spend + than US17/day?looking 4 a trendy #hostel?then visit Hostal de la Barra http://ow.ly/1gz1x,coming to #Chile #Santiago?don't want to spend + than US17/day?looking 4 a trendy #hostel?then visit Hostal de la Barra http://ow.ly/1gz1x,social,0,0,0,0,0,0,0,0,0,0,0,0,0,0,0,0,0,0,0,0,0,0,0,0,0,0,0,0,0,0,0,0,0,0,0,0
1185,dude TT Chile Santiago LIBERTADOR O'HIGGINS President Pinera's chile for the win hahahah,dude TT Chile Santiago LIBERTADOR O'HIGGINS President Pinera's chile for the win hahahah,social,1,0,0,0,0,0,0,0,0,0,0,0,0,0,0,0,0,0,0,0,0,0,0,0,0,0,0,0,0,0,0,0,0,0,0,0
1186,"RT elezcnn: CNN Chile reports: People in #Concepcion are evacuating to the highlands after 7,2 aftershock. Fear of #Tsunami.","RT elezcnn: CNN Chile reports: People in #Concepcion are evacuating to the highlands after 7,2 aftershock. Fear of #Tsunami.",social,1,0,0,1,0,0,1,0,0,0,0,0,0,0,0,0,1,0,0,0,0,0,0,0,0,0,0,0,1,0,0,0,1,0,0,0
1187,#Santiago Chile was the quake not #Santiago Dominican Republic.. No wonder it didn't wake me! Maybe my dream will b just that: a dream.,#Santiago Chile was the quake not #Santiago Dominican Republic.. No wonder it didn't wake me! Maybe my dream will b just that: a dream.,social,1,0,0,0,0,0,0,0,0,0,0,0,0,0,0,0,0,0,0,0,0,0,0,0,0,0,0,0,1,0,0,0,1,0,0,1
1188,More and more #Haitians in #Santiago D.R.. Common now to overhear different #Creole conversations in the aisles of any supermarket.,More and more #Haitians in #Santiago D.R.. Common now to overhear different #Creole conversations in the aisles of any supermarket.,social,1,0,0,0,0,0,0,0,0,0,0,0,0,0,0,0,0,0,0,0,0,0,0,0,0,0,0,0,0,0,0,0,0,0,0,0
1189,In a military helicopter taking food supplies to people in countryside around Talca. I hear the theme from M.A.S.H. In my head,In a military helicopter taking food supplies to people in countryside around Talca. I hear the theme from M.A.S.H. In my head,social,1,0,1,1,0,0,0,0,0,0,0,1,0,0,0,0,0,0,0,0,0,0,0,0,0,0,0,0,0,0,0,0,0,0,0,1
1190,"ereal_bars where do I find Pisco in Austin, TX? Think I need to go to Santiago for that :P","ereal_bars where do I find Pisco in Austin, TX? Think I need to go to Santiago for that :P",social,0,0,0,0,0,0,0,0,0,0,0,0,0,0,0,0,0,0,0,0,0,0,0,0,0,0,0,0,0,0,0,0,0,0,0,0
1191,"arriving from a quick overview of the downtown of Concepcion. Situation is quite caothic, many houses down, also some buildings","arriving from a quick overview of the downtown of Concepcion. Situation is quite caothic, many houses down, also some buildings",social,1,0,0,1,0,0,0,0,0,0,0,0,1,0,0,0,0,0,0,0,0,1,0,0,0,0,0,0,0,0,0,0,0,0,0,1
1192,"RT@√î√∏¬∫Astro_Soichi http://twitpic.com/18deq7 - Concepcion, Chile. Three weeks after the earthquake","RT@√î√∏¬∫Astro_Soichi http://twitpic.com/18deq7 - Concepcion, Chile. Three weeks after the earthquake",social,1,0,0,0,0,0,0,0,0,0,0,0,0,0,0,0,0,0,0,0,0,0,0,0,0,0,0,0,1,0,0,0,1,0,0,0
1193,I go to Santiago ;) Bye I love you guys! ,I go to Santiago ;) Bye I love you guys! ,social,0,0,0,0,0,0,0,0,0,0,0,0,0,0,0,0,0,0,0,0,0,0,0,0,0,0,0,0,0,0,0,0,0,0,0,0
1194,esi There was a quake close to Santiago not too long ago.,esi There was a quake close to Santiago not too long ago.,social,1,0,0,0,0,0,0,0,0,0,0,0,0,0,0,0,0,0,0,0,0,0,0,0,0,0,0,0,1,0,0,0,1,0,0,0
1195,"Starting a new day in Concepcion after a big blackout last night involving 70% of the country. Everybody scarry here, thinking about quake","Starting a new day in Concepcion after a big blackout last night involving 70% of the country. Everybody scarry here, thinking about quake",social,1,0,0,0,0,0,0,0,0,0,0,0,0,0,0,0,0,0,0,0,0,0,1,0,0,0,0,0,1,0,0,0,1,0,0,1
1196,"#gratitude to my new twitter¬¨¬•s friends. #thankyou so much. I following everyone. Have a gr8 day. Greetings from Santiago, Chile :-)","#gratitude to my new twitter¬¨¬•s friends. #thankyou so much. I following everyone. Have a gr8 day. Greetings from Santiago, Chile :-)",social,0,0,0,0,0,0,0,0,0,0,0,0,0,0,0,0,0,0,0,0,0,0,0,0,0,0,0,0,0,0,0,0,0,0,0,0
1197,RT ickybuck: My friend @franginnini lives in Santiago Chile im happy to here her family and friends are fine.Yes &lt;&lt; THANK YOU! How are you,RT ickybuck: My friend @franginnini lives in Santiago Chile im happy to here her family and friends are fine.Yes &lt;&lt; THANK YOU! How are you,social,1,0,0,0,0,0,0,0,0,0,0,0,0,0,0,0,0,0,0,0,0,0,0,0,0,0,0,0,0,0,0,0,0,0,0,0
1198,"earGrylls well Bear, i recommend to you came to Chile, 4.4¬¨‚àû Richter is just a little shake after the 8,8¬¨‚àû in Concepcion","earGrylls well Bear, i recommend to you came to Chile, 4.4¬¨‚àû Richter is just a little shake after the 8,8¬¨‚àû in Concepcion",social,1,0,0,0,0,0,0,0,0,0,0,0,0,0,0,0,0,0,0,0,0,0,0,0,0,0,0,0,1,0,0,0,1,0,0,1
1199,"Starting to pack everything, ready to go back to Santiago this friday. I will miss a lot of things and people!","Starting to pack everything, ready to go back to Santiago this friday. I will miss a lot of things and people!",social,0,0,0,0,0,0,0,0,0,0,0,0,0,0,0,0,0,0,0,0,0,0,0,0,0,0,0,0,0,0,0,0,0,0,0,0
1200,Hamar         Ghair Sirkare Adare      krwao    kro    n kons Chez kons ilika   ky Chez? Plz    Sirkare (SRSO) Adara ( ) ( Crecent Hillah) Ahmar (Takhleeq foundition) (Pirbha,Hamar         Ghair Sirkare Adare      krwao    kro    n kons Chez kons ilika   ky Chez? Plz    Sirkare (SRSO) Adara ( ) ( Crecent Hillah) Ahmar (Takhleeq foundition) (Pirbha,direct,2,0,0,0,0,0,0,0,0,0,0,0,0,0,0,0,0,0,0,0,0,0,0,0,0,0,0,0,0,0,0,0,0,0,0,0
1201,HELP IN HOUSE CONSTRACT- ION BOBIES R SUF ERING NAMONIA AND OTHER DESEASES,HELP IN HOUSE CONSTRACT- ION BOBIES R SUF ERING NAMONIA AND OTHER DESEASES,direct,1,1,0,1,1,0,0,0,0,0,0,0,0,0,0,0,0,0,0,0,0,0,0,0,0,0,0,0,0,0,0,0,0,0,0,1
1202,"In our village, food and crops have destroyed, and we have no source of income and the government had not helped us","In our village, food and crops have destroyed, and we have no source of income and the government had not helped us",direct,1,1,0,1,0,0,0,0,0,0,0,1,0,0,1,0,0,0,0,0,0,0,0,0,0,0,0,0,0,0,0,0,0,0,0,1
1203,"In our village Kachipul flood has damaged alot our crops ,our homes and our income everything is finished but government haven't help us Location:vilage kachipul distt:kambr shadadkot please visit our city kachipul","In our village Kachipul flood has damaged alot our crops ,our homes and our income everything is finished but government haven't help us Location:vilage kachipul distt:kambr shadadkot please visit our city kachipul",direct,1,1,0,1,0,0,0,0,0,0,0,1,0,0,0,0,0,0,0,0,0,0,0,0,0,0,0,0,1,1,0,0,0,0,0,1
1204,I am a poor man i have youngr children But the local government says i am not eligible to receve nation card please issue nation card on my C.N.I.C no.,I am a poor man i have youngr children But the local government says i am not eligible to receve nation card please issue nation card on my C.N.I.C no.,direct,1,0,0,0,0,0,0,0,0,0,0,0,0,0,0,0,0,0,0,0,0,0,0,0,0,0,0,0,0,0,0,0,0,0,0,0
1205,"Appeal-I need shelter homes, food, warm clothes, bed and gas-stove. Children and adults are getting sick in the tents due to chilling winter.","Appeal-I need shelter homes, food, warm clothes, bed and gas-stove. Children and adults are getting sick in the tents due to chilling winter.",direct,1,1,0,1,1,0,0,0,0,0,0,1,1,1,0,0,0,0,1,0,0,0,0,0,0,0,0,0,1,0,0,0,0,1,0,1
1206,(Meara nam qamadeen hea bassti bakhshali maoza wahmachka tahseel rojhan zella rajanpur hea na hamea watancard mlea our na hamea koi our amdad mela makanat our saman pani baha kar lea ghea hea.patwari halqa nea maoqa par tassweer bhe banaea.yah meara sh,(Meara nam qamadeen hea bassti bakhshali maoza wahmachka tahseel rojhan zella rajanpur hea na hamea watancard mlea our na hamea koi our amdad mela makanat our saman pani baha kar lea ghea hea.patwari halqa nea maoqa par tassweer bhe banaea.yah meara sh,direct,2,0,0,0,0,0,0,0,0,0,0,0,0,0,0,0,0,0,0,0,0,0,0,0,0,0,0,0,0,0,0,0,0,0,0,0
1207,saeed khan .district. jamur. d.s.s. Rajanpur ?,saeed khan .district. jamur. d.s.s. Rajanpur ?,direct,1,0,0,0,0,0,0,0,0,0,0,0,0,0,0,0,0,0,0,0,0,0,0,0,0,0,0,0,0,0,0,0,0,0,0,0
1208,"I m not permanent resident of District jaffarabad Balochistan but due to Govt, service i m residing here since last year and due to flood i hv also received loss. Whether i can eligible for Watan card or not ? ? Qadir shah from D.a.yar jafarabad","I m not permanent resident of District jaffarabad Balochistan but due to Govt, service i m residing here since last year and due to flood i hv also received loss. Whether i can eligible for Watan card or not ? ? Qadir shah from D.a.yar jafarabad",direct,1,0,0,1,0,0,0,0,0,0,0,0,0,0,0,0,0,0,1,0,0,0,0,0,0,0,0,0,1,1,0,0,0,0,0,1
1209,when it will likely to be implemented,when it will likely to be implemented,direct,1,0,0,0,0,0,0,0,0,0,0,0,0,0,0,0,0,0,0,0,0,0,0,0,0,0,0,0,0,0,0,0,0,0,0,0
1210,kamea     kole asman K     ,kamea     kole asman K     ,direct,2,0,0,0,0,0,0,0,0,0,0,0,0,0,0,0,0,0,0,0,0,0,0,0,0,0,0,0,0,0,0,0,0,0,0,0
1211,"IT IS MY HUMBLE REQUEST THAT WE DO NOT RECIEVE WATAN CARD STILL,OUR GOVERNMENT DO NOT TAKE ANY ACTION.PLEASE HELP US.Abdul Rehman solangi Village miran ma","IT IS MY HUMBLE REQUEST THAT WE DO NOT RECIEVE WATAN CARD STILL,OUR GOVERNMENT DO NOT TAKE ANY ACTION.PLEASE HELP US.Abdul Rehman solangi Village miran ma",direct,1,1,0,1,0,0,0,0,0,0,0,0,0,0,0,0,0,0,1,0,0,0,0,0,0,0,0,0,0,0,0,0,0,0,0,1
1212,"our house has been destroyed because of flood and i cannot rebuilt it again and in very trouble i am, i have 3 small kids and my remaining family is in camp and bearing intense coldness","our house has been destroyed because of flood and i cannot rebuilt it again and in very trouble i am, i have 3 small kids and my remaining family is in camp and bearing intense coldness",direct,1,1,0,1,0,0,0,0,0,0,0,0,1,0,0,0,0,0,0,0,0,0,0,0,0,0,0,0,1,1,0,0,0,0,0,1
1213,AURANG ZEB S/O GULAB DIN DIST MIANWALI TEH ESSA KHEL VIA KALA BAGH P/O TOLA MANGLI VILLAGE MUHABBAT KHEL Sir I have been affected by floods but I have not received any help. I have a great hope that you will definitelt help me out. Thanks.,AURANG ZEB S/O GULAB DIN DIST MIANWALI TEH ESSA KHEL VIA KALA BAGH P/O TOLA MANGLI VILLAGE MUHABBAT KHEL Sir I have been affected by floods but I have not received any help. I have a great hope that you will definitelt help me out. Thanks.,direct,1,1,0,1,0,0,0,0,0,0,0,0,0,0,0,0,0,0,1,0,0,0,0,0,0,0,0,0,1,1,0,0,0,0,0,1
1214,Min basti hamed PUR tehsil and district RAHIM YAR KHAN PUNJAB PAKISTAN SE TALUQ RAKHTA HON MIN MATRIC PRIVATE STUDENT HON MIN GULBERG 3 LAHORE MIN A,Min basti hamed PUR tehsil and district RAHIM YAR KHAN PUNJAB PAKISTAN SE TALUQ RAKHTA HON MIN MATRIC PRIVATE STUDENT HON MIN GULBERG 3 LAHORE MIN A,direct,1,0,0,0,0,0,0,0,0,0,0,0,0,0,0,0,0,0,0,0,0,0,0,0,0,0,0,0,0,0,0,0,0,0,0,0
1215,.,.,direct,2,0,0,0,0,0,0,0,0,0,0,0,0,0,0,0,0,0,0,0,0,0,0,0,0,0,0,0,0,0,0,0,0,0,0,0
1216,WHy did watancard did not received at?,WHy did watancard did not received at?,direct,0,0,0,0,0,0,0,0,0,0,0,0,0,0,0,0,0,0,0,0,0,0,0,0,0,0,0,0,0,0,0,0,0,0,0,0
1217,murad mae zauja khuda baksh basti ahmmad yar bakhshu bhattar dakkhana thul hamza teh liaqat pur dest r y khan please tell us that why woman watan card have not been made. please help us thank you,murad mae zauja khuda baksh basti ahmmad yar bakhshu bhattar dakkhana thul hamza teh liaqat pur dest r y khan please tell us that why woman watan card have not been made. please help us thank you,direct,2,0,0,0,0,0,0,0,0,0,0,0,0,0,0,0,0,0,0,0,0,0,0,0,0,0,0,0,0,0,0,0,0,0,0,0
1218,MY HOME DESTROYED IN FLOOD I LIVE IN SHAH WASAWA TEH.ALIPUR DISTT.MUZAFAR GARH,MY HOME DESTROYED IN FLOOD I LIVE IN SHAH WASAWA TEH.ALIPUR DISTT.MUZAFAR GARH,direct,1,1,0,0,0,0,0,0,0,0,0,0,0,0,0,0,0,0,0,0,0,1,0,0,0,0,0,0,1,1,0,0,0,0,0,1
1219,new flood in jaffar abad after damaged Tori band.,new flood in jaffar abad after damaged Tori band.,direct,1,0,0,0,0,0,0,0,0,0,0,0,0,0,0,0,0,0,0,0,0,0,0,0,0,0,0,0,1,1,0,0,0,0,0,0
1220,PIDE                 .  ,PIDE                 .  ,direct,1,0,0,0,0,0,0,0,0,0,0,0,0,0,0,0,0,0,0,0,0,0,0,0,0,0,0,0,0,0,0,0,0,0,0,0
1221,Sukkur     - http://teeth.com.pk/blog             ,Sukkur     - http://teeth.com.pk/blog             ,direct,1,0,0,0,0,0,0,0,0,0,0,0,0,0,0,0,0,0,0,0,0,0,0,0,0,0,0,0,0,0,0,0,0,0,0,0
1222,we are 100 flood affected people. we have not got our passport nor any help from relief fund. pls help we are in great trouble.Locition:village Kachipul Dist:Kamber Shahdadkot taluko Qubo Saeed khan!,we are 100 flood affected people. we have not got our passport nor any help from relief fund. pls help we are in great trouble.Locition:village Kachipul Dist:Kamber Shahdadkot taluko Qubo Saeed khan!,direct,1,1,0,1,0,0,0,0,0,0,0,0,0,0,1,0,0,0,1,0,0,0,0,0,0,0,0,0,1,1,0,0,0,0,0,1
1223,"There are bed conditions in our area.we have unsuffient shelter,food and other facilities.there is dire need of food.we are looking NGOs and other or","There are bed conditions in our area.we have unsuffient shelter,food and other facilities.there is dire need of food.we are looking NGOs and other or",direct,1,1,0,1,0,0,0,0,0,0,0,1,1,0,0,0,0,0,1,0,0,0,0,0,0,0,0,0,0,0,0,0,0,0,0,1
1224,VILLAGE SAHIB KHAN SOLANGI totally damaged,VILLAGE SAHIB KHAN SOLANGI totally damaged,direct,1,0,0,0,0,0,0,0,0,0,0,0,0,0,0,0,0,0,0,0,1,1,0,0,0,0,0,0,0,0,0,0,0,0,0,0
1225,Umer kot: Sindh: Shelter and Camp needed as people are stranded due to flood:,Umer kot: Sindh: Shelter and Camp needed as people are stranded due to flood:,direct,1,1,0,1,0,0,0,0,0,0,0,0,1,0,0,0,0,0,0,0,1,0,0,0,0,0,0,0,1,1,0,0,0,0,0,1
1226,"My school better be like ""fuck this there's a hurricane, no school monday or tuesday!!!"" #probnot @Briannagbabe @AlexxComoHoping this #frankenstorm holds of till Tuesday. I have an appointment @TrumansNYC Monday afternoon. #haircut #metronorthrr","My school better be like ""fuck this there's a hurricane, no school monday or tuesday!!!"" #probnot @Briannagbabe @AlexxComoHoping this #frankenstorm holds of till Tuesday. I have an appointment @TrumansNYC Monday afternoon. #haircut #metronorthrr",social,1,0,0,0,0,0,0,0,0,0,0,0,0,0,0,0,0,0,0,0,0,0,0,0,0,0,0,0,1,0,1,0,0,0,0,1
1227,"Just getting ready for the hurricane, Well be ok cuz Gods on our side :-) (@Victor's Weather/Tech Center) http://t.co/67guzSjK","Just getting ready for the hurricane, Well be ok cuz Gods on our side :-) (@Victor's Weather/Tech Center) http://t.co/67guzSjK",social,1,0,0,0,0,0,0,0,0,0,0,0,0,0,0,0,0,0,0,0,0,0,0,0,0,0,0,0,1,0,1,0,0,0,0,1
1228,Ugh Hurricane sandy better not fuck up my weekend.Moms concerned about stocking up on alcohol for Sandy_,Ugh Hurricane sandy better not fuck up my weekend.Moms concerned about stocking up on alcohol for Sandy_,social,1,0,0,0,0,0,0,0,0,0,0,0,0,0,0,0,0,0,0,0,0,0,0,0,0,0,0,0,1,0,1,0,0,0,0,1
1229,"When you're suddenly running, tipsy, w wind in your hair past a Brooklyn construction site &amp; hurricane's coming but you're flying away soon.Does anyone wanna take me in for the hurricane so I don't have to evacuate? Hahah","When you're suddenly running, tipsy, w wind in your hair past a Brooklyn construction site &amp; hurricane's coming but you're flying away soon.Does anyone wanna take me in for the hurricane so I don't have to evacuate? Hahah",social,1,0,0,0,0,0,0,0,0,0,0,0,0,0,0,0,0,0,0,0,0,0,0,0,0,0,0,0,0,0,0,0,0,0,0,0
1230,Jets game in a hurricane! #donthateit #GoJETS,Jets game in a hurricane! #donthateit #GoJETS,social,1,0,0,0,0,0,0,0,0,0,0,0,0,0,0,0,0,0,0,0,0,0,0,0,0,0,0,0,1,0,1,0,0,0,0,1
1231,Hurricane Sandy. @Bedford Avenue http://t.co/HFMNVpFrIf Frankenstorm sweeps me away I made sure to have my fav meal with my fav person - @mike_jorda (@The Hamilton Inn) http://t.co/6fuRvjCoPhone calls from people who wants to know my game plan. #HurricaneSandy #TrueFriendsWell if I die cause this Daum hurricane just wanted to say everyone have a nice swim lmao,Hurricane Sandy. @Bedford Avenue http://t.co/HFMNVpFrIf Frankenstorm sweeps me away I made sure to have my fav meal with my fav person - @mike_jorda (@The Hamilton Inn) http://t.co/6fuRvjCoPhone calls from people who wants to know my game plan. #HurricaneSandy #TrueFriendsWell if I die cause this Daum hurricane just wanted to say everyone have a nice swim lmao,social,1,0,0,1,0,0,0,0,0,0,0,1,0,0,0,0,0,0,0,0,0,0,0,0,0,0,0,0,1,0,1,0,0,0,0,1
1232,Gamestop cancelled the midnight release because of this hurricane. WhatFirst irene now #Sandy,Gamestop cancelled the midnight release because of this hurricane. WhatFirst irene now #Sandy,social,1,0,0,0,0,0,0,0,0,0,0,0,0,0,0,0,0,0,0,0,0,0,0,0,0,0,0,0,1,0,1,0,0,1,0,0
1233,#hurricane madness at the grocery store http://t.co/wvoiCMHi,#hurricane madness at the grocery store http://t.co/wvoiCMHi,social,1,0,0,0,0,0,0,0,0,0,0,0,0,0,0,0,0,0,0,0,0,1,0,0,0,0,0,0,1,0,1,0,0,0,0,1
1234,Lots of carts like these going out the door. #hurricane #sandy #northhaven @Home Depot http://t.co/2gDpvkxK,Lots of carts like these going out the door. #hurricane #sandy #northhaven @Home Depot http://t.co/2gDpvkxK,social,1,0,0,0,0,0,0,0,0,0,0,0,0,0,0,0,0,0,0,0,0,0,0,0,0,0,0,0,1,0,1,0,0,0,0,0
1235,HDR Photo: New York City before Hurricane Sandy http://t.co/BMErOjTb,HDR Photo: New York City before Hurricane Sandy http://t.co/BMErOjTb,social,1,0,0,0,0,0,0,0,0,0,0,0,0,0,0,0,0,0,0,0,0,0,0,0,0,0,0,0,1,0,1,0,0,0,0,0
1236,As long as @AFrankenstorm keeps tweeting I'm officially set for this bitch,As long as @AFrankenstorm keeps tweeting I'm officially set for this bitch,social,0,0,0,0,0,0,0,0,0,0,0,0,0,0,0,0,0,0,0,0,0,0,0,0,0,0,0,0,0,0,0,0,0,0,0,0
1237,"I'm down for this hurricane as long as we don't lose power.. Or cable, or internet. #twcsucks","I'm down for this hurricane as long as we don't lose power.. Or cable, or internet. #twcsucks",social,1,0,0,0,0,0,0,0,0,0,0,0,0,0,0,0,0,0,0,0,0,0,0,0,0,0,0,0,1,0,1,0,0,0,0,1
1238,Last supper before Sandy arrives. @Van Horn Sandwich Shop http://t.co/uyfjfn20@OnceABC soon then @WalkingDead_AMC great TV night!!! Thanks #Sandy for not blowin in just yet!,Last supper before Sandy arrives. @Van Horn Sandwich Shop http://t.co/uyfjfn20@OnceABC soon then @WalkingDead_AMC great TV night!!! Thanks #Sandy for not blowin in just yet!,social,1,0,0,0,0,0,0,0,0,0,0,0,0,0,0,0,0,0,0,0,0,0,0,0,0,0,0,0,1,0,1,0,0,0,0,1
1239,PSA: unless you have a hand grinder (awesome) or a generator (prudent) don‚àö‚â†t forget to grind some coffee tonight. #HurricaneSandy,PSA: unless you have a hand grinder (awesome) or a generator (prudent) don‚àö‚â†t forget to grind some coffee tonight. #HurricaneSandy,social,1,1,0,1,1,0,0,0,0,0,0,0,0,0,0,0,0,0,1,0,1,0,0,0,0,0,0,0,1,1,1,0,0,0,0,1
1240,Waiting for #Sandy ;) (@Don Juan's Square) http://t.co/JsR67Iy9@AvidMarxist I love hurricanes!,Waiting for #Sandy ;) (@Don Juan's Square) http://t.co/JsR67Iy9@AvidMarxist I love hurricanes!,social,1,0,0,0,0,0,0,0,0,0,0,0,0,0,0,0,0,0,0,0,0,0,0,0,0,0,0,0,1,0,1,0,0,0,0,1
1241,@tr0bs: tonights episode: homosexuals abuse women during a sandy storm.‚àö√Ü,@tr0bs: tonights episode: homosexuals abuse women during a sandy storm.‚àö√Ü,social,1,0,0,0,0,0,0,0,0,0,0,0,0,0,0,0,0,0,0,0,0,0,0,0,0,0,0,0,0,0,0,0,0,0,0,0
1242,Halloween 2012 (@Frankenstorm Apocalypse - Hurricane Sandy w/ 2095 others) http://t.co/2jG6GpwO,Halloween 2012 (@Frankenstorm Apocalypse - Hurricane Sandy w/ 2095 others) http://t.co/2jG6GpwO,social,1,0,0,0,0,0,0,0,0,0,0,0,0,0,0,0,0,0,0,0,0,0,0,0,0,0,0,0,1,0,1,0,0,0,0,0
1243,Where's sandy? @Mercedes House http://t.co/cfC9WByuGood joke sandy. I knew you'd come through.,Where's sandy? @Mercedes House http://t.co/cfC9WByuGood joke sandy. I knew you'd come through.,social,1,0,0,0,0,0,0,0,0,0,0,0,0,0,0,0,0,0,0,0,0,0,0,0,0,0,0,0,0,0,0,0,0,0,0,0
1244,Winds picking up .. Sandy has turned toward Jersey.. She's going to the Jersey shore.. She's one pissed off woman..,Winds picking up .. Sandy has turned toward Jersey.. She's going to the Jersey shore.. She's one pissed off woman..,social,1,0,0,0,0,0,0,0,0,0,0,0,0,0,0,0,0,0,0,0,0,0,0,0,0,0,0,0,1,0,1,0,0,0,0,1
1245,The perfect app for this perfect storm. If you love old music and the nostalgic @Hutchinson River Greenway http://t.co/Q0kfgCGuPreparing for #Sandy http://t.co/ZfZbNjJ1Almost can't see ground zero.. #hurricanesandy @Sheraton Lincoln Harbor Hotel http://t.co/A4zi7wj0,The perfect app for this perfect storm. If you love old music and the nostalgic @Hutchinson River Greenway http://t.co/Q0kfgCGuPreparing for #Sandy http://t.co/ZfZbNjJ1Almost can't see ground zero.. #hurricanesandy @Sheraton Lincoln Harbor Hotel http://t.co/A4zi7wj0,social,1,0,0,0,0,0,0,0,0,0,0,0,0,0,0,0,0,0,0,0,0,0,0,0,0,0,0,0,1,0,1,0,0,0,0,0
1246,Subway stations closed today #sandy @Times Square http://t.co/xpaHSv5K,Subway stations closed today #sandy @Times Square http://t.co/xpaHSv5K,social,1,0,0,0,0,0,0,0,0,0,0,0,0,0,0,0,0,0,0,0,1,0,0,0,0,0,0,0,1,0,1,0,0,0,0,0
1247,MDuross @lucyintheusa @kaybellor hubby making pork fried rice on gas stove. Not your usual hurricane fare unless you're Chinese.People have nothing better to do than come in during a hurricane and get there stupid phones fixed,MDuross @lucyintheusa @kaybellor hubby making pork fried rice on gas stove. Not your usual hurricane fare unless you're Chinese.People have nothing better to do than come in during a hurricane and get there stupid phones fixed,social,1,0,0,0,0,0,0,0,0,0,0,0,0,0,0,0,0,0,0,0,0,0,0,0,0,0,0,0,1,0,1,0,0,0,0,1
1248,Ominous view of #nyc skyline from nyt building at the start of #hurricanesandy #sa @New York Times Building http://t.co/aaRQLt2W,Ominous view of #nyc skyline from nyt building at the start of #hurricanesandy #sa @New York Times Building http://t.co/aaRQLt2W,social,1,0,0,0,0,0,0,0,0,0,0,0,0,0,0,0,0,0,0,0,0,0,0,0,0,0,0,0,1,0,1,0,0,0,0,1
1249,You make all things new &amp; I will follow You forward! Sandy is temporary; His promises are forever..see past your storm. #ForwardOnFaith@BODY_ODY_PRADEY: WHY IS MY PHONE MOVING SO SLOW?!?!‚àö√Ü: sandy don't wan to u came use tha cell,You make all things new &amp; I will follow You forward! Sandy is temporary; His promises are forever..see past your storm. #ForwardOnFaith@BODY_ODY_PRADEY: WHY IS MY PHONE MOVING SO SLOW?!?!‚àö√Ü: sandy don't wan to u came use tha cell,social,1,0,0,0,0,0,0,0,0,0,0,0,0,0,0,0,0,0,0,0,0,0,0,0,0,0,0,0,0,0,0,0,0,0,0,0
1250,http://t.co/mS83at9b So I'm stranded over here in bk .. I'm bored think ima go see sandy over by the .. http://t.co/MWiGPZLG,http://t.co/mS83at9b So I'm stranded over here in bk .. I'm bored think ima go see sandy over by the .. http://t.co/MWiGPZLG,social,0,0,0,0,0,0,0,0,0,0,0,0,0,0,0,0,0,0,0,0,0,0,0,0,0,0,0,0,0,0,0,0,0,0,0,0
1251,"NYC hurricane update: constant sound of car alarms, 50 episodes of mad men left to watch.Hurricane brunch at the kitchen. http://t.co/SUP9ix5j@_MimozaL Wahh): this wind is insane and the hurricanes not even here yet ): fuck our lives!","NYC hurricane update: constant sound of car alarms, 50 episodes of mad men left to watch.Hurricane brunch at the kitchen. http://t.co/SUP9ix5j@_MimozaL Wahh): this wind is insane and the hurricanes not even here yet ): fuck our lives!",social,1,0,0,0,0,0,0,0,0,0,0,0,0,0,0,0,0,0,0,0,0,0,0,0,0,0,0,0,1,0,1,0,0,0,0,1
1252,llapalooza same. I went out for fried chicken and coffee. No one gets us. #Sandy,llapalooza same. I went out for fried chicken and coffee. No one gets us. #Sandy,social,1,1,0,1,1,0,0,0,0,0,0,0,0,0,0,0,0,0,0,0,1,0,0,0,0,0,0,0,1,1,0,0,0,0,0,1
1253,Lost power for an entire 3 seconds #sandy #bringitHurricanes are gay,Lost power for an entire 3 seconds #sandy #bringitHurricanes are gay,social,1,0,0,0,0,0,0,0,0,0,0,0,0,0,0,0,0,0,0,0,0,0,1,0,0,0,0,0,1,0,1,0,0,0,0,0
1254,Two idiots in a hurricane walk into a bar.. (@Dive Bar w/ @aeacey23 @jocelynb81) [pic]: http://t.co/LhPalAj5Irene vs Sandy #GTFI http://t.co/E9diwfep,Two idiots in a hurricane walk into a bar.. (@Dive Bar w/ @aeacey23 @jocelynb81) [pic]: http://t.co/LhPalAj5Irene vs Sandy #GTFI http://t.co/E9diwfep,social,1,0,0,0,0,0,0,0,0,0,0,0,0,0,0,0,0,0,0,0,0,0,0,0,0,0,0,0,0,0,0,0,0,0,0,0
1255,i really wish they named this hurricane snooki! @snooki,i really wish they named this hurricane snooki! @snooki,social,1,0,0,0,0,0,0,0,0,0,0,0,0,0,0,0,0,0,0,0,0,0,0,0,0,0,0,0,1,0,1,0,0,0,0,0
1256,Sandy fucked up my show session right now,Sandy fucked up my show session right now,social,0,0,0,0,0,0,0,0,0,0,0,0,0,0,0,0,0,0,0,0,0,0,0,0,0,0,0,0,0,0,0,0,0,0,0,0
1257,"wakotlewska betch please, you are petrified of being home alone on a sunny Sunday afternoon, let alone in the middle of a hurricaneKeep hearing a crazy grinding and lights keep flickering but thankfully we're still lit up here in Bayonne! #Sandy #sandyn","wakotlewska betch please, you are petrified of being home alone on a sunny Sunday afternoon, let alone in the middle of a hurricaneKeep hearing a crazy grinding and lights keep flickering but thankfully we're still lit up here in Bayonne! #Sandy #sandyn",social,1,0,0,0,0,0,0,0,0,0,0,0,0,0,0,0,0,0,0,0,0,0,1,0,0,0,0,0,1,0,1,0,0,0,0,1
1258,My dad just predicted the lights will come back on at 5:42 am. Feel free to RT #sandy #fakenews,My dad just predicted the lights will come back on at 5:42 am. Feel free to RT #sandy #fakenews,social,1,0,0,0,0,0,0,0,0,0,0,0,0,0,0,0,0,0,0,0,0,0,1,0,0,0,0,0,1,0,1,0,0,0,0,1
1259,"All #NYC bridges, tunnels &amp; mta closed; over 2.8 million without power #Sandy causing So much havoc!!! Praying 4 us all","All #NYC bridges, tunnels &amp; mta closed; over 2.8 million without power #Sandy causing So much havoc!!! Praying 4 us all",social,1,0,0,0,0,0,0,0,0,0,0,0,0,0,0,0,0,0,0,0,1,0,1,0,0,0,0,0,1,0,1,0,0,0,0,1
1260,"All #NYC bridges, tunnels &amp; mta closed; over 2.8 million without power #Sandy causing So much havoc!!! Praying 4 us all","All #NYC bridges, tunnels &amp; mta closed; over 2.8 million without power #Sandy causing So much havoc!!! Praying 4 us all",social,1,0,0,0,0,0,0,0,0,0,0,0,0,0,0,0,0,0,0,0,1,0,1,0,0,0,0,0,1,0,1,0,0,0,0,1
1261,boxLIVErewards #sandy hitting my houseI hope all the people at NYU hospital are good. :( #sandy2012 #power out.,boxLIVErewards #sandy hitting my houseI hope all the people at NYU hospital are good. :( #sandy2012 #power out.,social,1,0,0,0,0,0,0,0,0,0,0,0,0,0,0,0,0,0,0,1,0,0,0,0,1,0,0,0,1,0,1,0,0,0,0,1
1262,Falling asleep to @craigowens to make this hurricane go by #jerseyshoreproblems #besafe #hurricane #Sandy,Falling asleep to @craigowens to make this hurricane go by #jerseyshoreproblems #besafe #hurricane #Sandy,social,1,0,0,0,0,0,0,0,0,0,0,0,0,0,0,0,0,0,0,0,0,0,0,0,0,0,0,0,1,0,1,0,0,0,0,1
1263,Floods over by our house. #harlem #sandybaby http://t.co/mURfNwRY,Floods over by our house. #harlem #sandybaby http://t.co/mURfNwRY,social,1,0,0,0,0,0,0,0,0,0,0,0,0,0,0,0,0,0,0,0,0,0,0,0,0,0,0,0,1,1,0,0,0,0,0,1
1264,Will do hope it is better than Irene @UnSqGreenmarket: Keep our farmers in your thoughts as Sandy heads north. @NYCGreenmarkets‚àö√Ü,Will do hope it is better than Irene @UnSqGreenmarket: Keep our farmers in your thoughts as Sandy heads north. @NYCGreenmarkets‚àö√Ü,social,1,0,0,0,0,0,0,0,0,0,0,0,0,0,0,0,0,0,0,0,0,0,0,0,0,0,0,0,1,0,1,0,0,0,0,0
1265,New York City is completely closed. Unbelievable #sandy #maps @New York City http://t.co/sTqKmXmR,New York City is completely closed. Unbelievable #sandy #maps @New York City http://t.co/sTqKmXmR,social,1,0,0,0,0,0,0,0,0,0,0,0,0,0,0,0,0,0,0,0,0,0,0,0,0,0,0,0,0,0,0,0,0,0,0,0
1266,"y1headlines #nysandy from jackson heights, queens http://t.co/eUE11ecRChasing the dream. #sandy #frankenstormproblems @Chase http://t.co/WyL5hZ4bFolks, there's still no electricity below 34th St. Meaning the stop lights don't work. Keep off the roads!","y1headlines #nysandy from jackson heights, queens http://t.co/eUE11ecRChasing the dream. #sandy #frankenstormproblems @Chase http://t.co/WyL5hZ4bFolks, there's still no electricity below 34th St. Meaning the stop lights don't work. Keep off the roads!",social,1,0,0,0,0,0,0,0,0,0,0,0,0,0,0,0,0,0,0,0,0,0,1,0,0,0,0,0,1,0,1,0,0,0,0,1
1267,itRECordJoe finally reading my mags since I'm stuck at home bcuz of #HurricaneSandy &amp; whose smiling face pops up http://t.co/N8Hpn4rLHuge tree down here in Astoria #Sandy aftermath http://t.co/WBIFAGWC,itRECordJoe finally reading my mags since I'm stuck at home bcuz of #HurricaneSandy &amp; whose smiling face pops up http://t.co/N8Hpn4rLHuge tree down here in Astoria #Sandy aftermath http://t.co/WBIFAGWC,social,1,0,0,0,0,0,0,0,0,0,0,0,0,0,0,0,0,0,0,0,0,0,0,0,0,0,0,0,1,0,1,0,0,0,0,1
1268,We all through storms in life. How we response determines our characters,We all through storms in life. How we response determines our characters,social,1,0,0,0,0,0,0,0,0,0,0,0,0,0,0,0,0,0,0,0,0,0,0,0,0,0,0,0,0,0,0,0,0,0,0,0
1269,"Sandy must be a Republican. Powerful, nasty, bad for the housing market but good at creating jobs. And its damage gets blamed on a Democrat!","Sandy must be a Republican. Powerful, nasty, bad for the housing market but good at creating jobs. And its damage gets blamed on a Democrat!",social,0,0,0,0,0,0,0,0,0,0,0,0,0,0,0,0,0,0,0,0,0,0,0,0,0,0,0,0,0,0,0,0,0,0,0,0
1270,"I'm going trick or treating tomorrow with a sandy cheeks mask and yell I'm back! When I go to there doors instead of trick or treat#NewYork #5thAve #Sandy #Alone #Storm @5th Ave, NYC http://t.co/1ajNVtP9@_StevenJaye I'm actually down to 4% nbd.lol _ but in a week. Doesn't that seem so far from now? Like hurricanes need to stay in florida_Sometimes you take things in life for granted . I am thankful i wish the best for those dealing with Sandy shit. http://t.co/PZgNd0PD","I'm going trick or treating tomorrow with a sandy cheeks mask and yell I'm back! When I go to there doors instead of trick or treat#NewYork #5thAve #Sandy #Alone #Storm @5th Ave, NYC http://t.co/1ajNVtP9@_StevenJaye I'm actually down to 4% nbd.lol _ but in a week. Doesn't that seem so far from now? Like hurricanes need to stay in florida_Sometimes you take things in life for granted . I am thankful i wish the best for those dealing with Sandy shit. http://t.co/PZgNd0PD",social,1,0,0,0,0,0,0,0,0,0,0,0,0,0,0,0,0,0,0,0,0,0,0,0,0,0,0,0,1,0,1,0,0,0,0,0
1271,Court street bagels is down!! #courtstreetbagels #brooklyn #hurricanesandy @Court Street Bagels http://t.co/pT1PV0FB,Court street bagels is down!! #courtstreetbagels #brooklyn #hurricanesandy @Court Street Bagels http://t.co/pT1PV0FB,social,1,0,0,0,0,0,0,0,0,0,0,0,0,0,0,0,0,0,0,0,0,0,0,0,0,0,0,0,1,0,1,0,0,0,0,0
1272,Urgent post-storm update: There is no more bourbon in the apartment. I repeat: THERE IS NO MORE BOURBON IN THE APARTMENT.,Urgent post-storm update: There is no more bourbon in the apartment. I repeat: THERE IS NO MORE BOURBON IN THE APARTMENT.,social,1,0,0,0,0,0,0,0,0,0,0,0,0,0,0,0,0,0,0,0,0,0,0,0,0,0,0,0,1,0,1,0,0,0,0,1
1273,-- five people to two beds. yup.. #hurricanesandy #yzproblems,-- five people to two beds. yup.. #hurricanesandy #yzproblems,social,1,0,0,1,0,0,0,0,0,0,0,0,1,0,0,0,0,0,0,0,0,0,0,0,0,0,0,0,1,0,1,0,0,0,0,1
1274,Hungry #sandy #storm #survivors @my fire escape http://t.co/2RTXFZan,Hungry #sandy #storm #survivors @my fire escape http://t.co/2RTXFZan,social,1,1,0,1,0,0,0,0,0,0,0,1,0,0,0,0,0,0,0,0,0,0,0,0,0,0,0,0,1,0,1,0,0,0,0,0
1275,Baldwin Center in Stratford. Is without power and will be closed Wednesday Oct 31. #sandy,Baldwin Center in Stratford. Is without power and will be closed Wednesday Oct 31. #sandy,social,1,0,0,0,0,0,0,0,0,0,0,0,0,0,0,0,0,0,0,0,0,0,1,0,0,0,0,0,0,0,0,0,0,0,0,0
1276,"here in Northern Jersey, half hour west of NYC, AT&amp;T cell service has been non-existent to spotty, Verizon close to normal #HURRICANESANDYSandy traffic..2 hours from #Astoria to #Manhattan. Walking is faster. #sandy #@Ed Koch Queensboro Bridge http://t.co/orVVbQ1YSandyn12nj they should give all the kids the week off and don't even make up the days, they are learning more about life from the storm","here in Northern Jersey, half hour west of NYC, AT&amp;T cell service has been non-existent to spotty, Verizon close to normal #HURRICANESANDYSandy traffic..2 hours from #Astoria to #Manhattan. Walking is faster. #sandy #@Ed Koch Queensboro Bridge http://t.co/orVVbQ1YSandyn12nj they should give all the kids the week off and don't even make up the days, they are learning more about life from the storm",social,1,0,0,0,0,0,0,0,0,0,0,0,0,0,0,0,0,0,0,0,1,0,0,0,0,0,0,0,1,1,1,0,0,0,0,1
1277,lgrp hard at work at our makeshift office #hurricanesandy lynntesoro @christydwel @MDC Innovation Center http://t.co/DP75Avur,lgrp hard at work at our makeshift office #hurricanesandy lynntesoro @christydwel @MDC Innovation Center http://t.co/DP75Avur,social,1,0,0,0,0,0,0,0,0,0,0,0,0,0,0,0,0,0,0,0,0,0,0,0,0,0,0,0,0,0,0,0,0,0,0,0
1278,Drunky drunky drunky time #hurricansandyprobz,Drunky drunky drunky time #hurricansandyprobz,social,0,0,0,0,0,0,0,0,0,0,0,0,0,0,0,0,0,0,0,0,0,0,0,0,0,0,0,0,0,0,0,0,0,0,0,0
1279,Stop-n-Shop is open and there's stuff here. The essentials are mostly gone but there is food. #sandy #nj #keyport http://t.co/Eq3PTrum,Stop-n-Shop is open and there's stuff here. The essentials are mostly gone but there is food. #sandy #nj #keyport http://t.co/Eq3PTrum,social,1,0,0,1,0,0,0,0,0,0,0,1,0,0,0,0,0,0,0,1,0,0,0,0,0,1,0,0,1,0,1,0,0,0,0,1
1280,I hope the korilla truck is okay after sandy,I hope the korilla truck is okay after sandy,social,1,0,0,0,0,0,0,0,0,0,0,0,0,0,0,0,0,0,0,0,0,0,0,0,0,0,0,0,0,0,0,0,0,0,0,0
1281,"Walking up on 9th avenue, you wouldn't think there was a hurricane the past 2 days_","Walking up on 9th avenue, you wouldn't think there was a hurricane the past 2 days_",social,1,0,0,0,0,0,0,0,0,0,0,0,0,0,0,0,0,0,0,0,0,0,0,0,0,0,0,0,1,0,1,0,0,0,0,1
1282,And we're back. #wtc #sandy http://t.co/TgudVH9lVisiting next door to create a Halloween party with the neighbors _________ #positivevibes #hurricanesandy #hurricaneparty,And we're back. #wtc #sandy http://t.co/TgudVH9lVisiting next door to create a Halloween party with the neighbors _________ #positivevibes #hurricanesandy #hurricaneparty,social,1,1,0,1,1,0,0,0,0,0,0,0,0,0,0,0,0,0,0,0,1,0,0,0,0,0,0,0,1,1,0,0,0,0,0,1
1283,"At the local public library, warming and charging station. Good thing #WeBuiltIt #Sandy","At the local public library, warming and charging station. Good thing #WeBuiltIt #Sandy",social,1,0,0,0,0,0,0,0,0,0,0,0,0,0,0,0,0,0,0,0,0,0,0,0,0,0,0,0,1,0,1,0,0,0,0,1
1284,"Remainder of the wall at North End. Ocean Avenue, which is now all beach. #hurricanesan @Atlantic Ave Beach http://t.co/1rW8fgZF","Remainder of the wall at North End. Ocean Avenue, which is now all beach. #hurricanesan @Atlantic Ave Beach http://t.co/1rW8fgZF",social,1,0,0,0,0,0,0,0,0,0,0,0,0,0,0,0,0,0,0,0,0,1,0,0,0,0,0,0,1,0,1,0,0,0,0,0
1285,Congressional Research Service Report On Tax Cuts For Wealthy Suppressed By GOP (UPDATE): via HuffPost http://t.co/wDLXGjtB #sandy #ohio,Congressional Research Service Report On Tax Cuts For Wealthy Suppressed By GOP (UPDATE): via HuffPost http://t.co/wDLXGjtB #sandy #ohio,social,0,0,0,0,0,0,0,0,0,0,0,0,0,0,0,0,0,0,0,0,0,0,0,0,0,0,0,0,0,0,0,0,0,0,0,0
1286,I don't have to work tomorrow thanks #sandy :D,I don't have to work tomorrow thanks #sandy :D,social,1,0,0,0,0,0,0,0,0,0,0,0,0,0,0,0,0,0,0,0,0,0,0,0,0,0,0,0,0,0,0,0,0,0,0,0
1287,"Please help me raise funds for my family in Rockaway Beach and Atlantic Beach: http://t.co/rjgNZyvI #sandyrelief #help #fema #donate #sandy@alexa_chung was the first to alert me #Sandy was coming, and the first to alert me power was back on. Beats NYT for sure","Please help me raise funds for my family in Rockaway Beach and Atlantic Beach: http://t.co/rjgNZyvI #sandyrelief #help #fema #donate #sandy@alexa_chung was the first to alert me #Sandy was coming, and the first to alert me power was back on. Beats NYT for sure",social,1,1,0,1,0,0,0,0,0,0,0,0,0,0,1,0,0,0,0,0,0,0,1,0,0,0,0,0,1,0,1,0,0,0,0,1
1288,"Help NJ and NY recover #SandyHelp. Seaside, LBI, Staten Island, Little Ferry and so many others need help!!","Help NJ and NY recover #SandyHelp. Seaside, LBI, Staten Island, Little Ferry and so many others need help!!",social,1,1,0,1,0,0,0,0,0,0,0,0,0,0,0,0,0,0,1,0,0,0,0,0,0,0,0,0,1,0,1,0,0,0,0,1
1289,#Hoboken Shoprite cleanup in progress. This area was severely flooded. #hurricanesandy @ShopRite http://t.co/Vc8AyaNnA pack of joggers moves through a recently opened Central Park #nyc #sandy #marat @Central Park - North End http://t.co/JFA1P3zb,#Hoboken Shoprite cleanup in progress. This area was severely flooded. #hurricanesandy @ShopRite http://t.co/Vc8AyaNnA pack of joggers moves through a recently opened Central Park #nyc #sandy #marat @Central Park - North End http://t.co/JFA1P3zb,social,1,0,0,0,0,0,0,0,0,0,0,0,0,0,0,0,0,0,0,0,0,0,0,0,0,0,0,0,1,1,1,0,0,0,0,0
1290,First time back since #Sandy #NYC (@Manhattan Bridge w/ 9 others) http://t.co/YBVdoHQU,First time back since #Sandy #NYC (@Manhattan Bridge w/ 9 others) http://t.co/YBVdoHQU,social,0,0,0,0,0,0,0,0,0,0,0,0,0,0,0,0,0,0,0,0,0,0,0,0,0,0,0,0,0,0,0,0,0,0,0,0
1291,"Debris from damage homes and water fill the streets on Staten Island from Hurricane Sandy, Saturday, Nov. 3, 2012. http://t.co/Pqvqt2SpSo proud of the efforts of our @eyewitnessnyc team this week. #SandyABC7","Debris from damage homes and water fill the streets on Staten Island from Hurricane Sandy, Saturday, Nov. 3, 2012. http://t.co/Pqvqt2SpSo proud of the efforts of our @eyewitnessnyc team this week. #SandyABC7",social,1,0,0,0,0,0,0,0,0,0,0,0,0,0,0,0,0,0,0,0,0,1,0,0,0,0,0,0,1,1,1,0,0,0,0,1
1292,"Unsung heroes of #Sandy. Driver of a giant flatbed chivvies dumpsters around parked cars on E 7th, like he's setting a table w fine china.","Unsung heroes of #Sandy. Driver of a giant flatbed chivvies dumpsters around parked cars on E 7th, like he's setting a table w fine china.",social,1,0,0,0,0,0,0,0,0,0,0,0,0,0,0,0,0,0,0,0,0,0,0,0,0,0,0,0,1,0,1,0,0,0,0,0
1293,"Volunteering! Hot food 4 those w/o power, shelter, or otherwise been affected by Sandy! #disasterrelief #service #nj http://t.co/71MZ85NA","Volunteering! Hot food 4 those w/o power, shelter, or otherwise been affected by Sandy! #disasterrelief #service #nj http://t.co/71MZ85NA",social,1,0,1,1,0,0,0,0,0,0,0,1,1,0,0,0,0,0,1,0,0,0,1,0,0,0,0,0,1,0,1,0,0,0,0,1
1294,Going back to work after last weeks #nycflood by #hurricanesandy,Going back to work after last weeks #nycflood by #hurricanesandy,social,1,0,0,0,0,0,0,0,0,0,0,0,0,0,0,0,0,0,0,0,0,0,0,0,0,0,0,0,1,0,1,0,0,0,0,1
1295,#Donate to #sandy victims from your #iphone or #itunes #instagood #instagram #igers #photoof @New York City http://t.co/hcWFKnAu,#Donate to #sandy victims from your #iphone or #itunes #instagood #instagram #igers #photoof @New York City http://t.co/hcWFKnAu,social,1,1,0,1,0,0,0,0,0,0,0,0,0,0,1,0,0,0,0,0,0,0,0,0,0,0,0,0,1,0,1,0,0,0,0,0
1296,"RT YTMetro: In Storm-Battered Red Hook, Determined to Vote http://t.co/nYwf0eKF","RT YTMetro: In Storm-Battered Red Hook, Determined to Vote http://t.co/nYwf0eKF",social,0,0,0,0,0,0,0,0,0,0,0,0,0,0,0,0,0,0,0,0,0,0,0,0,0,0,0,0,0,0,0,0,0,0,0,0
1297,Winter storm Athena. Sounds tempting,Winter storm Athena. Sounds tempting,social,1,0,0,1,1,0,0,0,0,0,0,0,0,0,0,0,0,0,0,0,1,0,0,0,0,0,0,0,1,1,1,0,0,1,0,1
1298,"Jus when u think SANDY is a wrap,she called in her re enforcement her brother SNOW!.man their mom aka MOTHER lastname NATURE MUS hate Nj","Jus when u think SANDY is a wrap,she called in her re enforcement her brother SNOW!.man their mom aka MOTHER lastname NATURE MUS hate Nj",social,1,0,0,0,0,0,0,0,0,0,0,0,0,0,0,0,0,0,0,0,0,0,0,0,0,0,0,0,1,0,1,0,0,0,0,0
1299,"2-3"" of snow predicted tonight on top of devastation of Sandy. Please keep people of NYC n prayerSandy leftovers: two Snickers bars, a packet of Ketttle chips, canned soup and a perfectly drinkable leftover half bottle of wineStranded in the snow storm.. drinks and dessert #wine #beer #live #life #love #newcanaan @Sol‚àö√† http://t.co/cA1e9jgVCrazy crazy school situations here! Son is packing lunch and snacks for tomorrow - read this: http://t.co/SRahdjKN","2-3"" of snow predicted tonight on top of devastation of Sandy. Please keep people of NYC n prayerSandy leftovers: two Snickers bars, a packet of Ketttle chips, canned soup and a perfectly drinkable leftover half bottle of wineStranded in the snow storm.. drinks and dessert #wine #beer #live #life #love #newcanaan @Sol‚àö√† http://t.co/cA1e9jgVCrazy crazy school situations here! Son is packing lunch and snacks for tomorrow - read this: http://t.co/SRahdjKN",social,1,0,0,1,0,0,0,0,0,0,1,1,0,0,0,0,0,0,0,0,0,0,0,0,0,0,0,0,1,0,1,0,0,1,0,1
1300,"Hurricane sandy aftermath @Oakwood Beach, Staten Island http://t.co/oVaIklC6Hurricane Sandy Victims Receive Roethlisberger‚àö‚â†s Sexually Disturbing Thoughts And Prayers http://t.co/yWhEctUC @LeanneJoMazur @YinzerDarc#whoops Just heard the f-bomb live on Fox5 news at 5pm on a report about the gas rationing from #HurricaneSandyfuck sandy","Hurricane sandy aftermath @Oakwood Beach, Staten Island http://t.co/oVaIklC6Hurricane Sandy Victims Receive Roethlisberger‚àö‚â†s Sexually Disturbing Thoughts And Prayers http://t.co/yWhEctUC @LeanneJoMazur @YinzerDarc#whoops Just heard the f-bomb live on Fox5 news at 5pm on a report about the gas rationing from #HurricaneSandyfuck sandy",social,1,0,0,0,0,0,0,0,0,0,0,0,0,0,0,0,0,0,0,0,0,0,0,0,0,0,0,0,1,0,1,0,0,0,0,0
1301,Local administrative bodies are trained to quickly issue alerts and evacuation orders and distribute food and blankets at shelters.,Local administrative bodies are trained to quickly issue alerts and evacuation orders and distribute food and blankets at shelters.,news,1,0,0,1,0,0,0,0,0,0,0,1,1,0,0,0,0,0,0,0,0,0,0,0,0,0,0,0,0,0,0,0,0,0,0,0
1302,"As well, security threats from jihads remained.","As well, security threats from jihads remained.",news,1,0,0,1,0,0,0,0,1,0,0,0,0,0,0,0,0,0,0,0,0,0,0,0,0,0,0,0,0,0,0,0,0,0,0,0
1303,"- Deployment of mobile emergency health units to ensure families have immediate access to primary care and medical supplies, with the first team of 10 seasoned local emergency medical staffs deploying to the remote Swat Valley, which has been cut off due","- Deployment of mobile emergency health units to ensure families have immediate access to primary care and medical supplies, with the first team of 10 seasoned local emergency medical staffs deploying to the remote Swat Valley, which has been cut off due",news,1,0,0,1,1,0,0,0,0,0,0,0,0,0,0,0,0,0,0,0,0,0,0,0,0,0,0,0,0,0,0,0,0,0,0,0
1304,"PWJ will target 30 villages in Ingapu Township and plan to distribute equipment/tools for cleaning and repairing damaged houses, repair and improve water/sanitation facilities (wells, latrines, water filtering systems, etc.), install ceramic water filters at schools, and repair and furnish school buildings.","PWJ will target 30 villages in Ingapu Township and plan to distribute equipment/tools for cleaning and repairing damaged houses, repair and improve water/sanitation facilities (wells, latrines, water filtering systems, etc.), install ceramic water filters at schools, and repair and furnish school buildings.",news,1,0,0,1,0,0,0,0,0,0,1,0,0,0,0,0,0,0,0,0,0,1,0,0,0,0,0,0,0,0,0,0,0,0,0,0
1305,"When the 2004 tsunami hit Kuala Tadu on Sumatra's west coast, knee-high waves preceded the bigger, more destructive waves.","When the 2004 tsunami hit Kuala Tadu on Sumatra's west coast, knee-high waves preceded the bigger, more destructive waves.",news,1,0,0,0,0,0,0,0,0,0,0,0,0,0,0,0,0,0,0,0,0,0,0,0,0,0,0,0,1,1,0,0,1,0,1,0
1306,"Since 29 December 2005, unusually heavy snowfalls and extreme drops in temperature have gripped most parts of northwest China's Xinjiang Uygur autonomous region, affecting a reported 622,000 people in Altay, Tacheng and Ili prefectures of northern Xinjiang and leaving 224,800 people stranded.","Since 29 December 2005, unusually heavy snowfalls and extreme drops in temperature have gripped most parts of northwest China's Xinjiang Uygur autonomous region, affecting a reported 622,000 people in Altay, Tacheng and Ili prefectures of northern Xinjiang and leaving 224,800 people stranded.",news,1,0,0,1,0,0,0,0,0,0,0,0,0,0,0,0,1,0,0,0,0,0,0,0,0,0,0,0,1,0,0,0,0,1,0,0
1307,"It appeared that whenever assessment missions visited the islands, the Northern Alliance commanders would assemble the entire population, including permanent and semi-permanent residents on the larger flood plain, to demonstrate a large presence of displaced civilians, it added.","It appeared that whenever assessment missions visited the islands, the Northern Alliance commanders would assemble the entire population, including permanent and semi-permanent residents on the larger flood plain, to demonstrate a large presence of displaced civilians, it added.",news,1,0,0,1,0,0,0,0,0,0,0,0,0,0,0,0,1,0,0,0,0,0,0,0,0,0,0,0,1,1,0,0,0,0,0,0
1308,The government said it was ready to compile a supplementary budget for the current fiscal year to March 2005 to cope with damage from the quakes and a series of powerful typhoons including Tokage which last week killed at least 79 people.,The government said it was ready to compile a supplementary budget for the current fiscal year to March 2005 to cope with damage from the quakes and a series of powerful typhoons including Tokage which last week killed at least 79 people.,news,1,0,0,0,0,0,0,0,0,0,0,0,0,0,0,0,0,0,0,0,0,0,0,0,0,0,0,0,1,0,1,0,1,0,0,0
1309,"The Kenyan government, in conjunction with the Kenyan Red Cross Society, had put in place a fundraising scheme for the tsunami victims, Mutua said.","The Kenyan government, in conjunction with the Kenyan Red Cross Society, had put in place a fundraising scheme for the tsunami victims, Mutua said.",news,1,0,0,1,0,0,0,0,0,0,0,0,0,0,1,0,0,0,0,0,0,0,0,0,0,0,0,0,1,1,1,0,0,0,0,0
1310,"5) Erratic and somewhat lighter than normal rainfall continues over parts of southern and southeastern Ethiopia, although very heavy rains were seen during the past week in areas of southeastern Sudan.","5) Erratic and somewhat lighter than normal rainfall continues over parts of southern and southeastern Ethiopia, although very heavy rains were seen during the past week in areas of southeastern Sudan.",news,1,0,0,0,0,0,0,0,0,0,0,0,0,0,0,0,0,0,0,0,0,0,0,0,0,0,0,0,1,0,1,0,0,0,0,0
1311,"In Thailand schools based programmes were established to teach disaster preparedness to children, in Sri Lanka thousands of emergency-responders have been trained, in Indonesia radio networks were set up as early warning systems and mangrove planting projects were introduced to protect coastal communities from the sea to reduce the impact of coastal flooding.","In Thailand schools based programmes were established to teach disaster preparedness to children, in Sri Lanka thousands of emergency-responders have been trained, in Indonesia radio networks were set up as early warning systems and mangrove planting projects were introduced to protect coastal communities from the sea to reduce the impact of coastal flooding.",news,1,0,0,1,0,0,0,0,0,0,0,0,0,0,0,0,0,0,1,0,0,0,0,0,0,0,0,0,1,1,0,0,0,0,0,0
1312,"ISLAMABAD, Jun 11, 2007 (Xinhua via COMTEX) -- Scorching heat killed another 63 people on Saturday in Pakistan as the country remained in the grip of severe heatwave with mercury level touching record heights in a number of cities, newspapers said Monday.","ISLAMABAD, Jun 11, 2007 (Xinhua via COMTEX) -- Scorching heat killed another 63 people on Saturday in Pakistan as the country remained in the grip of severe heatwave with mercury level touching record heights in a number of cities, newspapers said Monday.",news,1,0,0,1,0,0,0,0,0,0,0,0,0,0,0,0,0,1,0,0,0,0,0,0,0,0,0,0,1,0,0,0,0,0,1,0
1313,"A high population growth rate, dwindling farm size, unjust patterns of land tenure, inefficient farming techniques, deforestation, and degraded soils all contribute to chronic disaster.","A high population growth rate, dwindling farm size, unjust patterns of land tenure, inefficient farming techniques, deforestation, and degraded soils all contribute to chronic disaster.",news,1,0,0,0,0,0,0,0,0,0,0,0,0,0,0,0,0,0,0,0,0,0,0,0,0,0,0,0,0,0,0,0,0,0,0,0
1314,"A mudslide in eastern Taiwan killed at least three people, island disaster officials said.","A mudslide in eastern Taiwan killed at least three people, island disaster officials said.",news,1,0,0,1,0,0,0,0,0,0,0,0,0,0,0,0,0,1,0,0,0,0,0,0,0,0,0,0,1,0,0,0,0,0,1,0
1315,"Whether these unfavorable climatic changes will endure is unknowable, but droughts and years of insufficient rainfall in Afghanistan have become more frequent.","Whether these unfavorable climatic changes will endure is unknowable, but droughts and years of insufficient rainfall in Afghanistan have become more frequent.",news,1,0,0,0,0,0,0,0,0,0,0,0,0,0,0,0,0,0,0,0,0,0,0,0,0,0,0,0,1,0,0,0,0,0,1,0
1316,"If rain stops, imagine how many can we have.","If rain stops, imagine how many can we have.",news,1,0,0,0,0,0,0,0,0,0,0,0,0,0,0,0,0,0,0,0,0,0,0,0,0,0,0,0,1,0,1,0,0,0,0,0
1317,"The 8.7 magnitude earthquake centered off Sumatra's western coast wreaked wholesale destruction on the island of Nias yesterday (March 28, 2005), leaving anywhere from 300 to 2000 dead and early estimates of at least 25,000 displaced on Nias and other islands in the midst of widespread damage to structures, critical facilities, and lifelines.","The 8.7 magnitude earthquake centered off Sumatra's western coast wreaked wholesale destruction on the island of Nias yesterday (March 28, 2005), leaving anywhere from 300 to 2000 dead and early estimates of at least 25,000 displaced on Nias and other islands in the midst of widespread damage to structures, critical facilities, and lifelines.",news,1,0,0,1,0,0,0,0,0,0,0,0,0,0,0,0,1,1,0,1,0,1,0,0,0,0,0,1,1,0,0,0,1,0,0,0
1318,"Meanwhile, the death toll of soldiers in Tuesday's claymore mine explosion in the northern Jaffna peninsula increased to 12 after one soldier succumbed to his injuries in a hospital in Colombo.","Meanwhile, the death toll of soldiers in Tuesday's claymore mine explosion in the northern Jaffna peninsula increased to 12 after one soldier succumbed to his injuries in a hospital in Colombo.",news,1,0,0,1,0,0,0,0,1,0,0,0,0,0,0,0,0,1,0,0,0,0,0,0,0,0,0,0,0,0,0,0,0,0,0,0
1319,"None of the affected poor countries - often the hardest hit by natural disasters - can afford the losses caused by the intensifying impact of climate change: more frequent and more intense tropical cyclones, flooding rains and longer droughts.","None of the affected poor countries - often the hardest hit by natural disasters - can afford the losses caused by the intensifying impact of climate change: more frequent and more intense tropical cyclones, flooding rains and longer droughts.",news,1,0,0,0,0,0,0,0,0,0,0,0,0,0,0,0,0,0,0,0,0,0,0,0,0,0,0,0,1,1,1,0,0,0,1,0
1320,"The food deficit is the result of unfavourable climatic conditions that have exacerbated structural problems in the country's already fragile agricultural sector, still recovering from the civil strife and political instability of the mid-1990s.","The food deficit is the result of unfavourable climatic conditions that have exacerbated structural problems in the country's already fragile agricultural sector, still recovering from the civil strife and political instability of the mid-1990s.",news,1,0,0,0,0,0,0,0,0,0,0,0,0,0,0,0,0,0,0,0,0,0,0,0,0,0,0,0,1,0,0,0,0,0,1,0
1321,"The deadly cyclone, which occurred over the Bay of Bengal, hit five divisions and states -- Yangon, Bago, Ayeyawaddy, Kayin and Mon, of which Ayeyawaddy division and the biggest city of Yangon sustained the heaviest casualties and infrastructural damage.","The deadly cyclone, which occurred over the Bay of Bengal, hit five divisions and states -- Yangon, Bago, Ayeyawaddy, Kayin and Mon, of which Ayeyawaddy division and the biggest city of Yangon sustained the heaviest casualties and infrastructural damage.",news,1,0,0,1,0,0,0,0,0,0,0,0,0,0,0,0,0,1,0,1,0,1,0,0,0,0,0,1,1,0,1,0,0,0,1,0
1322,The earthquake on 10 August was the third major quake to strike Ludian county over a period of twelve months as two quakes measuring 5.1 and 5.0 on the Richter scale struck the county on 15 and 26 November 2003.,The earthquake on 10 August was the third major quake to strike Ludian county over a period of twelve months as two quakes measuring 5.1 and 5.0 on the Richter scale struck the county on 15 and 26 November 2003.,news,1,0,0,0,0,0,0,0,0,0,0,0,0,0,0,0,0,0,0,0,0,0,0,0,0,0,0,0,1,0,0,0,1,0,0,0
1323,"Community Aid Abroad-Oxfam responded immediately to the disaster by supplying emergency relief including blankets, cooking utensils and temporary shelter.","Community Aid Abroad-Oxfam responded immediately to the disaster by supplying emergency relief including blankets, cooking utensils and temporary shelter.",news,1,0,0,1,0,0,0,0,0,0,0,0,1,0,0,0,0,0,0,0,0,0,0,0,0,0,0,0,0,0,0,0,0,0,0,0
1324,"After the disaster, the United Nations helped set up an Indian Ocean tsunami warning system, which uses underwater seismic sensors to relay information to monitoring centers around the region.","After the disaster, the United Nations helped set up an Indian Ocean tsunami warning system, which uses underwater seismic sensors to relay information to monitoring centers around the region.",news,1,0,0,0,0,0,0,0,0,0,0,0,0,0,0,0,0,0,0,0,0,0,0,0,0,0,0,0,1,1,0,0,0,0,0,0
1325,"The Three Gorges Dam on the Yangtze, China's longest river, will likely experience another flood peak Tuesday afternoon amid heavy rain in its upper reaches.","The Three Gorges Dam on the Yangtze, China's longest river, will likely experience another flood peak Tuesday afternoon amid heavy rain in its upper reaches.",news,1,0,0,0,0,0,0,0,0,0,0,0,0,0,0,0,0,0,0,0,0,0,0,0,0,0,0,0,1,1,1,0,0,0,0,0
1326,The X-rays shown by doctors at the rehab centre provide a vivid image of the kind of injuries most women here have suffered.,The X-rays shown by doctors at the rehab centre provide a vivid image of the kind of injuries most women here have suffered.,news,1,0,0,1,1,0,0,0,0,0,0,0,0,0,0,0,0,0,0,0,0,0,0,0,0,0,0,0,0,0,0,0,0,0,0,0
1327,"Nigeria experienced severe flooding last year that affected around half a million people in two-thirds of its 36 states The neighbouring nation of Benin was also hard hit by flooding in 2010, with 55,000 homes destroyed and at least 680,000 people affected.","Nigeria experienced severe flooding last year that affected around half a million people in two-thirds of its 36 states The neighbouring nation of Benin was also hard hit by flooding in 2010, with 55,000 homes destroyed and at least 680,000 people affected.",news,1,0,0,0,0,0,0,0,0,0,0,0,0,0,0,0,0,0,0,0,0,1,0,0,0,0,0,0,1,1,0,0,0,0,0,1
1328,"(a) Heavy rains in Rakwon County, South Hamgyong province, destroyed infrastructure, crops and houses on 15 June, when more than 90 mm of rain fell in one half hour.","(a) Heavy rains in Rakwon County, South Hamgyong province, destroyed infrastructure, crops and houses on 15 June, when more than 90 mm of rain fell in one half hour.",news,1,0,0,0,0,0,0,0,0,0,0,0,0,0,0,0,0,0,0,1,0,1,0,0,0,0,0,1,1,0,1,0,0,0,0,0
1329,"Most of the dead have been poor, elderly or young Bangladeshis, those least prepared for the frigid weather.","Most of the dead have been poor, elderly or young Bangladeshis, those least prepared for the frigid weather.",news,1,0,0,1,0,0,0,0,0,0,0,0,0,0,0,0,0,1,0,0,0,0,0,0,0,0,0,0,1,0,0,0,0,1,1,0
1330,"On 23 March a flood occurred in the district of Vose (Kulyab area) as the waters from the river Yaksu, swelled by recent heavy rains, burst through two sections of the river embankment.","On 23 March a flood occurred in the district of Vose (Kulyab area) as the waters from the river Yaksu, swelled by recent heavy rains, burst through two sections of the river embankment.",news,1,0,0,0,0,0,0,0,0,0,0,0,0,0,0,0,0,0,0,0,0,0,0,0,0,0,0,0,1,1,1,0,0,0,0,0
1331,"Prices are expected to continue climbing as the cold wintery weather continues, JP Morgan Chase, the investment bank, said in its 2011 China Economic Outlook.","Prices are expected to continue climbing as the cold wintery weather continues, JP Morgan Chase, the investment bank, said in its 2011 China Economic Outlook.",news,1,0,0,0,0,0,0,0,0,0,0,0,0,0,0,0,0,0,0,0,0,0,0,0,0,0,0,0,1,0,0,0,0,1,0,0
1332,"Supported by UNICEF Thailand, a team of pediatricians, psychologists and specially trained nurses from Khon Kaen University and Prince of Songkhla University conducted intensive two-day psychosocial rehabilitation activities for the affected students in an attempt to restore a sense of normalcy and security to their lives.","Supported by UNICEF Thailand, a team of pediatricians, psychologists and specially trained nurses from Khon Kaen University and Prince of Songkhla University conducted intensive two-day psychosocial rehabilitation activities for the affected students in an attempt to restore a sense of normalcy and security to their lives.",news,1,0,0,1,1,0,0,0,0,0,0,0,0,0,0,0,0,0,0,0,0,0,0,0,0,0,0,0,0,0,0,0,0,0,0,0
1333,"Madagascar, which is in the throes of its worst ever political crisis, has not seen such an intense tropical storm since Cyclone Hudah in April 2000 battered the north of the island, home to 40 percent of its 19 million people.","Madagascar, which is in the throes of its worst ever political crisis, has not seen such an intense tropical storm since Cyclone Hudah in April 2000 battered the north of the island, home to 40 percent of its 19 million people.",news,1,0,0,0,0,0,0,0,0,0,0,0,0,0,0,0,0,0,0,0,0,0,0,0,0,0,0,0,1,0,1,0,0,0,0,0
1334,"The President, focusing his attention on the problems of the drought stricken farmers in the dry zone, has instructed the officials to expedite the provision of government relief to the affected people in the Anuradhapura and Polonnaruwa Districts.","The President, focusing his attention on the problems of the drought stricken farmers in the dry zone, has instructed the officials to expedite the provision of government relief to the affected people in the Anuradhapura and Polonnaruwa Districts.",news,1,0,1,1,0,0,0,0,0,0,0,0,0,0,0,0,0,0,1,0,0,0,0,0,0,0,0,0,1,0,0,0,0,0,1,0
1335,"Every year, landslides kill more than 100 people, destroy 3,000-4,000 houses, affect 8,000-9,000 families, and cost USS$1 billion, according to the government.","Every year, landslides kill more than 100 people, destroy 3,000-4,000 houses, affect 8,000-9,000 families, and cost USS$1 billion, according to the government.",news,1,0,0,1,0,0,0,0,0,0,0,0,0,0,0,0,0,1,0,0,0,1,0,0,0,0,0,0,1,0,0,0,0,0,1,0
1336,"Before we take your general questions, I'd like to make a few opening remarks concerning ISAF support to the Afghan people during these frigid winter months. Some opposition leaders continued with their abrasive manners and asperity, whereas some members of the ruling party also showed intolerance to the dissent and were averse to take along the opposition members, as they wished to take all the credit for relief and reconstruction. As the most urgent needs of these communities have been mostly met, in the coming days the ICRC will focus on those villages which were partially destroyed by the seismic waves. But with nearly 200,000 people living in and around the town before the tsunamis struck, there are expectations the death toll in the region will climb dramatically as rescue workers and assessment teams reach isolated areas. There was more heavy rain overnight in Jakarta, although the weather brightened on Tuesday. In northern Kenya, more 50 lorries carrying foodstuffs, fuel and other essential commodities worth more than Sh100 million destined for Marsabit, Moyale and Ethiopia have been stuck in the mud between Serolevi, Merrille, Loisamis and Loglogo Trading Centres, as massive downpour made the Isiolo/Moyale road impassable. Thousands of people along Burma's eastern border states have been forced to remain in makeshift shelters after days of heavy rains triggered widespread flooding, which observers say was the most severe in two decades. A brief respite after three to four feet of snow was dumped in various parts of the North West Frontier Province (NWFP) that grounded relief flights and halted distributions, is expected to end in the coming days, with more snow and colder temperatures forecast by the local meteorological department. 08/05/2013 06:59 GMT KATHMANDU, August 5, 2013 (AFP) - Six pilgrims drowned in northeastern Nepal Monday while trying to cross a rain-swollen river, becoming the latest casualties of heavy monsoon downpours, a local police official said. The meeting will be brokered by the UN and is the first step towards the establishment of a broad-based representative government in Afghanistan. It is very tragic that a medical technician in Quetta has been refusing vaccination for his children.","Before we take your general questions, I'd like to make a few opening remarks concerning ISAF support to the Afghan people during these frigid winter months. Some opposition leaders continued with their abrasive manners and asperity, whereas some members of the ruling party also showed intolerance to the dissent and were averse to take along the opposition members, as they wished to take all the credit for relief and reconstruction. As the most urgent needs of these communities have been mostly met, in the coming days the ICRC will focus on those villages which were partially destroyed by the seismic waves. But with nearly 200,000 people living in and around the town before the tsunamis struck, there are expectations the death toll in the region will climb dramatically as rescue workers and assessment teams reach isolated areas. There was more heavy rain overnight in Jakarta, although the weather brightened on Tuesday. In northern Kenya, more 50 lorries carrying foodstuffs, fuel and other essential commodities worth more than Sh100 million destined for Marsabit, Moyale and Ethiopia have been stuck in the mud between Serolevi, Merrille, Loisamis and Loglogo Trading Centres, as massive downpour made the Isiolo/Moyale road impassable. Thousands of people along Burma's eastern border states have been forced to remain in makeshift shelters after days of heavy rains triggered widespread flooding, which observers say was the most severe in two decades. A brief respite after three to four feet of snow was dumped in various parts of the North West Frontier Province (NWFP) that grounded relief flights and halted distributions, is expected to end in the coming days, with more snow and colder temperatures forecast by the local meteorological department. 08/05/2013 06:59 GMT KATHMANDU, August 5, 2013 (AFP) - Six pilgrims drowned in northeastern Nepal Monday while trying to cross a rain-swollen river, becoming the latest casualties of heavy monsoon downpours, a local police official said. The meeting will be brokered by the UN and is the first step towards the establishment of a broad-based representative government in Afghanistan. It is very tragic that a medical technician in Quetta has been refusing vaccination for his children.",news,1,0,0,1,1,0,1,0,0,0,0,1,1,0,1,0,0,1,1,0,1,1,0,0,0,0,0,0,1,1,1,0,1,1,0,0
1337,"The Met office said the city recorded 57mm rainfall till 8.30am on Friday, the fifth-highest in a decade.","The Met office said the city recorded 57mm rainfall till 8.30am on Friday, the fifth-highest in a decade.",news,1,0,0,0,0,0,0,0,0,0,0,0,0,0,0,0,0,0,0,0,0,0,0,0,0,0,0,0,1,0,1,0,0,0,0,0
1338,"On Sunday, Chinese leaders, students, workers and members of the public across the nation paused for three minutes beginning at 10 a.m. to mourn the dead, one week after the devastating mudslide.","On Sunday, Chinese leaders, students, workers and members of the public across the nation paused for three minutes beginning at 10 a.m. to mourn the dead, one week after the devastating mudslide.",news,1,0,0,1,0,0,0,0,0,0,0,0,0,0,0,0,0,1,0,0,0,0,0,0,0,0,0,0,1,0,0,0,0,0,1,0
1339,"Sea levels were rising, coastlines were being eroded and coral reefs were suffering.","Sea levels were rising, coastlines were being eroded and coral reefs were suffering.",news,1,0,0,0,0,0,0,0,0,0,0,0,0,0,0,0,0,0,0,0,0,0,0,0,0,0,0,0,1,0,0,0,0,0,1,0
1340,"Road assessments by the mountain guides show that many roads are still blocked by landslides and rockfalls, or are too dangerous to negotiate.","Road assessments by the mountain guides show that many roads are still blocked by landslides and rockfalls, or are too dangerous to negotiate.",news,1,0,0,0,0,0,0,0,0,0,0,0,0,0,0,0,0,0,0,0,1,0,0,0,0,0,0,0,1,0,0,0,0,0,1,0
1341,"Committee Chairman Aminu Masari had on Aug. 5 started the exercise with 14 trucks of materials worth 95 million naira (about 714,286 US dollars), procured with the financial donations of Borno, Kaduna, Sokoto and Yobe states in northern Nigeria.","Committee Chairman Aminu Masari had on Aug. 5 started the exercise with 14 trucks of materials worth 95 million naira (about 714,286 US dollars), procured with the financial donations of Borno, Kaduna, Sokoto and Yobe states in northern Nigeria.",news,1,0,0,0,0,0,0,0,0,0,0,0,0,0,0,0,0,0,0,0,0,0,0,0,0,0,0,0,0,0,0,0,0,0,0,0
1342,xvi) As per Central Water Commission there are 12 flood forecasting sites in the State; of which 5 are located in reservoirs and 7 in rivers.,xvi) As per Central Water Commission there are 12 flood forecasting sites in the State; of which 5 are located in reservoirs and 7 in rivers.,news,1,0,0,0,0,0,0,0,0,0,0,0,0,0,0,0,0,0,0,0,0,0,0,0,0,0,0,0,1,1,0,0,0,0,0,0
1343,"This is also the opportunity to develop a better response system against migrant pests in the sub-region based on monitoring, early warning, biocontrol, capacity building and contingency planning.","This is also the opportunity to develop a better response system against migrant pests in the sub-region based on monitoring, early warning, biocontrol, capacity building and contingency planning.",news,1,0,0,0,0,0,0,0,0,0,0,0,0,0,0,0,0,0,0,0,0,0,0,0,0,0,0,0,0,0,0,0,0,0,0,0
1344,"A few villages close to the China border have also seen unseasonal snowfall, leaving dozens of shepherds and thousands of sheep stranded, a village headman told AFP.","A few villages close to the China border have also seen unseasonal snowfall, leaving dozens of shepherds and thousands of sheep stranded, a village headman told AFP.",news,1,0,0,1,0,0,0,0,0,0,0,0,0,0,0,0,0,0,1,0,0,0,0,0,0,0,0,0,1,0,0,0,0,1,0,0
1345,"ROME, Oct 1 (AFP) - Swarms of ravenous locusts are still spreading through and beyond the Sahel region of west Africa where the fight against the pest is being hampered by serious shortages in pesticides and aircraft, the UN food agency warned Friday.","ROME, Oct 1 (AFP) - Swarms of ravenous locusts are still spreading through and beyond the Sahel region of west Africa where the fight against the pest is being hampered by serious shortages in pesticides and aircraft, the UN food agency warned Friday.",news,1,0,0,0,0,0,0,0,0,0,0,0,0,0,0,0,0,0,0,0,0,0,0,0,0,0,0,0,0,0,0,0,0,0,0,0
1346,"During my stay in Mali, over three thousand people gathered in Bamako for a peaceful march against religious extremism.","During my stay in Mali, over three thousand people gathered in Bamako for a peaceful march against religious extremism.",news,0,0,0,0,0,0,0,0,0,0,0,0,0,0,0,0,0,0,0,0,0,0,0,0,0,0,0,0,0,0,0,0,0,0,0,0
1347,"India last year recorded more than 1,000 deaths from floods, which are triggered annually by monsoon rains and melting snows from the Himalayas.","India last year recorded more than 1,000 deaths from floods, which are triggered annually by monsoon rains and melting snows from the Himalayas.",news,1,0,0,1,0,0,0,0,0,0,0,0,0,0,0,0,0,1,0,0,0,0,0,0,0,0,0,0,1,1,1,0,0,0,0,0
1348,"The worst flooding to hit the state in nearly 50 years followed catastrophic monsoon rains in northern and northeastern India, Bhutan, Nepal and Bangladesh that killed hundreds and left millions homeless.","The worst flooding to hit the state in nearly 50 years followed catastrophic monsoon rains in northern and northeastern India, Bhutan, Nepal and Bangladesh that killed hundreds and left millions homeless.",news,1,0,0,1,0,0,0,0,0,0,0,0,0,0,0,0,0,1,0,0,0,0,0,0,0,0,0,0,1,1,1,0,0,0,0,0
1349,"ISLAMABAD, 12 October (IRIN) - Communities made homeless by Saturday's powerful regional earthquake urgently need shelter and warm clothes as cold winter weather saps the energy of hundreds of thousands forced to camp in the open throughout northern Pakistan.","ISLAMABAD, 12 October (IRIN) - Communities made homeless by Saturday's powerful regional earthquake urgently need shelter and warm clothes as cold winter weather saps the energy of hundreds of thousands forced to camp in the open throughout northern Pakistan.",news,1,1,0,1,0,0,0,0,0,0,0,0,1,1,0,0,0,0,0,0,0,0,0,0,0,0,0,0,1,0,0,0,1,1,0,0
1350,"In eastern Kazakhstan, where heavy snow storms severed entire districts from the rest of the country, a medical evacuation helicopter with eight people on board crashed in bad weather as it took part in the rescue operation.","In eastern Kazakhstan, where heavy snow storms severed entire districts from the rest of the country, a medical evacuation helicopter with eight people on board crashed in bad weather as it took part in the rescue operation.",news,1,0,0,1,0,0,1,0,0,0,0,0,0,0,0,0,0,0,0,0,1,0,0,0,0,0,0,0,1,0,0,0,0,1,0,0
1351,"Compared to 2003 when 60,000 people were affected, the 2004 floods has had less impact on the flood prone areas compared to previous years for several reasons; in Central Kenya, there was less rain on the Aberdare Mountains which usually overflows the dams and causes severe flooding downstream.","Compared to 2003 when 60,000 people were affected, the 2004 floods has had less impact on the flood prone areas compared to previous years for several reasons; in Central Kenya, there was less rain on the Aberdare Mountains which usually overflows the dams and causes severe flooding downstream.",news,1,0,0,0,0,0,0,0,0,0,0,0,0,0,0,0,0,0,0,0,0,0,0,0,0,0,0,0,1,1,0,0,0,0,0,0
1352,"A further 230 were killed on June 23 when a fierce storm hit Karachi, the main city in Sindh.","A further 230 were killed on June 23 when a fierce storm hit Karachi, the main city in Sindh.",news,1,0,0,1,1,0,0,0,0,0,0,0,0,0,0,0,0,1,0,0,1,0,0,0,0,0,0,0,1,1,1,0,0,0,0,0
1353,"It provided $50 million to South Asian countries for their recovery from the destruction by a tsunami that occurred in December 2004, and $4.2 million worth of emergency relief aid to Pakistan when earthquake ravaged the country in October 2005.","It provided $50 million to South Asian countries for their recovery from the destruction by a tsunami that occurred in December 2004, and $4.2 million worth of emergency relief aid to Pakistan when earthquake ravaged the country in October 2005.",news,1,0,0,1,0,0,0,0,0,0,0,0,0,0,1,0,0,0,0,0,0,0,0,0,0,0,0,0,1,0,0,0,1,0,0,0
1354,"In the latest incident, dozens are believed to have been killed when the lava flows ignited a gas station in Goma, setting off a massive fireball.","In the latest incident, dozens are believed to have been killed when the lava flows ignited a gas station in Goma, setting off a massive fireball.",news,1,0,0,1,1,0,0,0,0,0,0,0,0,0,0,0,0,1,0,0,1,0,0,0,0,0,0,0,1,1,0,0,0,0,0,1
1355,"The government raised the flood alert status on the Yangtze river, warning of potential downpours and windstorms in the waterway's middle and lower reaches Saturday as Typhoon Soulik moves towards the Chinese coast, reported news portal people.com.cn.","The government raised the flood alert status on the Yangtze river, warning of potential downpours and windstorms in the waterway's middle and lower reaches Saturday as Typhoon Soulik moves towards the Chinese coast, reported news portal people.com.cn.",news,1,0,0,0,0,0,0,0,0,0,0,0,0,0,0,0,0,0,0,0,0,0,0,0,0,0,0,0,1,1,1,0,0,0,0,0
1356,"The floods inundate nearly half of the region's four million hectares (9.8 million acres), affecting about eight million people in more than half of the 12 Delta provinces.","The floods inundate nearly half of the region's four million hectares (9.8 million acres), affecting about eight million people in more than half of the 12 Delta provinces.",news,1,0,0,0,0,0,0,0,0,0,0,0,0,0,0,0,0,0,0,0,0,0,0,0,0,0,0,0,1,1,0,0,0,0,0,0
1357,UMCOR is exempt from tax under section 501(c)(3) of the Internal Revenue Code of the United States and qualifies for the maximum charitable contribution deduction by donors.,UMCOR is exempt from tax under section 501(c)(3) of the Internal Revenue Code of the United States and qualifies for the maximum charitable contribution deduction by donors.,news,1,0,0,0,0,0,0,0,0,0,0,0,0,0,0,0,0,0,0,0,0,0,0,0,0,0,0,0,0,0,0,0,0,0,0,0
1358,"Mercy-USA for Aid and Development (M-USA) is collecting funds to aid the survivors of the deadly earthquakes that struck Indonesia's island of Sumatra on Tuesday, March 6.","Mercy-USA for Aid and Development (M-USA) is collecting funds to aid the survivors of the deadly earthquakes that struck Indonesia's island of Sumatra on Tuesday, March 6.",news,1,0,1,1,0,0,0,0,0,0,0,0,0,0,1,0,0,0,0,0,0,0,0,0,0,0,0,0,1,0,0,0,1,0,0,0
1359,"The current adverse weather conditions are largely a result of the La Nina effect, and flooding could become very serious in southern Africa during the latter part of the rainy season in mid-January to March.","The current adverse weather conditions are largely a result of the La Nina effect, and flooding could become very serious in southern Africa during the latter part of the rainy season in mid-January to March.",news,1,0,0,0,0,0,0,0,0,0,0,0,0,0,0,0,0,0,0,0,0,0,0,0,0,0,0,0,1,1,1,0,0,0,0,0
1360,"But in the north, south, and far west, the drought continues with little sign of reprieve.","But in the north, south, and far west, the drought continues with little sign of reprieve.",news,1,0,0,0,0,0,0,0,0,0,0,0,0,0,0,0,0,0,0,0,0,0,0,0,0,0,0,0,1,0,0,0,0,0,1,0
1361,"At 19.31 and 19.38 on Thursday 19 November 1998, two earthquakes measuring 5.6 and 6.2 in magnitude respectively hit a rural area on the borders of Yunnan and Sichuan Province in south west China.","At 19.31 and 19.38 on Thursday 19 November 1998, two earthquakes measuring 5.6 and 6.2 in magnitude respectively hit a rural area on the borders of Yunnan and Sichuan Province in south west China.",news,1,0,0,0,0,0,0,0,0,0,0,0,0,0,0,0,0,0,0,0,0,0,0,0,0,0,0,0,1,0,0,0,1,0,0,0
1362,"Some 38 of the country's 64 districts in the north, centre and east have been at least partly submerged by one of the worst floods in years, caused by snow melt and heavy monsoon downpours in north and east India.","Some 38 of the country's 64 districts in the north, centre and east have been at least partly submerged by one of the worst floods in years, caused by snow melt and heavy monsoon downpours in north and east India.",news,1,0,0,0,0,0,0,0,0,0,0,0,0,0,0,0,0,0,0,0,0,0,0,0,0,0,0,0,1,1,1,0,0,0,0,0
1363,"The National De-mining Commission has expressed concern about landmines, which have been dislodged by torrential floods.","The National De-mining Commission has expressed concern about landmines, which have been dislodged by torrential floods.",news,1,0,0,0,0,0,0,0,0,0,0,0,0,0,0,0,0,0,0,0,0,0,0,0,0,0,0,0,1,1,0,0,0,0,0,0
1364,"National Nutrition Strategy While breastfeeding is a common practice in Ethiopia, exclusive breastfeeding from birth - including feeding the colostrum, the nutritious and disease-fighting 'first milk' released right after delivery - has been considered unclean in many communities.","National Nutrition Strategy While breastfeeding is a common practice in Ethiopia, exclusive breastfeeding from birth - including feeding the colostrum, the nutritious and disease-fighting 'first milk' released right after delivery - has been considered unclean in many communities.",news,1,0,0,0,0,0,0,0,0,0,0,0,0,0,0,0,0,0,0,0,0,0,0,0,0,0,0,0,0,0,0,0,0,0,0,0
1365,"A freak hail storm pummeled China's central Henan province Friday (July 19), killing 25 people and sending thousands running for shelter.","A freak hail storm pummeled China's central Henan province Friday (July 19), killing 25 people and sending thousands running for shelter.",news,1,0,0,1,0,0,0,0,0,0,0,0,1,0,0,0,0,1,0,0,0,0,0,0,0,0,0,0,1,0,1,0,0,0,0,0
1366,"The government has established a Sub-Committee for the Coordination of International Assistance with three task forces (or working groups): task force 1 focuses on coastal and marine environmental restoration efforts; task force 2 focuses on geophysical hazards including seismicity, sink-holes, landslides, and salinity intrusion; and task force 3 focuses on livelihoods restoration issues.","The government has established a Sub-Committee for the Coordination of International Assistance with three task forces (or working groups): task force 1 focuses on coastal and marine environmental restoration efforts; task force 2 focuses on geophysical hazards including seismicity, sink-holes, landslides, and salinity intrusion; and task force 3 focuses on livelihoods restoration issues.",news,1,0,0,0,0,0,0,0,0,0,0,0,0,0,0,0,0,0,0,0,0,0,0,0,0,0,0,0,1,0,0,0,1,0,0,0
1367,"At that time, many of the BDRCS branches in the affected districts had already started emergency food distribution from funds raised locally.","At that time, many of the BDRCS branches in the affected districts had already started emergency food distribution from funds raised locally.",news,1,0,0,1,0,0,0,0,0,0,0,1,0,0,0,0,0,0,0,0,0,0,0,0,0,0,0,0,0,0,0,0,0,0,0,0
1368,"Sunday's killer tsunamis were unleashed by a gigantic 9.0 magnitude tectonic shift 150 kilometres (93 miles) off Sumatra, rolling on across the Indian Ocean to wreak havoc in 11 countries.","Sunday's killer tsunamis were unleashed by a gigantic 9.0 magnitude tectonic shift 150 kilometres (93 miles) off Sumatra, rolling on across the Indian Ocean to wreak havoc in 11 countries.",news,1,0,0,0,0,0,0,0,0,0,0,0,0,0,0,0,0,0,0,0,0,0,0,0,0,0,0,0,0,0,0,0,0,0,0,0
1369,"When the earthquake measuring 7.9 on the Richter scale struck Gujarat on Friday morning, international telephone lines as well as cellular services were either cut or jammed by the overwhelming number of frantic calls.","When the earthquake measuring 7.9 on the Richter scale struck Gujarat on Friday morning, international telephone lines as well as cellular services were either cut or jammed by the overwhelming number of frantic calls.",news,1,0,0,0,0,0,0,0,0,0,0,0,0,0,0,0,0,0,0,1,0,0,0,0,0,0,0,1,1,0,0,0,1,0,0,0
1370,"Owing to hot and sultry weather, most of the workers start work at 7.00 a.m. and end the workday by 1.00 p.m.","Owing to hot and sultry weather, most of the workers start work at 7.00 a.m. and end the workday by 1.00 p.m.",news,1,0,0,0,0,0,0,0,0,0,0,0,0,0,0,0,0,0,0,0,0,0,0,0,0,0,0,0,0,0,0,0,0,0,0,0
1371,"For his part, Mr. Mamadou Sy, Chairman of an association of environment relays, said: ""Our association was supported by the project with the provision of bushfire control equipment we are now using for fire suppression, but also to open and clean firewalls.","For his part, Mr. Mamadou Sy, Chairman of an association of environment relays, said: ""Our association was supported by the project with the provision of bushfire control equipment we are now using for fire suppression, but also to open and clean firewalls.",news,1,0,1,0,0,0,0,0,0,0,0,0,0,0,0,0,0,0,0,0,0,0,0,0,0,0,0,0,1,0,0,1,0,0,0,0
1372,"In the lowlands, herders also light grass fires to drive away infestations of tsetse flies and encourage the regeneration of the grasslands when the first rains arrive, usually in February or early March.","In the lowlands, herders also light grass fires to drive away infestations of tsetse flies and encourage the regeneration of the grasslands when the first rains arrive, usually in February or early March.",news,1,0,0,0,0,0,0,0,0,0,0,0,0,0,0,0,0,0,0,0,0,0,0,0,0,0,0,0,1,0,1,0,0,0,0,0
1373,"More than 290,000 people died when the waves, triggered by a huge undersea earthquake off northern Indonesia, crashed into coastal communities in 11 Asian and African countries.","More than 290,000 people died when the waves, triggered by a huge undersea earthquake off northern Indonesia, crashed into coastal communities in 11 Asian and African countries.",news,1,0,0,1,0,0,0,0,0,0,0,0,0,0,0,0,0,1,0,0,0,0,0,0,0,0,0,0,1,1,0,0,0,0,1,0
1374,"A powerful earthquake struck western Indonesia today, collapsing buildings and causing landslides in coastal cities and towns.","A powerful earthquake struck western Indonesia today, collapsing buildings and causing landslides in coastal cities and towns.",news,1,0,0,0,0,0,0,0,0,0,0,0,0,0,0,0,0,0,0,0,0,1,0,0,0,0,0,0,1,0,0,0,1,0,0,0
1375,"However, drier conditions are expected in and around Cunene, which will ease flooding concerns in the area.","However, drier conditions are expected in and around Cunene, which will ease flooding concerns in the area.",news,1,0,0,0,0,0,0,0,0,0,0,0,0,0,0,0,0,0,0,0,0,0,0,0,0,0,0,0,1,1,0,0,0,0,0,0
1376,"Unlike the Philippines which is familiar with typhoons, Myanmar was caught flatfooted by the ferocious storm which lashed the country with 120-mile per hour winds.","Unlike the Philippines which is familiar with typhoons, Myanmar was caught flatfooted by the ferocious storm which lashed the country with 120-mile per hour winds.",news,1,0,0,0,0,0,0,0,0,0,0,0,0,0,0,0,0,0,0,0,0,1,0,0,0,0,0,0,1,0,1,0,0,0,0,0
1377,"Many geological disasters such as landslides and mud-rock flows occurred, the result of the strong magnitude and intensity of the quake, Ma said.","Many geological disasters such as landslides and mud-rock flows occurred, the result of the strong magnitude and intensity of the quake, Ma said.",news,1,0,0,0,0,0,0,0,0,0,0,0,0,0,0,0,0,0,0,0,1,0,0,0,0,0,0,0,1,0,0,0,1,0,0,0
1378,The Southern part of Madagascar is subject to cyclical drought.,The Southern part of Madagascar is subject to cyclical drought.,news,1,0,0,0,0,0,0,0,0,0,0,0,0,0,0,0,0,0,0,0,0,0,0,0,0,0,0,0,1,0,0,0,0,0,1,0
1379,President Kashmir Advisory Centre said that his organization is hosting a grand charity dinner in Brussels on January 14 (next month) to raise relief funds for the rehabilitation of the earthquake victims.,President Kashmir Advisory Centre said that his organization is hosting a grand charity dinner in Brussels on January 14 (next month) to raise relief funds for the rehabilitation of the earthquake victims.,news,1,0,0,1,0,0,0,0,0,0,0,0,0,0,1,0,0,0,0,0,0,0,0,0,0,0,0,0,1,0,0,0,1,0,0,0
1380,"There is no way to prove climate change is to blame for the extreme cold snap, but some Chinese government scientists see no other explanation for the wild temperature swings, particularly in the areas that have become accustomed recently to mild winters.","There is no way to prove climate change is to blame for the extreme cold snap, but some Chinese government scientists see no other explanation for the wild temperature swings, particularly in the areas that have become accustomed recently to mild winters.",news,1,0,0,0,0,0,0,0,0,0,0,0,0,0,0,0,0,0,0,0,0,0,0,0,0,0,0,0,1,0,0,0,0,1,0,0
1381,Washington's humanitarian assistance to help deal with the smog crisis.,Washington's humanitarian assistance to help deal with the smog crisis.,news,1,0,0,1,0,0,0,0,0,0,0,0,0,0,0,0,0,0,1,0,0,0,0,0,0,0,0,0,0,0,0,0,0,0,0,0
1382,"Successive droughts combined with conflict and displacement have pushed people into crisis in nine countries: Burkina Faso, Cameroon, Chad, Gambia, Mali, Mauritania, Niger, Nigeria and Senegal.","Successive droughts combined with conflict and displacement have pushed people into crisis in nine countries: Burkina Faso, Cameroon, Chad, Gambia, Mali, Mauritania, Niger, Nigeria and Senegal.",news,1,0,0,1,0,0,0,0,0,0,0,0,0,0,0,0,1,0,0,0,0,0,0,0,0,0,0,0,1,0,0,0,0,0,1,0
1383,"Many people have moved into newly-constructed houses, de-silted land and cleared irrigation canals.","Many people have moved into newly-constructed houses, de-silted land and cleared irrigation canals.",news,1,0,0,0,0,0,0,0,0,0,0,0,0,0,0,0,0,0,0,0,0,0,0,0,0,0,0,0,0,0,0,0,0,0,0,0
1384,The Red Cross has warned that the ground in central Vietnam is totally saturated and that if any more heavy rain falls it will lead to immediate widespread flooding.,The Red Cross has warned that the ground in central Vietnam is totally saturated and that if any more heavy rain falls it will lead to immediate widespread flooding.,news,1,0,0,0,0,0,0,0,0,0,0,0,0,0,0,0,0,0,0,0,0,0,0,0,0,0,0,0,1,1,1,0,0,0,0,0
1385,"In Nsanje, on the southern tip of Malawi, Gidala said an additional 1,034 households have suffered flood damage.","In Nsanje, on the southern tip of Malawi, Gidala said an additional 1,034 households have suffered flood damage.",news,1,0,0,0,0,0,0,0,0,0,0,0,0,0,0,0,0,0,0,0,0,1,0,0,0,0,0,0,1,1,0,0,0,0,0,0
1386,"This, too, is made possible by generous voluntary donations.","This, too, is made possible by generous voluntary donations.",news,1,0,0,1,0,0,0,0,0,0,0,0,0,0,1,0,0,0,0,0,0,0,0,0,0,0,0,0,0,0,0,0,0,0,0,0
1387,"The Irrigation Department's Kamaladasa said that as of the last week of May, the bulk of the country's major irrigation reservoirs were at between 30 to 40 percent capacity.","The Irrigation Department's Kamaladasa said that as of the last week of May, the bulk of the country's major irrigation reservoirs were at between 30 to 40 percent capacity.",news,0,0,0,0,0,0,0,0,0,0,0,0,0,0,0,0,0,0,0,0,0,0,0,0,0,0,0,0,0,0,0,0,0,0,0,0
1388,"In 2003, more than 200 lives were claimed when flash floods tore through Bahorok, a popular riverside resort in North Sumatra.","In 2003, more than 200 lives were claimed when flash floods tore through Bahorok, a popular riverside resort in North Sumatra.",news,1,0,0,1,0,0,0,0,0,0,0,0,0,0,0,0,0,1,0,0,0,0,0,0,0,0,0,0,1,1,0,0,0,0,0,0
1389,"Official quake toll stands at 14,500.","Official quake toll stands at 14,500.",news,1,0,0,0,0,0,0,0,0,0,0,0,0,0,0,0,0,0,0,0,0,0,0,0,0,0,0,0,1,0,0,0,1,0,0,0
1390,"The flash floods that followed torrential monsoonal rains in north-west Pakistan between 28 and 30 July have caused great loss of life and wide-spread damage to infrastructure, livestock and property in more than 100 villages.","The flash floods that followed torrential monsoonal rains in north-west Pakistan between 28 and 30 July have caused great loss of life and wide-spread damage to infrastructure, livestock and property in more than 100 villages.",news,1,0,0,1,0,0,0,0,0,0,0,0,0,0,0,0,0,1,0,0,0,0,0,0,0,0,0,0,1,1,0,0,0,0,0,1
1391,She fed the party on catfish and mopani worms.,She fed the party on catfish and mopani worms.,news,1,0,0,0,0,0,0,0,0,0,0,0,0,0,0,0,0,0,0,0,0,0,0,0,0,0,0,0,0,0,0,0,0,0,0,0
1392,"However, workers who routinely handle corpses may have a risk of contracting tuberculosis, bloodborne viruses (such as Hepatitis B/C and HIV), and gastrointestinal infections (such as rotavirus diarrhoea, salmonellosis, E. coli, typhoid/paratyphoid fevers, hepatitis A, shigellosis and cholera).","However, workers who routinely handle corpses may have a risk of contracting tuberculosis, bloodborne viruses (such as Hepatitis B/C and HIV), and gastrointestinal infections (such as rotavirus diarrhoea, salmonellosis, E. coli, typhoid/paratyphoid fevers, hepatitis A, shigellosis and cholera).",news,1,0,0,0,0,0,0,0,0,0,0,0,0,0,0,0,0,0,0,0,0,0,0,0,0,0,0,0,0,0,0,0,0,0,0,0
1393,"On Wednesday, September 30, a 7.6 magnitude earthquake struck West Sumatra in Indonesia, toppling buildings and destroying homes and roads.","On Wednesday, September 30, a 7.6 magnitude earthquake struck West Sumatra in Indonesia, toppling buildings and destroying homes and roads.",news,1,0,0,0,0,0,0,0,0,0,0,0,0,0,0,0,0,0,0,1,1,1,0,0,0,0,0,1,1,0,0,0,1,0,0,0
1394,"WHO, which has been working with Sudan's Health Ministry to stem the outbreak for over two months, said last month the epidemic was cholera, which is spread by a waterborne bacteria, causes severe watery diarrhoea and can lead to death within hours if not treated.","WHO, which has been working with Sudan's Health Ministry to stem the outbreak for over two months, said last month the epidemic was cholera, which is spread by a waterborne bacteria, causes severe watery diarrhoea and can lead to death within hours if not treated.",news,1,0,0,1,1,0,0,0,0,0,1,0,0,0,0,0,0,1,0,0,0,0,0,0,0,0,0,0,0,0,0,0,0,0,0,0
1395,"Surono, who said that the evacuation had started at 7 p.m. (1200 GMT), warned that residents should steer clear of rivers near the volcano in case of flows of lahar, a mix of hot stones and water.","Surono, who said that the evacuation had started at 7 p.m. (1200 GMT), warned that residents should steer clear of rivers near the volcano in case of flows of lahar, a mix of hot stones and water.",news,1,0,0,0,0,0,0,0,0,0,0,0,0,0,0,0,0,0,0,0,0,0,0,0,0,0,0,0,1,0,0,0,0,0,1,0
1396,"More than one million people have been affected by landslides, floods and other related disaster situations due to the inclement weather that has been prevailing in the country for more than 10 days.","More than one million people have been affected by landslides, floods and other related disaster situations due to the inclement weather that has been prevailing in the country for more than 10 days.",news,1,0,0,0,0,0,0,0,0,0,0,0,0,0,0,0,0,0,0,0,0,1,0,0,0,0,0,0,1,1,0,0,0,0,1,0
1397,"However, seed shortages and subsequent price increase were noted but will have little impact on the implementation of this season since it was foreseeable and consequently taken into account.","However, seed shortages and subsequent price increase were noted but will have little impact on the implementation of this season since it was foreseeable and consequently taken into account.",news,0,0,0,0,0,0,0,0,0,0,0,0,0,0,0,0,0,0,0,0,0,0,0,0,0,0,0,0,0,0,0,0,0,0,0,0
1398,"Relief efforts by the army, navy, civil administration and local charities were continuing on a large scale along the coastal belt.","Relief efforts by the army, navy, civil administration and local charities were continuing on a large scale along the coastal belt.",news,1,0,0,1,0,0,0,0,1,0,0,0,0,0,0,0,0,0,1,0,0,0,0,0,0,0,0,0,0,0,0,0,0,0,0,0
1399,"The 2,311 flood victims are receiving assistance from the township, and a 24-hour flood watch has been set up.","The 2,311 flood victims are receiving assistance from the township, and a 24-hour flood watch has been set up.",news,1,0,0,1,0,0,0,0,0,0,0,0,0,0,0,0,0,0,1,0,0,0,0,0,0,0,0,0,1,1,0,0,0,0,0,0
1400,"In the middle and southern part of Zhejiang province, due to the continuous rainfall, the water levels in Qiantang river, Ou river and Feiyun river exceeded the warning line as well as the danger line.","In the middle and southern part of Zhejiang province, due to the continuous rainfall, the water levels in Qiantang river, Ou river and Feiyun river exceeded the warning line as well as the danger line.",news,1,0,0,0,0,0,0,0,0,0,0,0,0,0,0,0,0,0,0,0,0,0,0,0,0,0,0,0,1,1,1,0,0,0,0,0
1401,"The immigrant populations are likely to be highly mobile and could extend into other areas between Tombouctou and Tamesna and in the west between Nioro and Nara, according to where rainfall occurs.","The immigrant populations are likely to be highly mobile and could extend into other areas between Tombouctou and Tamesna and in the west between Nioro and Nara, according to where rainfall occurs.",news,1,1,0,1,1,0,0,0,0,0,0,0,0,0,0,0,0,0,0,0,1,0,0,0,0,0,0,0,1,1,0,0,0,0,0,1
1402,"We are treating cases of extreme exhaustion, dehydration, and malnutrition which is common among the children, but we do not have any outbreaks of serious disease or epidemics, he said.","We are treating cases of extreme exhaustion, dehydration, and malnutrition which is common among the children, but we do not have any outbreaks of serious disease or epidemics, he said.",news,1,0,0,1,1,0,0,0,0,0,0,0,0,0,0,0,0,0,0,0,0,0,0,0,0,0,0,0,0,0,0,0,0,0,0,0
1403,"MUZAFFARABAD, 23 June (IRIN) - Some 11,000 residents of 30 villages around the city of Muzaffarabad, capital of quake-hit Pakistani-administered Kashmir will be evacuated from their houses by the end of this month after their villages were declared unsafe and prone to further landslides, officials said on Friday.","MUZAFFARABAD, 23 June (IRIN) - Some 11,000 residents of 30 villages around the city of Muzaffarabad, capital of quake-hit Pakistani-administered Kashmir will be evacuated from their houses by the end of this month after their villages were declared unsafe and prone to further landslides, officials said on Friday.",news,1,0,0,1,0,0,0,0,0,0,0,0,1,0,0,0,1,0,0,0,0,1,0,0,0,0,0,0,1,0,0,0,1,0,1,0
1404,"Since 2001, the Chinese Red Cross and the International Federation, supported by the European Commission's Humanitarian Aid Office (ECHO), have been working to reduce the vulnerability of communities to recurring natural disaster by providing hygienic sanitation, improved water supplies, health education and disaster preparedness.","Since 2001, the Chinese Red Cross and the International Federation, supported by the European Commission's Humanitarian Aid Office (ECHO), have been working to reduce the vulnerability of communities to recurring natural disaster by providing hygienic sanitation, improved water supplies, health education and disaster preparedness.",news,1,0,0,1,0,1,0,0,0,0,1,0,0,0,0,0,0,0,1,0,0,0,0,0,0,0,0,0,0,0,0,0,0,0,0,0
1405,"Some 400,000 people are now living in makeshift shelters or evacuation centers, the New York Times reported, and compounding the problem is windy and bitterly cold weather, as well as shortages of water, food and fuel, the Times reported.","Some 400,000 people are now living in makeshift shelters or evacuation centers, the New York Times reported, and compounding the problem is windy and bitterly cold weather, as well as shortages of water, food and fuel, the Times reported.",news,1,0,0,1,0,0,0,0,0,0,0,1,0,0,0,0,0,0,0,0,0,0,0,0,0,0,0,0,1,0,1,0,0,1,0,0
1406,"As the cyclone struck right before the annual harvest in November and early December, many farmers lost all or most of their crops.","As the cyclone struck right before the annual harvest in November and early December, many farmers lost all or most of their crops.",news,1,0,0,1,0,0,0,0,0,0,0,1,0,0,0,0,0,0,0,0,0,0,0,0,0,0,0,0,1,0,1,0,0,0,0,0
1407,"FFP is the fifth largest international relief organization in the world and raises funds and provides direct relief assistance to the poor, usually by purchasing specifically requested materials and distributing them through the churches and charity organizations already operating in areas of need.","FFP is the fifth largest international relief organization in the world and raises funds and provides direct relief assistance to the poor, usually by purchasing specifically requested materials and distributing them through the churches and charity organizations already operating in areas of need.",news,1,0,1,1,0,0,0,0,0,0,0,0,0,0,1,0,0,0,1,0,0,0,0,0,0,0,0,0,0,0,0,0,0,0,0,0
1408,"It was the only available but rather difficult option in the wake of harsh weather conditions including snow, heavy rains and landslides.","It was the only available but rather difficult option in the wake of harsh weather conditions including snow, heavy rains and landslides.",news,1,0,0,0,0,0,0,0,0,0,0,0,0,0,0,0,0,0,0,0,0,0,0,0,0,0,0,0,1,1,1,0,0,1,1,0
1409,"Exploratory drilling in May last year by local gas company PT Lapindo Brantas pierced an underground chamber of hydrogen sulphide, forcing hot mud to the surface.","Exploratory drilling in May last year by local gas company PT Lapindo Brantas pierced an underground chamber of hydrogen sulphide, forcing hot mud to the surface.",news,1,0,0,0,0,0,0,0,0,0,0,0,0,0,0,0,0,0,0,0,0,0,0,0,0,0,0,0,0,0,0,0,0,0,0,0
1410,"Governments, civil society and humanitarian agencies needed to prepare strategies to cope with the impact of, among others, an increased number of hydro-meteorological disasters, such as hurricanes, cyclones floods and mudslides.","Governments, civil society and humanitarian agencies needed to prepare strategies to cope with the impact of, among others, an increased number of hydro-meteorological disasters, such as hurricanes, cyclones floods and mudslides.",news,1,0,0,0,0,0,0,0,0,0,0,0,0,0,0,0,0,0,0,0,0,0,0,0,0,0,0,0,1,1,1,0,0,0,0,0
1411,"Since 2010, more than 30 million people across Pakistan have been affected by annual monsoonal flooding.","Since 2010, more than 30 million people across Pakistan have been affected by annual monsoonal flooding.",news,1,0,0,0,0,0,0,0,0,0,0,0,0,0,0,0,0,0,0,0,0,0,0,0,0,0,0,0,1,1,0,0,0,0,0,0
1412,"The equipment, valued at approximately $35,000, will create a seismic monitoring network near Mount Sinabung to provide better data on volcano-related earthquakes that serve as precursors to eruptions.","The equipment, valued at approximately $35,000, will create a seismic monitoring network near Mount Sinabung to provide better data on volcano-related earthquakes that serve as precursors to eruptions.",news,1,0,0,0,0,0,0,0,0,0,0,0,0,0,0,0,0,0,0,0,0,0,0,0,0,0,0,0,0,0,0,0,0,0,0,0
1413,Himachal Pradesh is notorious for sudden downpours.,Himachal Pradesh is notorious for sudden downpours.,news,1,0,0,0,0,0,0,0,0,0,0,0,0,0,0,0,0,0,0,0,0,0,0,0,0,0,0,0,1,0,1,0,0,0,0,0
1414,The construction work on the Women's Resource Centers that had been halted due to harsh winter weather for all sites except Helmand has resumed this month as all WRC's now have the required land deeds.,The construction work on the Women's Resource Centers that had been halted due to harsh winter weather for all sites except Helmand has resumed this month as all WRC's now have the required land deeds.,news,1,0,0,0,0,0,0,0,0,0,0,0,0,0,0,0,0,0,0,0,0,0,0,0,0,0,0,0,1,0,0,0,0,0,1,0
1415,"A brief respite after three to four feet of snow was dumped in various parts of the North West Frontier Province (NWFP) that grounded relief flights and halted distributions, is expected to end in the coming days, with more snow and colder temperatures forecast by the local meteorological department.","A brief respite after three to four feet of snow was dumped in various parts of the North West Frontier Province (NWFP) that grounded relief flights and halted distributions, is expected to end in the coming days, with more snow and colder temperatures forecast by the local meteorological department.",news,1,0,0,0,0,0,0,0,0,0,0,0,0,0,0,0,0,0,0,0,0,0,0,0,0,0,0,0,1,0,0,0,0,1,0,0
1416,"The 40-house model village will comprise storm shelter, water distribution system using natural gravity, solar-energy power supply system and cyclone-resistant apartments, it said.","The 40-house model village will comprise storm shelter, water distribution system using natural gravity, solar-energy power supply system and cyclone-resistant apartments, it said.",news,1,0,0,1,0,0,0,0,0,0,1,0,1,0,0,0,0,0,0,0,0,0,1,0,0,0,0,0,1,0,1,0,0,0,0,0
1417,"The United Nations said more helicopters were needed urgently to bring aid to the hardest-hit villages, most of which are nestled on hard-to-reach forested slopes 10,000 feet (3,300 metres) high in the foothills of the Himalaya, Karakoram and Hindu Kush mountain ranges.","The United Nations said more helicopters were needed urgently to bring aid to the hardest-hit villages, most of which are nestled on hard-to-reach forested slopes 10,000 feet (3,300 metres) high in the foothills of the Himalaya, Karakoram and Hindu Kush mountain ranges.",news,1,0,0,1,0,0,0,0,0,0,0,0,0,0,0,0,0,0,1,0,1,0,0,0,0,0,0,0,0,0,0,0,0,0,0,0
1418,"The first tanker will be going to the Djamil Hospital, the main referal hospital in West Sumatra.","The first tanker will be going to the Djamil Hospital, the main referal hospital in West Sumatra.",news,1,0,0,0,0,0,0,0,0,0,0,0,0,0,0,0,0,0,0,0,0,0,0,0,0,0,0,0,0,0,0,0,0,0,0,0
1419,"The scale and intensity of deforestation, soil erosion and declines in soil productivity are enormous.","The scale and intensity of deforestation, soil erosion and declines in soil productivity are enormous.",news,1,0,0,0,0,0,0,0,0,0,0,0,0,0,0,0,0,0,0,0,0,0,0,0,0,0,0,0,0,0,0,0,0,0,0,0
1420,"Schools and kindergartens were closed Tuesday afternoon, and ferry services to outlying islands were suspended as the fast-moving storm closed in on the high-rise city of 6.9 million.","Schools and kindergartens were closed Tuesday afternoon, and ferry services to outlying islands were suspended as the fast-moving storm closed in on the high-rise city of 6.9 million.",news,1,0,0,0,0,0,0,0,0,0,0,0,0,0,0,0,0,0,0,1,1,0,0,0,0,0,0,1,1,0,1,0,0,1,0,0
1421,"Although the officials in Bangkok have drained a considerable amount of floodwater in some areas, Mr. Aree is not fully assured that the flood situation is fully solved.","Although the officials in Bangkok have drained a considerable amount of floodwater in some areas, Mr. Aree is not fully assured that the flood situation is fully solved.",news,1,0,0,0,0,0,0,0,0,0,0,0,0,0,0,0,0,0,0,0,0,0,0,0,0,0,0,0,1,1,0,0,0,0,0,0
1422,"It is positive that ECHO has increased its allocation this year through two further funding commitments but the allocation may have to be greatly enhanced next year, particularly if the drought worsens.","It is positive that ECHO has increased its allocation this year through two further funding commitments but the allocation may have to be greatly enhanced next year, particularly if the drought worsens.",news,1,0,0,0,0,0,0,0,0,0,0,0,0,0,0,0,0,0,0,0,0,0,0,0,0,0,0,0,1,0,0,0,0,0,1,0
1423,"The 7.6-magnitude quake struck close to the provincial capital of Padang and the nearby Pariaman District, near the quake's epicenter.","The 7.6-magnitude quake struck close to the provincial capital of Padang and the nearby Pariaman District, near the quake's epicenter.",news,1,0,0,0,0,0,0,0,0,0,0,0,0,0,0,0,0,0,0,0,0,0,0,0,0,0,0,0,1,0,0,0,1,0,0,0
1424,"The slow pace of reconstruction along Japan's devastated north-eastern coastline is contributing to survivors' stress, as there is little clarity on how long they will have to remain in cramped temporary housing.","The slow pace of reconstruction along Japan's devastated north-eastern coastline is contributing to survivors' stress, as there is little clarity on how long they will have to remain in cramped temporary housing.",news,1,0,0,1,0,0,0,0,0,0,0,0,0,0,0,0,1,0,0,0,0,1,0,0,0,0,0,0,0,0,0,0,0,0,0,0
1425,"The slow pace of reconstruction along Japan's devastated north-eastern coastline is contributing to survivors' stress, as there is little clarity on how long they will have to remain in cramped temporary housing.","The slow pace of reconstruction along Japan's devastated north-eastern coastline is contributing to survivors' stress, as there is little clarity on how long they will have to remain in cramped temporary housing.",news,1,0,0,1,0,0,0,0,0,0,0,0,0,0,0,0,1,0,0,0,0,1,0,0,0,0,0,0,0,0,0,0,0,0,0,0
1426,"In contrast to conditions in the south, China's northern regions have seen more rain than usual this summer.","In contrast to conditions in the south, China's northern regions have seen more rain than usual this summer.",news,1,0,0,0,0,0,0,0,0,0,0,0,0,0,0,0,0,0,0,0,0,0,0,0,0,0,0,0,1,0,1,0,0,0,0,1
1427,"Five repatriation operations were organized in 2006, involving a total of 1,071 people, of whom 988 were Ethiopians who returned to Ethiopia (including 30 minors) and 83 were Eritreans returning to Eritrea (including 24 minors).","Five repatriation operations were organized in 2006, involving a total of 1,071 people, of whom 988 were Ethiopians who returned to Ethiopia (including 30 minors) and 83 were Eritreans returning to Eritrea (including 24 minors).",news,0,0,0,0,0,0,0,0,0,0,0,0,0,0,0,0,0,0,0,0,0,0,0,0,0,0,0,0,0,0,0,0,0,0,0,0
1428,"Chinese earthquake networks monitored that a quake of 5.6 degrees on the Richter Scale hit the join between Ningqiang and Qingchuan, both worst hit in the 8.0-magnitude earthquake last May, at 3:54 a.m. on Thursday.","Chinese earthquake networks monitored that a quake of 5.6 degrees on the Richter Scale hit the join between Ningqiang and Qingchuan, both worst hit in the 8.0-magnitude earthquake last May, at 3:54 a.m. on Thursday.",news,1,0,0,0,0,0,0,0,0,0,0,0,0,0,0,0,0,0,0,0,0,0,0,0,0,0,0,0,1,0,0,0,1,0,0,0
1429,"Widespread flooding in Zimbabwe Zimbabwe has experienced continuous heavy rainfall since December, with widespread flooding causing damage to infrastructure and property.","Widespread flooding in Zimbabwe Zimbabwe has experienced continuous heavy rainfall since December, with widespread flooding causing damage to infrastructure and property.",news,1,0,0,0,0,0,0,0,0,0,0,0,0,0,0,0,0,0,0,1,1,1,0,0,0,0,0,1,1,1,0,0,0,0,0,0
1430,The disaster-prone Indonesian archipelago has dozens of active volcanoes and straddles major tectonic fault lines from the Indian to the Pacific oceans.,The disaster-prone Indonesian archipelago has dozens of active volcanoes and straddles major tectonic fault lines from the Indian to the Pacific oceans.,news,1,0,0,0,0,0,0,0,0,0,0,0,0,0,0,0,0,0,0,0,0,0,0,0,0,0,0,0,0,0,0,0,0,0,0,0
1431,"The Department of Health reported (21 Apr.) that the flashfloods and landslides affected 7 sub-districts (Bendungan, Trenggalek, Ogalan, Karangan, Tugu, Durenan and Gandu Sari).","The Department of Health reported (21 Apr.) that the flashfloods and landslides affected 7 sub-districts (Bendungan, Trenggalek, Ogalan, Karangan, Tugu, Durenan and Gandu Sari).",news,1,0,0,0,0,0,0,0,0,0,0,0,0,0,0,0,0,0,0,0,0,0,0,0,0,0,0,0,1,1,0,0,0,0,0,0
1432,"A landslide occurred at Geetang Karmatar on the night of 7th July, 2005 in West district, as a result of this some roads have been washed away.","A landslide occurred at Geetang Karmatar on the night of 7th July, 2005 in West district, as a result of this some roads have been washed away.",news,1,0,0,0,0,0,0,0,0,0,0,0,0,0,0,0,0,0,0,0,1,0,0,0,0,0,0,0,1,0,0,0,0,0,1,0
1433,"It has caused deaths, structural collapses, blackouts, highway closures and crop destruction.","It has caused deaths, structural collapses, blackouts, highway closures and crop destruction.",news,1,0,0,1,0,0,0,0,0,0,0,0,0,0,0,0,0,1,0,0,1,1,1,0,0,0,0,0,1,0,0,0,0,0,1,0
1434,"Researchers attribute an increase in landslides over the past 15 years to roads rashly cut into unstable slopes, heavy rains falling on deforested land and tectonic shifts in the relatively young Himalayan mountain ridge.","Researchers attribute an increase in landslides over the past 15 years to roads rashly cut into unstable slopes, heavy rains falling on deforested land and tectonic shifts in the relatively young Himalayan mountain ridge.",news,1,0,0,0,0,0,0,0,0,0,0,0,0,0,0,0,0,0,0,0,0,0,0,0,0,0,0,0,0,0,0,0,0,0,0,0
1435,"The All India Radio and television channels are giving hourly bulletins, disseminating do's and don'ts to protect people from heat strokes.","The All India Radio and television channels are giving hourly bulletins, disseminating do's and don'ts to protect people from heat strokes.",news,1,0,0,0,0,0,0,0,0,0,0,0,0,0,0,0,0,0,0,0,0,0,0,0,0,0,0,0,1,0,0,0,0,0,1,0
1436,"Background: The 9.0 earthquake off the western coast of northern Sumatra on 26 December 2004, depth 10 km, 7.59am local time (00.59 GMT) triggered massive waves or 'tsunamis', inundating coastal areas in countries around the Indian Ocean rim.","Background: The 9.0 earthquake off the western coast of northern Sumatra on 26 December 2004, depth 10 km, 7.59am local time (00.59 GMT) triggered massive waves or 'tsunamis', inundating coastal areas in countries around the Indian Ocean rim.",news,1,0,0,0,0,0,0,0,0,0,0,0,0,0,0,0,0,0,0,0,0,0,0,0,0,0,0,0,1,1,0,0,1,0,0,0
1437,"January 17, 2006, Islamabad, Pakistan - Direct Relief's extensive experience in providing assistance in the aftermath of earthquakes has shown that reconstructive surgeries, rehabilitation, and assistance with prosthetics and assistive devices emerge as significant long-term challenges for many victims of traumatic injuries.","January 17, 2006, Islamabad, Pakistan - Direct Relief's extensive experience in providing assistance in the aftermath of earthquakes has shown that reconstructive surgeries, rehabilitation, and assistance with prosthetics and assistive devices emerge as significant long-term challenges for many victims of traumatic injuries.",news,1,0,0,1,1,0,0,0,0,0,0,0,0,0,0,0,0,0,0,0,0,0,0,0,0,0,0,0,1,0,0,0,1,0,0,0
1438,"According to initial estimates, at least 250 people have been killed, 250,000 houses damaged, and around 1.2 million people have been left homeless.","According to initial estimates, at least 250 people have been killed, 250,000 houses damaged, and around 1.2 million people have been left homeless.",news,1,0,0,1,0,0,0,0,0,0,0,0,1,0,0,0,1,1,0,0,0,1,0,0,0,0,0,0,0,0,0,0,0,0,0,0
1439,"On Tuesday, a rainstorm-triggered landslide disrupted traffic on a stretch of national highway in Chongqing.","On Tuesday, a rainstorm-triggered landslide disrupted traffic on a stretch of national highway in Chongqing.",news,1,0,0,1,1,0,0,0,0,0,0,0,0,0,0,0,0,0,0,0,1,0,0,0,0,0,0,0,1,1,1,0,0,0,0,1
1440,"However, on the whole, the soil has a much less picturesque quality; when grassland is burned off to make room for agriculture and trees are cut down for fuel or timber, this red earth foundation can suddenly collapse, creating deep gullies.","However, on the whole, the soil has a much less picturesque quality; when grassland is burned off to make room for agriculture and trees are cut down for fuel or timber, this red earth foundation can suddenly collapse, creating deep gullies.",news,1,0,0,0,0,0,0,0,0,0,0,0,0,0,0,0,0,0,0,0,0,0,0,0,0,0,0,0,0,0,0,0,0,0,0,0
1441,This is the second massive thunderstorm to have hit Assam within a fortnight.,This is the second massive thunderstorm to have hit Assam within a fortnight.,news,1,0,0,0,0,0,0,0,0,0,0,0,0,0,0,0,0,0,0,0,0,0,0,0,0,0,0,0,1,0,1,0,0,0,0,1
1442,"While authorities have ordered evacuations and more than 200,000 people have fled the immediate area, many people have stayed behind or return when the mountain quiets.","While authorities have ordered evacuations and more than 200,000 people have fled the immediate area, many people have stayed behind or return when the mountain quiets.",news,1,0,0,1,0,0,0,0,0,0,0,0,0,0,0,0,1,0,0,0,0,0,0,0,0,0,0,0,1,0,0,0,1,0,0,0
1443,"Since 1999, the combination of many causes and the severity of the summer droughts followed by unusually cold temperatures in autumn and then very heavy snowfalls and extremely low temperatures in winter, have given rise to the term ""multiple dzud"", to describe this complex phenomenon.","Since 1999, the combination of many causes and the severity of the summer droughts followed by unusually cold temperatures in autumn and then very heavy snowfalls and extremely low temperatures in winter, have given rise to the term ""multiple dzud"", to describe this complex phenomenon.",news,1,0,0,0,0,0,0,0,0,0,0,0,0,0,0,0,0,0,0,0,0,0,0,0,0,0,0,0,1,0,1,0,0,1,1,0
1444,Major flooding caused by the south-west monsoon in the month of June and July affected more than 14 million people.,Major flooding caused by the south-west monsoon in the month of June and July affected more than 14 million people.,news,1,0,0,0,0,0,0,0,0,0,0,0,0,0,0,0,0,0,0,0,0,0,0,0,0,0,0,0,1,1,0,0,0,0,0,0
1445,"According to the local weather department, Guangxi suffered its hottest weather in 58 years from Aug.1-30, with the temperature averaging 28.9 degrees Celsius.","According to the local weather department, Guangxi suffered its hottest weather in 58 years from Aug.1-30, with the temperature averaging 28.9 degrees Celsius.",news,1,0,0,0,0,0,0,0,0,0,0,0,0,0,0,0,0,0,0,0,0,0,0,0,0,0,0,0,1,0,0,0,0,0,1,0
1446,It's easy to see how disease could spread like wildfire here.,It's easy to see how disease could spread like wildfire here.,news,1,0,0,1,1,0,0,0,0,0,0,0,0,0,0,0,0,0,0,0,0,0,0,0,0,0,0,0,1,0,0,1,0,0,0,0
1447,"In addition to the tens of thousands of Somalis who have already died as a result of the drought-induced famine, which has been exacerbated by conflict and poverty, an estimated 390,000 children are suffering from malnutrition.","In addition to the tens of thousands of Somalis who have already died as a result of the drought-induced famine, which has been exacerbated by conflict and poverty, an estimated 390,000 children are suffering from malnutrition.",news,1,0,0,1,0,0,0,0,1,0,0,1,0,0,0,0,0,1,0,0,0,0,0,0,0,0,0,0,1,0,0,0,0,0,1,0
1448,Workers vigorously sprayed disinfectant as overcast and muggy weather settled in.,Workers vigorously sprayed disinfectant as overcast and muggy weather settled in.,news,1,0,0,0,0,0,0,0,0,0,0,0,0,0,0,0,0,0,0,0,0,0,0,0,0,0,0,0,1,0,1,0,0,0,0,1
1449,"JAKARTA (Agencies): A powerful earthquake rattled western Indonesia Tuesday, damaging buildings and sending panicked residents running into the streets on Sumatra island, officials and witnesses said.","JAKARTA (Agencies): A powerful earthquake rattled western Indonesia Tuesday, damaging buildings and sending panicked residents running into the streets on Sumatra island, officials and witnesses said.",news,1,0,0,0,0,0,0,0,0,0,0,0,0,0,0,0,0,0,0,0,0,1,0,0,0,0,0,0,1,0,0,0,1,0,0,0
1450,"The October 8 quake killed 73,000 people, but a massive relief effort and mild weather has prevented a feared second-wave of deaths among millions of survivors living in the open during the normally harsh Himalayan winter.","The October 8 quake killed 73,000 people, but a massive relief effort and mild weather has prevented a feared second-wave of deaths among millions of survivors living in the open during the normally harsh Himalayan winter.",news,1,0,0,1,0,0,0,0,0,0,0,0,0,0,0,0,0,1,0,0,0,0,0,0,0,0,0,0,1,0,0,0,1,0,0,0
1451,The LPMB have sent off three airplanes flying 9 hour 14 minutes for rain enhancement.,The LPMB have sent off three airplanes flying 9 hour 14 minutes for rain enhancement.,news,1,0,0,0,0,0,0,0,0,0,0,0,0,0,0,0,0,0,0,0,0,0,0,0,0,0,0,0,0,0,0,0,0,0,0,0
1452,"Temperatures are very low in the region - and even more extreme temperatures are expected as winter approaches - so the primary material needs reported are blankets, warm clothes and sturdy tents.","Temperatures are very low in the region - and even more extreme temperatures are expected as winter approaches - so the primary material needs reported are blankets, warm clothes and sturdy tents.",news,1,1,0,1,0,0,0,0,0,0,0,0,1,1,0,0,0,0,0,0,0,0,0,0,0,0,0,0,1,0,0,0,0,1,0,1
1453,"The avalanche struck Mongi village in the Chitral region of the Hindu Kush mountains on Sunday night after heavy rain fell across deep snow blanketing the mountains, said senior police officer Ijaz Ahmed.","The avalanche struck Mongi village in the Chitral region of the Hindu Kush mountains on Sunday night after heavy rain fell across deep snow blanketing the mountains, said senior police officer Ijaz Ahmed.",news,1,0,0,0,0,0,0,0,0,0,0,0,0,0,0,0,0,0,0,0,0,0,0,0,0,0,0,0,1,0,1,0,0,1,0,0
1454,"Ministry officials said they had been trying to deploy health workers to badly affected areas using two military helicopters, but the aircraft were only of limited use due to the continuing appalling weather conditions, a spokesman said.","Ministry officials said they had been trying to deploy health workers to badly affected areas using two military helicopters, but the aircraft were only of limited use due to the continuing appalling weather conditions, a spokesman said.",news,1,0,0,1,1,0,0,0,1,0,0,0,0,0,0,0,0,0,0,0,0,0,0,0,0,0,0,0,1,0,0,0,0,0,1,0
1455,"In southern Zimbabwe heavy rain fell during the past week, easing the dry conditions there, but also causing some minor flooding in Chisumbanje.","In southern Zimbabwe heavy rain fell during the past week, easing the dry conditions there, but also causing some minor flooding in Chisumbanje.",news,1,0,0,0,0,0,0,0,0,0,0,0,0,0,0,0,0,0,0,0,0,0,0,0,0,0,0,0,1,1,1,0,0,0,0,0
1456,"Dengue fever, also known as breakbone fever, is a disease caused by the dengue virus which is carried by mosquitoes of the aedes genus, mainly the species aedes aegypti (different from the anopheles mosquito which carries malaria).","Dengue fever, also known as breakbone fever, is a disease caused by the dengue virus which is carried by mosquitoes of the aedes genus, mainly the species aedes aegypti (different from the anopheles mosquito which carries malaria).",news,1,0,0,0,0,0,0,0,0,0,0,0,0,0,0,0,0,0,0,0,0,0,0,0,0,0,0,0,0,0,0,0,0,0,0,0
1457,"Moreover, everyone can help by utilizing water efficiently and maintaining water storage for future consumption.","Moreover, everyone can help by utilizing water efficiently and maintaining water storage for future consumption.",news,1,0,0,0,0,0,0,0,0,0,0,0,0,0,0,0,0,0,0,0,0,0,0,0,0,0,0,0,0,0,0,0,0,0,0,0
1458,"The five workers dug a narrow passage through the thick snow over the past day, enabling rescuers outside to get them out.","The five workers dug a narrow passage through the thick snow over the past day, enabling rescuers outside to get them out.",news,1,0,0,1,0,0,1,0,0,0,0,0,0,0,0,1,0,0,0,0,0,0,0,0,0,0,0,0,1,0,0,0,0,1,0,0
1459,Many people have been left homeless and face untold hardship compounded by the very cold temperatures currently experienced in the affected areas.,Many people have been left homeless and face untold hardship compounded by the very cold temperatures currently experienced in the affected areas.,news,1,1,0,1,1,0,0,0,0,0,0,0,1,0,0,0,0,0,0,0,1,0,0,0,0,0,0,0,1,1,0,0,0,1,0,1
1460,"The number of the injured and the missing stood at 374,176 and 18,379 respectively after the 8.0-magnitude quake jolted southwestern Sichuan Province and neighboring regions on May 12.","The number of the injured and the missing stood at 374,176 and 18,379 respectively after the 8.0-magnitude quake jolted southwestern Sichuan Province and neighboring regions on May 12.",news,1,0,0,1,1,0,0,0,0,0,0,0,0,0,0,1,0,0,0,0,0,0,0,0,0,0,0,0,1,0,0,0,1,0,0,0
1461,The disease is transmitted to humans through the bite of infected tsetse flies and is fatal if left untreated.,The disease is transmitted to humans through the bite of infected tsetse flies and is fatal if left untreated.,news,1,0,0,0,0,0,0,0,0,0,0,0,0,0,0,0,0,0,0,0,0,0,0,0,0,0,0,0,0,0,0,0,0,0,0,0
1462,"These rains disrupted harvesting patterns for all crops; accentuated seed drop in teff; slowed the rate of desiccation of later sown grains prior to threshing; increased spoilage in stacks of harvested cereals; caused some germination in standing crops of wheat and sorghum; and increased the likelihood of fungal attacks in both standing and stored grains, particularly pulses.","These rains disrupted harvesting patterns for all crops; accentuated seed drop in teff; slowed the rate of desiccation of later sown grains prior to threshing; increased spoilage in stacks of harvested cereals; caused some germination in standing crops of wheat and sorghum; and increased the likelihood of fungal attacks in both standing and stored grains, particularly pulses.",news,1,0,0,0,0,0,0,0,0,0,0,0,0,0,0,0,0,0,0,0,0,0,0,0,0,0,0,0,1,0,1,0,0,0,0,0
1463,"The categories included charitable commitment, donor dependency and fundraising efficiency.","The categories included charitable commitment, donor dependency and fundraising efficiency.",news,1,0,0,1,0,0,0,0,0,0,0,0,0,0,1,0,0,0,0,0,0,0,0,0,0,0,0,0,0,0,0,0,0,0,0,0
1464,"Two weeks after the monsoon-swollen Kosi river from Nepal breached flood defences and changed course to cut across the Indian state of Bihar, emergency workers were still struggling with the scale of the disaster.","Two weeks after the monsoon-swollen Kosi river from Nepal breached flood defences and changed course to cut across the Indian state of Bihar, emergency workers were still struggling with the scale of the disaster.",news,1,0,0,0,0,0,0,0,0,0,0,0,0,0,0,0,0,0,0,0,0,0,0,0,0,0,0,0,1,1,0,0,0,0,0,1
1465,"Last November, floods in central provinces killed 730 people, and aid workers have expressed fears of a repeat disaster if new tropical weather systems move in.","Last November, floods in central provinces killed 730 people, and aid workers have expressed fears of a repeat disaster if new tropical weather systems move in.",news,1,0,0,1,0,0,0,0,0,0,0,0,0,0,0,0,0,1,0,0,0,0,0,0,0,0,0,0,1,1,0,0,0,0,0,0
1466,"Although the flood situation is generally stabilised in the eastern and south-western parts of the country, drought and and occasional heatwaves has hit eastern areas such as Jiangxi Province.","Although the flood situation is generally stabilised in the eastern and south-western parts of the country, drought and and occasional heatwaves has hit eastern areas such as Jiangxi Province.",news,1,0,0,0,0,0,0,0,0,0,0,0,0,0,0,0,0,0,0,0,0,0,0,0,0,0,0,0,1,1,0,0,0,0,1,0
1467,"IR is now building permanent and earthquake resistant structures in Aceh, 100 of these have already been completed.","IR is now building permanent and earthquake resistant structures in Aceh, 100 of these have already been completed.",news,1,0,0,0,0,0,0,0,0,0,0,0,0,0,0,0,0,0,0,0,0,0,0,0,0,0,0,0,1,0,0,0,1,0,0,0
1468,"Mangrove forests prevent from coastal erosion, provide protection from storm surges and tsunamis, and offer important habitats for numerous fish species.","Mangrove forests prevent from coastal erosion, provide protection from storm surges and tsunamis, and offer important habitats for numerous fish species.",news,0,0,0,0,0,0,0,0,0,0,0,0,0,0,0,0,0,0,0,0,0,0,0,0,0,0,0,0,0,0,0,0,0,0,0,0
1469,"BEIJING, Aug 16 (AFP) - Some 200 people are dead or missing following three days of flash flooding that hit central China's Hunan province, officials said Monday.","BEIJING, Aug 16 (AFP) - Some 200 people are dead or missing following three days of flash flooding that hit central China's Hunan province, officials said Monday.",news,1,0,0,1,0,0,0,0,0,0,0,0,0,0,0,1,0,1,0,0,0,0,0,0,0,0,0,0,1,1,0,0,0,0,0,0
1470,"BEIJING, Aug 16 (AFP) - Some 200 people are dead or missing following three days of flash flooding that hit central China's Hunan province, officials said Monday.","BEIJING, Aug 16 (AFP) - Some 200 people are dead or missing following three days of flash flooding that hit central China's Hunan province, officials said Monday.",news,1,0,0,1,0,0,0,0,0,0,0,0,0,0,0,1,0,1,0,0,0,0,0,0,0,0,0,0,1,1,0,0,0,0,0,0
1471,"The Government has issued an alert on aflatoxin contamination in maize from the Eastern and Coast regions of the country, mainly due to continued heavy rains experienced.","The Government has issued an alert on aflatoxin contamination in maize from the Eastern and Coast regions of the country, mainly due to continued heavy rains experienced.",news,1,0,0,0,0,0,0,0,0,0,0,0,0,0,0,0,0,0,0,0,0,0,0,0,0,0,0,0,1,0,1,0,0,0,0,0
1472,"Indonesia, the world's largest archipelago, is prone to seismic upheaval due to its location on the so-called Pacific ""Ring of Fire,"" an arc of volcanoes and fault lines encircling the Pacific Basin.","Indonesia, the world's largest archipelago, is prone to seismic upheaval due to its location on the so-called Pacific ""Ring of Fire,"" an arc of volcanoes and fault lines encircling the Pacific Basin.",news,1,0,0,0,0,0,0,0,0,0,0,0,0,0,0,0,0,0,0,0,0,0,0,0,0,0,0,0,1,0,0,0,1,0,0,0
1473,"As the season's first snow falls in Kashmir, Oxfam warns that winter could cut off help for thousands of earthquake survivors within the next few weeks.","As the season's first snow falls in Kashmir, Oxfam warns that winter could cut off help for thousands of earthquake survivors within the next few weeks.",news,1,0,0,1,0,0,0,0,0,0,0,0,0,0,0,0,0,0,1,0,0,0,0,0,0,0,0,0,1,0,0,0,0,1,0,0
1474,It is the UK's biggest charity fund raising week.,It is the UK's biggest charity fund raising week.,news,1,0,0,0,0,0,0,0,0,0,0,0,0,0,0,0,0,0,0,0,0,0,0,0,0,0,0,0,0,0,0,0,0,0,0,0
1475,"The number of the injured also remained unchanged at 374,159 and people reported missing dropped by one to 17,427 after the 8.0-magnitude quake rocked southwestern Sichuan Province and neighboring regions on May 12.","The number of the injured also remained unchanged at 374,159 and people reported missing dropped by one to 17,427 after the 8.0-magnitude quake rocked southwestern Sichuan Province and neighboring regions on May 12.",news,1,0,0,1,0,0,0,0,0,0,0,0,0,0,0,1,0,1,0,0,0,0,0,0,0,0,0,0,1,0,0,0,1,0,0,0
1476,"The group of 13 medical personnel from the French army and fire rescue teams were headed north to the town of Guangyuan, about 300 kilometres north of Chengdu, to help treat quake victims there, French diplomatic sources and team members told AFP.","The group of 13 medical personnel from the French army and fire rescue teams were headed north to the town of Guangyuan, about 300 kilometres north of Chengdu, to help treat quake victims there, French diplomatic sources and team members told AFP.",news,1,0,0,1,1,0,0,0,0,0,0,0,0,0,0,0,0,0,0,0,0,0,0,0,0,0,0,0,1,0,0,0,1,0,0,0
1477,"""Emergency responses to disasters will continue to be reactive unless there is greater donor commitment, mapping of stakeholders and pre-defined emergency response mechanisms and stand-by agreements"".","""Emergency responses to disasters will continue to be reactive unless there is greater donor commitment, mapping of stakeholders and pre-defined emergency response mechanisms and stand-by agreements"".",news,1,0,0,0,0,0,0,0,0,0,0,0,0,0,0,0,0,0,0,0,0,0,0,0,0,0,0,0,0,0,0,0,0,0,0,0
1478,"cyclone Flavio was particularly severe in Inhambane province, especially in the tourist region of Vilankulo.","cyclone Flavio was particularly severe in Inhambane province, especially in the tourist region of Vilankulo.",news,1,0,0,0,0,0,0,0,0,0,0,0,0,0,0,0,0,0,0,0,0,0,0,0,0,0,0,0,1,0,1,0,0,0,1,0
1479,"In an urgent circular issued late Tuesday, the ministry urged provincial civil affairs authorities to ensure effective and transparent use of relief donations.","In an urgent circular issued late Tuesday, the ministry urged provincial civil affairs authorities to ensure effective and transparent use of relief donations.",news,1,0,0,1,0,0,0,0,0,0,0,0,0,0,1,0,0,0,1,0,0,0,0,0,0,0,0,0,0,0,0,0,0,0,0,0
1480,"More study is needed to determine if some populations (i.e. younger or older people, or people with other medical conditions) could be affected by the outbreak, of if they are at higher risk for severe illness.","More study is needed to determine if some populations (i.e. younger or older people, or people with other medical conditions) could be affected by the outbreak, of if they are at higher risk for severe illness.",news,1,0,0,1,1,0,0,0,0,0,0,0,0,0,0,0,0,0,0,0,0,0,0,0,0,0,0,0,0,0,0,0,0,0,0,0
1481,"""Despite constant warning by government authorities to abandon flood areas, there are now thousands of peasants seeking to be rescued on demolished thatched houses and on top of trees.","""Despite constant warning by government authorities to abandon flood areas, there are now thousands of peasants seeking to be rescued on demolished thatched houses and on top of trees.",news,1,1,0,1,0,0,1,0,0,0,0,0,0,0,0,0,0,0,0,0,0,1,0,0,0,0,0,0,1,1,0,0,0,0,0,0
1482,"**Background** Plague is a bacterial disease caused by Yersinia pestis, which primarily affects wild rodents.","**Background** Plague is a bacterial disease caused by Yersinia pestis, which primarily affects wild rodents.",news,1,0,0,0,0,0,0,0,0,0,0,0,0,0,0,0,0,0,0,0,0,0,0,0,0,0,0,0,0,0,0,0,0,0,0,0
1483,Mercy Corps is currently accepting donations for humanitarian assistance to earthquake victims.,Mercy Corps is currently accepting donations for humanitarian assistance to earthquake victims.,news,1,0,0,1,0,0,0,0,0,0,0,0,0,0,1,0,0,0,0,0,0,0,0,0,0,0,0,0,1,0,0,0,1,0,0,0
1484,The process of payment of compensation to the affectees has been expedited in order to enable affectees to start construction of their houses in wake of severe cold weather in the Area.,The process of payment of compensation to the affectees has been expedited in order to enable affectees to start construction of their houses in wake of severe cold weather in the Area.,news,1,0,0,1,0,0,0,0,0,0,0,0,1,0,0,0,0,0,0,0,0,0,0,0,0,0,0,0,1,0,0,0,0,1,0,0
1485,Typhoon Reming in 2006 was one of those super typhoons caused by climate change.,Typhoon Reming in 2006 was one of those super typhoons caused by climate change.,news,1,0,0,0,0,0,0,0,0,0,0,0,0,0,0,0,0,0,0,0,0,0,0,0,0,0,0,0,1,0,1,0,0,0,0,0
1486,"LONDON, March 5 (AFP) - Military planes and helicopters took to the air Sunday across the world as the international community stepped up its aid efforts to the 1.5 million people hit by deadly floods in Mozambique.","LONDON, March 5 (AFP) - Military planes and helicopters took to the air Sunday across the world as the international community stepped up its aid efforts to the 1.5 million people hit by deadly floods in Mozambique.",news,1,0,1,1,0,0,0,0,1,0,0,0,0,0,0,0,0,0,1,0,0,0,0,0,0,0,0,0,1,1,0,0,0,0,0,0
1487,"All residents in tsunami evacuation zones .. should evacuate immediately, the emergency department said.","All residents in tsunami evacuation zones .. should evacuate immediately, the emergency department said.",news,1,0,0,0,0,0,0,0,0,0,0,0,0,0,0,0,0,0,0,0,0,0,0,0,0,0,0,0,1,1,0,0,0,0,1,0
1488,"Through the OTI-funded debris-clearing grant, Muslim and Tamil youths within the Mutur peace committee mobilized other young Sri Lankans - including youths from the predominantly Sinhalese Seruwila Division, which is separated from the sea by the Mutur Division - to help clean up the tsunami-devastated Mutur coastline.","Through the OTI-funded debris-clearing grant, Muslim and Tamil youths within the Mutur peace committee mobilized other young Sri Lankans - including youths from the predominantly Sinhalese Seruwila Division, which is separated from the sea by the Mutur Division - to help clean up the tsunami-devastated Mutur coastline.",news,1,0,0,1,0,0,0,0,0,0,0,0,0,0,0,0,0,0,1,0,0,0,0,0,0,0,0,0,1,1,1,0,0,0,0,0
1489,"However, unseasonably cold weather, with prolonged sub-freezing temperatures and snow storms, are hampering relief efforts.","However, unseasonably cold weather, with prolonged sub-freezing temperatures and snow storms, are hampering relief efforts.",news,1,1,0,0,0,0,0,0,0,0,0,0,0,0,0,0,0,0,0,0,0,0,0,0,0,0,0,0,1,0,0,0,0,1,0,0
1490,"Damage caused by the quake, in addition to logistical bottlenecks including road closures, collapsed bridges, and poor airport conditions are causing chaos and making it difficult to get aid into the country.","Damage caused by the quake, in addition to logistical bottlenecks including road closures, collapsed bridges, and poor airport conditions are causing chaos and making it difficult to get aid into the country.",news,1,0,0,1,0,0,0,0,0,0,0,0,0,0,0,0,0,0,1,0,1,0,0,0,0,0,0,0,1,0,0,0,1,0,0,0
1491,"Rains should be generally light during the next week, though localized thunderstorms may produce heavier precipitation.","Rains should be generally light during the next week, though localized thunderstorms may produce heavier precipitation.",news,1,0,0,0,0,0,0,0,0,0,0,0,0,0,0,0,0,0,0,0,0,0,0,0,0,0,0,0,0,0,0,0,0,0,0,0
1492,"It's not just food shortage, it's also chronic poverty, said Dan Maxwell of Care International.","It's not just food shortage, it's also chronic poverty, said Dan Maxwell of Care International.",news,1,0,0,1,0,0,0,0,0,0,0,1,0,0,0,0,0,0,0,0,0,0,0,0,0,0,0,0,0,0,0,0,0,0,0,0
1493,"The meteorological department said that a disturbance in the Bay of Bengal had led to the continuous rains, but the situation was expected to improve.","The meteorological department said that a disturbance in the Bay of Bengal had led to the continuous rains, but the situation was expected to improve.",news,1,0,0,0,0,0,0,0,0,0,0,0,0,0,0,0,0,0,0,0,0,0,0,0,0,0,0,0,1,0,1,0,0,0,0,0
1494,"- Some 82 percent of Niger's population relies on subsistence farming and cattle rearing, while only 15 percent of the land is suitable for arable farming.","- Some 82 percent of Niger's population relies on subsistence farming and cattle rearing, while only 15 percent of the land is suitable for arable farming.",news,1,0,0,0,0,0,0,0,0,0,0,0,0,0,0,0,0,0,0,0,0,0,0,0,0,0,0,0,0,0,0,0,0,0,0,0
1495,The final outcome will depend crucially on precipitation in the coming months and the adequacy of snow and glacier melt in neighbouring countries to replenish irrigation reserves affected by last year's drought.,The final outcome will depend crucially on precipitation in the coming months and the adequacy of snow and glacier melt in neighbouring countries to replenish irrigation reserves affected by last year's drought.,news,1,0,0,0,0,0,0,0,0,0,0,0,0,0,0,0,0,0,0,0,0,0,0,0,0,0,0,0,1,0,0,0,0,1,1,0
1496,"Detailed and meticulous disaster preparedness plans ensured that the hospital had a secure supply of clean water, as well as fuel for its emergency generators.","Detailed and meticulous disaster preparedness plans ensured that the hospital had a secure supply of clean water, as well as fuel for its emergency generators.",news,1,0,0,1,0,0,0,0,0,0,1,0,0,0,0,0,0,0,1,1,0,0,1,0,1,0,0,0,0,0,0,0,0,0,0,0
1497,"A two-year program will enhance local early warning systems, improve awareness of what to do and where to go when eruptions and earthquakes occur, and publicize evacuation routes.","A two-year program will enhance local early warning systems, improve awareness of what to do and where to go when eruptions and earthquakes occur, and publicize evacuation routes.",news,1,0,0,0,0,0,0,0,0,0,0,0,0,0,0,0,0,0,0,0,0,0,0,0,0,0,0,0,1,0,0,0,1,0,0,0
1498,"I've seen a few disasters first-hand, but never the level of destruction I saw here over the past two weeks, said Jim Robertson, Federation relief delegate for East Asia, back from monitoring aid distributions in the areas devastated by last month's freak rains.","I've seen a few disasters first-hand, but never the level of destruction I saw here over the past two weeks, said Jim Robertson, Federation relief delegate for East Asia, back from monitoring aid distributions in the areas devastated by last month's freak rains.",news,1,0,0,0,0,0,0,0,0,0,0,0,0,0,0,0,0,0,0,0,0,0,0,0,0,0,0,0,1,0,1,0,0,0,0,0
1499,"The peak for dengue cases is generally during September-end but, due to intermittent rains last month, the temperature got stabilized to about 25 degrees Celsius, conducive to breeding of the aedes mosquito. The Jakarta Post , Jakarta | Thu, 01/15/2009 7:21 AM | Headlines - Heavy sporadic downpours over the past two days have caused a number of rivers in the city to break their banks, and have swamped hundreds of homes and forced at least 814 residents to evacuate to temporary shelters. In New Orleans, the levees broke in part because no one conceived of storm surges as savage and sustained as those hurled ashore by Hurricane Katrina. In response to this horrific disaster, Direct Relief is providing both material and financial assistance to in-country social service organizations, as well as U.S.-based and international nonprofits, working to provide medical services to tsunami survivors, prevent outbreaks of disease, and rebuild the severely damaged healthcare infrastructure of Aceh Province. On December 26, 2004, an undersea earthquake struck the coast of Sumatra, Indonesia, triggering a series of deadly tsunamis. In Herat, WHO has received reports from Shor Village of Gulran District that claimed that 16 persons have so far died due to an undiagnosed disease. They have begun work on rehabilitating the water system and building latrines. The number of the injured and the missing stood at 374,176 and 18,379 respectively after the 8.0-magnitude quake jolted southwestern Sichuan Province and neighboring regions on May 12. MADRID, March 18 (Reuters) - International humanitarian groups are finding pockets of suffering in northern Japan, but say most victims of the earthquake, tsunami, and snow blizzards are keeping warm and getting food, water and medical attention. In the context of providing assistance to people living in emergency evacuation areas and people rebuilding their homes, in addition to the role of the government, volunteers from the community will also have an extremely important part to play. * Due to deep inundation, equipment, switchboards, and electric sources were destroyed. When a cyclone hits people are forced to move out to community shelters or to relatives' homes, bringing with them only vital items such as blankets and food. The report analyses five situations affecting livelihoods: (1) high variations in cereal production; (2) deterioration in grazing conditions; (3) depressed production of cash crops; (4) market access and (5) food price changes. Official quake toll stands at 14,500. Tearfund partner PCAR has helped Mark by training him on how to produce organic compost using cow and goat waste, which means that he doesn't have to rely on the river flooding to have good quality soil. The Three Gorges Dam on the Yangtze, China's longest river, will likely experience another flood peak Tuesday afternoon amid heavy rain in its upper reaches. In some areas, whole villages were covered in mudslides, officials said. At least 12 civilians were killed and two wounded in separate landmine blasts during the past two weeks, news reports said at the weekend. -- As of Saturday noon, 178 aftershocks measuring above 4 on the Richter scale had been monitored in Sichuan and among them, 27aftershocks measured above magnitude 5, and four above magnitude 6. The rains caused localized flooding in several eastern provinces and counties, in particular in the lower plains, near to the coast line. So you see there's lots of earthwork that needs doing . The additional financing for the Sindh On-Farm Water Management Project aims to improve the efficiency, reliability, and equity of irrigation water distribution at watercourse levels and enhance agricultural productivity. The floodwaters inundated two-thirds of Dhaka, a city of some 10 million people, and three-quarters of Bangladesh. This week's capsizing is the first incident reported in 2012. The floods began in late July in the northwest after exceptionally heavy monsoon rains, expanding rivers that have since swamped eastern Punjab province and Sindh province in the south. The rescue and relief operations initiated by the people themselve suffered serious setback on Saturday evening due to heavy thunderstorm. The floods followed unusually heavy rainfalls and caused major damages and destruction in parts of Poland, the Czech Republic, Slovakia, Romania, and Armenia. It says, ''The trends are considerably smaller than the negative trends in the north, and could be due to a combination of increased reservoir impoundment, mis-modelled naturally varying storage and (along the southeast coast) tectonic signals related to the Dec 26, 2004 Sumatran earthquake.''. The delay in the advance of monsoon over the northeast and its stagnation along the west coast after 8 June had been primarily due to the interference of high latitude circulation features with the monsoonal flow. Some HYCOS (Hydrological Cycle Observing Systems) stations are still working, but most of the time it is difficult to get the information when you need it, says Sitoe, explaining that the problem is compounded by flaky internet connections.","The peak for dengue cases is generally during September-end but, due to intermittent rains last month, the temperature got stabilized to about 25 degrees Celsius, conducive to breeding of the aedes mosquito. The Jakarta Post , Jakarta | Thu, 01/15/2009 7:21 AM | Headlines - Heavy sporadic downpours over the past two days have caused a number of rivers in the city to break their banks, and have swamped hundreds of homes and forced at least 814 residents to evacuate to temporary shelters. In New Orleans, the levees broke in part because no one conceived of storm surges as savage and sustained as those hurled ashore by Hurricane Katrina. In response to this horrific disaster, Direct Relief is providing both material and financial assistance to in-country social service organizations, as well as U.S.-based and international nonprofits, working to provide medical services to tsunami survivors, prevent outbreaks of disease, and rebuild the severely damaged healthcare infrastructure of Aceh Province. On December 26, 2004, an undersea earthquake struck the coast of Sumatra, Indonesia, triggering a series of deadly tsunamis. In Herat, WHO has received reports from Shor Village of Gulran District that claimed that 16 persons have so far died due to an undiagnosed disease. They have begun work on rehabilitating the water system and building latrines. The number of the injured and the missing stood at 374,176 and 18,379 respectively after the 8.0-magnitude quake jolted southwestern Sichuan Province and neighboring regions on May 12. MADRID, March 18 (Reuters) - International humanitarian groups are finding pockets of suffering in northern Japan, but say most victims of the earthquake, tsunami, and snow blizzards are keeping warm and getting food, water and medical attention. In the context of providing assistance to people living in emergency evacuation areas and people rebuilding their homes, in addition to the role of the government, volunteers from the community will also have an extremely important part to play. * Due to deep inundation, equipment, switchboards, and electric sources were destroyed. When a cyclone hits people are forced to move out to community shelters or to relatives' homes, bringing with them only vital items such as blankets and food. The report analyses five situations affecting livelihoods: (1) high variations in cereal production; (2) deterioration in grazing conditions; (3) depressed production of cash crops; (4) market access and (5) food price changes. Official quake toll stands at 14,500. Tearfund partner PCAR has helped Mark by training him on how to produce organic compost using cow and goat waste, which means that he doesn't have to rely on the river flooding to have good quality soil. The Three Gorges Dam on the Yangtze, China's longest river, will likely experience another flood peak Tuesday afternoon amid heavy rain in its upper reaches. In some areas, whole villages were covered in mudslides, officials said. At least 12 civilians were killed and two wounded in separate landmine blasts during the past two weeks, news reports said at the weekend. -- As of Saturday noon, 178 aftershocks measuring above 4 on the Richter scale had been monitored in Sichuan and among them, 27aftershocks measured above magnitude 5, and four above magnitude 6. The rains caused localized flooding in several eastern provinces and counties, in particular in the lower plains, near to the coast line. So you see there's lots of earthwork that needs doing . The additional financing for the Sindh On-Farm Water Management Project aims to improve the efficiency, reliability, and equity of irrigation water distribution at watercourse levels and enhance agricultural productivity. The floodwaters inundated two-thirds of Dhaka, a city of some 10 million people, and three-quarters of Bangladesh. This week's capsizing is the first incident reported in 2012. The floods began in late July in the northwest after exceptionally heavy monsoon rains, expanding rivers that have since swamped eastern Punjab province and Sindh province in the south. The rescue and relief operations initiated by the people themselve suffered serious setback on Saturday evening due to heavy thunderstorm. The floods followed unusually heavy rainfalls and caused major damages and destruction in parts of Poland, the Czech Republic, Slovakia, Romania, and Armenia. It says, ''The trends are considerably smaller than the negative trends in the north, and could be due to a combination of increased reservoir impoundment, mis-modelled naturally varying storage and (along the southeast coast) tectonic signals related to the Dec 26, 2004 Sumatran earthquake.''. The delay in the advance of monsoon over the northeast and its stagnation along the west coast after 8 June had been primarily due to the interference of high latitude circulation features with the monsoonal flow. Some HYCOS (Hydrological Cycle Observing Systems) stations are still working, but most of the time it is difficult to get the information when you need it, says Sitoe, explaining that the problem is compounded by flaky internet connections.",news,1,0,0,1,1,0,0,0,0,0,0,1,1,0,0,0,0,1,0,0,0,1,0,0,0,0,0,0,1,1,1,0,0,0,0,0
1500,"Since December 2006, a series of cyclones, with accompanying heavy rainfall, has lashed several regions of the island nation.","Since December 2006, a series of cyclones, with accompanying heavy rainfall, has lashed several regions of the island nation.",news,1,0,0,0,0,0,0,0,0,0,0,0,0,0,0,0,0,0,0,0,0,0,0,0,0,0,0,0,1,0,1,0,0,0,0,0
1501,"JOHANNESBURG, 23 February (IRIN) - Botswana and Zimbabwe braced themselves for heavy rains and storm-force winds on Wednesday as cyclone Eline, that has battered Mozambique, moved across southern Africa.","JOHANNESBURG, 23 February (IRIN) - Botswana and Zimbabwe braced themselves for heavy rains and storm-force winds on Wednesday as cyclone Eline, that has battered Mozambique, moved across southern Africa.",news,1,0,0,0,0,0,0,0,0,0,0,0,0,0,0,0,0,0,0,0,0,0,0,0,0,0,0,0,1,0,1,0,0,0,0,0
1502,"Starting in October 1999, severe food insecurity began to be reported in Gode zone, Somali Region, as a result of delayed and erratic Deyr rains (expected from September-December).","Starting in October 1999, severe food insecurity began to be reported in Gode zone, Somali Region, as a result of delayed and erratic Deyr rains (expected from September-December).",news,1,0,0,1,0,0,0,0,0,0,0,1,0,0,0,0,0,0,0,0,0,0,0,0,0,0,0,0,1,0,1,0,0,0,0,0
1503,"Starting in October 1999, severe food insecurity began to be reported in Gode zone, Somali Region, as a result of delayed and erratic Deyr rains (expected from September-December).","Starting in October 1999, severe food insecurity began to be reported in Gode zone, Somali Region, as a result of delayed and erratic Deyr rains (expected from September-December).",news,1,0,0,1,0,0,0,0,0,0,0,1,0,0,0,0,0,0,0,0,0,0,0,0,0,0,0,0,1,0,1,0,0,0,0,0
1504,"The eruption character of Kelut has undergone a change, from an explosive eruption manifested by a large, brief eruption.. to an eruption that is effusive, as manifested by the formation of a lava dome, the office said.","The eruption character of Kelut has undergone a change, from an explosive eruption manifested by a large, brief eruption.. to an eruption that is effusive, as manifested by the formation of a lava dome, the office said.",news,1,0,0,0,0,0,0,0,0,0,0,0,0,0,0,0,0,0,0,0,0,0,0,0,0,0,0,0,1,0,0,0,0,0,1,0
1505,"A training programme for community staff on problem based learning, (psychosocial problems) and preparation of a curriculum for psychiatric nurse training is on going.","A training programme for community staff on problem based learning, (psychosocial problems) and preparation of a curriculum for psychiatric nurse training is on going.",news,0,0,0,0,0,0,0,0,0,0,0,0,0,0,0,0,0,0,0,0,0,0,0,0,0,0,0,0,0,0,0,0,0,0,0,0
1506,"Those who return to their homes will face rehabilitation tasks (repairs, recovery of tube-wells and sanitary facilities) and a subsequent threat of waterborne epidemics.","Those who return to their homes will face rehabilitation tasks (repairs, recovery of tube-wells and sanitary facilities) and a subsequent threat of waterborne epidemics.",news,1,0,0,0,0,0,0,0,0,0,0,0,0,0,0,0,0,0,0,0,0,1,0,0,0,0,0,0,0,0,0,0,0,0,0,0
1507,"Very heavy snow melt has caused flooding in the mountainous north, as swollen rivers burst their banks after winter.","Very heavy snow melt has caused flooding in the mountainous north, as swollen rivers burst their banks after winter.",news,1,0,0,0,0,0,0,0,0,0,0,0,0,0,0,0,0,0,0,0,0,0,0,0,0,0,0,0,1,1,0,0,0,0,0,0
1508,"While unusually heavy rains triggered the crisis, some experts have questioned the way the authorities prepared for and responded to the country's worst floods in half a century.","While unusually heavy rains triggered the crisis, some experts have questioned the way the authorities prepared for and responded to the country's worst floods in half a century.",news,1,0,0,0,0,0,0,0,0,0,0,0,0,0,0,0,0,0,0,0,0,0,0,0,0,0,0,0,1,1,1,0,0,0,0,0
1509,"The team, together with Japanese medical doctors and clinical psychologists, plans to engage in mobile medical assistance operations for disaster victims including families of Filipino nationals from the northern part of Iwate Prefecture to the northern part of Miyagi Prefecture, cente red on Ofunato City and Rikuzen-Takata City in the southern part of Iwate Prefecture.","The team, together with Japanese medical doctors and clinical psychologists, plans to engage in mobile medical assistance operations for disaster victims including families of Filipino nationals from the northern part of Iwate Prefecture to the northern part of Miyagi Prefecture, cente red on Ofunato City and Rikuzen-Takata City in the southern part of Iwate Prefecture.",news,1,0,0,1,1,0,0,0,0,0,0,0,0,0,0,0,0,0,0,0,0,0,0,0,0,0,0,0,0,0,0,0,0,0,0,0
1510,"Officials say it is impossible to estimate how many people have died, but urge international intervention to stem acute hunger, mass exodus, and locust invasions.","Officials say it is impossible to estimate how many people have died, but urge international intervention to stem acute hunger, mass exodus, and locust invasions.",news,1,0,0,1,0,0,0,0,0,0,0,1,0,0,0,0,1,1,0,0,0,0,0,0,0,0,0,0,0,0,0,0,0,0,0,0
1511,"Australia is surrounded by 8,000 kilometres of active tectonic plate boundary capable of generating tsunamis with the potential to reach our coastline within two to four hours.","Australia is surrounded by 8,000 kilometres of active tectonic plate boundary capable of generating tsunamis with the potential to reach our coastline within two to four hours.",news,1,0,0,0,0,0,0,0,0,0,0,0,0,0,0,0,0,0,0,0,0,0,0,0,0,0,0,0,0,0,0,0,0,0,0,0
1512,FAO has indicated the urgent need to provide seeds for the next winter wheat planting season that starts in October/November.,FAO has indicated the urgent need to provide seeds for the next winter wheat planting season that starts in October/November.,news,1,0,0,0,0,0,0,0,0,0,0,0,0,0,0,0,0,0,0,0,0,0,0,0,0,0,0,0,0,0,0,0,0,0,0,0
1513,"In Chautara, we notice a three-story concrete building slanting back at such a severe angle that it looks like one tap could catapult it cartwheeling off the steep hillside.","In Chautara, we notice a three-story concrete building slanting back at such a severe angle that it looks like one tap could catapult it cartwheeling off the steep hillside.",news,1,0,0,0,0,0,0,0,0,0,0,0,0,0,0,0,0,0,0,0,0,1,0,0,0,0,0,0,0,0,0,0,0,0,0,1
1514,"Between 8 a.m. Monday and 7 a.m. Tuesday, heavy rains swept Fujian with maximum precipitation of 162 mm in Minhou County of Fuzhou, the provincial capital, the office said.","Between 8 a.m. Monday and 7 a.m. Tuesday, heavy rains swept Fujian with maximum precipitation of 162 mm in Minhou County of Fuzhou, the provincial capital, the office said.",news,1,0,0,0,0,0,0,0,0,0,0,0,0,0,0,0,0,0,0,0,0,0,0,0,0,0,0,0,1,0,1,0,0,0,0,0
1515,"In many parts of the world, especially in areas with harsh climates, these good-natured animals are a lifeline, a critical investment for the future.","In many parts of the world, especially in areas with harsh climates, these good-natured animals are a lifeline, a critical investment for the future.",news,0,0,0,0,0,0,0,0,0,0,0,0,0,0,0,0,0,0,0,0,0,0,0,0,0,0,0,0,0,0,0,0,0,0,0,0
1516,"One-hour of a heavy rains on June 15 flooded many streets in Ho Chi Minh City, including Ky Dong - Ba Huyen Thanh Quan crossroads in district 3, Hong Bang, Nguyen Van Luong streets, district 6, creating several severe traffic congestion.","One-hour of a heavy rains on June 15 flooded many streets in Ho Chi Minh City, including Ky Dong - Ba Huyen Thanh Quan crossroads in district 3, Hong Bang, Nguyen Van Luong streets, district 6, creating several severe traffic congestion.",news,1,0,0,0,0,0,0,0,0,0,0,0,0,0,0,0,0,0,0,0,0,0,0,0,0,0,0,0,1,1,0,0,0,0,0,0
1517,"08/11/2014 05:47 GMT KIGALI, August 11, 2014 (AFP) - Rwanda has placed a German student with Ebola-like symptoms in isolation, and was waiting for test results checking for the deadly tropical disease, the health ministry said late Sunday.","08/11/2014 05:47 GMT KIGALI, August 11, 2014 (AFP) - Rwanda has placed a German student with Ebola-like symptoms in isolation, and was waiting for test results checking for the deadly tropical disease, the health ministry said late Sunday.",news,1,0,0,1,1,0,0,0,0,0,0,0,0,0,0,0,0,0,0,0,0,0,0,0,0,0,0,0,0,0,0,0,0,0,0,0
1518,**At least 22 people have been killed and up to half a million have been displaced in the Eastern Indian provinces of Andhra Pradesh and Odisha after the most powerful hurricane in the last 14 years.,**At least 22 people have been killed and up to half a million have been displaced in the Eastern Indian provinces of Andhra Pradesh and Odisha after the most powerful hurricane in the last 14 years.,news,1,1,0,1,0,0,0,0,0,0,0,0,0,0,0,0,1,1,0,0,0,0,0,0,0,0,0,0,1,0,1,0,0,0,0,0
1519,"This year, World Health Day draws attention to the serious and increasing threat of vector-borne diseases such as malaria, dengue, lyme disease and yellow fever.","This year, World Health Day draws attention to the serious and increasing threat of vector-borne diseases such as malaria, dengue, lyme disease and yellow fever.",news,1,0,0,0,0,0,0,0,0,0,0,0,0,0,0,0,0,0,0,0,0,0,0,0,0,0,0,0,0,0,0,0,0,0,0,0
1520,"During the crisis, heavy storms destroyed the structures that covered latrines.","During the crisis, heavy storms destroyed the structures that covered latrines.",news,1,0,0,0,0,0,0,0,0,0,0,0,0,0,0,0,0,0,0,1,0,0,0,0,0,0,0,1,1,0,1,0,0,0,0,1
1521,"The typhoon slammed in Shantou City of Guangdong at 2:15 a.m. Thursday and continued northward along the coastal areas of neighboring Fujian, bringing gale-force winds and rainstorms to the regions and triggering flooding, mountain torrents and landslides.","The typhoon slammed in Shantou City of Guangdong at 2:15 a.m. Thursday and continued northward along the coastal areas of neighboring Fujian, bringing gale-force winds and rainstorms to the regions and triggering flooding, mountain torrents and landslides.",news,1,0,0,0,0,0,0,0,0,0,0,0,0,0,0,0,0,0,0,0,0,0,0,0,0,0,0,0,1,1,1,0,0,0,0,0
1522,"(3) At 11:01 of March 14, a hydrogen explosion was observed in Unit 3 of the same Power Plant.","(3) At 11:01 of March 14, a hydrogen explosion was observed in Unit 3 of the same Power Plant.",news,1,0,0,0,0,0,0,0,0,0,0,0,0,0,0,0,0,0,0,0,0,0,0,0,0,0,0,0,0,0,0,0,0,0,0,0
1523,"The GWB reported that there is extensive damage to pipelines, particularly those running north across the Rann of Kachchh where there was extensive liquefaction.","The GWB reported that there is extensive damage to pipelines, particularly those running north across the Rann of Kachchh where there was extensive liquefaction.",news,1,0,0,0,0,0,0,0,0,0,0,0,0,0,0,0,0,0,0,0,0,0,0,0,0,0,0,0,0,0,0,0,0,0,0,0
1524,"Initial assessment done have not yet identified the source of the outbreak, but the national task force has singled out six districts neighbouring Luwero for active case search, surveilance and social mobilization for the ebola outbreak.","Initial assessment done have not yet identified the source of the outbreak, but the national task force has singled out six districts neighbouring Luwero for active case search, surveilance and social mobilization for the ebola outbreak.",news,1,0,1,0,0,0,0,0,0,0,0,0,0,0,0,0,0,0,0,0,0,0,0,0,0,0,0,0,0,0,0,0,0,0,0,0
1525,"The Non Food Relief Items (NFRI) working group conducted an assessment of some of the camps to establish the extent of destruction and the immediate needs as a result, especially in light of the oncoming monsoon season.","The Non Food Relief Items (NFRI) working group conducted an assessment of some of the camps to establish the extent of destruction and the immediate needs as a result, especially in light of the oncoming monsoon season.",news,1,0,0,1,0,0,0,0,0,0,0,0,1,0,0,0,0,0,0,0,0,1,0,0,0,0,0,0,1,0,1,0,0,0,0,0
1526,"According to the Chinese Authorities an explosion occurred on 13 November 2005 at a petrochemical plant of the Jilin Petrochemical Corporation, which is affiliated with the China National Petroleum Corporation.","According to the Chinese Authorities an explosion occurred on 13 November 2005 at a petrochemical plant of the Jilin Petrochemical Corporation, which is affiliated with the China National Petroleum Corporation.",news,1,0,0,0,0,0,0,0,0,0,0,0,0,0,0,0,0,0,0,0,0,0,0,0,0,0,0,0,0,0,0,0,0,0,0,0
1527,"Seismic activity remains low at the Guagua Pichincha Volcano, although, on 22 June, a few hydrothermal tremors were detected.","Seismic activity remains low at the Guagua Pichincha Volcano, although, on 22 June, a few hydrothermal tremors were detected.",news,1,0,0,0,0,0,0,0,0,0,0,0,0,0,0,0,0,0,0,0,0,0,0,0,0,0,0,0,1,0,0,0,1,0,0,0
1528,"Our new report and survey indicates that hybrid, public-private insurance solutions may well be needed to kick-start the forest carbon market and to support the multi-trillion dollar potential of the reduced emissions from deforestation agenda that may emerge in 2009.","Our new report and survey indicates that hybrid, public-private insurance solutions may well be needed to kick-start the forest carbon market and to support the multi-trillion dollar potential of the reduced emissions from deforestation agenda that may emerge in 2009.",news,0,0,0,0,0,0,0,0,0,0,0,0,0,0,0,0,0,0,0,0,0,0,0,0,0,0,0,0,0,0,0,0,0,0,0,0
1529,"Up to 5,000 displaced residents from across the region are presently living in a make-shift campground.","Up to 5,000 displaced residents from across the region are presently living in a make-shift campground.",news,1,0,0,1,0,0,0,0,0,0,0,0,0,0,0,0,1,0,0,1,0,0,0,0,0,0,1,0,0,0,0,0,0,0,0,0
1530,"Indonesia is regularly jolted by earthquakes, caused by massive friction between tectonic plates shifting deep below the archipelago.","Indonesia is regularly jolted by earthquakes, caused by massive friction between tectonic plates shifting deep below the archipelago.",news,1,0,0,1,1,0,0,0,0,0,0,0,0,0,0,0,0,0,0,0,1,0,0,0,0,0,0,0,1,1,0,0,1,0,0,0
1531,"They (the quake centres) are now less than one kilometre beneath the crater's floor but the mountain will only erupt when these are accompanied by shallow quakes of large amplitude and long, continuous tremors, he told AFP.","They (the quake centres) are now less than one kilometre beneath the crater's floor but the mountain will only erupt when these are accompanied by shallow quakes of large amplitude and long, continuous tremors, he told AFP.",news,1,0,0,0,0,0,0,0,0,0,0,0,0,0,0,0,0,0,0,0,0,0,0,0,0,0,0,0,1,0,0,0,1,0,0,0
1532,Protection against wind erosion,Protection against wind erosion,news,1,0,0,0,0,0,0,0,0,0,0,0,0,0,0,0,0,0,0,0,0,0,0,0,0,0,0,0,0,0,0,0,0,0,0,0
1533,"The failure of rescuers to reach these areas promptly has forced some residents to dig out corpses with their bare hands, while mechanical diggers plough through the rubble in Padang, a city of 900,000 people.","The failure of rescuers to reach these areas promptly has forced some residents to dig out corpses with their bare hands, while mechanical diggers plough through the rubble in Padang, a city of 900,000 people.",news,1,0,0,1,0,0,0,0,0,0,0,0,0,0,0,0,0,1,0,0,0,0,0,0,0,0,0,0,0,0,0,0,0,0,0,0
1534,"Individuals and organizations wishing to do so may go right down to the storm-hit towns, wards and villages of their choice so that the donation operation can be carried out more effectively.","Individuals and organizations wishing to do so may go right down to the storm-hit towns, wards and villages of their choice so that the donation operation can be carried out more effectively.",news,1,0,1,1,0,0,0,0,0,0,0,0,0,0,1,0,0,0,0,0,0,0,0,0,0,0,0,0,1,0,1,0,0,0,0,0
1535,"Britain's Foreign Office, citing information given to its ambassador in Pyongyang, said several hundred people were killed and thousands injured in a massive explosion at the Ryongchon train station on Thursday.","Britain's Foreign Office, citing information given to its ambassador in Pyongyang, said several hundred people were killed and thousands injured in a massive explosion at the Ryongchon train station on Thursday.",news,1,0,0,1,0,0,0,0,0,0,0,0,0,0,0,0,0,1,0,0,1,0,0,0,0,0,0,0,0,0,0,0,0,0,0,0
1536,"The authorities have promised to give a series of cash grants totalling around 175,000 rupees to individuals so they can rebuild their own homes.","The authorities have promised to give a series of cash grants totalling around 175,000 rupees to individuals so they can rebuild their own homes.",news,1,0,0,1,0,0,0,0,0,0,0,0,0,0,1,0,0,0,0,0,0,0,0,0,0,0,0,0,0,0,0,0,0,0,0,0
1537,"These measures include conserving and restoring existing forests, planting five million hectares of forest on marginal and degraded land, prevention of forest fires and burning of crop residues, the selection of short-duration, high-yield rice varieties, improvement of irrigation-drainage management in rice fields, and research and development of small and micro hydro-power plants.","These measures include conserving and restoring existing forests, planting five million hectares of forest on marginal and degraded land, prevention of forest fires and burning of crop residues, the selection of short-duration, high-yield rice varieties, improvement of irrigation-drainage management in rice fields, and research and development of small and micro hydro-power plants.",news,1,0,0,0,0,0,0,0,0,0,0,0,0,0,0,0,0,0,0,1,0,0,1,1,0,0,0,1,1,0,0,1,0,0,0,0
1538,The Government estimates that 60 percent of the rural population in the 18 affected provinces and 12 million people in urban and rural areas are experiencing shortages of potable water.,The Government estimates that 60 percent of the rural population in the 18 affected provinces and 12 million people in urban and rural areas are experiencing shortages of potable water.,news,1,0,0,1,0,0,0,0,0,0,1,0,0,0,0,0,0,0,0,0,0,0,0,0,0,0,0,0,0,0,0,0,0,0,0,0
1539,River levels are decreasing with no new rain or flooding reported.,River levels are decreasing with no new rain or flooding reported.,news,1,0,0,0,0,0,0,0,0,0,0,0,0,0,0,0,0,0,0,0,0,0,0,0,0,0,0,0,1,1,1,0,0,0,0,0
1540,"The rising ocean temperatures affect our weather patterns-what we call 'climate change-resulting in powerful, devastating storms and floods.","The rising ocean temperatures affect our weather patterns-what we call 'climate change-resulting in powerful, devastating storms and floods.",news,1,0,0,0,0,0,0,0,0,0,0,0,0,0,0,0,0,0,0,0,0,0,0,0,0,0,0,0,1,1,1,0,0,0,0,0
1541,"Heavy rains since early July this year have caused widespread flooding in Cambodia, Thailand, Laos and Vietnam.","Heavy rains since early July this year have caused widespread flooding in Cambodia, Thailand, Laos and Vietnam.",news,1,0,0,0,0,0,0,0,0,0,0,0,0,0,0,0,0,0,0,0,0,0,0,0,0,0,0,0,1,1,1,0,0,0,0,0
1542,"Yet after a month of uncertainty here in Gaza, this new exodus left a stressful mark as indelibly as the high water lines on their Chokwe homes and schools.","Yet after a month of uncertainty here in Gaza, this new exodus left a stressful mark as indelibly as the high water lines on their Chokwe homes and schools.",news,1,0,0,1,0,0,0,0,0,0,0,0,0,0,0,0,1,0,0,0,0,0,0,0,0,0,0,0,0,0,0,0,0,0,0,1
1543,"BEIJING, June 8 (Reuters) - The heaviest rainstorms in 50 years drenched parts of Guangdong province over the past two days, killing at least 1 student and causing widespread flooding, local media reported on Sunday.","BEIJING, June 8 (Reuters) - The heaviest rainstorms in 50 years drenched parts of Guangdong province over the past two days, killing at least 1 student and causing widespread flooding, local media reported on Sunday.",news,1,0,0,1,0,0,0,0,0,0,0,0,0,0,0,0,0,1,0,0,0,0,0,0,0,0,0,0,1,1,1,0,0,0,0,0
1544,Volcanic earthquakes are being recorded as well as some deformation of landscapes.,Volcanic earthquakes are being recorded as well as some deformation of landscapes.,news,1,0,0,0,0,0,0,0,0,0,0,0,0,0,0,0,0,0,0,0,0,0,0,0,0,0,0,0,1,0,0,0,1,0,0,0
1545,"The cyclone, unusual during the wet season, hit with a maximum sustained windspeed of 150 kilometers an hour and whipped up tidal surges upto 10 feet high.","The cyclone, unusual during the wet season, hit with a maximum sustained windspeed of 150 kilometers an hour and whipped up tidal surges upto 10 feet high.",news,1,0,0,1,1,0,0,0,0,0,0,0,0,0,0,0,0,0,0,0,1,0,0,0,0,0,0,0,1,1,1,0,0,0,0,1
1546,The Myanmar [Burma] Climate Change Watch website mentions the danger of the downburst on its web page but does not mention details of the meso scale phenomena.,The Myanmar [Burma] Climate Change Watch website mentions the danger of the downburst on its web page but does not mention details of the meso scale phenomena.,news,1,1,0,0,0,0,0,0,0,0,0,0,0,0,0,0,0,0,0,0,0,0,0,0,0,0,0,0,0,0,0,0,0,0,0,1
1547,"While volcanologists admitted that smaller explosions and ash emissions have continued from Mount Talang following Tuesday's eruption, they said there were no signs of an impending large eruption.","While volcanologists admitted that smaller explosions and ash emissions have continued from Mount Talang following Tuesday's eruption, they said there were no signs of an impending large eruption.",news,1,0,0,0,0,0,0,0,0,0,0,0,0,0,0,0,0,0,0,0,0,0,0,0,0,0,0,0,1,0,0,0,0,0,1,0
1548,"While three people were killed in state capital Lucknow in incidents of roof collapse, eleven other deaths in similar mishaps were reported from different districts of the state.","While three people were killed in state capital Lucknow in incidents of roof collapse, eleven other deaths in similar mishaps were reported from different districts of the state.",news,1,0,0,1,0,0,0,0,0,0,0,0,0,0,0,0,0,1,0,1,0,0,0,0,0,0,0,1,0,0,0,0,0,0,0,0
1549,"However, as sub zero temperatures persist in the western province of Balochistan, cold north westerly winds blow across the Thar desert at night, making living conditions very difficult.","However, as sub zero temperatures persist in the western province of Balochistan, cold north westerly winds blow across the Thar desert at night, making living conditions very difficult.",news,1,0,0,0,0,0,0,0,0,0,0,0,0,0,0,0,0,0,0,0,0,0,0,0,0,0,0,0,1,0,0,0,0,1,0,0
1550,"According to a study on sanitation in the five African countries of Niger, Sierra Leone, Ghana, Uganda and Rwanda, published on Feb. 20 by the international NGO [WaterAid](http://www.wateraid.org/uk/), ""between 1990 and 2013, Niger's population increased by 7.7 million people, but only one million people had access to sanitation during the same period.""","According to a study on sanitation in the five African countries of Niger, Sierra Leone, Ghana, Uganda and Rwanda, published on Feb. 20 by the international NGO [WaterAid](http://www.wateraid.org/uk/), ""between 1990 and 2013, Niger's population increased by 7.7 million people, but only one million people had access to sanitation during the same period.""",news,1,0,0,0,0,0,0,0,0,0,0,0,0,0,0,0,0,0,0,0,0,0,0,0,0,0,0,0,0,0,0,0,0,0,0,0
1551,The passage of a few cold fronts during the assessment period will produce some rainfall across the region.,The passage of a few cold fronts during the assessment period will produce some rainfall across the region.,news,1,0,0,0,0,0,0,0,0,0,0,0,0,0,0,0,0,0,0,0,0,0,0,0,0,0,0,0,1,0,1,0,0,1,0,0
1552,"BEIJING, May 18, 2008 (AFP) - A strong aftershock early Sunday rocked the southwest Chinese province that is struggling to recover from a devastating earthquake, the US Geological Survey said.","BEIJING, May 18, 2008 (AFP) - A strong aftershock early Sunday rocked the southwest Chinese province that is struggling to recover from a devastating earthquake, the US Geological Survey said.",news,1,0,0,0,0,0,0,0,0,0,0,0,0,0,0,0,0,0,0,0,0,0,0,0,0,0,0,0,1,0,0,0,1,0,0,0
1553,Some refused to leave their homes and on the upper floors or on the rooftops of their freezing houses without power.,Some refused to leave their homes and on the upper floors or on the rooftops of their freezing houses without power.,news,1,0,0,0,0,0,0,0,0,0,0,0,0,0,0,0,0,0,0,0,0,0,0,0,0,0,0,0,0,0,0,0,0,0,0,0
1554,"A severe storm in mid-March with snow, dust and winds gusting to 40m / second caused further havoc, blowing a number of roofs off buildings, destroying 53 Gers and killing another 53,000 livestock.","A severe storm in mid-March with snow, dust and winds gusting to 40m / second caused further havoc, blowing a number of roofs off buildings, destroying 53 Gers and killing another 53,000 livestock.",news,1,0,0,1,0,0,0,0,0,0,0,0,0,0,0,0,0,1,0,0,0,1,0,0,0,0,0,0,1,0,1,0,0,0,0,0
1555,"In Guinea a small outbreak at the sub-district level was reported in Siguiri district, predominantly due to Neisseria meningitidis serogroup W135 (Nm W135).","In Guinea a small outbreak at the sub-district level was reported in Siguiri district, predominantly due to Neisseria meningitidis serogroup W135 (Nm W135).",news,1,0,0,0,0,0,0,0,0,0,0,0,0,0,0,0,0,0,0,0,0,0,0,0,0,0,0,0,0,0,0,0,0,0,0,0
1556,Heavy winter snowfall in the northern terrain of Pakistan and Afghanistan and subsequent above normal high temperatures of June and July caused massive flooding across Pakistan's northern region.,Heavy winter snowfall in the northern terrain of Pakistan and Afghanistan and subsequent above normal high temperatures of June and July caused massive flooding across Pakistan's northern region.,news,1,0,0,0,0,0,0,0,0,0,0,0,0,0,0,0,0,0,0,0,0,0,0,0,0,0,0,0,1,1,1,0,0,1,0,0
1557,"The ten-year National Forestry Programme will give Nepalese communities ownership of the thousands of hectares of forest currently under government control, helping some of the world's poorest people to earn an income from their natural resources and put a stop to the rampant deforestation currently blighting the country.","The ten-year National Forestry Programme will give Nepalese communities ownership of the thousands of hectares of forest currently under government control, helping some of the world's poorest people to earn an income from their natural resources and put a stop to the rampant deforestation currently blighting the country.",news,1,0,0,0,0,0,0,0,0,0,0,0,0,0,0,0,0,0,0,0,0,0,0,0,0,0,0,0,0,0,0,0,0,0,0,0
1558,"Along with the surging floodwaters came hundreds of logs, felled on the slopes of nearby Gunung (Mount) Leuser national park and washed down the river.","Along with the surging floodwaters came hundreds of logs, felled on the slopes of nearby Gunung (Mount) Leuser national park and washed down the river.",news,1,0,0,0,0,0,0,0,0,0,0,0,0,0,0,0,0,0,0,1,0,0,0,0,0,0,0,1,1,1,0,0,0,0,0,1
1559,The U.N. Food and Agriculture Organisation warned in October that locust swarms threatened to wreak havoc in West Africa after exceptional rains following several years of drought allowed the insects to flourish.,The U.N. Food and Agriculture Organisation warned in October that locust swarms threatened to wreak havoc in West Africa after exceptional rains following several years of drought allowed the insects to flourish.,news,1,0,0,0,0,0,0,0,0,0,0,0,0,0,0,0,0,0,0,0,0,0,0,0,0,0,0,0,1,0,1,0,0,0,0,0
1560,American business and private citizens are also making generous contributions to assist the people of Pakistan.,American business and private citizens are also making generous contributions to assist the people of Pakistan.,news,1,0,1,1,0,0,0,0,0,0,0,0,0,0,0,0,0,0,1,0,0,0,0,0,0,0,0,0,0,0,0,0,0,0,0,0
1561,"Only for the first two hours we drove on asphalt roads, the remaining part of the travel which lasted almost seven hours led us through roadless areas and over sand dunes.","Only for the first two hours we drove on asphalt roads, the remaining part of the travel which lasted almost seven hours led us through roadless areas and over sand dunes.",news,1,0,0,0,0,0,0,0,0,0,0,0,0,0,0,0,0,0,0,0,0,0,0,0,0,0,0,0,0,0,0,0,0,0,0,0
1562,"A dyke broke on the Buoi river in Thanh Hoa, causing severe flooding.","A dyke broke on the Buoi river in Thanh Hoa, causing severe flooding.",news,1,0,0,0,0,0,0,0,0,0,0,0,0,0,0,0,0,0,0,1,1,0,0,0,0,0,0,1,1,1,0,0,0,0,0,1
1563,"They also lack adequate medical equipment/supplies, syringes and needles, antibiotics, and other supplies.","They also lack adequate medical equipment/supplies, syringes and needles, antibiotics, and other supplies.",news,1,1,0,1,0,1,0,0,0,0,0,0,0,0,0,0,0,0,0,0,0,0,0,0,0,0,0,0,0,0,0,0,0,0,0,0
1564,"The Assembly also had before it the Secretary-General's report on participation of volunteers, ""White Helmets"", in the activities of the United Nations in the field of humanitarian relief, rehabilitation and technical cooperation for development (document A/58/320), which recommends to the United Nations system the value of utilizing pre-identified, standby and trained teams of volunteers in systemwide activities.","The Assembly also had before it the Secretary-General's report on participation of volunteers, ""White Helmets"", in the activities of the United Nations in the field of humanitarian relief, rehabilitation and technical cooperation for development (document A/58/320), which recommends to the United Nations system the value of utilizing pre-identified, standby and trained teams of volunteers in systemwide activities.",news,1,0,0,0,0,0,0,0,0,0,0,0,0,0,0,0,0,0,0,0,0,0,0,0,0,0,0,0,0,0,0,0,0,0,0,0
1565,"According to the Meteorological Department, a monsoon blowing around the Southwest had weakened which will likely result in discontinuous rainfalls during June - July 2010.","According to the Meteorological Department, a monsoon blowing around the Southwest had weakened which will likely result in discontinuous rainfalls during June - July 2010.",news,1,0,0,0,0,0,0,0,0,0,0,0,0,0,0,0,0,0,0,0,0,0,0,0,0,0,0,0,1,0,1,0,0,0,0,0
1566,* WHO is following up on the six-week refresher training course for nurses and midwifes conducted from 18 September to 27 October.,* WHO is following up on the six-week refresher training course for nurses and midwifes conducted from 18 September to 27 October.,news,1,0,0,0,0,0,0,0,0,0,0,0,0,0,0,0,0,0,0,0,0,0,0,0,0,0,0,0,0,0,0,0,0,0,0,0
1567,"Flooding occurs each rainy season in Nigeria, though emergency officials have warned of particularly intense rains this year.","Flooding occurs each rainy season in Nigeria, though emergency officials have warned of particularly intense rains this year.",news,1,0,0,0,0,0,0,0,0,0,0,0,0,0,0,0,0,0,0,0,0,0,0,0,0,0,0,0,1,1,1,0,0,0,0,0
1568,JACL and Direct Relief continue their joint commitment to help local nonprofit groups in Japan recover from the 2011 earthquake and tsunami.,JACL and Direct Relief continue their joint commitment to help local nonprofit groups in Japan recover from the 2011 earthquake and tsunami.,news,1,0,0,1,0,0,0,0,0,0,0,0,0,0,1,0,0,0,1,0,0,0,0,0,0,0,0,0,1,0,0,0,1,0,0,0
1569,"Gastrointestinal outbreak - On the 21 of August, the media reported an outbreak of gastrointestinal disease in Guwahati.","Gastrointestinal outbreak - On the 21 of August, the media reported an outbreak of gastrointestinal disease in Guwahati.",news,1,0,0,0,0,0,0,0,0,0,0,0,0,0,0,0,0,0,0,0,0,0,0,0,0,0,0,0,0,0,0,0,0,0,0,0
1570,"""I could see roads blocked with uprooted tree and response teams clearing the roads.","""I could see roads blocked with uprooted tree and response teams clearing the roads.",news,1,0,0,0,0,0,0,0,0,0,0,0,0,0,0,0,0,0,0,0,1,0,0,0,0,0,0,0,0,0,0,0,0,0,0,1
1571,"Maize production has fallen to an alarming 11 per cent of last year's Deyr harvest, while the overall sorghum crop dropped by half.","Maize production has fallen to an alarming 11 per cent of last year's Deyr harvest, while the overall sorghum crop dropped by half.",news,0,0,0,0,0,0,0,0,0,0,0,0,0,0,0,0,0,0,0,0,0,0,0,0,0,0,0,0,0,0,0,0,0,0,0,0
1572,Coastal Storm Early-Warning System in Vietnam: USAID/OFDA provides funding to the UNDP for the implementation of a radio-based coastal warning system.,Coastal Storm Early-Warning System in Vietnam: USAID/OFDA provides funding to the UNDP for the implementation of a radio-based coastal warning system.,news,1,0,1,1,0,0,0,0,0,0,0,0,0,0,1,0,0,0,0,0,0,0,0,0,0,0,0,0,0,0,0,0,0,0,0,0
1573,"In pure desperation, she and the children set out on foot recently, tracking three days across parched terrain and areas of famine and war to come to dust filled Dollo Ado in search of food and water.","In pure desperation, she and the children set out on foot recently, tracking three days across parched terrain and areas of famine and war to come to dust filled Dollo Ado in search of food and water.",news,1,0,0,1,0,0,0,0,1,0,1,1,0,0,0,0,1,0,0,0,0,0,0,0,0,0,0,0,0,0,0,0,0,0,0,0
1574,"With further heavy rains expected in the next few days, workers were Tuesday piling hundreds of sandbags on the river banks.","With further heavy rains expected in the next few days, workers were Tuesday piling hundreds of sandbags on the river banks.",news,1,0,0,0,0,0,0,0,0,0,0,0,0,0,0,0,0,0,0,0,0,0,0,0,0,0,0,0,1,1,1,0,0,0,0,0
1575,"On 11 January 2005, two additional UNEP experts were deployed to Jakarta to establish an environmental crisis centre, plan and participate in the needs assessments.","On 11 January 2005, two additional UNEP experts were deployed to Jakarta to establish an environmental crisis centre, plan and participate in the needs assessments.",news,1,0,0,0,0,0,0,0,0,0,0,0,0,0,0,0,0,0,0,0,0,0,0,0,0,0,0,0,0,0,0,0,0,0,0,0
1576,"One of the most common and well-known typical famine-food plants in southern Ethiopia is Portulaca quadrifolia, which was mentioned in all the surveyed areas as one of the most important species.","One of the most common and well-known typical famine-food plants in southern Ethiopia is Portulaca quadrifolia, which was mentioned in all the surveyed areas as one of the most important species.",news,1,0,0,0,0,0,0,0,0,0,0,0,0,0,0,0,0,0,0,0,0,0,0,0,0,0,0,0,0,0,0,0,0,0,0,0
1577,"The storm caused extensive flooding in 7 provinces (including several which had been affected in October), with Ninh Thuan being the worst hit","The storm caused extensive flooding in 7 provinces (including several which had been affected in October), with Ninh Thuan being the worst hit",news,1,0,0,0,0,0,0,0,0,0,0,0,0,0,0,0,0,0,0,0,0,0,0,0,0,0,0,0,1,1,1,0,0,0,0,0
1578,"DOHA, Nov 11 (AFP) - Qatar announced Sunday it was sending humanitarian aid for Algeria to help cope with the aftermath of ferocious storms that killed more than 300 people.","DOHA, Nov 11 (AFP) - Qatar announced Sunday it was sending humanitarian aid for Algeria to help cope with the aftermath of ferocious storms that killed more than 300 people.",news,1,0,0,1,0,0,0,0,0,0,0,0,0,0,0,0,0,1,1,0,0,0,0,0,0,0,0,0,1,0,1,0,0,0,0,0
1579,"If we are to prevent further damage to the monsoon rice crop and damage to the following dry season crops, we must continue the current preventative measures and emphasize an integrated pest-management approach for the coming winter season, he said.","If we are to prevent further damage to the monsoon rice crop and damage to the following dry season crops, we must continue the current preventative measures and emphasize an integrated pest-management approach for the coming winter season, he said.",news,1,0,0,0,0,0,0,0,0,0,0,0,0,0,0,0,0,0,0,0,0,0,0,0,0,0,0,0,0,0,0,0,0,0,0,1
1580,A survey of crop production practices and problems was carried out on 111 irrigated farms and 18 rainfed farms.,A survey of crop production practices and problems was carried out on 111 irrigated farms and 18 rainfed farms.,news,1,0,0,0,0,0,0,0,0,0,0,0,0,0,0,0,0,0,0,0,0,0,0,0,0,0,0,0,0,0,0,0,0,0,0,0
1581,Buildings and plots of lands must be protected from the rising tide.,Buildings and plots of lands must be protected from the rising tide.,news,1,1,0,0,0,0,0,0,0,0,0,0,0,0,0,0,0,0,0,1,0,0,0,0,0,0,0,1,0,0,0,0,0,0,0,1
1582,UMERKOT: At least eight cases of the deadly dengue fever were reported in Umerkot district of Sindh province on Tuesday raising fears of an uncontrollable dengue outbreak.,UMERKOT: At least eight cases of the deadly dengue fever were reported in Umerkot district of Sindh province on Tuesday raising fears of an uncontrollable dengue outbreak.,news,1,0,0,1,1,0,0,0,0,0,0,0,0,0,0,0,0,0,0,0,0,0,0,0,0,0,0,0,0,0,0,0,0,0,0,0
1583,A third group of 50 persons will be trained later in the week to bring the total number of trained counselors working in Galle to nearly 150.,A third group of 50 persons will be trained later in the week to bring the total number of trained counselors working in Galle to nearly 150.,news,0,0,0,0,0,0,0,0,0,0,0,0,0,0,0,0,0,0,0,0,0,0,0,0,0,0,0,0,0,0,0,0,0,0,0,0
1584,Witnesses said two huge explosions shook the surrounding countryside.,Witnesses said two huge explosions shook the surrounding countryside.,news,1,0,0,0,0,0,0,0,0,0,0,0,0,0,0,0,0,0,0,0,0,0,0,0,0,0,0,0,0,0,0,0,0,0,0,0
1585,"According to UN-Afghanistan, upwards of 7.5 million Afghans across the country do not have the necessary stores of food, medicine, and other materials required to survive, especially as mountainous areas have begun reporting below zero temperatures and snow fall.","According to UN-Afghanistan, upwards of 7.5 million Afghans across the country do not have the necessary stores of food, medicine, and other materials required to survive, especially as mountainous areas have begun reporting below zero temperatures and snow fall.",news,1,0,0,1,0,1,0,0,0,0,0,1,0,0,0,0,0,0,0,0,0,0,0,0,0,0,0,0,1,0,0,0,0,1,0,0
1586,"The technical evidence obtained from remote-sensing (e.g. satellite photography) and other sources shows that flooding of the scale in Spring 2007 is very unlikely, because this is a function of the thickness of the snowpack, the suddenness of the rise in temperature, and often also rain which speeds up the melting and run-off process.","The technical evidence obtained from remote-sensing (e.g. satellite photography) and other sources shows that flooding of the scale in Spring 2007 is very unlikely, because this is a function of the thickness of the snowpack, the suddenness of the rise in temperature, and often also rain which speeds up the melting and run-off process.",news,1,0,0,0,0,0,0,0,0,0,0,0,0,0,0,0,0,0,0,0,0,0,0,0,0,0,0,0,1,1,0,0,0,0,0,0
1587,"The clouds, known by locals as ""shaggy goats"", consist of volcanic gases, ash and dust, and reach temperatures up to 500 degrees Celsius (930 degrees Fahrenheit).","The clouds, known by locals as ""shaggy goats"", consist of volcanic gases, ash and dust, and reach temperatures up to 500 degrees Celsius (930 degrees Fahrenheit).",news,0,0,0,0,0,0,0,0,0,0,0,0,0,0,0,0,0,0,0,0,0,0,0,0,0,0,0,0,0,0,0,0,0,0,0,0
1588,The US Geological Survey said the earthquake west of the Indonesian island of Sumatra measured 9.0 on the Richter scale -- making it the largest quake worldwide in four decades.,The US Geological Survey said the earthquake west of the Indonesian island of Sumatra measured 9.0 on the Richter scale -- making it the largest quake worldwide in four decades.,news,1,0,0,0,0,0,0,0,0,0,0,0,0,0,0,0,0,0,0,0,0,0,0,0,0,0,0,0,1,0,0,0,1,0,0,0
1589,New UNOSAT inundation maps by district and combined inundation maps are available on-line.,New UNOSAT inundation maps by district and combined inundation maps are available on-line.,news,1,0,0,0,0,0,0,0,0,0,0,0,0,0,0,0,0,0,0,0,0,0,0,0,0,0,0,0,1,1,0,0,0,0,0,0
1590,"Friday's mountain torrent, said to be the worst to hit the area in 200 years, was caused by two days of heavy rain, killing 88 pupils and four villagers, Xinhua news agency said.","Friday's mountain torrent, said to be the worst to hit the area in 200 years, was caused by two days of heavy rain, killing 88 pupils and four villagers, Xinhua news agency said.",news,1,0,0,1,0,0,0,0,0,0,0,0,0,0,0,0,0,1,0,0,0,0,0,0,0,0,0,0,1,0,1,0,0,0,0,0
1591,"Factors other than the state of tropical Pacific Ocean SSTs may influence regional climate variability (including internal atmospheric dynamics, SST in other ocean basins and land surface conditions).","Factors other than the state of tropical Pacific Ocean SSTs may influence regional climate variability (including internal atmospheric dynamics, SST in other ocean basins and land surface conditions).",news,1,0,0,0,0,0,0,0,0,0,0,0,0,0,0,0,0,0,0,0,0,0,0,0,0,0,0,0,0,0,0,0,0,0,0,0
1592,"Stock is monitored by the MMU pharmacists, who replenish the mobile medical kits following each clinic trip.","Stock is monitored by the MMU pharmacists, who replenish the mobile medical kits following each clinic trip.",news,1,0,0,0,0,0,0,0,0,0,0,0,0,0,0,0,0,0,0,0,0,0,0,0,0,0,0,0,0,0,0,0,0,0,0,0
1593,"The northern mountainous regions normally receive 25% of total snowfall in the months of December and January, whereas only a quarter of it was recorded in these months.","The northern mountainous regions normally receive 25% of total snowfall in the months of December and January, whereas only a quarter of it was recorded in these months.",news,1,0,0,0,0,0,0,0,0,0,0,0,0,0,0,0,0,0,0,0,0,0,0,0,0,0,0,0,0,0,0,0,0,0,0,0
1594,A second wave of larger swarms began arriving in late September and the UN Food and Agriculture Organisation (FAO) said they had begun breeding on the archipelago of arid volcanic islands.,A second wave of larger swarms began arriving in late September and the UN Food and Agriculture Organisation (FAO) said they had begun breeding on the archipelago of arid volcanic islands.,news,0,0,0,0,0,0,0,0,0,0,0,0,0,0,0,0,0,0,0,0,0,0,0,0,0,0,0,0,0,0,0,0,0,0,0,0
1595,Contributions have been directed to major non-governmental organizations with registered charitable status.,Contributions have been directed to major non-governmental organizations with registered charitable status.,news,1,0,0,0,0,0,0,0,0,0,0,0,0,0,0,0,0,0,0,0,0,0,0,0,0,0,0,0,0,0,0,0,0,0,0,0
1596,"The movement, called subduction, creates two results: a build-up of tension resulting in earth tremors, and the release of magma as the melting lower plate shoots back up to the surface.","The movement, called subduction, creates two results: a build-up of tension resulting in earth tremors, and the release of magma as the melting lower plate shoots back up to the surface.",news,1,0,0,0,0,0,0,0,0,0,0,0,0,0,0,0,0,0,0,0,0,0,0,0,0,0,0,0,1,0,0,0,1,0,0,0
1597,"The first day we had four outpatients, yesterday the number rose to 40 and today we had 70 before lunch. As Hurricane Mitch pummeled Nicaragua and Honduras, triggering flash floods and mudslides, women began counting the missing. Operation Goal: to meet the urgent needs of the 50,000 worst affected families in Assam and Bihar with food, shelter, family packs and medical services, to ensure improved quality of water over a period of four months and prepare to meet longer-term needs through necessary capacity building and disaster mitigation initiatives over a further period of six months after the emergency phase. Thankfully, heavy and steady rain completely extinguished the big forest fire in Pech valley of Konar after it destroyed 30 square kilometers (12 square miles) of jungle and 130,000 logs,"" the Taliban mouth-piece said.","The first day we had four outpatients, yesterday the number rose to 40 and today we had 70 before lunch. As Hurricane Mitch pummeled Nicaragua and Honduras, triggering flash floods and mudslides, women began counting the missing. Operation Goal: to meet the urgent needs of the 50,000 worst affected families in Assam and Bihar with food, shelter, family packs and medical services, to ensure improved quality of water over a period of four months and prepare to meet longer-term needs through necessary capacity building and disaster mitigation initiatives over a further period of six months after the emergency phase. Thankfully, heavy and steady rain completely extinguished the big forest fire in Pech valley of Konar after it destroyed 30 square kilometers (12 square miles) of jungle and 130,000 logs,"" the Taliban mouth-piece said.",news,1,0,0,1,1,0,0,0,0,0,1,1,1,0,0,0,0,0,0,0,0,0,0,0,0,0,0,0,1,1,1,0,0,0,0,1
1598,"Nearly 20,000 people were killed when two massive tremors rocked its industrialized northwest in 1999.","Nearly 20,000 people were killed when two massive tremors rocked its industrialized northwest in 1999.",news,1,0,0,1,0,0,0,0,0,0,0,0,0,0,0,0,0,1,0,0,0,0,0,0,0,0,0,0,1,0,0,0,1,0,0,0
1599,"According to Meteorological Department of Kenya, Mt. Kenya-Aberdare catchments such as Nyeri and Meru recorded above normal rains causing heavy floods in Tana River region.","According to Meteorological Department of Kenya, Mt. Kenya-Aberdare catchments such as Nyeri and Meru recorded above normal rains causing heavy floods in Tana River region.",news,1,0,0,0,0,0,0,0,0,0,0,0,0,0,0,0,0,0,0,0,0,0,0,0,0,0,0,0,1,1,1,0,0,0,0,0
1600,People in the Northern Central and Eastern area will experience heat during the day with scattered thundershowers and isolated gusts later.,People in the Northern Central and Eastern area will experience heat during the day with scattered thundershowers and isolated gusts later.,news,1,0,0,0,0,0,0,0,0,0,0,0,0,0,0,0,0,0,0,0,0,0,0,0,0,0,0,0,1,0,1,0,0,0,0,0
1601,"However, reports of food and drinking water shortages, along with those of shelter and medical supplies, were still being received from several remote areas of the province.","However, reports of food and drinking water shortages, along with those of shelter and medical supplies, were still being received from several remote areas of the province.",news,1,0,0,1,0,1,0,0,0,0,1,1,1,0,0,0,0,0,0,0,0,0,0,0,0,0,0,0,0,0,0,0,0,0,0,0
1602,"Though the rains eased Monday, many localities in the city were still submerged.","Though the rains eased Monday, many localities in the city were still submerged.",news,1,0,0,0,0,0,0,0,0,0,0,0,0,0,0,0,0,0,0,0,0,0,0,0,0,0,0,0,1,1,1,0,0,0,0,0
1603,Rains are being observed at this time over much of the region and seven day precipitation forecasts continue to be optimistic.,Rains are being observed at this time over much of the region and seven day precipitation forecasts continue to be optimistic.,news,1,0,0,0,0,0,0,0,0,0,0,0,0,0,0,0,0,0,0,0,0,0,0,0,0,0,0,0,1,0,1,0,0,0,0,0
1604,He noted that this is a testing time for Liberians and the international community as they work more closely to attain victory over these destructive pests.,He noted that this is a testing time for Liberians and the international community as they work more closely to attain victory over these destructive pests.,news,1,0,0,0,0,0,0,0,0,0,0,0,0,0,0,0,0,0,0,0,0,0,0,0,0,0,0,0,0,0,0,0,0,0,0,0
1605,"NAHRIN, Afghanistan -- A strong aftershock sent boulders tumbling across mountain roads on Wednesday, blocking efforts to rush relief supplies to tens of thousands of homeless Afghans after a devastating earthquake.","NAHRIN, Afghanistan -- A strong aftershock sent boulders tumbling across mountain roads on Wednesday, blocking efforts to rush relief supplies to tens of thousands of homeless Afghans after a devastating earthquake.",news,1,1,0,1,0,0,0,0,0,0,0,0,0,0,0,0,0,0,1,0,1,0,0,0,0,0,0,0,1,0,0,0,1,0,0,1
1606,"The three miners were killed in Glagaharjo subdistrict, Yogyakarta, while quarrying sand from Mt. Merapi, when an embankment of the Gendol River fell on them.","The three miners were killed in Glagaharjo subdistrict, Yogyakarta, while quarrying sand from Mt. Merapi, when an embankment of the Gendol River fell on them.",news,1,0,0,1,0,0,0,0,0,0,0,0,0,0,0,0,0,1,0,0,0,0,0,0,0,0,0,0,1,0,0,0,0,0,1,0
1607,"Ash, deadly heat clouds and molten debris gushed from the mouth of the 2,914-metre (9,616-foot) mountain and shot high into the sky for most of the night and into the morning.","Ash, deadly heat clouds and molten debris gushed from the mouth of the 2,914-metre (9,616-foot) mountain and shot high into the sky for most of the night and into the morning.",news,1,0,0,0,0,0,0,0,0,0,0,0,0,0,0,0,0,0,0,0,0,0,0,0,0,0,0,0,1,0,0,1,0,0,1,0
1608,International rescue teams with sniffer dogs and specialist equipment began arriving and setting up field hospitals.,International rescue teams with sniffer dogs and specialist equipment began arriving and setting up field hospitals.,news,1,0,1,1,1,0,1,0,0,0,0,0,0,0,0,0,0,0,0,1,0,0,0,0,1,0,0,0,0,0,0,0,0,0,0,0
1609,"Jakarta_(dpa) _ Emergency workers on Friday recovered three more bodies after a gas-pipeline explosion in Indonesia's East Java province, bringing the official death toll to 11, officials said.","Jakarta_(dpa) _ Emergency workers on Friday recovered three more bodies after a gas-pipeline explosion in Indonesia's East Java province, bringing the official death toll to 11, officials said.",news,1,0,0,1,0,0,0,0,0,0,0,0,0,0,0,0,0,1,0,0,0,0,0,0,0,0,0,0,0,0,0,0,0,0,0,0
1610,The affected communities need urgent assistance to get back on their feet and strengthen their capacity to cope with similar disasters in the future.,The affected communities need urgent assistance to get back on their feet and strengthen their capacity to cope with similar disasters in the future.,news,1,1,0,1,0,0,0,0,0,0,0,0,0,0,0,0,0,0,1,0,0,0,0,0,0,0,0,0,0,0,0,0,0,0,0,0
1611,"Some 30 aftershocks shook Armenia in the wake of Iran's deadly quake, sending people fleeing out of buildings in the capital, Yerevan, and other cities across the country.","Some 30 aftershocks shook Armenia in the wake of Iran's deadly quake, sending people fleeing out of buildings in the capital, Yerevan, and other cities across the country.",news,1,0,0,0,0,0,0,0,0,0,0,0,0,0,0,0,0,0,0,0,0,0,0,0,0,0,0,0,1,0,0,0,1,0,0,0
1612,"Three Hercules planes are currently on stand-by to further conduct cloud seeding operations, with one each in Jakarta for South Sumatra province, one in Banjarmasin for Central Kalimantan and South Kalimantan provinces, and one in Padang for Jambi province.","Three Hercules planes are currently on stand-by to further conduct cloud seeding operations, with one each in Jakarta for South Sumatra province, one in Banjarmasin for Central Kalimantan and South Kalimantan provinces, and one in Padang for Jambi province.",news,1,0,0,0,0,0,0,0,0,0,0,0,0,0,0,0,0,0,0,0,0,0,0,0,0,0,0,0,0,0,0,0,0,0,0,0
1613,"Hydroelectricity-dependent Kyrgyz Republic is facing a dry hydrological cycle, compounded by the harshest winter seen in decades.","Hydroelectricity-dependent Kyrgyz Republic is facing a dry hydrological cycle, compounded by the harshest winter seen in decades.",news,1,0,0,1,0,0,0,0,0,0,1,0,0,0,0,0,0,0,0,0,0,0,0,0,0,0,0,0,1,0,0,0,0,1,1,0
1614,This message is not an official hurricane warning or alert for any country.,This message is not an official hurricane warning or alert for any country.,news,1,0,0,0,0,0,0,0,0,0,0,0,0,0,0,0,0,0,0,0,0,0,0,0,0,0,0,0,0,0,0,0,0,0,0,0
1615,"The training, conducted by Miami-Dade Fire and Rescue Department, reached more than 100 representatives from non-governmental organizations, Mozambican military, and local fire departments and focused on SAR and relief commodity distribution capacities.","The training, conducted by Miami-Dade Fire and Rescue Department, reached more than 100 representatives from non-governmental organizations, Mozambican military, and local fire departments and focused on SAR and relief commodity distribution capacities.",news,1,0,0,1,0,0,0,0,1,0,0,0,0,0,0,0,0,0,0,0,0,0,0,0,0,0,0,0,0,0,0,0,0,0,0,0
1616,"It is believed that an estimated 250,000 - 300,000 of the people who fled the volcanic lava flows, made their way across the border into Rwanda on Thursday, January 17.","It is believed that an estimated 250,000 - 300,000 of the people who fled the volcanic lava flows, made their way across the border into Rwanda on Thursday, January 17.",news,1,0,0,1,0,0,0,0,0,0,0,0,0,0,0,0,1,0,0,0,0,0,0,0,0,0,0,0,1,0,0,0,0,0,1,0
1617,"The El Niño weather phenomenon has delayed monsoon rains to several Indonesian provinces, causing crop failures and forcing price rises of all agricultural produce.","The El Niño weather phenomenon has delayed monsoon rains to several Indonesian provinces, causing crop failures and forcing price rises of all agricultural produce.",news,1,0,0,1,0,0,0,0,0,0,0,1,0,0,0,0,0,0,0,0,0,0,0,0,0,0,0,0,1,0,1,0,0,0,1,0
1618,"But the needs remain great, with helicopters unable to reach some communities due to poor weather and steep hillsides.","But the needs remain great, with helicopters unable to reach some communities due to poor weather and steep hillsides.",news,1,0,0,0,0,0,0,0,0,0,0,0,0,0,0,0,0,0,0,0,0,0,0,0,0,0,0,0,1,0,0,0,0,0,1,0
1619,"On 8 December, waves of crude oil began washing ashore, affecting seabirds and threatening various fish farms.","On 8 December, waves of crude oil began washing ashore, affecting seabirds and threatening various fish farms.",news,1,1,0,1,1,0,0,0,0,0,0,0,0,0,0,0,0,0,0,0,1,0,0,0,0,0,0,0,1,1,0,0,0,0,0,1
1620,Human casualty :1 due to wall collapse,Human casualty :1 due to wall collapse,news,1,0,0,1,0,0,0,0,0,0,0,0,0,0,0,0,0,1,0,0,0,1,0,0,0,0,0,0,0,0,0,0,0,0,0,0
1621,"According to the provincial observatory, the center of the storm is moving eastward to Shanwei City on the eastern coast of Guangdong, which is receiving up to 112 millimeters of rain per hour.","According to the provincial observatory, the center of the storm is moving eastward to Shanwei City on the eastern coast of Guangdong, which is receiving up to 112 millimeters of rain per hour.",news,1,0,0,0,0,0,0,0,0,0,0,0,0,0,0,0,0,0,0,0,0,0,0,0,0,0,0,0,1,0,1,0,0,0,0,0
1622,"The significant lowering of the level of the Mekong River, among Asia's main water courses stretching from the Tibetan highland to the southern coasts of Vietnam, is having ""serious repercussions for inhabitants of northern Laos and Thailand"".","The significant lowering of the level of the Mekong River, among Asia's main water courses stretching from the Tibetan highland to the southern coasts of Vietnam, is having ""serious repercussions for inhabitants of northern Laos and Thailand"".",news,1,0,0,0,0,0,0,0,0,0,0,0,0,0,0,0,0,0,0,0,0,0,0,0,0,0,0,0,1,1,0,0,0,0,0,1
1623,"The strong earthquake which shook the Indian subcontinent on the morning of 26 January 2001, India's Republic Day, caused devastating damage in the western Indian State of Gujarat.","The strong earthquake which shook the Indian subcontinent on the morning of 26 January 2001, India's Republic Day, caused devastating damage in the western Indian State of Gujarat.",news,1,0,0,0,0,0,0,0,0,0,0,0,0,0,0,0,0,0,0,1,0,0,0,0,0,0,0,1,1,0,0,0,1,0,0,0
1624,"Maize crop stands grew up to the tasseling stage, but the heat that followed scorched the tassels before pollination could start.","Maize crop stands grew up to the tasseling stage, but the heat that followed scorched the tassels before pollination could start.",news,1,0,0,0,0,0,0,0,0,0,0,0,0,0,0,0,0,0,0,0,0,0,0,0,0,0,0,0,0,0,0,0,0,0,0,0
1625,"In southern provinces, the worst affected by the severe floods of last year, the outlook for this year's cereal harvest has deteriorated as a result of well below average precipitation in January.","In southern provinces, the worst affected by the severe floods of last year, the outlook for this year's cereal harvest has deteriorated as a result of well below average precipitation in January.",news,1,0,0,1,0,0,0,0,0,0,0,1,0,0,0,0,0,0,0,0,0,0,0,0,0,0,0,0,1,1,1,0,0,0,0,0
1626,"In the Health and Nutrition sector, training of trainers workshops were held in Hargeisa and Gabiley to train a core national team for the facilitation of community health service delivery improvement.","In the Health and Nutrition sector, training of trainers workshops were held in Hargeisa and Gabiley to train a core national team for the facilitation of community health service delivery improvement.",news,1,0,0,0,0,0,0,0,0,0,0,0,0,0,0,0,0,0,0,0,0,0,0,0,0,0,0,0,0,0,0,0,0,0,0,0
1627,"In addition, studies show that parasitic infections in children can prevent adequate absorption of essential nutrients, including Vitamin A. Hundreds of millions of children in developing countries suffer from parasitic infections, including 320 million children with roundworm; 233 million with whipworm and 239 million with hookworm - all of which can be treated with a single deworming pill.","In addition, studies show that parasitic infections in children can prevent adequate absorption of essential nutrients, including Vitamin A. Hundreds of millions of children in developing countries suffer from parasitic infections, including 320 million children with roundworm; 233 million with whipworm and 239 million with hookworm - all of which can be treated with a single deworming pill.",news,1,0,0,0,0,0,0,0,0,0,0,0,0,0,0,0,0,0,0,0,0,0,0,0,0,0,0,0,0,0,0,0,0,0,0,0
1628,"CHURO, Kenya [ACTED News] - Amaya Livestock Market Association (LMA) is about to enter into agreement with Baringo County Council to share the revenue collected on market day as they also play a role for ensuring market security and maintenance of the market infrastructure.","CHURO, Kenya [ACTED News] - Amaya Livestock Market Association (LMA) is about to enter into agreement with Baringo County Council to share the revenue collected on market day as they also play a role for ensuring market security and maintenance of the market infrastructure.",news,1,0,0,0,0,0,0,0,0,0,0,0,0,0,0,0,0,0,0,0,0,0,0,0,0,0,0,0,0,0,0,0,0,0,0,0
1629,"Musharraf said he feels satisfied that in a brief period of time, hundreds and thousands seismically safe structures, including houses, hospitals, educational institutions, roads, bridges and water supply schemes have been reconstructed on the principal of ""Build Back Better"".","Musharraf said he feels satisfied that in a brief period of time, hundreds and thousands seismically safe structures, including houses, hospitals, educational institutions, roads, bridges and water supply schemes have been reconstructed on the principal of ""Build Back Better"".",news,1,0,0,0,0,0,0,0,0,0,0,0,0,0,0,0,0,0,0,0,0,0,0,0,0,0,0,0,0,0,0,0,0,0,0,0
1630,He unveiled a two-billion-rupee (45.7-million dollar) relief package for the tropical archipelago.,He unveiled a two-billion-rupee (45.7-million dollar) relief package for the tropical archipelago.,news,1,1,0,1,1,0,0,0,0,0,0,0,0,0,0,0,0,0,0,0,1,0,0,0,0,0,0,0,1,1,0,0,0,0,0,1
1631,"Later, the Corps Commander visited various city-localities to review the water arrangements made by WASA and army monitoring team for proper water distribution during current water crisis caused by prolong dry spell.","Later, the Corps Commander visited various city-localities to review the water arrangements made by WASA and army monitoring team for proper water distribution during current water crisis caused by prolong dry spell.",news,1,0,0,1,0,0,0,0,0,0,1,0,0,0,0,0,0,0,0,0,0,0,0,0,0,0,0,0,1,0,0,0,0,0,1,0
1632,"In response to the crisis, the Bank will accelerate access to funds from onging programs.","In response to the crisis, the Bank will accelerate access to funds from onging programs.",news,1,0,0,1,0,0,0,0,0,0,0,0,0,0,1,0,0,0,0,0,0,0,0,0,0,0,0,0,0,0,0,0,0,0,0,0
1633,Mangrove forests straddle land and sea and are found in 123 countries in tropical and subtropical regions.,Mangrove forests straddle land and sea and are found in 123 countries in tropical and subtropical regions.,news,0,0,0,0,0,0,0,0,0,0,0,0,0,0,0,0,0,0,0,0,0,0,0,0,0,0,0,0,0,0,0,0,0,0,0,0
1634,"With temperatures dipping well below freezing at night, patients are being housed on the ground in small shelters next to the damaged clinics.","With temperatures dipping well below freezing at night, patients are being housed on the ground in small shelters next to the damaged clinics.",news,1,0,0,1,1,0,0,0,0,0,0,0,1,0,0,0,0,0,0,0,0,1,0,0,0,0,0,0,1,0,0,0,0,1,0,0
1635,IFRC reports that there is no longer a typhoid epidemic in Dushanbe.,IFRC reports that there is no longer a typhoid epidemic in Dushanbe.,news,1,0,0,1,1,0,0,0,0,0,0,0,0,0,0,0,0,0,0,0,0,0,0,0,0,0,0,0,0,0,0,0,0,0,0,0
1636,We are especially interested now in getting some idea of what happened on the east coasts of the Pagais and around the northern part of North Pagai.,We are especially interested now in getting some idea of what happened on the east coasts of the Pagais and around the northern part of North Pagai.,news,1,0,0,0,0,0,0,0,0,0,0,0,0,0,0,0,0,0,0,0,0,0,0,0,0,0,0,0,0,0,0,0,0,0,0,0
1637,"The impact area is a remote mountainous region of Pakistan, approximately 3 hours drive from Quetta, the nearest big city.","The impact area is a remote mountainous region of Pakistan, approximately 3 hours drive from Quetta, the nearest big city.",news,1,0,0,0,0,0,0,0,0,0,0,0,0,0,0,0,0,0,0,0,0,0,0,0,0,0,0,0,0,0,0,0,0,0,0,0
1638,"However, there is concern regarding the apparent absence of planting of short-cycle crops in belg producing areas of South Tigray zone, and the assessment team recommended that this be given particular attention in the June assessment.","However, there is concern regarding the apparent absence of planting of short-cycle crops in belg producing areas of South Tigray zone, and the assessment team recommended that this be given particular attention in the June assessment.",news,1,0,0,0,0,0,0,0,0,0,0,0,0,0,0,0,0,0,0,0,0,0,0,0,0,0,0,0,0,0,0,0,0,0,0,0
1639,"Personnel could consist of civil protection, military, foresters, volunteers, students, etc.","Personnel could consist of civil protection, military, foresters, volunteers, students, etc.",news,1,0,0,0,0,0,0,0,0,0,0,0,0,0,0,0,0,0,0,0,0,0,0,0,0,0,0,0,0,0,0,0,0,0,0,0
1640,"The six affected provinces report an increase in mental health services delivered including psychiatric drugs, counselling sessions, physical treatement and referrals.","The six affected provinces report an increase in mental health services delivered including psychiatric drugs, counselling sessions, physical treatement and referrals.",news,1,1,0,1,1,1,0,0,0,0,0,0,0,0,0,0,0,0,0,0,0,0,0,0,0,0,0,0,0,0,0,0,0,0,0,0
1641,Grasshoppers were seen to be causing defoliation of potato crops in Laghman and Kunar Provinces and this will have an adverse effect on yields.,Grasshoppers were seen to be causing defoliation of potato crops in Laghman and Kunar Provinces and this will have an adverse effect on yields.,news,1,0,0,0,0,0,0,0,0,0,0,0,0,0,0,0,0,0,0,0,0,0,0,0,0,0,0,0,0,0,0,0,0,0,0,0
1642,"The Kavango and Caprivi regions, where the Chobe, Zambezi and Okavango rivers have reached their highest water levels since 1963, have also been severely affected.","The Kavango and Caprivi regions, where the Chobe, Zambezi and Okavango rivers have reached their highest water levels since 1963, have also been severely affected.",news,1,0,0,0,0,0,0,0,0,0,0,0,0,0,0,0,0,0,0,0,0,0,0,0,0,0,0,0,1,1,0,0,0,0,0,0
1643,"Myanmar: WHO and UNICEF are collaborating to reduce the risk of disease outbreaks and level of morbidity by strengthening disease surveillance, providing emergency medical supplies and supporting the resumption of child immunization services.","Myanmar: WHO and UNICEF are collaborating to reduce the risk of disease outbreaks and level of morbidity by strengthening disease surveillance, providing emergency medical supplies and supporting the resumption of child immunization services.",news,1,0,0,1,1,1,0,0,0,0,0,0,0,0,0,0,0,0,0,0,0,0,0,0,0,0,0,0,0,0,0,0,0,0,0,0
1644,"CRWRC is a Christian, non-profit organization of the Christian Reformed Church in North America.","CRWRC is a Christian, non-profit organization of the Christian Reformed Church in North America.",news,1,0,0,0,0,0,0,0,0,0,0,0,0,0,0,0,0,0,0,0,0,0,0,0,0,0,0,0,0,0,0,0,0,0,0,0
1645,The Calcutta Research Group reports that 7% of the landmass of the Indian state of Assam has been lost due to riverbank erosion which in turn is due to changing patterns of glaciers melting in Nepal - largely attributed to climate change.,The Calcutta Research Group reports that 7% of the landmass of the Indian state of Assam has been lost due to riverbank erosion which in turn is due to changing patterns of glaciers melting in Nepal - largely attributed to climate change.,news,1,0,0,0,0,0,0,0,0,0,0,0,0,0,0,0,0,0,0,0,0,0,0,0,0,0,0,0,1,0,0,0,0,0,1,0
1646,"In those areas where rainfall performance has been satisfactory, further rainfall at this time in the season could actually adversely affect cereals as the added moisture in maturing grain would increase fungal diseases.","In those areas where rainfall performance has been satisfactory, further rainfall at this time in the season could actually adversely affect cereals as the added moisture in maturing grain would increase fungal diseases.",news,1,0,0,0,0,0,0,0,0,0,0,0,0,0,0,0,0,0,0,0,0,0,0,0,0,0,0,0,1,0,1,0,0,0,0,0
1647,"Sturdy, permanent shelter is important, not just because of the near freezing nights in this arid desert zone, but because of the fierce Monsoon season, looming four short months in the future.","Sturdy, permanent shelter is important, not just because of the near freezing nights in this arid desert zone, but because of the fierce Monsoon season, looming four short months in the future.",news,1,0,0,1,0,0,0,0,0,0,0,0,1,0,0,0,0,0,0,0,0,0,0,0,0,0,0,0,1,0,1,0,0,1,0,0
1648,"Also, at least 108 are known to have died in floods which inundated vast swathes of the central province of Hunan from last week, caused by rain described as the heaviest to hit the region in years.","Also, at least 108 are known to have died in floods which inundated vast swathes of the central province of Hunan from last week, caused by rain described as the heaviest to hit the region in years.",news,1,0,0,1,0,0,0,0,0,0,0,0,0,0,0,0,0,1,0,0,0,0,0,0,0,0,0,0,1,1,0,0,0,0,0,0
1649,"Prevailing winds were mainly from the north, northwest and northeast except during atmospheric disturbances over the Mediterranean when they were from the south for brief periods.","Prevailing winds were mainly from the north, northwest and northeast except during atmospheric disturbances over the Mediterranean when they were from the south for brief periods.",news,1,0,0,0,0,0,0,0,0,0,0,0,0,0,0,0,0,0,0,0,0,0,0,0,0,0,0,0,1,0,1,0,0,0,0,0
1650,"The money will be used to buy the most immediate necessities such as medication, medical care and logistical help for the hundreds of earthqauke victims, a statement from the ministry said.","The money will be used to buy the most immediate necessities such as medication, medical care and logistical help for the hundreds of earthqauke victims, a statement from the ministry said.",news,1,0,0,1,1,1,0,0,0,0,0,0,0,0,0,0,0,0,0,0,0,0,0,0,0,0,0,0,1,0,0,0,1,0,0,0
1651,The most lamented victims of the quake have been thousands of children who died when school buildings collapsed.,The most lamented victims of the quake have been thousands of children who died when school buildings collapsed.,news,1,0,0,1,0,0,0,0,0,0,0,0,0,0,0,0,0,1,0,0,0,1,0,0,0,0,0,0,1,0,0,0,1,0,0,0
1652,"The rain level reaches 922 millimetres, which is a lot of water for a province that is located in a tableland, without many possibility of a quick drain of waters'', he stressed.","The rain level reaches 922 millimetres, which is a lot of water for a province that is located in a tableland, without many possibility of a quick drain of waters'', he stressed.",news,1,0,0,0,0,0,0,0,0,0,0,0,0,0,0,0,0,0,0,0,0,0,0,0,0,0,0,0,1,1,1,0,0,0,0,0
1653,"(b) In the Debub region, planting of long cycle crops such as sorghum, maize and finger millet is now underway.","(b) In the Debub region, planting of long cycle crops such as sorghum, maize and finger millet is now underway.",news,0,0,0,0,0,0,0,0,0,0,0,0,0,0,0,0,0,0,0,0,0,0,0,0,0,0,0,0,0,0,0,0,0,0,0,0
1654,On of the lessons learnt from the Chinese floods was that the United Nations system could work together successfully and bring synergies to bear that were beneficial for nationally and internationally funded relief operations.,On of the lessons learnt from the Chinese floods was that the United Nations system could work together successfully and bring synergies to bear that were beneficial for nationally and internationally funded relief operations.,news,1,0,0,1,1,0,0,0,0,0,0,0,0,0,0,0,0,0,0,0,1,0,0,0,0,0,0,0,1,1,0,0,0,0,0,1
1655,"Internews also has specialized programs to improve reporting on the environment, humanitarian crises, public health and women's issues.","Internews also has specialized programs to improve reporting on the environment, humanitarian crises, public health and women's issues.",news,0,0,0,0,0,0,0,0,0,0,0,0,0,0,0,0,0,0,0,0,0,0,0,0,0,0,0,0,0,0,0,0,0,0,0,0
1656,"Many roads are treacherously narrow and winding and with the rains, they are prone to frequent landslides.","Many roads are treacherously narrow and winding and with the rains, they are prone to frequent landslides.",news,1,0,0,0,0,0,0,0,0,0,0,0,0,0,0,0,0,0,0,0,1,0,0,0,0,0,0,0,1,0,1,0,0,0,0,1
1657,"Under the post-tsunami and post-conflict reconstruction drive, both the A5 and A15 roads have been widened for two-lane traffic.","Under the post-tsunami and post-conflict reconstruction drive, both the A5 and A15 roads have been widened for two-lane traffic.",news,1,0,0,0,0,0,0,0,0,0,0,0,0,0,0,0,0,0,0,0,1,0,0,0,0,0,0,0,1,0,1,0,0,0,1,0
1658,"The road, which was closed for vehicular movement between Jogiroad - Nagar (Km 208 - 274) on 25th July, 2004 has been reopened for vehicles upto 16.2 tonnes.","The road, which was closed for vehicular movement between Jogiroad - Nagar (Km 208 - 274) on 25th July, 2004 has been reopened for vehicles upto 16.2 tonnes.",news,1,0,0,0,0,0,0,0,0,0,0,0,0,0,0,0,0,0,0,0,1,0,0,0,0,0,0,0,0,0,0,0,0,0,0,0
1659,"Last month in Oslo, Indonesian President Susilo Bamabang Yudhoyono declared a two-year halt on new concessions on Indonesian peat land and rainforest.","Last month in Oslo, Indonesian President Susilo Bamabang Yudhoyono declared a two-year halt on new concessions on Indonesian peat land and rainforest.",news,1,0,0,0,0,0,0,0,0,0,0,0,0,0,0,0,0,0,0,0,0,0,0,0,0,0,0,0,0,0,0,0,0,0,0,0
1660,"The Department of Meteorology in Malawi has reported that the inter-tropical convergence zone (ITCZ), which brings most of the rains, is positioned over Southern Malawi.","The Department of Meteorology in Malawi has reported that the inter-tropical convergence zone (ITCZ), which brings most of the rains, is positioned over Southern Malawi.",news,1,0,0,0,0,0,0,0,0,0,0,0,0,0,0,0,0,0,0,0,0,0,0,0,0,0,0,0,1,0,1,0,0,0,0,0
1661,"In stark contrast to floodwaters whose flow was characterised by a raging stream of gushing water, the amount of flood relief aid only gets to the needy at a snail's pace.","In stark contrast to floodwaters whose flow was characterised by a raging stream of gushing water, the amount of flood relief aid only gets to the needy at a snail's pace.",news,1,0,0,0,0,0,0,0,0,0,0,0,0,0,0,0,0,0,0,0,0,0,0,0,0,0,0,0,1,1,0,0,0,0,0,0
1662,"(Addis Ababa, 3 May 2005): The number of confirmed dead and missing in Ethiopia continues to rise following the devastating floods that have submerged parts of Somali Region after the Wabe Shebelle river burst its banks overnight on 23 April.","(Addis Ababa, 3 May 2005): The number of confirmed dead and missing in Ethiopia continues to rise following the devastating floods that have submerged parts of Somali Region after the Wabe Shebelle river burst its banks overnight on 23 April.",news,1,0,0,1,0,0,0,0,0,0,0,0,0,0,0,1,0,1,0,0,0,0,0,0,0,0,0,0,1,1,0,0,0,0,0,0
1663,"According to the UN Food and Agricultural Organization (FAO), the 2006 harvest in Karamoja region was affected by drought, a severe attack of honeydew disease that crippled the staple sorghum crop, and falling livestock prices.","According to the UN Food and Agricultural Organization (FAO), the 2006 harvest in Karamoja region was affected by drought, a severe attack of honeydew disease that crippled the staple sorghum crop, and falling livestock prices.",news,1,0,0,1,0,0,0,0,0,0,0,1,0,0,0,0,0,0,0,0,0,0,0,0,0,0,0,0,1,0,0,0,0,0,1,0
1664,People are today awaiting the arrival of two psychologists and a social worker from SOS Children's Villages in Casablanca - they need 24 hours for the difficult journey to remote Imzouren.,People are today awaiting the arrival of two psychologists and a social worker from SOS Children's Villages in Casablanca - they need 24 hours for the difficult journey to remote Imzouren.,news,1,1,0,1,1,0,0,0,0,0,0,0,0,0,0,0,0,0,0,0,0,0,0,0,0,0,0,0,0,0,0,0,0,0,0,1
1665,"The narrow road between Kabul and the north winds through tunnels and steep mountain passes and is frequently buried by snow, blocking traffic for days.","The narrow road between Kabul and the north winds through tunnels and steep mountain passes and is frequently buried by snow, blocking traffic for days.",news,1,0,0,0,0,0,0,0,0,0,0,0,0,0,0,0,0,0,0,0,1,0,0,0,0,0,0,0,1,0,0,0,0,1,0,0
1666,Regional temperature and precipitation patterns,Regional temperature and precipitation patterns,news,1,0,0,0,0,0,0,0,0,0,0,0,0,0,0,0,0,0,0,0,0,0,0,0,0,0,0,0,1,0,1,0,0,0,0,0
1667,"OUAHIGOUYA, Burkina Faso, 10 September 2012 - A thin dusting of bright green shoots covers the sandy plains around Ouahigouya, in northwest Burkina Faso.","OUAHIGOUYA, Burkina Faso, 10 September 2012 - A thin dusting of bright green shoots covers the sandy plains around Ouahigouya, in northwest Burkina Faso.",news,1,0,0,0,0,0,0,0,0,0,0,0,0,0,0,0,0,0,0,0,0,0,0,0,0,0,0,0,0,0,0,0,0,0,0,0
1668,"These were buying firefighting and telecommunications equipment and a setting up a detection system, which would include spare parts and fuel for spotter planes and helicopters grounded due to lack of money.","These were buying firefighting and telecommunications equipment and a setting up a detection system, which would include spare parts and fuel for spotter planes and helicopters grounded due to lack of money.",news,1,0,0,0,0,0,0,0,0,0,0,0,0,0,0,0,0,0,0,0,0,0,0,0,0,0,0,0,0,0,0,0,0,0,0,0
1669,"In some areas of Vietnam hit by Damrey's 130-kph (80-mph) winds and 5-metre (16-foot) sea surges on Tuesday, thousands of people were being evacuated for a second time as rivers swelled and breached sea dykes still posed a danger.","In some areas of Vietnam hit by Damrey's 130-kph (80-mph) winds and 5-metre (16-foot) sea surges on Tuesday, thousands of people were being evacuated for a second time as rivers swelled and breached sea dykes still posed a danger.",news,1,0,0,0,0,0,0,0,0,0,0,0,0,0,0,0,0,0,0,0,0,0,0,0,0,0,0,0,1,1,1,0,0,0,0,0
1670,"PETR V. ILIICHEV (Russian Federation), while agreeing that destabilization could result from the Ebola epidemic in the countries affected, maintained that the lead role in the effort should be taken by the United Nations specialized agencies and the Assembly.","PETR V. ILIICHEV (Russian Federation), while agreeing that destabilization could result from the Ebola epidemic in the countries affected, maintained that the lead role in the effort should be taken by the United Nations specialized agencies and the Assembly.",news,1,0,0,0,0,0,0,0,0,0,0,0,0,0,0,0,0,0,0,0,0,0,0,0,0,0,0,0,0,0,0,0,0,0,0,0
1671,"**High rate of malnutrition** The monsoon floods, while potentially destructive, are a vital part of the country's rural economy.","**High rate of malnutrition** The monsoon floods, while potentially destructive, are a vital part of the country's rural economy.",news,1,0,0,0,0,0,0,0,0,0,0,0,0,0,0,0,0,0,0,0,0,0,0,0,0,0,0,0,1,1,0,0,0,0,0,0
1672,More than $11.5 million in gifts (received as of Feb. 7) will help to underwrite rebuilding programs in the region - but more can be done.,More than $11.5 million in gifts (received as of Feb. 7) will help to underwrite rebuilding programs in the region - but more can be done.,news,1,0,0,1,0,0,0,0,0,0,0,0,0,0,1,0,0,0,1,0,0,1,0,0,0,0,0,0,0,0,0,0,0,0,0,0
1673,"Overall the pastoral districts (Turkana, Moyale, Mandera, Wajir, Tana River, Marsabit, Garissa, Isiolo, Samburu, and Kajiado) are currently experiencing more acute food and water shortages than the marginal agricultural areas.","Overall the pastoral districts (Turkana, Moyale, Mandera, Wajir, Tana River, Marsabit, Garissa, Isiolo, Samburu, and Kajiado) are currently experiencing more acute food and water shortages than the marginal agricultural areas.",news,1,0,0,1,0,0,0,0,0,0,1,1,0,0,0,0,0,0,0,0,0,0,0,0,0,0,0,0,0,0,0,0,0,0,0,0
1674,He said Rwandan soldiers across the border in the Democratic Republic of the Congo (DRC) had confirmed the new eruption on the side of the volcano facing the Virunga National Park sheltering endangered mountain gorillas.,He said Rwandan soldiers across the border in the Democratic Republic of the Congo (DRC) had confirmed the new eruption on the side of the volcano facing the Virunga National Park sheltering endangered mountain gorillas.,news,1,0,0,1,0,0,0,0,1,0,0,0,0,0,0,0,0,0,0,0,0,0,0,0,0,0,0,0,1,0,0,0,0,0,1,0
1675,"That doesn't mean we can't also strive to broaden our donor base to ensure an adequate income in the longer term, but in the short term the gap between this year's approved budget and our projected income requires immediate attention.","That doesn't mean we can't also strive to broaden our donor base to ensure an adequate income in the longer term, but in the short term the gap between this year's approved budget and our projected income requires immediate attention.",news,0,0,0,0,0,0,0,0,0,0,0,0,0,0,0,0,0,0,0,0,0,0,0,0,0,0,0,0,0,0,0,0,0,0,0,0
1676,"Further north in Belg dependent areas in South Tigray, areas along the eastern escarpment bordering Afar Region, received two days of heavy rains in early March.","Further north in Belg dependent areas in South Tigray, areas along the eastern escarpment bordering Afar Region, received two days of heavy rains in early March.",news,1,0,0,0,0,0,0,0,0,0,0,0,0,0,0,0,0,0,0,0,0,0,0,0,0,0,0,0,1,0,1,0,0,0,0,0
1677,"In Mozambique, ADRA is collaborating with the Ministry of Health, non-profit partners, and faith-based groups to implement the Together Against Malaria (TAM) project worth $2.4 million that is expected to benefit more than 1.5 million people.","In Mozambique, ADRA is collaborating with the Ministry of Health, non-profit partners, and faith-based groups to implement the Together Against Malaria (TAM) project worth $2.4 million that is expected to benefit more than 1.5 million people.",news,1,0,0,1,1,0,0,0,0,0,0,0,0,0,0,0,0,0,0,0,0,0,0,0,0,0,0,0,0,0,0,0,0,0,0,0
1678,"In Thua Thien - Hue province, the Binh Dien and Huong Dien hydro-power plants discharged water in several consecutive days.","In Thua Thien - Hue province, the Binh Dien and Huong Dien hydro-power plants discharged water in several consecutive days.",news,1,0,0,0,0,0,0,0,0,0,0,0,0,0,0,0,0,0,0,0,0,0,0,0,0,0,0,0,0,0,0,0,0,0,0,0
1679,"The Brahmaputra had crossed the danger mark in 11 main channels, including the state capital Guwahati, inundating low-lying areas.","The Brahmaputra had crossed the danger mark in 11 main channels, including the state capital Guwahati, inundating low-lying areas.",news,1,0,0,0,0,0,0,0,0,0,0,0,0,0,0,0,0,0,0,0,0,0,0,0,0,0,0,0,1,1,0,0,0,0,0,0
1680,"However, on the transect walks an average of 20% was identified as suitable for consumption.","However, on the transect walks an average of 20% was identified as suitable for consumption.",news,0,0,0,0,0,0,0,0,0,0,0,0,0,0,0,0,0,0,0,0,0,0,0,0,0,0,0,0,0,0,0,0,0,0,0,0
1681,"New Delhi_(dpa) _ At least 24 people were killed as heavy monsoon rains lashed India's southern Andhra Pradesh state, officials said Wednesday.","New Delhi_(dpa) _ At least 24 people were killed as heavy monsoon rains lashed India's southern Andhra Pradesh state, officials said Wednesday.",news,1,0,0,1,0,0,0,0,0,0,0,0,0,0,0,0,0,1,0,0,0,0,0,0,0,0,0,0,1,0,1,0,0,0,0,0
1682,"Even where crop production prospects remain poor, the food security situation has improved since early April, as crops such as pumpkins and other seasonal crops become available.","Even where crop production prospects remain poor, the food security situation has improved since early April, as crops such as pumpkins and other seasonal crops become available.",news,1,0,0,0,0,0,0,0,0,0,0,0,0,0,0,0,0,0,0,0,0,0,0,0,0,0,0,0,0,0,0,0,0,0,0,0
1683,"Severe tidal surges, caused by a combination of unusually high sea levels and tropical depressions, have resulted in flooding that has left an estimated 25,000 to 30,000 people homeless, Mr McCully said.","Severe tidal surges, caused by a combination of unusually high sea levels and tropical depressions, have resulted in flooding that has left an estimated 25,000 to 30,000 people homeless, Mr McCully said.",news,1,0,0,0,0,0,0,0,0,0,0,0,0,0,0,0,0,0,0,0,0,1,0,0,0,0,0,0,1,1,0,0,0,0,0,0
1684,"Bad weather and heavy seas have hampered government efforts to reach the Mentawai islands, which stretch along Sumatra's west coast and is an eight-hour boat ride from the mainland.","Bad weather and heavy seas have hampered government efforts to reach the Mentawai islands, which stretch along Sumatra's west coast and is an eight-hour boat ride from the mainland.",news,1,0,0,0,0,0,0,0,0,0,0,0,0,0,0,0,0,0,0,0,0,0,0,0,0,0,0,0,1,0,1,0,0,0,1,0
1685,The handbook includes an explanation of techniques for constructing earthquake-resistant structures and information about what to do when a disaster strikes.,The handbook includes an explanation of techniques for constructing earthquake-resistant structures and information about what to do when a disaster strikes.,news,1,0,0,0,0,0,0,0,0,0,0,0,0,0,0,0,0,0,0,0,0,0,0,0,0,0,0,0,1,0,0,0,1,0,0,0
1686,Both tax-receipted and non tax-receipted donations are eligible to be counted toward the size of the Fund.,Both tax-receipted and non tax-receipted donations are eligible to be counted toward the size of the Fund.,news,0,0,0,0,0,0,0,0,0,0,0,0,0,0,0,0,0,0,0,0,0,0,0,0,0,0,0,0,0,0,0,0,0,0,0,0
1687,"In fact, over the last 50 years temperatures in the Arctic have risen more than twice as fast as the global average, melting ice and thawing permafrost.","In fact, over the last 50 years temperatures in the Arctic have risen more than twice as fast as the global average, melting ice and thawing permafrost.",news,1,0,0,0,0,0,0,0,0,0,0,0,0,0,0,0,0,0,0,0,0,0,0,0,0,0,0,0,1,0,0,0,0,0,1,0
1688,"Puyat, DA Secretary Proceso Alcala said that the act of China and APTERR is such a ""heart warmer and spirit lifter"" deeds to the victims who are now trying very hard to bring their lives to normal after being devastated by one of the strongest typhoons ever recorded that hit the Visayas Island of the Philippines.","Puyat, DA Secretary Proceso Alcala said that the act of China and APTERR is such a ""heart warmer and spirit lifter"" deeds to the victims who are now trying very hard to bring their lives to normal after being devastated by one of the strongest typhoons ever recorded that hit the Visayas Island of the Philippines.",news,1,0,0,0,0,0,0,0,0,0,0,0,0,0,0,0,0,0,0,0,0,0,0,0,0,0,0,0,1,0,1,0,0,0,1,0
1689,"A AN-32 Air craft took off from Palam at 7PM along with Additional Relief Commissioner with the team of 24 Doctors with medical equipment and medicine, engineers of DoT with SAT-Phones and IMD officials with seismographic equipment.","A AN-32 Air craft took off from Palam at 7PM along with Additional Relief Commissioner with the team of 24 Doctors with medical equipment and medicine, engineers of DoT with SAT-Phones and IMD officials with seismographic equipment.",news,1,0,0,1,1,1,0,0,0,0,0,0,0,0,0,0,0,0,0,0,0,0,0,0,0,0,0,0,0,0,0,0,0,0,0,0
1690,"The 5.8 magnitude aftershock was epicentred 40 km (25 miles) west-northwest of Guangyuan, the U.S. Geological Survey said.","The 5.8 magnitude aftershock was epicentred 40 km (25 miles) west-northwest of Guangyuan, the U.S. Geological Survey said.",news,1,0,0,0,0,0,0,0,0,0,0,0,0,0,0,0,0,0,0,0,0,0,0,0,0,0,0,0,1,0,0,0,1,0,0,0
1691,Additional earth movements of a serious magnitude are possible and humanitarian response activities are underway in DRC and Rwanda.,Additional earth movements of a serious magnitude are possible and humanitarian response activities are underway in DRC and Rwanda.,news,1,0,0,1,0,0,0,0,0,0,0,0,0,0,0,0,0,0,1,0,0,0,0,0,0,0,0,0,1,0,0,0,1,0,0,0
1692,Consideration must also be given to potential post-fire and drought impacts.,Consideration must also be given to potential post-fire and drought impacts.,news,1,0,0,0,0,0,0,0,0,0,0,0,0,0,0,0,0,0,0,0,0,0,0,0,0,0,0,0,1,0,0,1,0,0,0,0
1693,"The disease attacks organs such as the liver, spleen, and bone marrow, and depletes the immune system, leaving those infected vulnerable to serious infections.","The disease attacks organs such as the liver, spleen, and bone marrow, and depletes the immune system, leaving those infected vulnerable to serious infections.",news,1,0,0,0,0,0,0,0,0,0,0,0,0,0,0,0,0,0,0,0,0,0,0,0,0,0,0,0,0,0,0,0,0,0,0,0
1694,"KABUL, 10 March (IRIN) - Following the harshest winter Afghanistan has seen in a decade, the risk of flooding remains high in some parts of the country as temperatures improve and snows begin to melt in mountainous areas, according to aid organisations in the Afghan capital Kabul.","KABUL, 10 March (IRIN) - Following the harshest winter Afghanistan has seen in a decade, the risk of flooding remains high in some parts of the country as temperatures improve and snows begin to melt in mountainous areas, according to aid organisations in the Afghan capital Kabul.",news,1,0,0,0,0,0,0,0,0,0,0,0,0,0,0,0,0,0,0,0,0,0,0,0,0,0,0,0,1,1,0,0,0,0,0,0
1695,Canadians also showed tremendous generosity through online donations on Development and Peace's website.,Canadians also showed tremendous generosity through online donations on Development and Peace's website.,news,1,0,1,1,0,0,0,0,0,0,0,0,0,0,1,0,0,0,0,0,0,0,0,0,0,0,0,0,0,0,0,0,0,0,0,0
1696,"The research team, under the leadership of Saif M. Hussain of Coffman Engineers in Encino, California, includes experts in structural and geotechnical engineering and risk analysis.","The research team, under the leadership of Saif M. Hussain of Coffman Engineers in Encino, California, includes experts in structural and geotechnical engineering and risk analysis.",news,1,0,0,0,0,0,0,0,0,0,0,0,0,0,0,0,0,0,0,0,0,0,0,0,0,0,0,0,0,0,0,0,0,0,0,0
1697,"Due to the most extensive wildfires in Russia's recent history the president of the country has declared emergency situations in several regions, restricting the movement of people and economic activity.","Due to the most extensive wildfires in Russia's recent history the president of the country has declared emergency situations in several regions, restricting the movement of people and economic activity.",news,1,0,0,0,0,0,0,0,0,0,0,0,0,0,0,0,0,0,0,0,0,0,0,0,0,0,0,0,1,0,0,1,0,0,0,0
1698,"Monday, foreign military officials said up to 50 helicopters were in the skies and 100 boats deployed in swollen waterways.","Monday, foreign military officials said up to 50 helicopters were in the skies and 100 boats deployed in swollen waterways.",news,1,0,0,0,0,0,0,0,0,0,0,0,0,0,0,0,0,0,0,0,0,0,0,0,0,0,0,0,0,0,0,0,0,0,0,0
1699,"The services provided during each free medical clinic include the following: general surgery, internal medicine, pediatrics, gynecology, ophthalmology, dental, hare lips surgery, hernia, removal of tumors, cataract, and tearing of cornea, etc.","The services provided during each free medical clinic include the following: general surgery, internal medicine, pediatrics, gynecology, ophthalmology, dental, hare lips surgery, hernia, removal of tumors, cataract, and tearing of cornea, etc.",news,0,0,0,0,0,0,0,0,0,0,0,0,0,0,0,0,0,0,0,0,0,0,0,0,0,0,0,0,0,0,0,0,0,0,0,0
1700,"When Daily Monitor visited the district over the weekend, makeshift houses belonging to some of the 587 primary school teachers in the district had collapsed due to the soggy soils.","When Daily Monitor visited the district over the weekend, makeshift houses belonging to some of the 587 primary school teachers in the district had collapsed due to the soggy soils.",news,1,0,0,0,0,0,0,0,0,0,0,0,0,0,0,0,0,0,0,0,0,1,0,0,0,0,0,0,0,0,0,0,0,0,0,0
1701,"BEIJING, October 21 (AFP) - China is expecting a bumper corn harvest this year, having been spared the brunt of devastating flooding and with further declines in corn prices expected, the official media reported Wednesday.Higher temperatures also can fuel stronger storms.","BEIJING, October 21 (AFP) - China is expecting a bumper corn harvest this year, having been spared the brunt of devastating flooding and with further declines in corn prices expected, the official media reported Wednesday.Higher temperatures also can fuel stronger storms.",news,1,0,0,1,0,0,0,0,0,0,0,1,0,0,0,0,0,0,0,0,0,0,0,0,0,0,0,0,1,1,1,0,0,0,0,0
1702,Please also note that the travel schedule made prior to the trip was not adhered to because of the great influence of the climatic and topographic conditions.,Please also note that the travel schedule made prior to the trip was not adhered to because of the great influence of the climatic and topographic conditions.,news,1,0,0,0,0,0,0,0,0,0,0,0,0,0,0,0,0,0,0,0,0,0,0,0,0,0,0,0,0,0,0,0,0,0,0,0
1703,"Malawian geological experts say over 30 earthquakes have hit the uranium mining district of Karonga in the north of the country since December 6, killing four people, displacing over 4,000 people and destroying 1,11O houses.","Malawian geological experts say over 30 earthquakes have hit the uranium mining district of Karonga in the north of the country since December 6, killing four people, displacing over 4,000 people and destroying 1,11O houses.",news,1,0,0,1,0,0,0,0,0,0,0,0,0,0,0,0,1,1,0,0,0,1,0,0,0,0,0,0,1,0,0,0,1,0,0,0
1704,Fritz Institute is a non-profit organization dedicated to addressing complex operational challenges in the delivery of humanitarian aid to people and communities in need worldwide.,Fritz Institute is a non-profit organization dedicated to addressing complex operational challenges in the delivery of humanitarian aid to people and communities in need worldwide.,news,1,0,1,1,0,0,0,0,0,0,0,0,0,0,0,0,0,0,1,0,0,0,0,0,0,0,0,0,0,0,0,0,0,0,0,0
1705,"AFSC has found that the area of East Aceh on the northeast shore of Sumatra has received very little assistance, due to its isolation and nearness to the conflict zone, despite the fact the villages on the coast were heavily impacted by the tsunami.","AFSC has found that the area of East Aceh on the northeast shore of Sumatra has received very little assistance, due to its isolation and nearness to the conflict zone, despite the fact the villages on the coast were heavily impacted by the tsunami.",news,1,0,0,1,0,0,0,0,0,0,0,0,0,0,0,0,0,0,1,0,0,0,0,0,0,0,0,0,1,1,0,0,0,0,0,0
1706,A key aim of WFP operations is to provide community-based food assistance that helps people adapt to and mitigate climate change.,A key aim of WFP operations is to provide community-based food assistance that helps people adapt to and mitigate climate change.,news,1,0,0,1,0,0,0,0,0,0,0,1,0,0,0,0,0,0,0,0,0,0,0,0,0,0,0,0,0,0,0,0,0,0,0,0
1707,A Reuters reporter saw two bodies on a road near the smoldering arms depot.,A Reuters reporter saw two bodies on a road near the smoldering arms depot.,news,1,0,0,1,0,0,0,0,0,0,0,0,0,0,0,0,0,1,0,0,0,0,0,0,0,0,0,0,0,0,0,0,0,0,0,0
1708,"It is then possible to hypothesize that the huge plume is due to magma close to the surface, within the volcano structure that it is not yet appeared at the surface.","It is then possible to hypothesize that the huge plume is due to magma close to the surface, within the volcano structure that it is not yet appeared at the surface.",news,1,0,0,0,0,0,0,0,0,0,0,0,0,0,0,0,0,0,0,0,0,0,0,0,0,0,0,0,0,0,0,0,0,0,0,0
1709,"Another 10,000 people were displaced in Tripura with floodwaters washing away up to 50 villages.","Another 10,000 people were displaced in Tripura with floodwaters washing away up to 50 villages.",news,1,0,0,1,0,0,0,0,0,0,0,0,0,0,0,0,1,0,0,0,0,0,0,0,0,0,0,0,1,1,0,0,0,0,0,0
1710,In 2003 grain harvest in the Sahel reached 14 million metric tons (MT).,In 2003 grain harvest in the Sahel reached 14 million metric tons (MT).,news,0,0,0,0,0,0,0,0,0,0,0,0,0,0,0,0,0,0,0,0,0,0,0,0,0,0,0,0,0,0,0,0,0,0,0,0
1711,"UNDP and the MFA have agreed to set up a special bank account for a ""UN Emergency Relief Fund"" to be managed by the MFA Humanitarian Relief coordinator, through which at least the initial support from the UN agencies will be channeled.","UNDP and the MFA have agreed to set up a special bank account for a ""UN Emergency Relief Fund"" to be managed by the MFA Humanitarian Relief coordinator, through which at least the initial support from the UN agencies will be channeled.",news,1,0,0,0,0,0,0,0,0,0,0,0,0,0,0,0,0,0,0,0,0,0,0,0,0,0,0,0,0,0,0,0,0,0,0,0
1712,"In the neighbouring storm-hit state of Bihar, the local government has asked for federal assistance, saying 100,000 homes had been damaged or destroyed and 10,000 cattle killed.","In the neighbouring storm-hit state of Bihar, the local government has asked for federal assistance, saying 100,000 homes had been damaged or destroyed and 10,000 cattle killed.",news,1,0,0,0,0,0,0,0,0,0,0,0,0,0,0,0,0,0,0,0,0,1,0,0,0,0,0,0,1,0,1,0,0,0,0,0
1713,It uses a chimpanzee-derived adenovirus vector with an Ebola virus gene inserted.,It uses a chimpanzee-derived adenovirus vector with an Ebola virus gene inserted.,news,1,0,0,0,0,0,0,0,0,0,0,0,0,0,0,0,0,0,0,0,0,0,0,0,0,0,0,0,0,0,0,0,0,0,0,0
1714,PMI Magelang District Crisis Center reported that cold lava flood began to soak resident houses since last Sunday night (09/01/2011).,PMI Magelang District Crisis Center reported that cold lava flood began to soak resident houses since last Sunday night (09/01/2011).,news,1,0,0,0,0,0,0,0,0,0,0,0,0,0,0,0,0,0,0,0,0,0,0,0,0,0,0,0,1,1,0,0,0,0,1,0
1715,"If the global mercy mission has a sound, it is the earsplitting thwump of up to 90 choppers a day flying over the cracked roofs of the region, sending vibrations like new tremors through the rubble.","If the global mercy mission has a sound, it is the earsplitting thwump of up to 90 choppers a day flying over the cracked roofs of the region, sending vibrations like new tremors through the rubble.",news,1,0,0,0,0,0,0,0,0,0,0,0,0,0,0,0,0,0,0,0,0,1,0,0,0,0,0,0,1,0,0,0,1,0,0,0
1716,"Communities experienced significant crop losses, damage to productive assets and household NFIs (Non Food Items).","Communities experienced significant crop losses, damage to productive assets and household NFIs (Non Food Items).",news,1,0,0,0,0,0,0,0,0,0,0,0,0,0,0,0,0,0,0,0,0,0,0,0,0,0,0,0,0,0,0,0,0,0,0,0
1717,"In the area of water and sanitation, testing of water supplies indicate that recontamination of tubewells has not been as widespread as first feared.","In the area of water and sanitation, testing of water supplies indicate that recontamination of tubewells has not been as widespread as first feared.",news,1,0,0,1,0,0,0,0,0,0,1,0,0,0,0,0,0,0,0,0,0,0,0,0,0,0,0,0,0,0,0,0,0,0,0,0
1718,"This is in line with the overall explosion in crowdfunding globally, an industry that grew in value from $1.5 billion in 2011 to $16.2 billion in 2014, according to industry research firm Massolution, with a further doubling projected in 2015.","This is in line with the overall explosion in crowdfunding globally, an industry that grew in value from $1.5 billion in 2011 to $16.2 billion in 2014, according to industry research firm Massolution, with a further doubling projected in 2015.",news,0,0,0,0,0,0,0,0,0,0,0,0,0,0,0,0,0,0,0,0,0,0,0,0,0,0,0,0,0,0,0,0,0,0,0,0
1719,Coastal and delta regions in the Southeast Asian country are often hit by strong storms.,Coastal and delta regions in the Southeast Asian country are often hit by strong storms.,news,1,0,0,0,0,0,0,0,0,0,0,0,0,0,0,0,0,0,0,0,0,0,0,0,0,0,0,0,1,0,1,0,0,0,0,1
1720,The DEC East Africa Crisis Appeal will remain open until the end of the year but it is already one of the most generously supported in our history.,The DEC East Africa Crisis Appeal will remain open until the end of the year but it is already one of the most generously supported in our history.,news,0,0,0,0,0,0,0,0,0,0,0,0,0,0,0,0,0,0,0,0,0,0,0,0,0,0,0,0,0,0,0,0,0,0,0,0
1721,"Throughout Zimbabwe, reports suggest many farmers have been forced to stop planting tobacco, and export flower beds have been destroyed as invading communal farmers plant maize and other subsistence crops.","Throughout Zimbabwe, reports suggest many farmers have been forced to stop planting tobacco, and export flower beds have been destroyed as invading communal farmers plant maize and other subsistence crops.",news,1,0,0,0,0,0,0,0,0,0,0,0,0,0,0,0,0,0,0,0,0,0,0,0,0,0,0,0,0,0,0,0,0,0,0,0
1722,- $5 million to support efforts by the World Health Organization and the Government of Indonesia to minimize the risk of an avian influenza pandemic by detecting and limiting exposure to the virus.,- $5 million to support efforts by the World Health Organization and the Government of Indonesia to minimize the risk of an avian influenza pandemic by detecting and limiting exposure to the virus.,news,1,0,0,1,0,0,0,0,0,0,0,0,0,0,1,0,0,0,0,0,0,0,0,0,0,0,0,0,0,0,0,0,0,0,0,0
1723,"Hanoi (dpa) - A window of better weather has allowed central Vietnam's battered populace to begin tallying the damage wrought by the second disastrous flood to hit the region in as many months, officials and aid workers said on Wednesday.","Hanoi (dpa) - A window of better weather has allowed central Vietnam's battered populace to begin tallying the damage wrought by the second disastrous flood to hit the region in as many months, officials and aid workers said on Wednesday.",news,1,0,0,0,0,0,0,0,0,0,0,0,0,0,0,0,0,0,0,0,0,0,0,0,0,0,0,0,1,1,0,0,0,0,0,1
1724,SCMC is also a national training center for health professionals learning the most advanced techniques in pediatric medicine.,SCMC is also a national training center for health professionals learning the most advanced techniques in pediatric medicine.,news,0,0,0,0,0,0,0,0,0,0,0,0,0,0,0,0,0,0,0,0,0,0,0,0,0,0,0,0,0,0,0,0,0,0,0,0
1725,Two aircraft have been hired to spray pesticides in Mauritania and two others for Mali.,Two aircraft have been hired to spray pesticides in Mauritania and two others for Mali.,news,1,0,1,1,0,0,0,0,0,0,0,0,0,0,0,0,0,0,1,0,0,0,0,0,0,0,0,0,0,0,0,0,0,0,0,0
1726,"Speaking of the flood prevention plan, Director of the BMA's Department of Drainage and Sewerage Sanya Sheenimit said the authority had been cleaning waterways and fixing damaged water pumps stationed around Bangkok in preparation for the approaching rainy season.","Speaking of the flood prevention plan, Director of the BMA's Department of Drainage and Sewerage Sanya Sheenimit said the authority had been cleaning waterways and fixing damaged water pumps stationed around Bangkok in preparation for the approaching rainy season.",news,1,0,0,1,0,0,0,0,0,0,1,0,0,0,0,0,0,0,0,0,0,0,0,0,0,0,0,0,1,1,0,0,0,0,0,0
1727,"In this regard, the most significant pests were rats attacking stored stocks and planted seeds of all crops, stem borer in all stover crops; grasshoppers in the Northern and Central zones, and the ubiquitous presence of mealy bug in cassava.","In this regard, the most significant pests were rats attacking stored stocks and planted seeds of all crops, stem borer in all stover crops; grasshoppers in the Northern and Central zones, and the ubiquitous presence of mealy bug in cassava.",news,1,0,0,1,0,0,0,0,0,0,0,1,0,0,0,0,0,0,0,0,0,0,0,0,0,0,0,0,0,0,0,0,0,0,0,0
1728,HA also appealed to staff members to donate to a designated bank account to support the Mainland rescue and recovery operation.,HA also appealed to staff members to donate to a designated bank account to support the Mainland rescue and recovery operation.,news,1,0,0,1,0,0,0,0,0,0,0,0,0,0,1,0,0,0,0,0,0,0,0,0,0,0,0,0,0,0,0,0,0,0,0,0
1729,"As the advancement of southwest monsoon is not a steady phenomenon and takes place in spells, a second surge in the monsoon came towards middle of June with the strengthening of south-westerlies both over the Arabian Sea and the Bay of Bengal when the monsoon advanced into the northeast on 16 June with a delay of about 2 weeks.","As the advancement of southwest monsoon is not a steady phenomenon and takes place in spells, a second surge in the monsoon came towards middle of June with the strengthening of south-westerlies both over the Arabian Sea and the Bay of Bengal when the monsoon advanced into the northeast on 16 June with a delay of about 2 weeks.",news,1,0,0,0,0,0,0,0,0,0,0,0,0,0,0,0,0,0,0,0,0,0,0,0,0,0,0,0,1,0,1,0,0,0,0,0
1730,"Without sediment, the water looked clean, but no amount of diligence could get rid of its saltiness or the fluoride contamination which makes this water barely potable.","Without sediment, the water looked clean, but no amount of diligence could get rid of its saltiness or the fluoride contamination which makes this water barely potable.",news,1,0,0,1,0,0,0,0,0,0,1,0,0,0,0,0,0,0,0,0,0,0,0,0,0,0,0,0,0,0,0,0,0,0,0,1
1731,"As of 24 January, RCSC branches had collected over RMB 12,114,370 (CHF 2.2 million) in cash and kind for the national fund-raising campaign.","As of 24 January, RCSC branches had collected over RMB 12,114,370 (CHF 2.2 million) in cash and kind for the national fund-raising campaign.",news,1,0,0,0,0,0,0,0,0,0,0,0,0,0,0,0,0,0,0,0,0,0,0,0,0,0,0,0,0,0,0,0,0,0,0,0
1732,"WFP will provide support by: i) rehabilitating environmental and productive infrastructure to improve household food security and assist vulnerable groups in rural areas in coping with climate shocks; ii) providing nutritional support to children under 5 and pregnant and lactating women, as part of a programme to address acute malnutrition and offer nutritional education; and iii) supporting the provision of school feeding for children aged 3 to 12.","WFP will provide support by: i) rehabilitating environmental and productive infrastructure to improve household food security and assist vulnerable groups in rural areas in coping with climate shocks; ii) providing nutritional support to children under 5 and pregnant and lactating women, as part of a programme to address acute malnutrition and offer nutritional education; and iii) supporting the provision of school feeding for children aged 3 to 12.",news,1,0,1,1,1,1,0,0,0,0,0,1,0,0,0,0,0,0,0,0,1,0,0,0,0,0,0,0,1,1,0,0,0,0,0,1
1733,"The AIA has been particularly keen to encourage large-scale projects to generate employment for those facing severe economic hardship, responding to the reports from WFP and others which indicate high levels of vulnerability and asset depletion in large areas of the country.","The AIA has been particularly keen to encourage large-scale projects to generate employment for those facing severe economic hardship, responding to the reports from WFP and others which indicate high levels of vulnerability and asset depletion in large areas of the country.",news,1,0,0,0,0,0,0,0,0,0,0,0,0,0,0,0,0,0,0,0,0,0,0,0,0,0,0,0,0,0,0,0,0,0,0,0
1734,Area households are still being classified as extremely foodinsecure.,Area households are still being classified as extremely foodinsecure.,news,1,0,0,1,0,0,0,0,0,0,0,1,0,0,0,0,0,0,0,0,0,0,0,0,0,0,0,0,0,0,0,0,0,0,0,0
1735,"Russia deployed warplanes and helicopter gunships to blast apart ice floes in northern Siberia, which were trapping the meltwater and preventing the region's rivers from flowing.","Russia deployed warplanes and helicopter gunships to blast apart ice floes in northern Siberia, which were trapping the meltwater and preventing the region's rivers from flowing.",news,1,0,0,0,0,0,0,0,0,0,0,0,0,0,0,0,0,0,0,1,0,0,0,0,0,0,0,1,1,0,0,0,0,1,0,0
1736,CARE will provide assistance with the preparation of project proposals so that LDPs will be able to ensure continued welfare assistance to those most vulnerable beneficiaries after WFP phases out.,CARE will provide assistance with the preparation of project proposals so that LDPs will be able to ensure continued welfare assistance to those most vulnerable beneficiaries after WFP phases out.,news,1,0,1,1,0,0,0,0,0,0,0,0,0,0,0,0,0,0,1,0,0,0,0,0,0,0,0,0,0,0,0,0,0,0,0,0
1737,"Channel Three radio, quoting official sources, Thursday said 30 died in road accidents caused by the weather, and 14 of asphyxia because of poor heating devices.","Channel Three radio, quoting official sources, Thursday said 30 died in road accidents caused by the weather, and 14 of asphyxia because of poor heating devices.",news,1,0,0,1,0,0,0,0,0,0,0,0,0,0,0,0,0,1,0,0,0,0,0,0,0,0,0,0,1,0,0,0,0,0,1,0
1738,"It concentrated on two areas: firstly, the rehabilitation of local health, water and sanitation facilities affected by the flooding; and secondly, on increasing the future capacity of the most vulnerable communities nationwide through community-based first aid and disaster preparedness and response programmes, anchored in the development of stronger National Society branches and district and provincial organizational structures.","It concentrated on two areas: firstly, the rehabilitation of local health, water and sanitation facilities affected by the flooding; and secondly, on increasing the future capacity of the most vulnerable communities nationwide through community-based first aid and disaster preparedness and response programmes, anchored in the development of stronger National Society branches and district and provincial organizational structures.",news,1,0,1,1,1,0,0,0,0,0,0,0,0,0,0,0,0,0,0,0,0,0,0,0,0,0,0,0,1,1,0,0,0,0,0,0
1739,"JAKARTA, March 20 (Reuters) - A catastrophic mudflow that has swamped villages on Indonesia's Java island halted briefly for the first time in 10 months, raising hopes that efforts to plug the torrent are working at last, a scientist said on Tuesday.","JAKARTA, March 20 (Reuters) - A catastrophic mudflow that has swamped villages on Indonesia's Java island halted briefly for the first time in 10 months, raising hopes that efforts to plug the torrent are working at last, a scientist said on Tuesday.",news,1,0,0,0,0,0,0,0,0,0,0,0,0,0,0,0,0,0,0,0,0,0,0,0,0,0,0,0,1,1,0,0,0,0,1,0
1740,"These were the findings of a three-day interagency assessment mission to the affected areas at the end of August, the UN Office for the Coordination of Humanitarian Affairs (OCHA) reported.","These were the findings of a three-day interagency assessment mission to the affected areas at the end of August, the UN Office for the Coordination of Humanitarian Affairs (OCHA) reported.",news,1,0,0,0,0,0,0,0,0,0,0,0,0,0,0,0,0,0,0,0,0,0,0,0,0,0,0,0,0,0,0,0,0,0,0,0
1741,"A report from the International Network for Bamboo and Rattan (INBAR) says many factors could cause the death of bamboo at Qingmuchuan: the earthquake and changes in climate and soil; Rhizomys sinensis, the Chinese bamboo rat, had devoured the root systems and pushed the plant down from 1,300 meters to 1,000 meters; 30% of the bamboo groves on the shady slopes had been frozen by the heavy snow in 2008; and large areas of bamboo died unexplained deaths in Yindongzi and Maojialiang.","A report from the International Network for Bamboo and Rattan (INBAR) says many factors could cause the death of bamboo at Qingmuchuan: the earthquake and changes in climate and soil; Rhizomys sinensis, the Chinese bamboo rat, had devoured the root systems and pushed the plant down from 1,300 meters to 1,000 meters; 30% of the bamboo groves on the shady slopes had been frozen by the heavy snow in 2008; and large areas of bamboo died unexplained deaths in Yindongzi and Maojialiang.",news,1,0,0,0,0,0,0,0,0,0,0,0,0,0,0,0,0,0,0,0,0,0,0,0,0,0,0,0,1,0,0,0,1,0,0,0
1742,Cereal crops suffered from lack of rain during the vegetative growth stages and crop residues are being utilized as animal fodder.,Cereal crops suffered from lack of rain during the vegetative growth stages and crop residues are being utilized as animal fodder.,news,1,0,0,0,0,0,0,0,0,0,0,0,0,0,0,0,0,0,0,0,0,0,0,0,0,0,0,0,0,0,0,0,0,0,0,0
1743,"Early prospects are favorable for 2002/03 winter grains, with adequate winter precipitation recharging soil-moisture reserves.","Early prospects are favorable for 2002/03 winter grains, with adequate winter precipitation recharging soil-moisture reserves.",news,1,0,0,0,0,0,0,0,0,0,0,0,0,0,0,0,0,0,0,0,0,0,0,0,0,0,0,0,0,0,0,0,0,0,0,0
1744,'The muddy outflow is accompanied with lots of flotsam.,'The muddy outflow is accompanied with lots of flotsam.,news,1,0,0,0,0,0,0,0,0,0,0,0,0,0,0,0,0,0,0,0,0,0,0,0,0,0,0,0,0,0,0,0,0,0,0,0
1745,"But with the relief agencies gone and the international aid exhausted, there are concerns that chronic unemployment could undermine the peace process.","But with the relief agencies gone and the international aid exhausted, there are concerns that chronic unemployment could undermine the peace process.",news,1,0,0,0,0,0,0,0,0,0,0,0,0,0,0,0,0,0,0,0,0,0,0,0,0,0,0,0,0,0,0,0,0,0,0,0
1746,"According to cited scientists, 20 percent of the country's glaciers have retreated and up to 30 percent more are likely to retreat or disappear by 2050","According to cited scientists, 20 percent of the country's glaciers have retreated and up to 30 percent more are likely to retreat or disappear by 2050",news,0,0,0,0,0,0,0,0,0,0,0,0,0,0,0,0,0,0,0,0,0,0,0,0,0,0,0,0,0,0,0,0,0,0,0,0
1747,"Masturjono, the head of the survey team on earthquakes and tsunamis at the meteorology and geophysics office, put the tremors epicentre in the Indian Ocean about 149 kilometres northwest of Banda Aceh.","Masturjono, the head of the survey team on earthquakes and tsunamis at the meteorology and geophysics office, put the tremors epicentre in the Indian Ocean about 149 kilometres northwest of Banda Aceh.",news,1,0,0,0,0,0,0,0,0,0,0,0,0,0,0,0,0,0,0,0,0,0,0,0,0,0,0,0,1,0,0,0,1,0,0,0
1748,"""When did you last see a doctor?""","""When did you last see a doctor?""",news,1,0,0,0,0,0,0,0,0,0,0,0,0,0,0,0,0,0,0,0,0,0,0,0,0,0,0,0,0,0,0,0,0,0,0,0
1749,Further flooding in the town of Srednekolymsk on the Kolyma river and in other regions of the Republic is likely to occur during spring and summer as prolonged frosts have not allowed snow to melt slowly as usual.,Further flooding in the town of Srednekolymsk on the Kolyma river and in other regions of the Republic is likely to occur during spring and summer as prolonged frosts have not allowed snow to melt slowly as usual.,news,1,0,0,0,0,0,0,0,0,0,0,0,0,0,0,0,0,0,0,0,0,0,0,0,0,0,0,0,1,1,0,0,0,1,0,0
1750,"The sprawling archipelago of some 17,000 islands, which lies in the seismically-active ""Pacific Ring of Fire"", was hit by a devastating tsunami four years ago that left an estimated 170,000 people dead or missing in Aceh province.","The sprawling archipelago of some 17,000 islands, which lies in the seismically-active ""Pacific Ring of Fire"", was hit by a devastating tsunami four years ago that left an estimated 170,000 people dead or missing in Aceh province.",news,1,0,0,1,0,0,0,0,0,0,0,0,0,0,0,1,0,1,0,0,0,0,0,0,0,0,0,0,1,0,0,0,0,0,1,0
1751,We have provided $41 million so far out of that monies to support agencies providing relief on the ground and for humanitarian commodities.,We have provided $41 million so far out of that monies to support agencies providing relief on the ground and for humanitarian commodities.,news,1,0,1,1,0,0,0,0,0,0,0,0,0,0,1,0,0,0,0,0,0,0,0,0,0,0,0,0,0,0,0,0,0,0,0,0
1752,"The crater lake of Mt Kelud, for example, is thought to be a source of peace and prosperity by some living by its slopes.","The crater lake of Mt Kelud, for example, is thought to be a source of peace and prosperity by some living by its slopes.",news,0,0,0,0,0,0,0,0,0,0,0,0,0,0,0,0,0,0,0,0,0,0,0,0,0,0,0,0,0,0,0,0,0,0,0,0
1753,External Affairs Minister Sushma Swaraj attends International Donors Conclave for reconstruction of Nepal in Kathmandu and announces to give one billion us dollars to quake-hit Nepal for reconstruction.,External Affairs Minister Sushma Swaraj attends International Donors Conclave for reconstruction of Nepal in Kathmandu and announces to give one billion us dollars to quake-hit Nepal for reconstruction.,news,1,0,0,1,0,0,0,0,0,0,0,0,0,0,1,0,0,0,0,0,0,0,0,0,0,0,0,0,0,0,0,0,0,0,0,0
1754,"In coordination with the ICRC, the Somali Red Crescent spreads knowledge of the basic rules of international humanitarian law among various audiences in Somalia.","In coordination with the ICRC, the Somali Red Crescent spreads knowledge of the basic rules of international humanitarian law among various audiences in Somalia.",news,0,0,0,0,0,0,0,0,0,0,0,0,0,0,0,0,0,0,0,0,0,0,0,0,0,0,0,0,0,0,0,0,0,0,0,0
1755,Water still inundates thousands of houses in Bekasi and one of the universities in the city.,Water still inundates thousands of houses in Bekasi and one of the universities in the city.,news,1,0,0,0,0,0,0,0,0,0,0,0,0,0,0,0,0,0,0,0,0,0,0,0,0,0,0,0,1,1,0,0,0,0,0,0
1756,Both fires apparently started in the transition zones between woodland and cultivated areas.,Both fires apparently started in the transition zones between woodland and cultivated areas.,news,1,0,0,0,0,0,0,0,0,0,0,0,0,0,0,0,0,0,0,1,0,0,0,0,0,0,0,1,1,0,0,1,0,0,0,0
1757,"These people face a bleak winter either in winterized tents provided by the government, or in other locations assigned by local authorities such as disused factories.","These people face a bleak winter either in winterized tents provided by the government, or in other locations assigned by local authorities such as disused factories.",news,1,0,0,1,0,0,0,0,0,0,0,0,1,0,0,0,0,0,0,0,0,0,0,0,0,0,0,0,1,0,0,0,0,1,0,0
1758,"Also, a near 800mt-wide breach appeared in the seasonal rivulet - Somnadi - situated on the Haryana-Himachal Pradesh border near Dhanaura village of Yamunanagar.","Also, a near 800mt-wide breach appeared in the seasonal rivulet - Somnadi - situated on the Haryana-Himachal Pradesh border near Dhanaura village of Yamunanagar.",news,1,0,0,0,0,0,0,0,0,0,0,0,0,0,0,0,0,0,0,0,0,0,0,0,0,0,0,0,1,1,0,0,0,0,0,0
1759,"As we fly into the disaster area in the province of Aceh, I see devastation beyond comprehension; all the houses are destroyed, as if someone in blind fury had taken a gigantic broom and swept everything away.","As we fly into the disaster area in the province of Aceh, I see devastation beyond comprehension; all the houses are destroyed, as if someone in blind fury had taken a gigantic broom and swept everything away.",news,1,0,0,0,0,0,0,0,0,0,0,0,0,0,0,0,0,0,0,0,0,1,0,0,0,0,0,0,1,0,0,0,0,0,1,1
1760,"Of the 78 stations, 71 were using the seismic, six the hydroacoustic and one the infrasound technologies.","Of the 78 stations, 71 were using the seismic, six the hydroacoustic and one the infrasound technologies.",news,1,0,0,0,0,0,0,0,0,0,0,0,0,0,0,0,0,0,0,0,0,0,0,0,0,0,0,0,0,0,0,0,0,0,0,0
1761,"Another safe option, the naturally occurring fungus Metarhizium, is sprayed on locusts, invading them and killing them within one to two weeks.","Another safe option, the naturally occurring fungus Metarhizium, is sprayed on locusts, invading them and killing them within one to two weeks.",news,0,0,0,0,0,0,0,0,0,0,0,0,0,0,0,0,0,0,0,0,0,0,0,0,0,0,0,0,0,0,0,0,0,0,0,0
1762,Rainfall during the month of April and first weeks of May was much lighter than normal across northeastern Tanzania and extreme southeastern Kenya.,Rainfall during the month of April and first weeks of May was much lighter than normal across northeastern Tanzania and extreme southeastern Kenya.,news,1,0,0,1,1,0,0,0,0,0,0,0,0,0,0,0,0,0,0,0,1,0,0,0,0,0,0,0,1,1,1,0,0,0,0,0
1763,It also says the potential for monopolisation by wealthy farmers was high.,It also says the potential for monopolisation by wealthy farmers was high.,news,1,0,0,0,0,0,0,0,0,0,0,0,0,0,0,0,0,0,0,0,0,0,0,0,0,0,0,0,0,0,0,0,0,0,0,0
1764,"The world's fourth largest island is prone to frequent cyclones and tropical storms.While floods have eased in recent days, weather forecasters warn of further rain, and authorities in Vietnam report that water levels in the Mekong continue to rise.","The world's fourth largest island is prone to frequent cyclones and tropical storms.While floods have eased in recent days, weather forecasters warn of further rain, and authorities in Vietnam report that water levels in the Mekong continue to rise.",news,1,0,0,0,0,0,0,0,0,0,0,0,0,0,0,0,0,0,0,0,0,0,0,0,0,0,0,0,1,1,1,0,0,0,0,0
1765,* physical rehabilitation services: training of medical staff and creation of an orthopaedic centre in the Batticaloa hospital - south east of the country,* physical rehabilitation services: training of medical staff and creation of an orthopaedic centre in the Batticaloa hospital - south east of the country,news,1,0,0,0,0,0,0,0,0,0,0,0,0,0,0,0,0,0,0,0,0,0,0,0,0,0,0,0,0,0,0,0,0,0,0,0
1766,"Delta residents are used to living with floods which is usually beneficial because they bring fertile alluvium deposited across the region for agriculture and clean up the dirt, Nguyen Tri Zung of Challenge to Change, which works with communities facing threats from climate change, told AlertNet.","Delta residents are used to living with floods which is usually beneficial because they bring fertile alluvium deposited across the region for agriculture and clean up the dirt, Nguyen Tri Zung of Challenge to Change, which works with communities facing threats from climate change, told AlertNet.",news,1,0,0,0,0,0,0,0,0,0,0,0,0,0,0,0,0,0,0,0,0,0,0,0,0,0,0,0,1,1,0,0,0,0,0,0
1767,The new climate situation requires more disaster risk reduction investments in urban planning as unplanned urbanization is increasing flood impacts.,The new climate situation requires more disaster risk reduction investments in urban planning as unplanned urbanization is increasing flood impacts.,news,1,0,0,0,0,0,0,0,0,0,0,0,0,0,0,0,0,0,0,0,0,0,0,0,0,0,0,0,1,1,0,0,0,0,0,0
1768,"Meanwhile, Chinese Enterprises Association in Myanmar and two copper mining companies on Friday donated 40,000 U.S. dollars' worth of emergency relief aid including rice and oil to 4,617 households from 32 villages in Monywa, Sagaing Region.","Meanwhile, Chinese Enterprises Association in Myanmar and two copper mining companies on Friday donated 40,000 U.S. dollars' worth of emergency relief aid including rice and oil to 4,617 households from 32 villages in Monywa, Sagaing Region.",news,1,0,0,1,0,0,0,0,0,0,0,1,0,0,1,0,0,0,1,0,0,0,0,0,0,0,0,0,0,0,0,0,0,0,0,0
1769,Farmers in areas of northern Senegal lost most or all of their sorghum and maize crops when the locusts descended at the end of the rainy season.,Farmers in areas of northern Senegal lost most or all of their sorghum and maize crops when the locusts descended at the end of the rainy season.,news,1,0,0,0,0,0,0,0,0,0,0,0,0,0,0,0,0,0,0,0,0,0,0,0,0,0,0,0,1,0,1,0,0,0,0,0
1770,"Senior officials, including Vice President Hamzah Haz and Environment Minister Nabiel Makarim, have said rampant illegal logging in the neighbouring Gunung Leuser national park helped cause the disaster.","Senior officials, including Vice President Hamzah Haz and Environment Minister Nabiel Makarim, have said rampant illegal logging in the neighbouring Gunung Leuser national park helped cause the disaster.",news,1,0,0,0,0,0,0,0,0,0,0,0,0,0,0,0,0,0,0,0,0,0,0,0,0,0,0,0,1,0,0,0,0,0,1,0
1771,"KARACHI: Six people, including two children, died and several others were injured in rain-related incidents in Karachi on Saturday, with heavy showers, although of short durations, turning many of the roads slippery and dangerous for motorcyclists.","KARACHI: Six people, including two children, died and several others were injured in rain-related incidents in Karachi on Saturday, with heavy showers, although of short durations, turning many of the roads slippery and dangerous for motorcyclists.",news,1,0,0,1,1,0,0,0,0,0,0,0,0,0,0,0,0,1,0,0,1,0,0,0,0,0,0,0,1,0,1,0,0,0,0,0
1772,"The ""road"" is not tarmacked, and is cut off in parts by flash floods from a few days of rain, forcing our driver to make some clever detours into the scrubland.","The ""road"" is not tarmacked, and is cut off in parts by flash floods from a few days of rain, forcing our driver to make some clever detours into the scrubland.",news,1,0,0,0,0,0,0,0,0,0,0,0,0,0,0,0,0,0,0,0,1,0,0,0,0,0,0,0,1,1,1,0,0,0,0,1
1773,"The FNC, the state level entity in charge of the event, alongside other government and civil society organizations, takes the festival as an opportunity to raise awareness on the disadvantages of tree removal and to exchange and share information on various aspects of tree production in the region, often utilizing song and dance to promote positive action towards re-greening Sudan.","The FNC, the state level entity in charge of the event, alongside other government and civil society organizations, takes the festival as an opportunity to raise awareness on the disadvantages of tree removal and to exchange and share information on various aspects of tree production in the region, often utilizing song and dance to promote positive action towards re-greening Sudan.",news,0,0,0,0,0,0,0,0,0,0,0,0,0,0,0,0,0,0,0,0,0,0,0,0,0,0,0,0,0,0,0,0,0,0,0,0
1774,Today we supplied the village with 500 eucalypt (300) and pine seedlings (200) which will be used to plant around the village to restore their sawlogs and the surrounding village areas.,Today we supplied the village with 500 eucalypt (300) and pine seedlings (200) which will be used to plant around the village to restore their sawlogs and the surrounding village areas.,news,1,0,1,1,0,0,0,0,0,0,0,1,0,0,0,0,0,0,1,0,0,0,0,0,0,0,0,0,0,0,0,0,0,0,0,1
1775,"This semiarid region south of the Sahara Desert encompasses Niger, Mali, Mauritania, Burkina Faso and Chad  -  countries that struggle to produce enough food even in a good year.","This semiarid region south of the Sahara Desert encompasses Niger, Mali, Mauritania, Burkina Faso and Chad  -  countries that struggle to produce enough food even in a good year.",news,1,0,0,0,0,0,0,0,0,0,0,0,0,0,0,0,0,0,0,0,0,0,0,0,0,0,0,0,0,0,0,0,0,0,0,0
1776,"In the absence of a clean water supply, survivors are reportedly resorting to drinking contaminated water, raising the specter of outbreaks of gastro-enteritis, diarrhea, typhoid, hepatitis and insect borne diseases such as malaria.","In the absence of a clean water supply, survivors are reportedly resorting to drinking contaminated water, raising the specter of outbreaks of gastro-enteritis, diarrhea, typhoid, hepatitis and insect borne diseases such as malaria.",news,1,0,0,1,0,0,0,0,0,0,1,0,0,0,0,0,0,0,0,0,0,0,0,0,0,0,0,0,0,0,0,0,0,0,0,0
1777,"TEPCO had previously failed to confirm the ground water leakage, more than two years after the worst nuclear accident since Chernobyl in 1986.","TEPCO had previously failed to confirm the ground water leakage, more than two years after the worst nuclear accident since Chernobyl in 1986.",news,1,0,0,1,0,0,0,0,0,0,1,0,0,0,0,0,0,0,0,0,0,0,0,0,0,0,0,0,0,0,0,0,0,0,0,0
1778,"The disruption rippled across the region, causing a brief spike in food prices.","The disruption rippled across the region, causing a brief spike in food prices.",news,0,0,0,0,0,0,0,0,0,0,0,0,0,0,0,0,0,0,0,0,0,0,0,0,0,0,0,0,0,0,0,0,0,0,0,0
1779,"It was heading west at 15 kilometers per hour towards China, where at least 164 people were killed and 1,800 injured when Typhoon Rananim carved a trail of destruction through Zhejiang province earlier this month.","It was heading west at 15 kilometers per hour towards China, where at least 164 people were killed and 1,800 injured when Typhoon Rananim carved a trail of destruction through Zhejiang province earlier this month.",news,1,0,0,1,1,0,0,0,0,0,0,0,0,0,0,0,0,1,0,0,0,1,0,0,0,0,0,0,1,0,1,0,0,0,0,0
1780,"He said that his country, a relatively low-lying, densely populated island in the tropics, was also at risk from climate-change fallout and already suffered from a scarcity of water, challenges that made environmental planning necessary.","He said that his country, a relatively low-lying, densely populated island in the tropics, was also at risk from climate-change fallout and already suffered from a scarcity of water, challenges that made environmental planning necessary.",news,1,0,0,0,0,0,0,0,0,0,0,0,0,0,0,0,0,0,0,0,0,0,0,0,0,0,0,0,0,0,0,0,0,0,0,0
1781,"The exact casualty figures from the train wreck have never been confirmed, but at least 1,500 died when the eight carriages and locomotive were tossed around like matchboxes","The exact casualty figures from the train wreck have never been confirmed, but at least 1,500 died when the eight carriages and locomotive were tossed around like matchboxes",news,1,0,0,1,0,0,0,0,0,0,0,0,0,0,0,0,0,1,0,0,1,0,0,0,0,0,0,0,0,0,0,0,0,0,0,0
1782,"Sooriyabandara was treating the sick among more than 400 people who have been given temporary shelter in a school in Palawela from where an earthslip, that killed more than 30 people, could be seen.","Sooriyabandara was treating the sick among more than 400 people who have been given temporary shelter in a school in Palawela from where an earthslip, that killed more than 30 people, could be seen.",news,1,0,0,1,0,0,0,0,0,0,0,0,1,0,0,0,0,1,0,1,0,0,0,0,0,0,1,0,1,0,0,0,0,0,1,1
1783,The Japanese authorities have regulations in place relating to provisional regulatory limits of radioactivity in food and food monitoring is being implemented.,The Japanese authorities have regulations in place relating to provisional regulatory limits of radioactivity in food and food monitoring is being implemented.,news,1,0,0,0,0,0,0,0,0,0,0,0,0,0,0,0,0,0,0,0,0,0,0,0,0,0,0,0,0,0,0,0,0,0,0,0
1784,Their villages and farms on the frontline of the Afghan civil war were pillaged and destroyed by the Taliban and much of the once fertile and prosperous Shomali plain reduced to a barren wasteland.,Their villages and farms on the frontline of the Afghan civil war were pillaged and destroyed by the Taliban and much of the once fertile and prosperous Shomali plain reduced to a barren wasteland.,news,1,0,0,1,0,0,0,0,1,0,0,0,0,0,0,0,0,0,0,0,0,0,0,0,0,0,0,0,0,0,0,0,0,0,0,0
1785,"The network warns that crop losses in Kenya's grain-basket due to the crisis, coupled with poor short rains production in the southern and coastal lowlands, could wipe out the expected national surplus unless the situation quickly stabilizes.","The network warns that crop losses in Kenya's grain-basket due to the crisis, coupled with poor short rains production in the southern and coastal lowlands, could wipe out the expected national surplus unless the situation quickly stabilizes.",news,1,0,0,1,0,0,0,0,0,0,0,1,0,0,0,0,0,0,0,0,0,0,0,0,0,0,0,0,1,0,1,0,0,0,1,0
1786,"In Ph Yn Province, at 01 PM yesterday, 200m3 of soil and rock slid down onto the North-South railway route at the C?","In Ph Yn Province, at 01 PM yesterday, 200m3 of soil and rock slid down onto the North-South railway route at the C?",news,1,0,0,0,0,0,0,0,0,0,0,0,0,0,0,0,0,0,0,0,0,0,0,0,0,0,0,0,0,0,0,0,0,0,0,0
1787,Authorities are now assessing damage and assisting the locals.,Authorities are now assessing damage and assisting the locals.,news,1,0,0,1,0,0,0,0,0,0,0,0,0,0,0,0,0,0,1,0,0,0,0,0,0,0,0,0,0,0,0,0,0,0,0,0
1788,"In 123 blocks (sub-districts) of the state, crop damage is reported to be 100 per cent, affecting a population of more than four million.","In 123 blocks (sub-districts) of the state, crop damage is reported to be 100 per cent, affecting a population of more than four million.",news,1,0,0,1,0,0,0,0,0,0,0,1,0,0,0,0,0,0,0,0,0,0,0,0,0,0,0,0,0,0,0,0,0,0,0,0
1789,"Impending winter, with the first snows routinely falling by November, would make the area completely inaccessible, and of course make survival all the more difficult for quake victims who have no shelter, no warm clothing and no blankets.","Impending winter, with the first snows routinely falling by November, would make the area completely inaccessible, and of course make survival all the more difficult for quake victims who have no shelter, no warm clothing and no blankets.",news,1,1,0,1,0,0,0,0,0,0,0,0,1,1,0,0,0,0,0,0,0,0,0,0,0,0,0,0,1,0,0,0,1,1,0,0
1790,Total extinguishment is expected only with the arrival of the seasonal rains.,Total extinguishment is expected only with the arrival of the seasonal rains.,news,1,0,0,0,0,0,0,0,0,0,0,0,0,0,0,0,0,0,0,0,0,0,0,0,0,0,0,0,1,0,1,0,0,0,0,0
1791,Many perish at sea when their boats capsize.,Many perish at sea when their boats capsize.,news,1,0,0,1,0,0,0,0,0,0,0,0,0,0,0,0,0,1,0,0,0,0,0,0,0,0,0,0,0,0,0,0,0,0,0,0
1792,"We are getting bad floods, landslides, storms and frequent lightning bolts therefore, need to have disasters officers in these areas in case disaster strikes, Ecweru told World Bank representatives, disaster specialists, MPs resident district commissioners and disaster management officers.","We are getting bad floods, landslides, storms and frequent lightning bolts therefore, need to have disasters officers in these areas in case disaster strikes, Ecweru told World Bank representatives, disaster specialists, MPs resident district commissioners and disaster management officers.",news,1,1,0,1,0,0,0,0,0,0,0,0,0,0,0,0,0,0,1,0,0,0,0,0,0,0,0,0,1,1,1,0,0,0,0,1
1793,"During his visit, the Secretary of State also announced ¬¨¬£30 million for the Climate and Life programme, aimed at enhancing the Government of Bangladesh's ability to prepare and adapt for the impacts of climate change.","During his visit, the Secretary of State also announced ¬¨¬£30 million for the Climate and Life programme, aimed at enhancing the Government of Bangladesh's ability to prepare and adapt for the impacts of climate change.",news,1,0,0,1,0,0,0,0,0,0,0,0,0,0,1,0,0,0,0,0,0,0,0,0,0,0,0,0,1,0,0,0,0,0,1,0
1794,As per the IMD forecast a cyclonic circulation lies over Sub-Himalayan West Bengal & neighbouring gangetic plains and northeastern states.,As per the IMD forecast a cyclonic circulation lies over Sub-Himalayan West Bengal & neighbouring gangetic plains and northeastern states.,news,1,0,0,0,0,0,0,0,0,0,0,0,0,0,0,0,0,0,0,0,0,0,0,0,0,0,0,0,1,0,1,0,0,0,0,0
1795,"Throughout the earthquake-stricken region, families are still sleeping out in the open, too concerned about aftershocks to return to their cracked and damaged homes in case another jolt should bring the thick mud walls and wooden roof beams crashing down.","Throughout the earthquake-stricken region, families are still sleeping out in the open, too concerned about aftershocks to return to their cracked and damaged homes in case another jolt should bring the thick mud walls and wooden roof beams crashing down.",news,1,0,0,1,0,0,0,0,0,0,0,0,1,0,0,0,0,0,0,0,0,1,0,0,0,0,0,0,1,0,0,0,1,0,0,0
1796,"There are a total of 37 deaths, mostly those working in the harbor, fishermen and sand miners.","There are a total of 37 deaths, mostly those working in the harbor, fishermen and sand miners.",news,1,0,0,1,0,0,0,0,0,0,0,0,0,0,0,0,0,1,0,0,0,0,0,0,0,0,0,0,0,0,0,0,0,0,0,0
1797,"It is reported that some roads in the hardest-hit areas have been swept away, preventing emergency services personnel from providing rescue and relief.","It is reported that some roads in the hardest-hit areas have been swept away, preventing emergency services personnel from providing rescue and relief.",news,1,0,1,0,0,0,0,0,0,0,0,0,0,0,0,0,0,0,0,0,1,0,0,0,0,0,0,0,0,0,0,0,0,0,0,0
1798,"BANGKOK, 10 October 2011 (NNT)-Thammasart University has opened more space to shelter flood victims as more of them are arriving to Rangsit campus to seek temporary refuge while floods continue to wreak havoc.","BANGKOK, 10 October 2011 (NNT)-Thammasart University has opened more space to shelter flood victims as more of them are arriving to Rangsit campus to seek temporary refuge while floods continue to wreak havoc.",news,1,0,0,1,0,0,0,0,0,0,0,0,1,0,0,0,0,0,0,1,0,0,0,0,0,0,1,0,1,1,0,0,0,0,0,0
1799,"She said the agency feared that there will outbreaks of dysentery, diarrhoea, malaria, and bilharzia, in an area where children have been swimming in the floodwaters amidst human and animal waste.","She said the agency feared that there will outbreaks of dysentery, diarrhoea, malaria, and bilharzia, in an area where children have been swimming in the floodwaters amidst human and animal waste.",news,1,0,0,1,1,0,0,0,0,0,0,0,0,0,0,0,0,0,0,0,0,0,0,0,0,0,0,0,1,1,0,0,0,0,0,0
1800,"Other components of the same law including the provision of basic amenities to the shanty towns, including sanitation, power, gas, sewage lines and drinking water, remain unenforced.","Other components of the same law including the provision of basic amenities to the shanty towns, including sanitation, power, gas, sewage lines and drinking water, remain unenforced.",news,1,0,0,0,0,0,0,0,0,0,0,0,0,0,0,0,0,0,0,0,0,0,0,0,0,0,0,0,0,0,0,0,0,0,0,0
1801,"The quake totally destroyed the Nias airstrip, compromised two vital bridges connecting Gunungsitoli and outlying areas, triggered fires that burned the two biggest markets in Sitoli, and downed power and telephone lines.","The quake totally destroyed the Nias airstrip, compromised two vital bridges connecting Gunungsitoli and outlying areas, triggered fires that burned the two biggest markets in Sitoli, and downed power and telephone lines.",news,1,0,0,0,0,0,0,0,0,0,0,0,0,0,0,0,0,0,0,1,1,1,1,0,0,1,0,0,1,0,0,0,1,0,0,0
1802,Rice fields are small areas of private land so it is difficult for big excavation machinery to access the fields.,Rice fields are small areas of private land so it is difficult for big excavation machinery to access the fields.,news,1,0,0,0,0,0,0,0,0,0,0,0,0,0,0,0,0,0,0,0,0,0,0,0,0,0,0,0,0,0,0,0,0,0,0,0
1803,"In this year's plague, the worst on record for Mauritania since 1988, locusts have been unwelcome passengers in countless vehicles, many of which get overheated and break down owing to the number of the insects who get stuck in their radiators.","In this year's plague, the worst on record for Mauritania since 1988, locusts have been unwelcome passengers in countless vehicles, many of which get overheated and break down owing to the number of the insects who get stuck in their radiators.",news,1,0,0,0,0,0,0,0,0,0,0,0,0,0,0,0,0,0,0,0,0,0,0,0,0,0,0,0,0,0,0,0,0,0,0,0
1804,The government has been evacuating patients to more distant cities to relieve overcrowding.,The government has been evacuating patients to more distant cities to relieve overcrowding.,news,1,0,0,0,0,0,0,0,0,0,0,0,0,0,0,0,0,0,0,0,0,0,0,0,0,0,0,0,0,0,0,0,0,0,0,0
1805,"This assistance, valued at $200.7 million, was targeted at the most vulnerable groups totaling some nine million people, including those affected by natural disaster, conflict, returned refugees and internally displaced peoples.","This assistance, valued at $200.7 million, was targeted at the most vulnerable groups totaling some nine million people, including those affected by natural disaster, conflict, returned refugees and internally displaced peoples.",news,1,0,1,1,0,0,0,0,0,0,0,0,0,0,1,0,0,0,0,0,0,0,0,0,0,0,0,0,0,0,0,0,0,0,0,0
1806,"A critical shortage of latrines and access to clean water in some camps is contributing to squalid conditions with some residents using the polluted river water for washing, cleaning and cooking.","A critical shortage of latrines and access to clean water in some camps is contributing to squalid conditions with some residents using the polluted river water for washing, cleaning and cooking.",news,1,0,0,1,0,1,0,0,0,0,1,0,0,0,0,0,0,0,0,0,0,0,0,0,0,0,0,0,0,0,0,0,0,0,0,0
1807,"These activities include tailoring, bicycle and van repair, dairy farming, and vegetable gardening.","These activities include tailoring, bicycle and van repair, dairy farming, and vegetable gardening.",news,0,0,0,0,0,0,0,0,0,0,0,0,0,0,0,0,0,0,0,0,0,0,0,0,0,0,0,0,0,0,0,0,0,0,0,0
1808,"As many as two units of water tank trucks with a capacity of 8000 liters have been dispatched directly from the PMI NHQ in Jakarta on Tuesday (28/12,) and it is targeted to arrive at this evening (29/12) in Probolinggo. The risk factor vis-a-vis the spread of lethal disease increases when a large number of children are stuffed in the crowded atmosphere of the camps and we see no government action to provide them with adequate healthcare facilities,"" says former head of the Pakistan Medical Association, Shershah Syed.","As many as two units of water tank trucks with a capacity of 8000 liters have been dispatched directly from the PMI NHQ in Jakarta on Tuesday (28/12,) and it is targeted to arrive at this evening (29/12) in Probolinggo. The risk factor vis-a-vis the spread of lethal disease increases when a large number of children are stuffed in the crowded atmosphere of the camps and we see no government action to provide them with adequate healthcare facilities,"" says former head of the Pakistan Medical Association, Shershah Syed.",news,1,0,0,1,1,0,0,0,0,0,1,0,0,0,0,0,0,0,0,0,0,0,0,0,0,0,0,0,0,0,0,0,0,0,0,1
1809,Works were executed on several tailings and waste dumps to address the most serious safety issues.,Works were executed on several tailings and waste dumps to address the most serious safety issues.,news,0,0,0,0,0,0,0,0,0,0,0,0,0,0,0,0,0,0,0,0,0,0,0,0,0,0,0,0,0,0,0,0,0,0,0,0
1810,"The gunmen arrived around 7:30 pm (1830 GMT), firing guns and shouting 'Allahu Akbar!'. Fartun notes, ""I am grateful to International Medical Corps that I received the personal hygiene items for free which will enable me and my family to have good personal hygiene."". Now the few water tanks used to collect rainwater have been destroyed. The cross-border movement of the human remains of deceased suspect, probable or confirmed EVD cases should be prohibited unless specifically authorized on a case-by-case basis by relevant national authorities of both the exporting and receiving country. Flooding is an annual occurrence in Thailand, most of which lies in the drainage basin of the Chao Phraya River flowing from the confluence of the Ping and Nan rivers in the north. With the Ministry of Rural Rehabilitation and Development as the major counterpart, the WES programme aims, to construct or rehabilitate handpumps, dug wells, boreholes, latrines, piped water systems, and sanitation systems. International aid agencies on the ground hope this will go towards constructing wells and latrines to deal with the underlying causes of the outbreak. Across the board, households are spending a higher proportion of their limited incomes on their food needs; they are consuming smaller quantities, less frequently; and they are eating cheaper and in many (but by no means all) cases, less nutritious foods. The assets and logistical capability provided by military forces after the tsunami were essential in ensuring humanitarian supplies were delivered swiftly. Other specialists are working to clean up polluted wells in the Meulaboh region. Sukamto said the haze could lead to lung infections and pneumonia that sometimes can become fatal. The Southern part of Madagascar is subject to cyclical drought. As well, just this morning, Pepsico hosted a breakfast symposium on undernutrition with leading experts from the Gates Foundation, Save the Children, GAIN and Valid International, all sitting along side Pepsi reseachers and discussing new approaches to address global child undernutrition. His appeal to donors making generous pledges was for them to earmark the monies, such as to the regional component, or to Indonesia, Somalia and so forth. In addition, a secondary school for 132 pupils, a post office, club, library, medical center, substation have been built. A massive rescue operation is under way,"" Dass added, as hundreds of paramilitary troopers were rushed to the disaster site in Sumgarh town, some 450 kilometres (279 miles) from state capital of Dehradun.","The gunmen arrived around 7:30 pm (1830 GMT), firing guns and shouting 'Allahu Akbar!'. Fartun notes, ""I am grateful to International Medical Corps that I received the personal hygiene items for free which will enable me and my family to have good personal hygiene."". Now the few water tanks used to collect rainwater have been destroyed. The cross-border movement of the human remains of deceased suspect, probable or confirmed EVD cases should be prohibited unless specifically authorized on a case-by-case basis by relevant national authorities of both the exporting and receiving country. Flooding is an annual occurrence in Thailand, most of which lies in the drainage basin of the Chao Phraya River flowing from the confluence of the Ping and Nan rivers in the north. With the Ministry of Rural Rehabilitation and Development as the major counterpart, the WES programme aims, to construct or rehabilitate handpumps, dug wells, boreholes, latrines, piped water systems, and sanitation systems. International aid agencies on the ground hope this will go towards constructing wells and latrines to deal with the underlying causes of the outbreak. Across the board, households are spending a higher proportion of their limited incomes on their food needs; they are consuming smaller quantities, less frequently; and they are eating cheaper and in many (but by no means all) cases, less nutritious foods. The assets and logistical capability provided by military forces after the tsunami were essential in ensuring humanitarian supplies were delivered swiftly. Other specialists are working to clean up polluted wells in the Meulaboh region. Sukamto said the haze could lead to lung infections and pneumonia that sometimes can become fatal. The Southern part of Madagascar is subject to cyclical drought. As well, just this morning, Pepsico hosted a breakfast symposium on undernutrition with leading experts from the Gates Foundation, Save the Children, GAIN and Valid International, all sitting along side Pepsi reseachers and discussing new approaches to address global child undernutrition. His appeal to donors making generous pledges was for them to earmark the monies, such as to the regional component, or to Indonesia, Somalia and so forth. In addition, a secondary school for 132 pupils, a post office, club, library, medical center, substation have been built. A massive rescue operation is under way,"" Dass added, as hundreds of paramilitary troopers were rushed to the disaster site in Sumgarh town, some 450 kilometres (279 miles) from state capital of Dehradun.",news,1,1,0,1,0,1,0,0,0,0,1,1,1,0,0,0,0,1,0,0,0,0,0,0,0,0,0,0,1,1,1,0,0,0,0,1
1811,"WHO and health partners are preparing funding proposals for donors focusing on health assessments, disease surveillance, coordination, logistic support, gap filling, heath systems strengthening and capacity building.","WHO and health partners are preparing funding proposals for donors focusing on health assessments, disease surveillance, coordination, logistic support, gap filling, heath systems strengthening and capacity building.",news,1,1,0,1,1,0,0,0,0,0,0,0,0,0,0,0,0,0,0,0,1,0,0,0,0,0,0,0,1,1,0,0,0,0,0,1
1812,"In Herat, WHO has received reports from Shor Village of Gulran District that claimed that 16 persons have so far died due to an undiagnosed disease.","In Herat, WHO has received reports from Shor Village of Gulran District that claimed that 16 persons have so far died due to an undiagnosed disease.",news,1,0,0,1,1,0,0,0,0,0,0,0,0,0,0,0,0,1,0,0,0,0,0,0,0,0,0,0,0,0,0,0,0,0,0,0
1813,The WHO spokesman said drugs and equipment were brought by inflatable dinghies across the Amu river between Tajikistan and Afghanistan.,The WHO spokesman said drugs and equipment were brought by inflatable dinghies across the Amu river between Tajikistan and Afghanistan.,news,1,0,0,1,0,1,0,0,0,0,0,0,0,0,0,0,0,0,0,0,0,0,0,0,0,0,0,0,0,0,0,0,0,0,0,0
1814,In the nearby French military camp soldiers from the anti-jihadist Operation Barkhane were woken by a siren which sent them scurrying to their dug-outs until the alert was lifted an hour later.,In the nearby French military camp soldiers from the anti-jihadist Operation Barkhane were woken by a siren which sent them scurrying to their dug-outs until the alert was lifted an hour later.,news,1,0,0,1,0,0,0,0,1,0,0,0,0,0,0,0,0,0,0,0,0,0,0,0,0,0,0,0,0,0,0,0,0,0,0,0
1815,"- UNFPA, WHO and UNICEF are building over 100 prefabricated structures to replace BHUs before winter with UNOPS.KARACHI: The sixth round of the one-day special polio campaigns on Sundays in 24 'sensitive' neighbourhoods of","- UNFPA, WHO and UNICEF are building over 100 prefabricated structures to replace BHUs before winter with UNOPS.KARACHI: The sixth round of the one-day special polio campaigns on Sundays in 24 'sensitive' neighbourhoods of",news,1,0,1,1,0,0,0,0,0,0,0,0,1,0,0,0,0,0,0,0,0,0,0,0,0,0,0,0,0,0,0,0,0,0,0,0
1816,"""This assumption was accepted by nuclear plant operators and was not challenged by regulators or by the government,"" he said.","""This assumption was accepted by nuclear plant operators and was not challenged by regulators or by the government,"" he said.",news,0,0,0,0,0,0,0,0,0,0,0,0,0,0,0,0,0,0,0,0,0,0,0,0,0,0,0,0,0,0,0,0,0,0,0,0
1817,"Hundreds of people have been evacuated, most of them from the Masirah Island, an Oman civil defence department spokesman said, adding that some of the evacuees had been taken to Muscat.","Hundreds of people have been evacuated, most of them from the Masirah Island, an Oman civil defence department spokesman said, adding that some of the evacuees had been taken to Muscat.",news,1,0,0,1,0,0,0,0,0,0,0,0,0,0,0,0,1,0,0,0,0,0,0,0,0,0,0,0,0,0,0,0,0,0,0,0
1818,Sri Lanka benefited from a generous outpouring of international support for its tsunami relief effort.,Sri Lanka benefited from a generous outpouring of international support for its tsunami relief effort.,news,1,0,0,0,0,0,0,0,0,0,0,0,0,0,0,0,0,0,0,0,0,0,0,0,0,0,0,0,1,1,0,0,0,0,1,0
1819,The UN Development Programme (UNDP) convened a conference at which all the political parties contesting the election agreed to meet immediately after the election results are announced.,The UN Development Programme (UNDP) convened a conference at which all the political parties contesting the election agreed to meet immediately after the election results are announced.,news,0,0,0,0,0,0,0,0,0,0,0,0,0,0,0,0,0,0,0,0,0,0,0,0,0,0,0,0,0,0,0,0,0,0,0,0
1820,"Of the four existing malaria parasites, Plasmodium falciparum is by far the most dangerous, particularly to the undernourished, weak or very young.","Of the four existing malaria parasites, Plasmodium falciparum is by far the most dangerous, particularly to the undernourished, weak or very young.",news,0,0,0,0,0,0,0,0,0,0,0,0,0,0,0,0,0,0,0,0,0,0,0,0,0,0,0,0,0,0,0,0,0,0,0,0
1821,"It therefore urged the ECOWAS Commission to continue on-going discussions with the African Union and the UN on the selection of the command of the force for which the UN is believed to have approached 11 countries to nominate candidates to head the force, including from outside the region.","It therefore urged the ECOWAS Commission to continue on-going discussions with the African Union and the UN on the selection of the command of the force for which the UN is believed to have approached 11 countries to nominate candidates to head the force, including from outside the region.",news,1,0,0,0,0,0,0,0,0,0,0,0,0,0,0,0,0,0,0,0,0,0,0,0,0,0,0,0,0,0,0,0,0,0,0,0
1822,"The winds tore down trees and power lines, while the accompanying storm surge submerged countless villages.","The winds tore down trees and power lines, while the accompanying storm surge submerged countless villages.",news,1,0,0,0,0,0,0,0,0,0,0,0,0,0,0,0,0,0,0,0,0,1,1,0,0,0,0,0,1,0,1,0,0,0,0,0
1823,In December 1997 several murders of law enforcement officials in the Namangan region of Uzbekistan sparked a wave of mass detentions and arrests of devout Muslims.,In December 1997 several murders of law enforcement officials in the Namangan region of Uzbekistan sparked a wave of mass detentions and arrests of devout Muslims.,news,1,0,0,1,0,0,0,0,0,0,0,0,0,0,0,0,0,1,0,0,0,0,0,0,0,0,0,0,0,0,0,0,0,0,0,0
1824,"Malian authorities should develop procedures, with the assistance of international forces, to ensure that everyone taken into custody during military operations is treated humanely, is promptly brought before a judicial authority to ensure the legality of their detention, and is able to contact their families.","Malian authorities should develop procedures, with the assistance of international forces, to ensure that everyone taken into custody during military operations is treated humanely, is promptly brought before a judicial authority to ensure the legality of their detention, and is able to contact their families.",news,1,0,0,1,0,0,0,0,1,0,0,0,0,0,0,0,0,0,0,0,0,0,0,0,0,0,0,0,0,0,0,0,0,0,0,0
1825,"2nd stage: Greece was the first country to send a hired aircraft - from Olympic Airlines - to Phuket to pick up the first wave of stranded tourists, Finally, and as a result of the continuous collaboration with the European Union and the member states in the special flight besides the Greek and Cypriot citizens were also boarded other citizens from the EU members.Evacuation: Concern will facilitate the voluntary evacuation of households that are found to be in need.","2nd stage: Greece was the first country to send a hired aircraft - from Olympic Airlines - to Phuket to pick up the first wave of stranded tourists, Finally, and as a result of the continuous collaboration with the European Union and the member states in the special flight besides the Greek and Cypriot citizens were also boarded other citizens from the EU members.Evacuation: Concern will facilitate the voluntary evacuation of households that are found to be in need.",news,1,0,0,1,0,0,1,0,0,0,0,0,0,0,0,0,1,0,0,0,0,0,0,0,0,0,0,0,0,0,0,0,0,0,0,0
1826,The pipe water supply is not working and they have to depend on borewell.,The pipe water supply is not working and they have to depend on borewell.,news,1,1,0,1,0,0,0,0,0,0,1,0,0,0,0,0,0,0,0,0,0,0,0,0,0,0,0,0,0,0,0,0,0,0,0,0
1827,Criminal proceedings against seven members of the banned religious extremist party of Hizb ut-Tahrir (Liberation Party) were completed this week.,Criminal proceedings against seven members of the banned religious extremist party of Hizb ut-Tahrir (Liberation Party) were completed this week.,news,1,0,0,1,0,0,0,0,1,0,0,0,0,0,0,0,0,0,0,0,0,0,0,0,0,0,0,0,0,0,0,0,0,0,0,0
1828,"- 95% of latrines have been destroyed, leading to fecal contamination of water sources.","- 95% of latrines have been destroyed, leading to fecal contamination of water sources.",news,1,0,0,1,0,0,0,0,0,0,1,0,0,0,0,0,0,0,0,1,0,0,0,0,0,0,0,1,0,0,0,0,0,0,0,0
1829,"Many nonnuclear electricity generating stations (natural gas, hydro, etc.) also shut down, particularly in the northeast of Japan.","Many nonnuclear electricity generating stations (natural gas, hydro, etc.) also shut down, particularly in the northeast of Japan.",news,1,0,0,0,0,0,0,0,0,0,0,0,0,0,0,0,0,0,0,0,0,0,1,0,0,0,0,0,0,0,0,0,0,0,0,0
1830,The ICRC is one of the few organizations working in these remoter areas.,The ICRC is one of the few organizations working in these remoter areas.,news,1,0,0,0,0,0,0,0,0,0,0,0,0,0,0,0,0,0,0,0,0,0,0,0,0,0,0,0,0,0,0,0,0,0,0,0
1831,"The plan is under way to establish 19 safe learning spaces in the shelter camps in coordination with Save the Children, WDO and other NGOs working in the child protection field.","The plan is under way to establish 19 safe learning spaces in the shelter camps in coordination with Save the Children, WDO and other NGOs working in the child protection field.",news,1,0,0,1,0,0,0,0,0,0,0,0,0,0,0,0,1,0,0,0,0,0,0,0,0,0,0,0,0,0,0,0,0,0,0,0
1832,"The airport will, therefore, no longer allow landing permission for C-130 and C-160 planes.","The airport will, therefore, no longer allow landing permission for C-130 and C-160 planes.",news,1,0,0,0,0,0,0,0,0,0,0,0,0,0,0,0,0,0,0,0,0,0,0,0,0,0,0,0,0,0,0,0,0,0,0,0
1833,"To provide access to communications networks on a shared basis by installing and maintaining the network to facilitate the provision of humanitarian assistance, and hire appropriately qualified personnel to keep it running until the operation is declared complete.","To provide access to communications networks on a shared basis by installing and maintaining the network to facilitate the provision of humanitarian assistance, and hire appropriately qualified personnel to keep it running until the operation is declared complete.",news,1,0,1,1,0,0,0,0,0,0,0,0,0,0,0,0,0,0,1,0,0,0,0,0,0,0,0,0,0,0,0,0,0,0,0,0
1834,"Technical sessions covered topics such as improving nutrition governance, mobilising resources for nutrition, mainstreaming nutrition in national agricultural investment planning, nutrition programming and coordination and the role of the private sector in SUN.","Technical sessions covered topics such as improving nutrition governance, mobilising resources for nutrition, mainstreaming nutrition in national agricultural investment planning, nutrition programming and coordination and the role of the private sector in SUN.",news,1,0,0,0,0,0,0,0,0,0,0,0,0,0,0,0,0,0,0,0,0,0,0,0,0,0,0,0,0,0,0,0,0,0,0,0
1835,"As and when possible, wells are equipped with solar-powered pumps.","As and when possible, wells are equipped with solar-powered pumps.",news,1,0,0,0,0,0,0,0,0,0,0,0,0,0,0,0,0,0,0,0,0,0,0,0,0,0,0,0,0,0,0,0,0,0,0,0
1836,"In Tokyo, Japan's Foreign Ministry said it would send about 100 police, firefighters and maritime safety personnel to Taiwan.","In Tokyo, Japan's Foreign Ministry said it would send about 100 police, firefighters and maritime safety personnel to Taiwan.",news,1,0,0,1,0,0,0,0,1,0,0,0,0,0,0,0,0,0,0,0,0,0,0,0,0,0,0,0,0,0,0,0,0,0,0,0
1837,"He said 92 bodies had been recovered by yesterday and about 90 survivors rescued, while close to 500 were still missing.","He said 92 bodies had been recovered by yesterday and about 90 survivors rescued, while close to 500 were still missing.",news,1,0,0,1,0,0,0,0,0,0,0,0,0,0,0,1,0,1,0,0,0,0,0,0,0,0,0,0,0,0,0,0,0,0,0,0
1838,"Impacts include damage to pumping equipment, crops, irrigation schemes, villages and livestock (FAO).","Impacts include damage to pumping equipment, crops, irrigation schemes, villages and livestock (FAO).",news,1,0,0,1,0,0,0,0,0,0,1,0,0,0,0,0,0,0,0,1,0,1,0,0,0,0,0,1,0,0,0,0,0,0,0,1
1839,It carries out monitoring and surveillance through the obligatory notification of 24 notifiable diseases and four quarantine infections.,It carries out monitoring and surveillance through the obligatory notification of 24 notifiable diseases and four quarantine infections.,news,1,0,0,1,1,0,0,0,0,0,0,0,0,0,0,0,0,0,0,0,0,0,0,0,0,0,0,0,0,0,0,0,0,0,0,0
1840,"When the project ends early next year, deep tube wells will also have been built for seven communities, with the organisation also working with local people to promote hygiene.","When the project ends early next year, deep tube wells will also have been built for seven communities, with the organisation also working with local people to promote hygiene.",news,1,0,0,0,0,0,0,0,0,0,0,0,0,0,0,0,0,0,0,0,0,0,0,0,0,0,0,0,0,0,0,0,0,0,0,0
1841,"Equally, the conduct of the Taliban's religious police from the Ministry for the Prevention of Vice and Promotion of Virtue has become increasingly hard-line, including engaging in indiscriminate arrests.","Equally, the conduct of the Taliban's religious police from the Ministry for the Prevention of Vice and Promotion of Virtue has become increasingly hard-line, including engaging in indiscriminate arrests.",news,1,0,0,0,0,0,0,0,0,0,0,0,0,0,0,0,0,0,0,0,0,0,0,0,0,0,0,0,0,0,0,0,0,0,0,0
1842,Anti-polio campaign documents say the notion has been persisting since 2004 when obscurantist elements in the society spread the concoction that certain human hormones were deliberately added to the oral polio vaccine (OPV) to make children sterile.,Anti-polio campaign documents say the notion has been persisting since 2004 when obscurantist elements in the society spread the concoction that certain human hormones were deliberately added to the oral polio vaccine (OPV) to make children sterile.,news,1,0,0,0,0,0,0,0,0,0,0,0,0,0,0,0,0,0,0,0,0,0,0,0,0,0,0,0,0,0,0,0,0,0,0,0
1843,"The farm, which was rehabilitated in 2008 as part of the government's Return to Agriculture programme (REVA), boasts a borehole with a diesel pump that feeds a sprinkler network covering 10 hectares; a mini pivot system extends irrigation to a further five hectares.","The farm, which was rehabilitated in 2008 as part of the government's Return to Agriculture programme (REVA), boasts a borehole with a diesel pump that feeds a sprinkler network covering 10 hectares; a mini pivot system extends irrigation to a further five hectares.",news,1,0,0,0,0,0,0,0,0,0,0,0,0,0,0,0,0,0,0,0,0,0,0,0,0,0,0,0,0,0,0,0,0,0,0,0
1844,"Some leaders in the region supported the US-led war on terror by providing bases, but in return expected Washington to turn a blind eye to growing authoritarianism.","Some leaders in the region supported the US-led war on terror by providing bases, but in return expected Washington to turn a blind eye to growing authoritarianism.",news,1,0,0,1,0,0,0,0,1,0,0,0,0,0,0,0,0,0,0,0,0,0,0,0,0,0,0,0,0,0,0,0,0,0,0,0
1845,"Moreover, MSF has called for greater sustainability through sufficient food distribution to returnee populations.","Moreover, MSF has called for greater sustainability through sufficient food distribution to returnee populations.",news,1,0,1,1,0,0,0,0,0,0,0,1,0,0,0,0,0,0,0,0,0,0,0,0,0,0,0,0,0,0,0,0,0,0,0,0
1846,"Four million Afghani (US$ 80,000) has been allocated for the rehabilitation of irrigation infrastructures in Kunduz province.","Four million Afghani (US$ 80,000) has been allocated for the rehabilitation of irrigation infrastructures in Kunduz province.",news,1,0,0,1,0,0,0,0,0,0,0,0,0,0,1,0,0,0,0,1,0,1,0,0,0,0,0,1,0,0,0,0,0,0,0,0
1847,"Note to Editors: Kenya has recently finalized a deal, which will see it importing electricity generated from Ethiopia's Gibe III dam.","Note to Editors: Kenya has recently finalized a deal, which will see it importing electricity generated from Ethiopia's Gibe III dam.",news,0,0,0,0,0,0,0,0,0,0,0,0,0,0,0,0,0,0,0,0,0,0,0,0,0,0,0,0,0,0,0,0,0,0,0,0
1848,The injured policeman was shifted to the district headquarter hospital.,The injured policeman was shifted to the district headquarter hospital.,news,1,1,0,0,0,0,0,0,0,0,0,0,0,0,0,0,0,0,0,0,0,0,0,0,0,0,0,0,0,0,0,0,0,0,0,0
1849,"""The road was dug up for construction work and the rainwater entered the plaza through the ditch next to the building,"" he said.","""The road was dug up for construction work and the rainwater entered the plaza through the ditch next to the building,"" he said.",news,1,0,0,0,0,0,0,0,0,0,0,0,0,0,0,0,0,0,0,0,1,1,0,0,0,0,0,0,1,1,1,0,0,0,0,0
1850,"We're also advising people to prevent flooding and improve drainage by digging a trench around their tent to prevent water from seeping in, and making a drain to channel the water out.","We're also advising people to prevent flooding and improve drainage by digging a trench around their tent to prevent water from seeping in, and making a drain to channel the water out.",news,1,0,0,1,0,0,0,0,0,0,0,0,1,0,0,0,0,0,0,0,0,0,0,0,0,0,0,0,1,1,0,0,0,0,0,1
1851,The Malindi-Garissa trunk road has been severely damaged and is unlikely to be passable for 6-8 weeks at least.,The Malindi-Garissa trunk road has been severely damaged and is unlikely to be passable for 6-8 weeks at least.,news,1,0,0,0,0,0,0,0,0,0,0,0,0,0,0,0,0,0,0,0,1,0,0,0,0,0,0,0,0,0,0,0,0,0,0,0
1852,* Water sanitation team drilled 320 new boreholes and deepened two existing boreholes in the south and western regions allowing large numbers of vulnerable people to have much needed access to safe drinking water.,* Water sanitation team drilled 320 new boreholes and deepened two existing boreholes in the south and western regions allowing large numbers of vulnerable people to have much needed access to safe drinking water.,news,1,0,0,1,0,0,0,0,0,0,1,0,0,0,0,0,0,0,0,0,0,0,0,0,0,0,0,0,0,0,0,0,0,0,0,0
1853,"- One health post severely damaged, one secondary schools destroyed, 7 schools are considered unsafe and 15 secondary schools, 1 primary school and 3 kindergartens require minor repair.","- One health post severely damaged, one secondary schools destroyed, 7 schools are considered unsafe and 15 secondary schools, 1 primary school and 3 kindergartens require minor repair.",news,1,1,0,1,0,0,0,0,0,0,0,0,0,0,0,0,0,0,1,1,0,1,0,0,1,0,1,0,0,0,0,0,0,0,0,1
1854,The Somalia's Transitional Government (TNG) came out against the demonstration but did not try to stop it for fear of provoking violence.,The Somalia's Transitional Government (TNG) came out against the demonstration but did not try to stop it for fear of provoking violence.,news,1,0,0,0,0,0,0,0,0,0,0,0,0,0,0,0,0,0,0,0,0,0,0,0,0,0,0,0,0,0,0,0,0,0,0,0
1855,"Each family - of an assumed seven people on average - received 26 kg of supplies including maize meal, beans, vegetable oil and the highly nutritious corn soya blend.","Each family - of an assumed seven people on average - received 26 kg of supplies including maize meal, beans, vegetable oil and the highly nutritious corn soya blend.",news,1,0,0,1,0,0,0,0,0,0,0,1,0,0,0,0,0,0,0,0,0,0,0,0,0,0,0,0,0,0,0,0,0,0,0,0
1856,"In view of the unprecedented scale of relief measures required, and as the relief operations are likely to continue over an extended period, the Central government will procure and supply tarpaulin tents and GI sheets as per the State Government's request.Villages like Yamale have been the target of unremitting violence at the hands of armed groups and lawless gangs.","In view of the unprecedented scale of relief measures required, and as the relief operations are likely to continue over an extended period, the Central government will procure and supply tarpaulin tents and GI sheets as per the State Government's request.Villages like Yamale have been the target of unremitting violence at the hands of armed groups and lawless gangs.",news,1,0,0,1,0,0,0,1,1,0,0,0,1,0,0,0,0,0,0,0,0,0,0,0,0,0,0,0,0,0,0,0,0,0,0,0
1857,The food stuff and products from animal meats must be clean and cooked thoroughly.,The food stuff and products from animal meats must be clean and cooked thoroughly.,news,0,0,0,0,0,0,0,0,0,0,0,0,0,0,0,0,0,0,0,0,0,0,0,0,0,0,0,0,0,0,0,0,0,0,0,0
1858,"For KCB, lending into agriculture at the smallholder level has been a major shift in practice, and the bank's success has encouraged other financial institutions to begin lending into the dairy sector.","For KCB, lending into agriculture at the smallholder level has been a major shift in practice, and the bank's success has encouraged other financial institutions to begin lending into the dairy sector.",news,0,0,0,0,0,0,0,0,0,0,0,0,0,0,0,0,0,0,0,0,0,0,0,0,0,0,0,0,0,0,0,0,0,0,0,0
1859,"Then, of course, getting water that's uncontaminated and the prevalence of disease.","Then, of course, getting water that's uncontaminated and the prevalence of disease.",news,1,0,0,1,0,0,0,0,0,0,1,0,0,0,0,0,0,0,0,0,0,0,0,0,0,0,0,0,0,0,0,0,0,0,0,0
1860,The 26-year old and her husband had expected to spend the second anniversary of the island's worst natural disaster in their rebuilt home on the tsunami-battered east coast.,The 26-year old and her husband had expected to spend the second anniversary of the island's worst natural disaster in their rebuilt home on the tsunami-battered east coast.,news,1,0,0,0,0,0,0,0,0,0,0,0,0,0,0,0,0,0,0,0,0,1,0,0,0,0,0,0,1,1,0,0,0,0,0,0
1861,"Comprising of a doctor, six nurses and a team leader, the 3rd medical team brought with them medical supplies to help the influx of patients with chronic respiratory problems.","Comprising of a doctor, six nurses and a team leader, the 3rd medical team brought with them medical supplies to help the influx of patients with chronic respiratory problems.",news,1,0,0,1,1,0,0,0,0,0,0,0,0,0,0,0,0,0,0,0,0,0,0,0,0,0,0,0,0,0,0,0,0,0,0,0
1862,"Manifestations include accelerated deforestation, over-use of groundwater resources, over-cultivation of available arable land, and overgrazing of available rangeland.","Manifestations include accelerated deforestation, over-use of groundwater resources, over-cultivation of available arable land, and overgrazing of available rangeland.",news,1,0,0,0,0,0,0,0,0,0,0,0,0,0,0,0,0,0,0,0,0,0,0,0,0,0,0,0,0,0,0,0,0,0,0,0
1863,"We have more than 1,000 oil workers checking and repairing wells around the clock, Liu was quoted as saying.","We have more than 1,000 oil workers checking and repairing wells around the clock, Liu was quoted as saying.",news,0,0,0,0,0,0,0,0,0,0,0,0,0,0,0,0,0,0,0,0,0,0,0,0,0,0,0,0,0,0,0,0,0,0,0,0
1864,"He said the troops sent to quell disturbances at the time had gone ""beyond limits"" by killing innocent civilians: ""We had had a quarrel, a difference, and engaged ourselves in what I should now call a reckless, unprincipled fight within ourselves.","He said the troops sent to quell disturbances at the time had gone ""beyond limits"" by killing innocent civilians: ""We had had a quarrel, a difference, and engaged ourselves in what I should now call a reckless, unprincipled fight within ourselves.",news,1,0,0,1,0,0,0,0,1,0,0,0,0,0,0,0,0,1,0,0,0,0,0,0,0,0,0,0,0,0,0,0,0,0,0,0
1865,"JAKARTA: The Jakarta administration has warned residents living along certain river banks in the city to be alert about the level of water in Katulampa water gate in Bogor, West Java, which reached 250 centimeters at 6 a.m. on Friday.","JAKARTA: The Jakarta administration has warned residents living along certain river banks in the city to be alert about the level of water in Katulampa water gate in Bogor, West Java, which reached 250 centimeters at 6 a.m. on Friday.",news,1,0,0,1,1,0,0,0,0,0,0,0,0,0,0,0,0,0,0,0,1,0,0,0,0,0,0,0,1,1,0,0,0,0,0,1
1866,In Units 2 and 3 fresh water is being continuously injected through the fire extinguisher lines at indicated rates of 7 m3/h and 7 m3/h respectively using temporary electric pumps with off-site power.,In Units 2 and 3 fresh water is being continuously injected through the fire extinguisher lines at indicated rates of 7 m3/h and 7 m3/h respectively using temporary electric pumps with off-site power.,news,1,0,0,1,0,0,0,0,0,0,1,0,0,0,0,0,0,0,0,0,0,0,0,0,0,0,0,0,0,0,0,0,0,0,0,0
1867,Vegetables and horticultural crops,Vegetables and horticultural crops,news,1,0,0,0,0,0,0,0,0,0,0,0,0,0,0,0,0,0,0,0,0,0,0,0,0,0,0,0,0,0,0,0,0,0,0,0
1868,"The threat came after last week's ban on all labour union gatherings, and after student protests at the University of Swaziland were quelled by police firing rubber bullets.","The threat came after last week's ban on all labour union gatherings, and after student protests at the University of Swaziland were quelled by police firing rubber bullets.",news,1,0,0,0,0,0,0,0,0,0,0,0,0,0,0,0,0,0,0,0,0,0,0,0,0,0,0,0,0,0,0,0,0,0,0,0
1869,"- Latrines, washroom kits, purification tablets and hygiene kits to 4,500 households","- Latrines, washroom kits, purification tablets and hygiene kits to 4,500 households",news,1,0,0,1,0,1,0,0,0,0,0,0,0,0,0,0,0,0,0,0,0,0,0,0,0,0,0,0,0,0,0,0,0,0,0,0
1870,"- 50,000 winterised family tents (only some 5, 000 have been distributed to date);","- 50,000 winterised family tents (only some 5, 000 have been distributed to date);",news,1,0,0,1,0,0,0,0,0,0,0,0,1,0,0,0,0,0,0,0,0,0,0,0,0,0,0,0,0,0,0,0,0,0,0,0
1871,"According to preliminary data, 5.4 million people have been affected by the floods, some 665,000 homes damaged or destroyed and 1.8 million people displaced - many of them are seeking temporary shelter along roadsides or river embankments.","According to preliminary data, 5.4 million people have been affected by the floods, some 665,000 homes damaged or destroyed and 1.8 million people displaced - many of them are seeking temporary shelter along roadsides or river embankments.",news,1,1,0,1,0,0,0,0,0,0,0,0,1,0,0,0,1,0,0,0,0,1,0,0,0,0,0,0,1,1,0,0,0,0,0,0
1872,"The statement also said despite the leniency shown by the government to the members on what it called ""act of betrayal"", the reformists persisted in ""secret machinations"".","The statement also said despite the leniency shown by the government to the members on what it called ""act of betrayal"", the reformists persisted in ""secret machinations"".",news,0,0,0,0,0,0,0,0,0,0,0,0,0,0,0,0,0,0,0,0,0,0,0,0,0,0,0,0,0,0,0,0,0,0,0,0
1873,The International Organization for Migration is implementing a market revitalization program on the islands of Nias and Simeulue in an effort to boost local economic development.,The International Organization for Migration is implementing a market revitalization program on the islands of Nias and Simeulue in an effort to boost local economic development.,news,1,0,0,0,0,0,0,0,0,0,0,0,0,0,0,0,0,0,0,0,0,0,0,0,0,0,0,0,0,0,0,0,0,0,0,0
1874,"In addition, the peacekeeping operation is tasked with facilitating the delivery of humanitarian aid and assisting with an inclusive peace process in Darfur, where fighting broke out nine years ago, pitting Government forces and allied militiamen against rebel groups.","In addition, the peacekeeping operation is tasked with facilitating the delivery of humanitarian aid and assisting with an inclusive peace process in Darfur, where fighting broke out nine years ago, pitting Government forces and allied militiamen against rebel groups.",news,1,0,0,1,1,0,0,0,1,0,0,0,0,0,0,0,0,0,1,0,0,0,0,0,0,0,0,0,0,0,0,0,0,0,0,0
1875,"The volunteers are using ARCHI to ol kits as information, education and communication (IEC) materials in conductin g hygiene promotion campaigns through community meetings during distribution of relief items.Associate professor Dr. Charlie Jaroenlapnopparat of Thammasart University said the gymnasium had been turned into a temporary shelter for flood evacuees which could accommodate up to 1,300 people.","The volunteers are using ARCHI to ol kits as information, education and communication (IEC) materials in conductin g hygiene promotion campaigns through community meetings during distribution of relief items.Associate professor Dr. Charlie Jaroenlapnopparat of Thammasart University said the gymnasium had been turned into a temporary shelter for flood evacuees which could accommodate up to 1,300 people.",news,1,0,0,1,0,1,0,0,0,0,0,0,1,0,0,0,0,0,0,1,0,0,0,0,0,0,1,0,1,1,0,0,0,0,0,0
1876,"To be mentioned in particular are 1) a mass awareness campaign to promote hygiene, 2) the establishment of water chlorination points in areas at risk and 3) free treatment of cholera patients.","To be mentioned in particular are 1) a mass awareness campaign to promote hygiene, 2) the establishment of water chlorination points in areas at risk and 3) free treatment of cholera patients.",news,1,0,0,0,0,0,0,0,0,0,0,0,0,0,0,0,0,0,0,0,0,0,0,0,0,0,0,0,0,0,0,0,0,0,0,0
1877,This is mainly due to the inclusion in the figures of families living in camps adjacent to their homes with tents pitched in their own lands.,This is mainly due to the inclusion in the figures of families living in camps adjacent to their homes with tents pitched in their own lands.,news,1,0,0,0,0,0,0,0,0,0,0,0,0,0,0,0,0,0,0,0,0,0,0,0,0,0,0,0,0,0,0,0,0,0,0,0
1878,Technicians are conducting diagnostic tests to determine the integrity of the reactor's electrical systems.,Technicians are conducting diagnostic tests to determine the integrity of the reactor's electrical systems.,news,1,0,0,0,0,0,0,0,0,0,0,0,0,0,0,0,0,0,0,0,0,0,0,0,0,0,0,0,0,0,0,0,0,0,0,0
1879,"Traditional root and tuber crops, often the source of food during bad harvest seasons, were ruined.","Traditional root and tuber crops, often the source of food during bad harvest seasons, were ruined.",news,1,0,0,0,0,0,0,0,0,0,0,0,0,0,0,0,0,0,0,0,0,0,0,0,0,0,0,0,0,0,0,0,0,0,0,0
1880,"For SIDS that meant higher sea levels, coastal erosion, loss of land mass, contamination of freshwater resources, and a serious threat to biodiversity.","For SIDS that meant higher sea levels, coastal erosion, loss of land mass, contamination of freshwater resources, and a serious threat to biodiversity.",news,1,0,0,0,0,0,0,0,0,0,0,0,0,0,0,0,0,0,0,0,0,0,0,0,0,0,0,0,0,0,0,0,0,0,0,0
1881,Yesterday they started to distribute student and classroom materials for Kabul city schools.,Yesterday they started to distribute student and classroom materials for Kabul city schools.,news,1,0,0,0,0,0,0,0,0,0,0,0,0,0,0,0,0,0,0,0,0,0,0,0,0,0,0,0,0,0,0,0,0,0,0,0
1882,Ebola is not an airborne virus like the flu.,Ebola is not an airborne virus like the flu.,news,1,0,0,0,0,0,0,0,0,0,0,0,0,0,0,0,0,0,0,0,0,0,0,0,0,0,0,0,0,0,0,0,0,0,0,0
1883,The vice premier also urged local governments to help farmers restart farming production in disaster-ravaged areas to minimize the damage to crop growth and harvest.,The vice premier also urged local governments to help farmers restart farming production in disaster-ravaged areas to minimize the damage to crop growth and harvest.,news,1,0,0,0,0,0,0,0,0,0,0,0,0,0,0,0,0,0,0,1,0,0,0,0,0,0,0,1,1,0,0,0,0,0,1,0
1884,"Theoretically, when there is a large movement of people, the risk increases for the spread of transmittable diseases, he said on a webcast on central government website www.gov.cn.","Theoretically, when there is a large movement of people, the risk increases for the spread of transmittable diseases, he said on a webcast on central government website www.gov.cn.",news,1,0,0,1,0,0,0,0,0,0,0,0,0,0,0,0,1,0,0,0,0,0,0,0,0,0,0,0,0,0,0,0,0,0,0,0
1885,"Now that the rainy period has started water is all over the place, but it is highly polluted.","Now that the rainy period has started water is all over the place, but it is highly polluted.",news,1,0,0,1,0,0,0,0,0,0,1,0,0,0,0,0,0,0,0,0,0,0,0,0,0,0,0,0,1,0,1,0,0,0,0,0
1886,"Most suffer from diarrhoea, gastroenteritis, fever, respiratory disorders and skin infections that have worsened because of inadequate medical care, according to the UN Children's Fund (UNICEF).","Most suffer from diarrhoea, gastroenteritis, fever, respiratory disorders and skin infections that have worsened because of inadequate medical care, according to the UN Children's Fund (UNICEF).",news,1,0,0,0,0,0,0,0,0,0,0,0,0,0,0,0,0,0,0,0,0,0,0,0,0,0,0,0,0,0,0,0,0,0,0,0
1887,"The site includes toilet blocks, solar lighting, shower facilities and water.","The site includes toilet blocks, solar lighting, shower facilities and water.",news,1,0,0,1,0,1,0,0,0,0,1,0,0,0,0,0,0,0,0,0,0,0,0,0,0,0,0,0,0,0,0,0,0,0,0,0
1888,"But the Organisation of Islamic Cooperation, of which Mali is a member, called Tuesday for an immediate ceasefire, dubbing the offensive ""premature"" and urging all parties to return to negotiations.","But the Organisation of Islamic Cooperation, of which Mali is a member, called Tuesday for an immediate ceasefire, dubbing the offensive ""premature"" and urging all parties to return to negotiations.",news,1,0,0,0,0,0,0,0,0,0,0,0,0,0,0,0,0,0,0,0,0,0,0,0,0,0,0,0,0,0,0,0,0,0,0,0
1889,"Road and rail communications were also affected in parts of the state, with overflowing rivers flooding highways and railway tracks, officials said.","Road and rail communications were also affected in parts of the state, with overflowing rivers flooding highways and railway tracks, officials said.",news,1,0,0,0,0,0,0,0,0,0,0,0,0,0,0,0,0,0,0,0,1,0,0,0,0,0,0,0,1,1,0,0,0,0,0,0
1890,The city responded by immediately sending a rescue vessel though rough seas threatened to thwart the rescue effort.,The city responded by immediately sending a rescue vessel though rough seas threatened to thwart the rescue effort.,news,1,0,0,1,0,0,1,0,0,0,0,0,0,0,0,0,0,0,0,0,0,0,0,0,0,0,0,0,1,0,1,0,0,0,0,0
1891,"In all villages where there are water supply activities, the communities have selected committees to be trained and take responsibility for the ongoing maintenance of the water points.","In all villages where there are water supply activities, the communities have selected committees to be trained and take responsibility for the ongoing maintenance of the water points.",news,1,0,0,1,0,0,0,0,0,0,1,0,0,0,0,0,0,0,0,0,0,0,0,0,0,0,0,0,0,0,0,0,0,0,0,0
1892,"Additionally, ointment to treat skin infections, cough medicine, iodine and bandages are needed for basic care.","Additionally, ointment to treat skin infections, cough medicine, iodine and bandages are needed for basic care.",news,1,1,0,1,1,1,0,0,0,0,0,0,0,0,0,0,0,0,0,0,0,0,0,0,0,0,0,0,0,0,0,0,0,0,0,0
1893,"Additionally, ointment to treat skin infections, cough medicine, iodine and bandages are needed for basic care.","Additionally, ointment to treat skin infections, cough medicine, iodine and bandages are needed for basic care.",news,1,1,0,1,1,1,0,0,0,0,0,0,0,0,0,0,0,0,0,0,0,0,0,0,0,0,0,0,0,0,0,0,0,0,0,0
1894,"Tax-deductible donations can be made online at www.worldconcern.org, or by mail:","Tax-deductible donations can be made online at www.worldconcern.org, or by mail:",news,1,0,1,1,0,0,0,0,0,0,0,0,0,0,1,0,0,0,0,0,0,0,0,0,0,0,0,0,0,0,0,0,0,0,0,0
1895,"Baobab is also well-known throughout Mali for its capacity to treat inflammations, and is used in many traditional recipes.","Baobab is also well-known throughout Mali for its capacity to treat inflammations, and is used in many traditional recipes.",news,0,0,0,0,0,0,0,0,0,0,0,0,0,0,0,0,0,0,0,0,0,0,0,0,0,0,0,0,0,0,0,0,0,0,0,0
1896,"In Faizabad and Kunduz, in IDP camps and host communities, WHO sponsored water and sanitation projects have provided safe water supply, latrines and bathhouses.","In Faizabad and Kunduz, in IDP camps and host communities, WHO sponsored water and sanitation projects have provided safe water supply, latrines and bathhouses.",news,1,0,0,1,0,1,0,0,0,0,1,0,1,0,0,0,1,0,0,0,0,0,0,0,0,0,0,0,0,0,0,0,0,0,0,0
1897,"In Nigeria, Boko Haram is blamed for killing more than 10,000 people since 2009, and their extreme tactics have been denounced worldwide, including on some jihadi websites.","In Nigeria, Boko Haram is blamed for killing more than 10,000 people since 2009, and their extreme tactics have been denounced worldwide, including on some jihadi websites.",news,1,0,0,1,0,0,0,0,1,0,0,0,0,0,0,0,0,1,0,0,0,0,0,0,0,0,0,0,0,0,0,0,0,0,0,0
1898,"Sierra Leone had tailored its development framework to the 2030 Agenda, he said, citing its Agenda for Prosperity and improvements in political and economic governance.","Sierra Leone had tailored its development framework to the 2030 Agenda, he said, citing its Agenda for Prosperity and improvements in political and economic governance.",news,1,0,0,0,0,0,0,0,0,0,0,0,0,0,0,0,0,0,0,0,0,0,0,0,0,0,0,0,0,0,0,0,0,0,0,0
1899,"Another small group said that they wanted to be permanently resettled in another location,"" the IOM spokesman added.","Another small group said that they wanted to be permanently resettled in another location,"" the IOM spokesman added.",news,1,0,0,0,0,0,0,0,0,0,0,0,0,0,0,0,0,0,0,0,0,0,0,0,0,0,0,0,0,0,0,0,0,0,0,0
1900,"Rs.6.35 crore for unforeseen expenditure including debris removal, arrangements for burial of the dead, transportion of relief materials, to move the affected families to resettlement areas, etc.","Rs.6.35 crore for unforeseen expenditure including debris removal, arrangements for burial of the dead, transportion of relief materials, to move the affected families to resettlement areas, etc.",news,1,0,0,1,0,0,0,0,0,0,0,0,0,0,0,0,1,1,0,0,0,0,0,0,0,0,0,0,0,0,0,0,0,0,0,0
1901,"In addition to distributing hygiene kits, blankets, tarpaulins, kitchen sets, and tents, CARE mobilized 310 households to help clean up debris -- actions that enabled community members to set up temporary dwellings and tents.","In addition to distributing hygiene kits, blankets, tarpaulins, kitchen sets, and tents, CARE mobilized 310 households to help clean up debris -- actions that enabled community members to set up temporary dwellings and tents.",news,1,0,0,1,0,1,0,0,0,0,0,0,1,0,0,0,0,0,0,0,0,0,0,0,0,0,0,0,0,0,0,0,0,0,0,0
1902,"Despite the increase in aggregate production, the number of kilocalories produced per person per day during season B was no different from last year, remaining about 20 percent below the pre-war level (1990).","Despite the increase in aggregate production, the number of kilocalories produced per person per day during season B was no different from last year, remaining about 20 percent below the pre-war level (1990).",news,1,0,0,1,0,0,0,0,1,0,0,0,0,0,0,0,0,0,0,0,0,0,0,0,0,0,0,0,0,0,0,0,0,0,0,0
1903,"In April Islamic groups Ansar Dine, the Movement for Unity and Jihad in West Africa (MUJAO), and Al Qaeda in the Islamic Maghreb (AQIM) wrested control of northern Mali from the MNLA and swiftly imposed repressive Sharia law across the region, insisting women be veiled, stoning civilians to death, amputating alleged criminals, publicly flogging residents and destroying religious shrines, according to human rights groups.","In April Islamic groups Ansar Dine, the Movement for Unity and Jihad in West Africa (MUJAO), and Al Qaeda in the Islamic Maghreb (AQIM) wrested control of northern Mali from the MNLA and swiftly imposed repressive Sharia law across the region, insisting women be veiled, stoning civilians to death, amputating alleged criminals, publicly flogging residents and destroying religious shrines, according to human rights groups.",news,1,1,0,1,1,0,0,0,0,0,0,0,0,0,0,0,0,0,0,0,1,0,0,0,0,0,0,0,1,1,0,0,0,0,0,1
1904,"They fought a fierce battle with the Nile in 1964, again in 1988, 1998 and 2001 - and people still talk of the massive floods in 1946 and the heroic resistance of the Tuti men.","They fought a fierce battle with the Nile in 1964, again in 1988, 1998 and 2001 - and people still talk of the massive floods in 1946 and the heroic resistance of the Tuti men.",news,1,0,0,0,0,0,0,0,0,0,0,0,0,0,0,0,0,0,0,0,0,0,0,0,0,0,0,0,1,1,0,0,0,0,0,0
1905,(b) Sierra Leonean refugees displaced in south-east Guinea continue to be repatriated to Freetown.,(b) Sierra Leonean refugees displaced in south-east Guinea continue to be repatriated to Freetown.,news,1,0,0,1,0,0,0,0,0,0,0,0,0,0,0,0,1,0,0,0,0,0,0,0,0,0,0,0,0,0,0,0,0,0,0,0
1906,"Security incidents, which include physical and verbal attacks, have dropped from ten a month at the start of 2015, to 8 in February, 5 in March and just one to date in April.","Security incidents, which include physical and verbal attacks, have dropped from ten a month at the start of 2015, to 8 in February, 5 in March and just one to date in April.",news,1,0,0,0,0,0,0,0,0,0,0,0,0,0,0,0,0,0,0,0,0,0,0,0,0,0,0,0,0,0,0,0,0,0,0,0
1907,KUALA LUMPUR - Efforts to reconstruct and rehabilitate health centres in flood hit Pakistan by MERCY Malaysia has been spurred with the donation of a dialysis machine to the District Headquarters (DHQ) Civil Hospital in Mirpurkhas.,KUALA LUMPUR - Efforts to reconstruct and rehabilitate health centres in flood hit Pakistan by MERCY Malaysia has been spurred with the donation of a dialysis machine to the District Headquarters (DHQ) Civil Hospital in Mirpurkhas.,news,1,0,0,1,0,0,0,0,0,0,0,0,0,0,1,0,0,0,0,1,0,0,0,0,1,0,0,0,1,1,0,0,0,0,0,0
1908,"As well as disenfranchising Zimbabwean voters abroad, the electoral bill aims to ban independent election monitors and allow only a government-appointed commission to conduct voter education.","As well as disenfranchising Zimbabwean voters abroad, the electoral bill aims to ban independent election monitors and allow only a government-appointed commission to conduct voter education.",news,1,0,0,0,0,0,0,0,0,0,0,0,0,0,0,0,0,0,0,0,0,0,0,0,0,0,0,0,0,0,0,0,0,0,0,0
1909,They are only able to carry out clinical diagnosis.,They are only able to carry out clinical diagnosis.,news,0,0,0,0,0,0,0,0,0,0,0,0,0,0,0,0,0,0,0,0,0,0,0,0,0,0,0,0,0,0,0,0,0,0,0,0
1910,"Despite the miraculous rescue of two people from the rubble of one town on Sunday, the main search effort along Japan's northeastern coast switched its focus from survivors to bodies days ago.","Despite the miraculous rescue of two people from the rubble of one town on Sunday, the main search effort along Japan's northeastern coast switched its focus from survivors to bodies days ago.",news,1,0,0,1,0,0,1,0,0,0,0,0,0,0,0,0,0,1,0,0,0,0,0,0,0,0,0,0,0,0,0,0,0,0,0,0
1911,"In regions and countries occupied by foreign forces, and in conflict-ridden areas replete with terrorism, children fell victim to military assaults and to exploitation and ill-treatment.","In regions and countries occupied by foreign forces, and in conflict-ridden areas replete with terrorism, children fell victim to military assaults and to exploitation and ill-treatment.",news,1,0,0,1,0,0,0,0,1,0,0,0,0,0,0,0,0,1,0,0,0,0,0,0,0,0,0,0,0,0,0,0,0,0,0,0
1912,Some of our neighbors have come to the conclusion that this is mere propaganda.,Some of our neighbors have come to the conclusion that this is mere propaganda.,news,0,0,0,0,0,0,0,0,0,0,0,0,0,0,0,0,0,0,0,0,0,0,0,0,0,0,0,0,0,0,0,0,0,0,0,0
1913,Medication was provided last week to all nine provinces as a precautionary measure against whooping cough outbreaks.,Medication was provided last week to all nine provinces as a precautionary measure against whooping cough outbreaks.,news,1,0,0,1,1,1,0,0,0,0,0,0,0,0,0,0,0,0,0,0,0,0,0,0,0,0,0,0,0,0,0,0,0,0,0,0
1914,"The psychosocial and mental health programs involve conducting culturally appropriate psycho-education and activities in relief camps, mental health diagnosis, counseling, and care, and capacity-building efforts to integrate mental health care into primary care through curriculum development and health worker training.","The psychosocial and mental health programs involve conducting culturally appropriate psycho-education and activities in relief camps, mental health diagnosis, counseling, and care, and capacity-building efforts to integrate mental health care into primary care through curriculum development and health worker training.",news,1,0,0,1,1,0,0,0,0,0,0,0,0,0,0,0,0,0,0,0,0,0,0,0,0,0,0,0,0,0,0,0,0,0,0,0
1915,The International Organization for Migration (IOM) today broke ground on the first of the government-approved sites where its made-in-Indonesia transitional shelter units will be constructed.,The International Organization for Migration (IOM) today broke ground on the first of the government-approved sites where its made-in-Indonesia transitional shelter units will be constructed.,news,1,0,0,1,0,0,0,0,0,0,0,0,1,0,0,0,0,0,0,0,0,0,0,0,0,0,0,0,0,0,0,0,0,0,0,0
1916,"Official media estimated the damage to roads, river dykes, power networks and staple crops such as rice and maize in central Vietnam at nearly 900 billion dong ($58.79 million).","Official media estimated the damage to roads, river dykes, power networks and staple crops such as rice and maize in central Vietnam at nearly 900 billion dong ($58.79 million).",news,1,0,0,1,0,0,0,0,0,0,0,1,0,0,0,0,0,0,0,0,1,1,1,0,0,0,0,0,0,0,0,0,0,0,0,0
1917,"The appeal cited total requirements of $ 34.7m, of which 13.5 had been met by pooled funds such as the Central Emergency Response Fund (CERF) and Common Humanitarian Fund (CHF).","The appeal cited total requirements of $ 34.7m, of which 13.5 had been met by pooled funds such as the Central Emergency Response Fund (CERF) and Common Humanitarian Fund (CHF).",news,1,1,0,1,1,0,0,0,0,0,0,0,0,0,0,0,0,0,0,0,0,0,0,0,0,0,0,0,0,0,0,0,0,0,0,1
1918,The day-to-day experience of having to walk to get water makes you see clean water pouring out of the faucet as an amazing thing.,The day-to-day experience of having to walk to get water makes you see clean water pouring out of the faucet as an amazing thing.,news,1,0,0,0,0,0,0,0,0,0,0,0,0,0,0,0,0,0,0,0,0,0,0,0,0,0,0,0,0,0,0,0,0,0,0,0
1919,"Schools were in danger and girls and teachers threatened with acid attacks, murder and abduction.","Schools were in danger and girls and teachers threatened with acid attacks, murder and abduction.",news,1,0,0,1,0,0,0,1,0,0,0,0,0,0,0,0,0,1,0,1,0,0,0,0,0,0,1,0,0,0,0,0,0,0,0,0
1920,19: The SPLA claimed that its forces had captured a government riverboat and four smaller vessels in an ambush on a tributary of the Nile.,19: The SPLA claimed that its forces had captured a government riverboat and four smaller vessels in an ambush on a tributary of the Nile.,news,1,0,0,1,0,0,0,0,1,0,0,0,0,0,0,0,0,0,0,0,0,0,0,0,0,0,0,0,0,0,0,0,0,0,0,0
1921,"Kawaguchi Tetsuro, Japanese ambassador to the country, delivered on Monday to the National Office for Risks and Disasters Management (NORDM) various materials and equipments, including mats, waterwares, polyethylene reservoirs and plastic jerrycans.","Kawaguchi Tetsuro, Japanese ambassador to the country, delivered on Monday to the National Office for Risks and Disasters Management (NORDM) various materials and equipments, including mats, waterwares, polyethylene reservoirs and plastic jerrycans.",news,1,0,0,1,0,0,0,0,0,0,1,0,1,0,0,0,0,0,1,0,0,0,0,0,0,0,0,0,0,0,0,0,0,0,0,0
1922,".. first against a socialist government that was considered by rebel groups unislamic, violating traditions and disregarding the autonomy of ethnic groups.",".. first against a socialist government that was considered by rebel groups unislamic, violating traditions and disregarding the autonomy of ethnic groups.",news,1,0,0,1,0,0,0,0,1,0,0,0,0,0,0,0,0,0,0,0,0,0,0,0,0,0,0,0,0,0,0,0,0,0,0,0
1923,Tens of thousands of families are trapped in their homes or can be seen camped out on railroad tracks or elevated roads.,Tens of thousands of families are trapped in their homes or can be seen camped out on railroad tracks or elevated roads.,news,1,1,0,1,0,0,1,0,0,0,0,0,0,0,0,0,0,0,0,0,0,0,0,0,0,0,0,0,0,0,0,0,0,0,0,1
1924,"The local maritime department dispatched a group of ships to help about 6,800 stranded passengers evacuate via water routes.","The local maritime department dispatched a group of ships to help about 6,800 stranded passengers evacuate via water routes.",news,1,0,0,1,0,0,1,0,0,0,0,0,0,0,0,0,0,0,1,0,0,0,0,0,0,0,0,0,0,0,0,0,0,0,0,0
1925,"Although the international donor community is responding generously to United Nations aid appeals, a substantial gap still exists in meeting current needs.","Although the international donor community is responding generously to United Nations aid appeals, a substantial gap still exists in meeting current needs.",news,1,0,0,1,0,0,0,0,0,0,0,0,0,0,0,0,0,0,1,0,0,0,0,0,0,0,0,0,0,0,0,0,0,0,0,0
1926,"At the end of August, UNICEF began installing eight 20,000-litre water bladders in Bissau neighbourhoods that lack running water.","At the end of August, UNICEF began installing eight 20,000-litre water bladders in Bissau neighbourhoods that lack running water.",news,1,0,0,1,0,0,0,0,0,0,1,0,0,0,0,0,0,0,0,0,0,0,0,0,0,0,0,0,0,0,0,0,0,0,0,0
1927,"Poorer families are reduced to drinking untreated water, often fetched directly from the river, putting them at risk of deadly diseases such as cholera.""","Poorer families are reduced to drinking untreated water, often fetched directly from the river, putting them at risk of deadly diseases such as cholera.""",news,1,0,0,1,1,0,0,0,0,0,1,0,0,0,0,0,0,0,0,0,0,0,0,0,0,0,0,0,0,0,0,0,0,0,0,0
1928,"In mountainous Kohistan district in northern Pakistan, four houses were crushed by an avalanche killing at least 16 people while as many were believed to be still missing, Rao Amin Hashim, deputy inspector general of police in the region, told Reuters.","In mountainous Kohistan district in northern Pakistan, four houses were crushed by an avalanche killing at least 16 people while as many were believed to be still missing, Rao Amin Hashim, deputy inspector general of police in the region, told Reuters.",news,1,0,0,1,0,0,0,0,0,0,0,0,0,0,0,0,0,1,0,0,0,1,0,0,0,0,0,0,1,0,0,0,0,1,0,0
1929,* Repair and maintenance of existing desalinization facilities;,* Repair and maintenance of existing desalinization facilities;,news,1,0,0,0,0,0,0,0,0,0,0,0,0,0,0,0,0,0,0,0,0,0,0,0,0,0,0,0,0,0,0,0,0,0,0,0
1930,"To take one example, the South Indian Federation of Fishermen Societies, has been mobilising fishing communities all along the coast to collectively position their response to the government's housing policy, identifying representatives to launch sustained attacks on proposed government rehousing plans.","To take one example, the South Indian Federation of Fishermen Societies, has been mobilising fishing communities all along the coast to collectively position their response to the government's housing policy, identifying representatives to launch sustained attacks on proposed government rehousing plans.",news,1,0,0,0,0,0,0,0,0,0,0,0,0,0,0,0,0,0,0,0,0,0,0,0,0,0,0,0,0,0,0,0,0,0,0,0
1931,"* Keep waterborne disease, particularly diarrhoea, dysentery, enteric fever, hepatitis, vector-borne diseases and skin infections under control by providing essential drugs and case management.","* Keep waterborne disease, particularly diarrhoea, dysentery, enteric fever, hepatitis, vector-borne diseases and skin infections under control by providing essential drugs and case management.",news,1,0,0,1,1,1,0,0,0,0,1,0,0,0,0,0,0,0,0,0,0,0,0,0,0,0,0,0,0,0,0,0,0,0,0,0
1932,"The Nepal Red Cross Society said the death toll from landslides and floods in different parts of Nepal from June 10 to September 3 was 266, not including the most recent reported tradgedy.","The Nepal Red Cross Society said the death toll from landslides and floods in different parts of Nepal from June 10 to September 3 was 266, not including the most recent reported tradgedy.",news,1,0,0,1,0,0,0,0,0,0,0,0,0,0,0,0,0,1,0,0,0,0,0,0,0,0,0,0,1,1,0,0,0,0,0,0
1933,"Students went door-to-door to educate voters and organize direct actions that emphasized the need to spend money on schools, not prisons.","Students went door-to-door to educate voters and organize direct actions that emphasized the need to spend money on schools, not prisons.",news,0,0,0,0,0,0,0,0,0,0,0,0,0,0,0,0,0,0,0,0,0,0,0,0,0,0,0,0,0,0,0,0,0,0,0,0
1934,"About the American Refugee Committee: The American Refugee Committee (ARC) is a Minnesota-based, nonprofit, nonsectarian international humanitarian relief organization.","About the American Refugee Committee: The American Refugee Committee (ARC) is a Minnesota-based, nonprofit, nonsectarian international humanitarian relief organization.",news,1,0,0,0,0,0,0,0,0,0,0,0,0,0,0,0,0,0,0,0,0,0,0,0,0,0,0,0,0,0,0,0,0,0,0,0
1935,The framework was aimed to justify military intervention in countries.,The framework was aimed to justify military intervention in countries.,news,1,0,0,0,0,0,0,0,0,0,0,0,0,0,0,0,0,0,0,0,0,0,0,0,0,0,0,0,0,0,0,0,0,0,0,0
1936,Humanitarian activities carried out in the north and north-east are proven to be difficult due to a lack of confidence which is yet to be fully restored between the LTTE and the government on one hand and on the other difficulty in working freely and directly with the population in the unoccupied area.,Humanitarian activities carried out in the north and north-east are proven to be difficult due to a lack of confidence which is yet to be fully restored between the LTTE and the government on one hand and on the other difficulty in working freely and directly with the population in the unoccupied area.,news,1,0,0,0,0,0,0,0,0,0,0,0,0,0,0,0,0,0,0,0,0,0,0,0,0,0,0,0,0,0,0,0,0,0,0,0
1937,"The kits include blankets, plastic sheeting, mosquito nets, health kits, landmine awareness materials, cooking utensils, a charcoal cook stove, wash-basin, plastic jerry can, basic food stuffs (rice, beans, maize, sugar, salt, cooking oil), seeds, and tools.","The kits include blankets, plastic sheeting, mosquito nets, health kits, landmine awareness materials, cooking utensils, a charcoal cook stove, wash-basin, plastic jerry can, basic food stuffs (rice, beans, maize, sugar, salt, cooking oil), seeds, and tools.",news,1,0,1,1,0,1,0,0,0,0,1,1,1,0,0,0,0,0,0,0,0,0,0,0,0,0,0,0,0,0,0,0,0,0,0,0
1938,"For the first time in 90 years, the country had fully recovered its own oil resources for the basis of its own development, after facing the persecution of imperialist forces.","For the first time in 90 years, the country had fully recovered its own oil resources for the basis of its own development, after facing the persecution of imperialist forces.",news,1,0,0,1,0,0,0,0,1,0,0,0,0,0,0,0,0,0,0,0,0,0,0,0,0,0,0,0,0,0,0,0,0,0,0,0
1939,To rationalise such a course of action on the basis of necessity is to subject ourselves to 'the bigotry of low expectations' in relation to constitutional government in this country.,To rationalise such a course of action on the basis of necessity is to subject ourselves to 'the bigotry of low expectations' in relation to constitutional government in this country.,news,1,0,0,0,0,0,0,0,0,0,0,0,0,0,0,0,0,0,0,0,0,0,0,0,0,0,0,0,0,0,0,0,0,0,0,0
1940,"In Meulaboh we are currently providing water and sanitation services to about 15,000 people in existing settlements and camps that are being developed to relocate people from public places such as schools and semi permanent relocation camps.","In Meulaboh we are currently providing water and sanitation services to about 15,000 people in existing settlements and camps that are being developed to relocate people from public places such as schools and semi permanent relocation camps.",news,1,0,1,1,0,0,0,0,0,0,1,0,1,0,0,0,1,0,0,1,0,0,0,0,0,0,1,0,0,0,0,0,0,0,0,1
1941,"Eleven years after its civil war, Liberia faces the risk of a popular revolt against a fragile state that has been very slow to build key institutions, especially beyond the capital city of Monrovia.","Eleven years after its civil war, Liberia faces the risk of a popular revolt against a fragile state that has been very slow to build key institutions, especially beyond the capital city of Monrovia.",news,1,0,0,0,0,0,0,0,0,0,0,0,0,0,0,0,0,0,0,0,0,0,0,0,0,0,0,0,0,0,0,0,0,0,0,0
1942,"Turning to the issue of the Palestinian people, he said his country attached great importance to support and assistance for the Palestinian people and Government to alleviate their suffering during the humanitarian crisis created by the brutal assault by the Israeli occupying forces.","Turning to the issue of the Palestinian people, he said his country attached great importance to support and assistance for the Palestinian people and Government to alleviate their suffering during the humanitarian crisis created by the brutal assault by the Israeli occupying forces.",news,1,0,0,1,0,0,0,0,1,0,0,0,0,0,0,0,0,0,0,0,0,0,0,0,0,0,0,0,0,0,0,0,0,0,0,0
1943,"Following installation of 210 hand pumps in Kandahar City, UNCHS (Habitat) is planning to upgrade some 50 DACAAR-constructed but dried wells with handpumps in Kandahar City.","Following installation of 210 hand pumps in Kandahar City, UNCHS (Habitat) is planning to upgrade some 50 DACAAR-constructed but dried wells with handpumps in Kandahar City.",news,1,0,0,0,0,0,0,0,0,0,0,0,0,0,0,0,0,0,0,0,0,0,0,0,0,0,0,0,0,0,0,0,0,0,0,0
1944,"Each kit contains binoculars for observing the volcano's activity, and other materials including a loudspeaker, flashlights, and a kerosene lamp in case families have to evacuate during the night.","Each kit contains binoculars for observing the volcano's activity, and other materials including a loudspeaker, flashlights, and a kerosene lamp in case families have to evacuate during the night.",news,1,0,0,1,0,0,0,0,0,0,0,0,0,0,0,0,0,0,1,0,0,0,0,0,0,0,0,0,1,0,0,0,0,0,1,0
1945,"By mid-2012, Oxfam engineers have: - Repaired three watering troughs, - Built a new tap stand, - Repaired broken pipes, - Constructed a new drainage pathway to reduce the amount of dirt.","By mid-2012, Oxfam engineers have: - Repaired three watering troughs, - Built a new tap stand, - Repaired broken pipes, - Constructed a new drainage pathway to reduce the amount of dirt.",news,1,0,0,0,0,0,0,0,0,0,0,0,0,0,0,0,0,0,0,0,0,0,0,0,0,0,0,0,0,0,0,0,0,0,0,0
1946,"In one in five volunteers however, the vaccine particles reached joints and caused pain similar to rheumatism for about 10 days, mostly in hands, feet, knees and elbows.","In one in five volunteers however, the vaccine particles reached joints and caused pain similar to rheumatism for about 10 days, mostly in hands, feet, knees and elbows.",news,1,0,0,1,1,1,0,0,0,0,0,0,0,0,0,0,0,0,0,0,0,0,0,0,0,0,0,0,0,0,0,0,0,0,0,0
1947,"The second wave of flood has extensively damaged the human habitation, standing crops, roads, bridges & embankments, irrigation system, water supply installation and other public institutions.","The second wave of flood has extensively damaged the human habitation, standing crops, roads, bridges & embankments, irrigation system, water supply installation and other public institutions.",news,1,0,0,1,0,0,0,0,0,0,1,0,0,0,0,0,0,0,0,0,1,1,0,0,0,0,0,0,1,1,0,0,0,0,0,0
1948,Post-electoral protest actions related to the results of mayoral elections continued this week in various municipalities.,Post-electoral protest actions related to the results of mayoral elections continued this week in various municipalities.,news,0,0,0,0,0,0,0,0,0,0,0,0,0,0,0,0,0,0,0,0,0,0,0,0,0,0,0,0,0,0,0,0,0,0,0,0
1949,"Lack of water in Kenya is associated with the high mortality rate among children under five years old, which is primarily due to waterborne diseases such as diarrhoea, malaria, and amoebic dysentery. Following the earthquake in January 2001 aid workers were particularly concerned about the health threat posed by the thousands of corpses buried under collapsed buildings. A shop owner in Rangoon division's Kun Chan Kone township, which was severely devastated by the cyclone, said a soldier who brought in aid supplies asked him if he wanted to buy zinc roofs to resell. ISAF reconnaissance aircraft were also used to examine the extent of the flooding to help in the relief effort. Aid workers are stocking schools there with supplies after furnishing two tented schools in Freedabad Village with mats, thermal blankets, psychosocial materials and school supplies. In late June, residents in Kidal held a protest against the Islamists, who forcefully dispersed the demonstration. The majority have psychosomatic symptoms and increasingly complain of body aches and other illnesses.""","Lack of water in Kenya is associated with the high mortality rate among children under five years old, which is primarily due to waterborne diseases such as diarrhoea, malaria, and amoebic dysentery. Following the earthquake in January 2001 aid workers were particularly concerned about the health threat posed by the thousands of corpses buried under collapsed buildings. A shop owner in Rangoon division's Kun Chan Kone township, which was severely devastated by the cyclone, said a soldier who brought in aid supplies asked him if he wanted to buy zinc roofs to resell. ISAF reconnaissance aircraft were also used to examine the extent of the flooding to help in the relief effort. Aid workers are stocking schools there with supplies after furnishing two tented schools in Freedabad Village with mats, thermal blankets, psychosocial materials and school supplies. In late June, residents in Kidal held a protest against the Islamists, who forcefully dispersed the demonstration. The majority have psychosomatic symptoms and increasingly complain of body aches and other illnesses.""",news,1,0,0,1,1,0,0,0,0,0,1,0,1,0,0,0,0,0,0,0,0,1,0,0,0,0,0,0,1,0,0,0,1,0,0,0
1950,"In order to ensure the safety of residents, no men except authorised administrative workers are allowed within the premises and uniformed security guards stand on duty at the entry gate.","In order to ensure the safety of residents, no men except authorised administrative workers are allowed within the premises and uniformed security guards stand on duty at the entry gate.",news,1,0,0,0,0,0,0,0,0,0,0,0,0,0,0,0,0,0,0,0,0,0,0,0,0,0,0,0,0,0,0,0,0,0,0,0
1951,Turn around times of aircraft landing at VCCC (Colombo).,Turn around times of aircraft landing at VCCC (Colombo).,news,0,0,0,0,0,0,0,0,0,0,0,0,0,0,0,0,0,0,0,0,0,0,0,0,0,0,0,0,0,0,0,0,0,0,0,0
1952,"Most Western democratic nations object to the Taliban's authoritarian rule, and its often brutal suppression of free expression and human rights, especially restrictions on women.","Most Western democratic nations object to the Taliban's authoritarian rule, and its often brutal suppression of free expression and human rights, especially restrictions on women.",news,1,0,0,0,0,0,0,0,0,0,0,0,0,0,0,0,0,0,0,0,0,0,0,0,0,0,0,0,0,0,0,0,0,0,0,0
1953,Japanese authorities have assessed that the core damage at the Fukushima Daiichi 2 and 3 reactor units caused by loss of all cooling function has been rated as 5 on the INES scale.,Japanese authorities have assessed that the core damage at the Fukushima Daiichi 2 and 3 reactor units caused by loss of all cooling function has been rated as 5 on the INES scale.,news,1,0,0,0,0,0,0,0,0,0,0,0,0,0,0,0,0,0,0,0,0,0,0,0,0,0,0,0,0,0,0,0,0,0,0,0
1954,"The planting season started well with good early rains but the return of dry conditions in April, especially in southeastern parts of the country, dampened earlier hopes for bumper crops.","The planting season started well with good early rains but the return of dry conditions in April, especially in southeastern parts of the country, dampened earlier hopes for bumper crops.",news,1,0,0,0,0,0,0,0,0,0,0,0,0,0,0,0,0,0,0,0,0,0,0,0,0,0,0,0,0,0,0,0,0,0,0,0
1955,"In South Darfur, the ICRC, through a contractor, continues to support the government-run Sania Deleba health clinics in Nyala by expanding their examination rooms and renovating latrines.","In South Darfur, the ICRC, through a contractor, continues to support the government-run Sania Deleba health clinics in Nyala by expanding their examination rooms and renovating latrines.",news,1,0,0,0,0,0,0,0,0,0,0,0,0,0,0,0,0,0,0,0,0,0,0,0,0,0,0,0,0,0,0,0,0,0,0,0
1956,"The illegal trade in people goes on unabated as it has done for centuries, with criminals more organised then ever before, exploiting every loophole in the law to evade arrest and conviction.","The illegal trade in people goes on unabated as it has done for centuries, with criminals more organised then ever before, exploiting every loophole in the law to evade arrest and conviction.",news,1,1,0,1,1,0,0,0,0,0,0,0,0,0,0,0,0,0,0,0,1,0,0,0,0,0,0,0,1,1,0,0,0,0,0,0
1957,To save Ahmedabad and Rajkot TAX from overloading additional channels were terminated in Local Exchange bypassing above two TAXs.,To save Ahmedabad and Rajkot TAX from overloading additional channels were terminated in Local Exchange bypassing above two TAXs.,news,1,0,0,0,0,0,0,0,0,0,0,0,0,0,0,0,0,0,0,0,0,0,0,0,0,0,0,0,0,0,0,0,0,0,0,0
1958,"Thousands of families have been forced to flee their homes and have taken refuge atop crumbling earthen dikes, which are also in danger of collapse.","Thousands of families have been forced to flee their homes and have taken refuge atop crumbling earthen dikes, which are also in danger of collapse.",news,1,0,0,1,0,0,0,0,0,0,0,0,1,0,0,0,1,0,0,0,0,0,0,0,0,0,0,0,0,0,0,0,0,0,0,0
1959,"* Reduced food intake leading to protein-energy malnutrition micro-nutrient deficiency, especially iron and iodine which are already existing deficiencies * Communicable diseases: * Water borne diseases such as diarrhoea diseases (including cholera) and typhoid fever which are epidemic in the area * TB - a major existing problem, increased risk for young children, very old, and immuno-suppressed * Malaria - endemic in the area since 1990 and epidemic since 1996.","* Reduced food intake leading to protein-energy malnutrition micro-nutrient deficiency, especially iron and iodine which are already existing deficiencies * Communicable diseases: * Water borne diseases such as diarrhoea diseases (including cholera) and typhoid fever which are epidemic in the area * TB - a major existing problem, increased risk for young children, very old, and immuno-suppressed * Malaria - endemic in the area since 1990 and epidemic since 1996.",news,1,0,0,1,1,0,0,0,0,0,0,1,0,0,0,0,0,0,0,0,0,0,0,0,0,0,0,0,0,0,0,0,0,0,0,0
1960,"Torture of prisoners who were arrested included beatings with rifle butts and whipping with lengths of electric cable, as well as forcing them to stand barefoot in the snow for protracted periods.","Torture of prisoners who were arrested included beatings with rifle butts and whipping with lengths of electric cable, as well as forcing them to stand barefoot in the snow for protracted periods.",news,1,0,0,1,0,0,0,0,1,0,0,0,0,0,0,0,0,0,0,0,0,0,0,0,0,0,0,0,0,0,0,0,0,0,0,0
1961,MCC takes seriously its partner countries' commitment to democratic governance and the rule of law.,MCC takes seriously its partner countries' commitment to democratic governance and the rule of law.,news,0,0,0,0,0,0,0,0,0,0,0,0,0,0,0,0,0,0,0,0,0,0,0,0,0,0,0,0,0,0,0,0,0,0,0,0
1962,"He said that on 14 January, women members of the National Congress had announced the formation of a women's caucus that would mainly focus on ensuring fair representation of women on the constitutional drafting committee.","He said that on 14 January, women members of the National Congress had announced the formation of a women's caucus that would mainly focus on ensuring fair representation of women on the constitutional drafting committee.",news,0,0,0,0,0,0,0,0,0,0,0,0,0,0,0,0,0,0,0,0,0,0,0,0,0,0,0,0,0,0,0,0,0,0,0,0
1963,"The international community must also respond urgently and efficiently to the threat of a global outbreak posed by Ebola, which was engulfing some West African States.","The international community must also respond urgently and efficiently to the threat of a global outbreak posed by Ebola, which was engulfing some West African States.",news,1,0,0,1,1,0,0,0,0,0,0,0,0,0,0,0,0,0,0,0,0,0,0,0,0,0,0,0,0,0,0,0,0,0,0,0
1964,Various levels of governments have immediately launched emergency preparedness plans and taken effective measures to assist the affected population.,Various levels of governments have immediately launched emergency preparedness plans and taken effective measures to assist the affected population.,news,1,0,1,1,0,0,0,0,0,0,0,0,0,0,0,0,0,0,1,0,0,0,0,0,0,0,0,0,0,0,0,0,0,0,0,0
1965,"The fighting has taken on an ethnic dimension, with Dinka people loosely tied to Kiir fighting the Nuer, Machar's tribe.","The fighting has taken on an ethnic dimension, with Dinka people loosely tied to Kiir fighting the Nuer, Machar's tribe.",news,1,1,0,1,1,0,0,0,1,0,0,0,0,0,0,0,0,0,0,0,1,0,0,0,0,0,0,0,1,1,0,0,0,0,0,1
1966,The Office is planning to further strengthen its commitments in the near future in the area of demand reduction and treatment and the rehabilitation of drug abusers.,The Office is planning to further strengthen its commitments in the near future in the area of demand reduction and treatment and the rehabilitation of drug abusers.,news,1,0,0,0,0,0,0,0,0,0,0,0,0,0,0,0,0,0,0,0,0,0,0,0,0,0,0,0,0,0,0,0,0,0,0,0
1967,"Five more water purification units (see photo) will be sent, with the help of the Soros Foundation, and additional units will be shipped in the future.","Five more water purification units (see photo) will be sent, with the help of the Soros Foundation, and additional units will be shipped in the future.",news,1,0,0,1,0,0,0,0,0,0,1,0,0,0,0,0,0,0,0,0,0,0,0,0,0,0,0,0,0,0,0,0,0,0,0,0
1968,Pipes are being transported to affected villages by donkey convoys.,Pipes are being transported to affected villages by donkey convoys.,news,1,0,0,0,0,0,0,0,0,0,0,0,0,0,0,0,0,0,0,1,0,0,0,0,0,0,0,1,0,0,0,0,0,0,0,0
1969,Terrorist attacks or flare up of violence are considered possible especially in the view of winter coming and during Ramadan which usually shows an increase of such activities by extremist militants.,Terrorist attacks or flare up of violence are considered possible especially in the view of winter coming and during Ramadan which usually shows an increase of such activities by extremist militants.,news,1,0,0,1,0,0,0,0,1,0,0,0,0,0,0,0,0,0,0,0,0,0,0,0,0,0,0,0,0,0,0,0,0,0,0,0
1970,"Each family received food rations including vegetable seeds, blankets, plastic sheeting, hand tools, clothing and cooking utensils and several watering cans for cultivation.","Each family received food rations including vegetable seeds, blankets, plastic sheeting, hand tools, clothing and cooking utensils and several watering cans for cultivation.",news,1,0,0,1,0,0,0,0,0,0,0,1,1,1,0,0,0,0,0,0,0,0,0,1,0,0,0,0,0,0,0,0,0,0,0,0
1971,"IOM's Colombo procurement unit is in the process of procuring and delivering a range of materials needed to construct transitional accommodation units, including timber, roofing, cement, welded mesh, hard board for partitioning and door and window hard wares.","IOM's Colombo procurement unit is in the process of procuring and delivering a range of materials needed to construct transitional accommodation units, including timber, roofing, cement, welded mesh, hard board for partitioning and door and window hard wares.",news,1,0,0,1,0,0,0,0,0,0,0,0,1,0,0,0,0,0,0,0,0,0,0,0,0,0,0,0,0,0,0,0,0,0,0,0
1972,"These include support to EPI and health education, provision of relief and shelter supplies and protection of water sources and water tanking.","These include support to EPI and health education, provision of relief and shelter supplies and protection of water sources and water tanking.",news,1,0,0,1,0,0,0,0,0,0,1,0,1,0,0,0,0,0,0,0,0,0,0,0,0,0,0,0,0,0,0,0,0,0,0,0
1973,Nearly 2 million Colombians have fled their homes over the past 15 years to avoid violence linked to leftist rebels and ultra-rightist paramilitary forces.,Nearly 2 million Colombians have fled their homes over the past 15 years to avoid violence linked to leftist rebels and ultra-rightist paramilitary forces.,news,1,0,0,1,0,0,0,0,1,0,0,0,0,0,0,0,1,0,0,0,0,0,0,0,0,0,0,0,0,0,0,0,0,0,0,0
1974,"Rice is the main staple food in the country and by far the most important food crop, with an average annual production of 27 million tonnes (milled terms) grown in three cropping seasons: ""aus, ""aman"" and ""boro"".","Rice is the main staple food in the country and by far the most important food crop, with an average annual production of 27 million tonnes (milled terms) grown in three cropping seasons: ""aus, ""aman"" and ""boro"".",news,1,0,0,0,0,0,0,0,0,0,0,0,0,0,0,0,0,0,0,0,0,0,0,0,0,0,0,0,0,0,0,0,0,0,0,0
1975,"(2) as the United States engages in military action in Afghanistan, it must work to deliver assistance, particularly through overland truck convoys, and safe humanitarian access to affected populations, in partnership with humanitarian agencies in quantities sufficient to alleviate a large scale humanitarian catastrophe; and","(2) as the United States engages in military action in Afghanistan, it must work to deliver assistance, particularly through overland truck convoys, and safe humanitarian access to affected populations, in partnership with humanitarian agencies in quantities sufficient to alleviate a large scale humanitarian catastrophe; and",news,1,0,0,1,0,0,0,0,1,0,0,0,0,0,0,0,0,0,0,0,0,0,0,0,0,0,0,0,0,0,0,0,0,0,0,0
1976,The government said last week banned militant groups would not be allowed into flooded areas but a spokesman for a charity linked to the Lashkar-e-Taiba militant faction said his group had no political agenda and was still providing relief.,The government said last week banned militant groups would not be allowed into flooded areas but a spokesman for a charity linked to the Lashkar-e-Taiba militant faction said his group had no political agenda and was still providing relief.,news,1,0,0,1,0,0,0,0,1,0,0,0,0,0,0,0,0,0,0,0,0,0,0,0,0,0,0,0,1,1,0,0,0,0,0,0
1977,The ministry ordered all branches in charge of rail transportation to step up supervision of trains in operation.,The ministry ordered all branches in charge of rail transportation to step up supervision of trains in operation.,news,1,0,0,0,0,0,0,0,0,0,0,0,0,0,0,0,0,0,0,0,1,0,0,0,0,0,0,0,0,0,0,0,0,0,0,0
1978,"The port city of Beira alone has reported over 1,200 ""official"" cases of acute diarrheal disease.","The port city of Beira alone has reported over 1,200 ""official"" cases of acute diarrheal disease.",news,1,0,0,1,1,0,0,0,0,0,0,0,0,0,0,0,0,0,0,0,0,0,0,0,0,0,0,0,0,0,0,0,0,0,0,0
1979,"The storm destroyed 275,000 acres (111,288 hectares) of farmland, breached 600 irrigation canals, swept away hundreds of bridges and roads and snapped electricity supplies across wide swathes of the state.","The storm destroyed 275,000 acres (111,288 hectares) of farmland, breached 600 irrigation canals, swept away hundreds of bridges and roads and snapped electricity supplies across wide swathes of the state.",news,1,0,0,0,0,0,0,0,0,0,0,0,0,0,0,0,0,0,0,0,1,1,1,0,0,0,0,0,1,0,1,0,0,0,0,0
1980,"Self-ruled Taiwan split from mainland China in 1949 after a civil war, but Beijing still sees the island as part of its territory awaiting reunification, by force if necessary.","Self-ruled Taiwan split from mainland China in 1949 after a civil war, but Beijing still sees the island as part of its territory awaiting reunification, by force if necessary.",news,1,0,0,1,0,0,0,0,1,0,0,0,0,0,0,0,0,0,0,0,0,0,0,0,0,0,0,0,0,0,0,0,0,0,0,0
1981,"The torrential rains have caused the disruption in the local water supply system, forcing the population to drink untreated water.","The torrential rains have caused the disruption in the local water supply system, forcing the population to drink untreated water.",news,1,0,0,1,0,0,0,0,0,0,1,0,0,0,0,0,0,0,0,0,0,0,0,0,0,0,0,0,1,0,1,0,0,0,0,0
1982,"In partnership with Rural Development Project, Concern is supporting another 4000 families through providing transitional shelter kits including CGI Sheets, Tools and cash grant.","In partnership with Rural Development Project, Concern is supporting another 4000 families through providing transitional shelter kits including CGI Sheets, Tools and cash grant.",news,1,0,0,1,0,0,0,0,0,0,0,0,1,0,1,0,0,0,0,0,0,0,0,1,0,0,0,0,0,0,0,0,0,0,0,0
1983,"According to reports, five policemen have been mortally injured and three are missing out of the 53 who were stationed at the post.","According to reports, five policemen have been mortally injured and three are missing out of the 53 who were stationed at the post.",news,1,0,0,1,0,0,0,0,0,0,0,0,0,0,0,1,0,0,0,0,0,0,0,0,0,0,0,0,0,0,0,0,0,0,0,0
1984,"Each tent is 500 square feet and comes with a lighting system, air conditioning, privacy screens, air filtration systems, and portable beds.","Each tent is 500 square feet and comes with a lighting system, air conditioning, privacy screens, air filtration systems, and portable beds.",news,1,0,0,1,0,0,0,0,0,0,0,0,1,0,0,0,0,0,0,0,0,0,0,0,0,0,0,0,0,0,0,0,0,0,0,1
1985,MDC Secretary-general Welshman Ncube told the newspaper that some of the irregularities in the elections were so serious that they were not only considering the nullification of the results but the disqualification of some of the ruling ZANU-PF candidates whom they believed violated the electoral laws.,MDC Secretary-general Welshman Ncube told the newspaper that some of the irregularities in the elections were so serious that they were not only considering the nullification of the results but the disqualification of some of the ruling ZANU-PF candidates whom they believed violated the electoral laws.,news,0,0,0,0,0,0,0,0,0,0,0,0,0,0,0,0,0,0,0,0,0,0,0,0,0,0,0,0,0,0,0,0,0,0,0,0
1986,"So, community agents will will also test for and treat cases of uncomplicated malaria, rather than focusing solely on malnutrition.","So, community agents will will also test for and treat cases of uncomplicated malaria, rather than focusing solely on malnutrition.",news,1,0,0,1,1,0,0,0,0,0,0,0,0,0,0,0,0,0,0,0,0,0,0,0,0,0,0,0,0,0,0,0,0,0,0,0
1987,Many of our collaborative human and civil rights organizations will be supporting this relief effort.,Many of our collaborative human and civil rights organizations will be supporting this relief effort.,news,1,0,1,0,0,0,0,0,0,0,0,0,0,0,0,0,0,0,0,0,0,0,0,0,0,0,0,0,0,0,0,0,0,0,0,0
1988,"In addition, the beneficiaries received blankets from the ICRC while the International Federation of Red Cross and Red Crescent Societies provided around 7,000 of the poorest families with warm winter clothing.","In addition, the beneficiaries received blankets from the ICRC while the International Federation of Red Cross and Red Crescent Societies provided around 7,000 of the poorest families with warm winter clothing.",news,1,0,0,1,0,0,0,0,0,0,0,0,1,1,0,0,0,0,0,0,0,0,0,0,0,0,0,0,0,0,0,0,0,0,0,0
1989,Nargis's gale and flood knocked down almost all of Ywar Thit's 400 bamboo and thatch houses.,Nargis's gale and flood knocked down almost all of Ywar Thit's 400 bamboo and thatch houses.,news,1,0,0,0,0,0,0,0,0,0,0,0,0,0,0,0,0,0,0,0,0,0,0,0,0,0,0,0,1,1,0,0,0,0,0,0
1990,No major power or industrial installations were hit in the quake.,No major power or industrial installations were hit in the quake.,news,1,0,0,0,0,0,0,0,0,0,0,0,0,0,0,0,0,0,0,0,0,0,0,0,0,0,0,0,1,0,0,0,1,0,0,0
1991,"Thirty three villages with a population of 17,829 people were badly damaged; 3,720 cattle and horses perished, the fertile topsoil in an area of 38,780 hectares of arable land, already prepared for seeding, was washed away, and 1,327 tons of seed potatoes were destroyed.","Thirty three villages with a population of 17,829 people were badly damaged; 3,720 cattle and horses perished, the fertile topsoil in an area of 38,780 hectares of arable land, already prepared for seeding, was washed away, and 1,327 tons of seed potatoes were destroyed.",news,1,0,0,1,0,0,0,0,0,0,0,1,0,0,0,0,0,0,0,1,0,1,0,0,0,0,0,1,0,0,0,0,0,0,0,0
1992,Refugees are being placed in communal shelters and provided with hot meals for two days pending the establishment of family shelters.,Refugees are being placed in communal shelters and provided with hot meals for two days pending the establishment of family shelters.,news,1,0,0,1,0,0,0,0,0,0,0,1,1,0,0,0,1,0,0,0,0,0,0,0,0,0,0,0,0,0,0,0,0,0,0,0
1993,"Kathmandu, Nepal | AFP | Friday 5/8/2015 - 13:46 GMT Nepal's government fired a warning shot at landlords Friday, saying any property owner who tries to profit from a devastating quake that left thousands of families homeless would face legal action.","Kathmandu, Nepal | AFP | Friday 5/8/2015 - 13:46 GMT Nepal's government fired a warning shot at landlords Friday, saying any property owner who tries to profit from a devastating quake that left thousands of families homeless would face legal action.",news,1,0,0,0,0,0,0,0,0,0,0,0,0,0,0,0,0,0,0,0,0,0,0,0,0,0,0,0,1,0,0,0,1,0,0,0
1994,"In Nairobi, the rains have broken down the main telephone cable system in the central part of the city.","In Nairobi, the rains have broken down the main telephone cable system in the central part of the city.",news,1,0,0,0,0,0,0,0,0,0,0,0,0,0,0,0,0,0,0,1,0,0,1,0,0,0,0,1,1,0,1,0,0,0,0,0
1995,"It is also providing technical advisory capacity to the Government, UN agencies, bilateral agencies and NGOs on public health issues.","It is also providing technical advisory capacity to the Government, UN agencies, bilateral agencies and NGOs on public health issues.",news,1,0,0,0,0,0,0,0,0,0,0,0,0,0,0,0,0,0,0,0,0,0,0,0,0,0,0,0,0,0,0,0,0,0,0,0
1996,UNHAS currently operates 2 helicopters and 3 fixed-wing airplanes.,UNHAS currently operates 2 helicopters and 3 fixed-wing airplanes.,news,1,0,0,0,0,0,0,0,0,0,0,0,0,0,0,0,0,0,0,0,0,0,0,0,0,0,0,0,0,0,0,0,0,0,0,0
1997,QUESTION: What about the container ships?,QUESTION: What about the container ships?,news,1,0,0,0,0,0,0,0,0,0,0,0,0,0,0,0,0,0,0,0,0,0,0,0,0,0,0,0,0,0,0,0,0,0,0,0
1998,"To help stop the spread of water-borne diseases, UNICEF is distributing water purification tablets, bleaching powders and jerry cans, as well as repairing and installing wells and latrines.","To help stop the spread of water-borne diseases, UNICEF is distributing water purification tablets, bleaching powders and jerry cans, as well as repairing and installing wells and latrines.",news,1,0,0,1,1,1,0,0,0,0,1,0,0,0,0,0,0,0,1,1,0,0,0,0,0,0,0,1,0,0,0,0,0,0,0,0
1999,"Poverty, social exclusion and fundamentalist ideologies were but some of the causes fuelling today's crises, he continued.","Poverty, social exclusion and fundamentalist ideologies were but some of the causes fuelling today's crises, he continued.",news,1,0,0,0,0,0,0,0,0,0,0,0,0,0,0,0,0,0,0,0,0,0,0,0,0,0,0,0,0,0,0,0,0,0,0,0
2000,"* German Agro Action (GAA) reported that in the 6 weeks up to 15 July it had completed the distribution of ECHO food to almost 14,000 beneficiaries in the Tavildara district, as well as financing a total of 49 Food for Work micro-projects through WFP - the majority concerned with irrigation, canal cleaning and feeder road construction in the Garm district.","* German Agro Action (GAA) reported that in the 6 weeks up to 15 July it had completed the distribution of ECHO food to almost 14,000 beneficiaries in the Tavildara district, as well as financing a total of 49 Food for Work micro-projects through WFP - the majority concerned with irrigation, canal cleaning and feeder road construction in the Garm district.",news,1,0,0,1,0,0,0,0,0,0,0,1,0,0,0,0,0,0,0,0,1,0,0,0,0,0,0,0,0,0,0,0,0,0,0,0
2001,"* German Agro Action (GAA) reported that in the 6 weeks up to 15 July it had completed the distribution of ECHO food to almost 14,000 beneficiaries in the Tavildara district, as well as financing a total of 49 Food for Work micro-projects through WFP - the majority concerned with irrigation, canal cleaning and feeder road construction in the Garm district.","* German Agro Action (GAA) reported that in the 6 weeks up to 15 July it had completed the distribution of ECHO food to almost 14,000 beneficiaries in the Tavildara district, as well as financing a total of 49 Food for Work micro-projects through WFP - the majority concerned with irrigation, canal cleaning and feeder road construction in the Garm district.",news,1,0,0,1,0,0,0,0,0,0,0,1,0,0,0,0,0,0,0,0,1,0,0,0,0,0,0,0,0,0,0,0,0,0,0,0
2002,The flooding also forced thousands to evacuate homes and caused more than 385 million U.S. dollars in damage.,The flooding also forced thousands to evacuate homes and caused more than 385 million U.S. dollars in damage.,news,1,0,0,1,0,0,0,0,0,0,0,0,1,0,0,0,0,0,0,0,0,1,0,0,0,0,0,0,1,1,0,0,0,0,0,0
2003,The State Administration of Coal Mine Safety on Sunday issued an urgent circular ordering domestic coal companies to increase output while also maintaining safe operations.,The State Administration of Coal Mine Safety on Sunday issued an urgent circular ordering domestic coal companies to increase output while also maintaining safe operations.,news,0,0,0,0,0,0,0,0,0,0,0,0,0,0,0,0,0,0,0,0,0,0,0,0,0,0,0,0,0,0,0,0,0,0,0,0
2004,"Most of the students were suffering from regular illnesses such as hypo-chromatopsia, myopia, simple goiter, otitis media, colour blindness, flat foot, obesity and anemia.","Most of the students were suffering from regular illnesses such as hypo-chromatopsia, myopia, simple goiter, otitis media, colour blindness, flat foot, obesity and anemia.",news,1,0,0,0,0,0,0,0,0,0,0,0,0,0,0,0,0,0,0,0,0,0,0,0,0,0,0,0,0,0,0,0,0,0,0,0
2005,Question: There was an explosion yesterday in a café in Shahr-e Naw and there has been a robbery or abduction attempt against foreign people in the last few days.,Question: There was an explosion yesterday in a café in Shahr-e Naw and there has been a robbery or abduction attempt against foreign people in the last few days.,news,1,0,0,1,0,0,0,0,1,0,0,0,0,0,0,0,0,0,0,0,0,0,0,0,0,0,0,0,0,0,0,0,0,0,0,0
2006,"Protection issues to be covered include the construction of toilets and bathing places, and prevention against gender based violence.","Protection issues to be covered include the construction of toilets and bathing places, and prevention against gender based violence.",news,1,0,0,0,0,0,0,0,0,0,0,0,0,0,0,0,0,0,0,0,0,0,0,0,0,0,0,0,0,0,0,0,0,0,0,0
2007,"One negative impact of the establishment of peace is reflected in the prevalence of human immunodeficiency virus/acquired immunodeficiency syndrome (HIV/AIDS), estimated at 12.2 per cent by the year 2000.","One negative impact of the establishment of peace is reflected in the prevalence of human immunodeficiency virus/acquired immunodeficiency syndrome (HIV/AIDS), estimated at 12.2 per cent by the year 2000.",news,1,0,0,0,0,0,0,0,0,0,0,0,0,0,0,0,0,0,0,0,0,0,0,0,0,0,0,0,0,0,0,0,0,0,0,0
2008,"We learned a lot during the recent influenza epidemics and before that from Hurricane Mitch, floods and landslides. Alternative water sources include open canals, which may harbour chemical contamination (river salt, pesticides and fertilisers) and pathogenic microbes from uncontrolled sewage disposal. In insecure areas we have to talk to everyone, each party regardless of their political or ideological position is a stakeholder and we have to get everyone aligned around one central theme-children and their wellbeing. More than 50,000 people have received treatment - many of them for gastro-intestinal ailments - in Pakistan Red Crescent health-care units in the north-western province of Khyber Pakhtunkhwa since the start of August. The 12 illnesses covered are: malignant tumors (including leukemia); organ and stem cell transplant; acute kidney failure; aplastic anemia; benign brain tumors; acute hepatitis; sequelae of cerebritis or meningitis; infantile paralysis; serious juvenile rheumatoid arthritis; serious Kawasaki disease; Myasthenia Gravis; and insulin-dependent diabetes mellitus. Nigeria specialist Marc-Antoine Perouse de Montclos, said the Boko Haram insurgency is not an inter-religious"" conflict pitting Muslims against Christians.","We learned a lot during the recent influenza epidemics and before that from Hurricane Mitch, floods and landslides. Alternative water sources include open canals, which may harbour chemical contamination (river salt, pesticides and fertilisers) and pathogenic microbes from uncontrolled sewage disposal. In insecure areas we have to talk to everyone, each party regardless of their political or ideological position is a stakeholder and we have to get everyone aligned around one central theme-children and their wellbeing. More than 50,000 people have received treatment - many of them for gastro-intestinal ailments - in Pakistan Red Crescent health-care units in the north-western province of Khyber Pakhtunkhwa since the start of August. The 12 illnesses covered are: malignant tumors (including leukemia); organ and stem cell transplant; acute kidney failure; aplastic anemia; benign brain tumors; acute hepatitis; sequelae of cerebritis or meningitis; infantile paralysis; serious juvenile rheumatoid arthritis; serious Kawasaki disease; Myasthenia Gravis; and insulin-dependent diabetes mellitus. Nigeria specialist Marc-Antoine Perouse de Montclos, said the Boko Haram insurgency is not an inter-religious"" conflict pitting Muslims against Christians.",news,1,0,0,1,1,1,0,0,1,0,1,0,0,0,0,0,0,0,0,1,0,0,0,0,1,0,0,0,1,1,1,0,0,0,0,0
2009,"The Ministry of Finance is distributing the HUF 20 million to be provided for victims of the earthquake in Pakistan, to charity organisations, through an accelerated application procedure.","The Ministry of Finance is distributing the HUF 20 million to be provided for victims of the earthquake in Pakistan, to charity organisations, through an accelerated application procedure.",news,1,0,0,1,0,0,0,0,0,0,0,0,0,0,1,0,0,0,0,0,0,0,0,0,0,0,0,0,1,0,0,0,1,0,0,0
2010,"Kenya Red Cross Society?s assessment indicates the need for evacuation and resettlement of people, provision of tents to 3,157 households affected, relief food, river bank protection to avoid more water over flow, reconstruction of the main bridge connecting Lokori to Morulem and other centers.","Kenya Red Cross Society?s assessment indicates the need for evacuation and resettlement of people, provision of tents to 3,157 households affected, relief food, river bank protection to avoid more water over flow, reconstruction of the main bridge connecting Lokori to Morulem and other centers.",news,1,1,0,1,0,0,0,0,0,0,0,1,1,0,0,0,1,0,0,0,1,0,0,0,0,0,0,0,0,0,0,0,0,0,0,0
2011,"Flooding forced some 70,000 people to take up temporary residence in shelters.","Flooding forced some 70,000 people to take up temporary residence in shelters.",news,1,0,0,1,0,0,0,0,0,0,0,0,1,0,0,0,1,0,0,0,0,0,0,0,0,0,0,0,1,1,0,0,0,0,0,0
2012,He also condemned Israel's use of disproportionate force.,He also condemned Israel's use of disproportionate force.,news,1,1,0,1,1,0,0,0,0,0,0,0,0,0,0,0,0,0,0,0,1,0,0,0,0,0,0,0,1,1,0,0,0,0,0,1
2013,"Located on the Eastern coast of Japan, the six nuclear power reactors at Daiichi are boiling water reactors (BWRs).","Located on the Eastern coast of Japan, the six nuclear power reactors at Daiichi are boiling water reactors (BWRs).",news,0,0,0,0,0,0,0,0,0,0,0,0,0,0,0,0,0,0,0,0,0,0,0,0,0,0,0,0,0,0,0,0,0,0,0,0
2014,"UNICEF has already provided basic facilities such as tents, prefabricated rooms, toys, books, sanitation equipment and the like to local partners to aid in the set up of child-friendly spaces inside relocation communities.","UNICEF has already provided basic facilities such as tents, prefabricated rooms, toys, books, sanitation equipment and the like to local partners to aid in the set up of child-friendly spaces inside relocation communities.",news,1,0,0,1,0,1,0,0,0,0,0,0,1,0,0,0,0,0,0,0,0,0,0,0,0,0,0,0,0,0,0,0,0,0,0,0
2015,"The outbreak is attributed to poor hygiene and improper sewerage that have led to the contamination of water and food with the cholera bacterium, Vibrio cholerae.","The outbreak is attributed to poor hygiene and improper sewerage that have led to the contamination of water and food with the cholera bacterium, Vibrio cholerae.",news,1,0,0,1,0,1,0,0,0,0,1,1,0,0,0,0,0,0,0,0,0,0,0,0,0,0,0,0,0,0,0,0,0,0,0,0
2016,Water testing laboratory kits have been sent to all of the six WHO field offices and are focusing on faecal contamination of drinking water.,Water testing laboratory kits have been sent to all of the six WHO field offices and are focusing on faecal contamination of drinking water.,news,1,0,0,1,0,0,0,0,0,0,1,0,0,0,0,0,0,0,0,0,0,0,0,0,0,0,0,0,0,0,0,0,0,0,0,0
2017,"On 2 February, a mortar attack hit Taleh, killing four people and wounding dozens of others.","On 2 February, a mortar attack hit Taleh, killing four people and wounding dozens of others.",news,1,0,0,1,0,0,0,1,1,0,0,0,0,0,0,0,0,1,1,0,0,0,0,0,0,0,0,0,0,0,0,0,0,0,0,0
2018,"Yet the Burmese military junta, fearing that contact between their isolated people and the outside world would expose its tyrannical rule and threaten it grip on power, is still refusing to allow in UN officials and relief workers from NGOs who come to help the Burmese people from all over the world.","Yet the Burmese military junta, fearing that contact between their isolated people and the outside world would expose its tyrannical rule and threaten it grip on power, is still refusing to allow in UN officials and relief workers from NGOs who come to help the Burmese people from all over the world.",news,1,0,0,0,0,0,0,0,0,0,0,0,0,0,0,0,0,0,0,0,0,0,0,0,0,0,0,0,0,0,0,0,0,0,0,1
2019,The roar of a chainsaw from across the road and the continuous zoom of traffic provided the backdrop.,The roar of a chainsaw from across the road and the continuous zoom of traffic provided the backdrop.,news,0,0,0,0,0,0,0,0,0,0,0,0,0,0,0,0,0,0,0,0,0,0,0,0,0,0,0,0,0,0,0,0,0,0,0,0
2020,Three local IOM staff and the driver fled the car and were given refuge by a clergyman.,Three local IOM staff and the driver fled the car and were given refuge by a clergyman.,news,1,0,0,0,0,0,0,0,0,0,0,0,0,0,0,0,0,0,0,0,0,0,0,0,0,0,0,0,0,0,0,0,0,0,0,0
2021,"On 17 September, 2014, two China-chartered airplanes carrying a China Center for Disease Control and prevention (CDC) laboratory team and a China-aided mobile laboratory arrived at Lungi International Airport of Sierra Leone.","On 17 September, 2014, two China-chartered airplanes carrying a China Center for Disease Control and prevention (CDC) laboratory team and a China-aided mobile laboratory arrived at Lungi International Airport of Sierra Leone.",news,1,0,0,0,0,0,0,0,0,0,0,0,0,0,0,0,0,0,0,0,0,0,0,0,0,0,0,0,0,0,0,0,0,0,0,0
2022,"But charcoal production is, no less than wildfire, an efficient and evil tree killer.","But charcoal production is, no less than wildfire, an efficient and evil tree killer.",news,1,0,0,0,0,0,0,0,0,0,0,0,0,0,0,0,0,0,0,0,0,0,0,0,0,0,0,0,1,0,0,1,0,0,0,0
2023,"Indonesia has been hit by a series of extremist attacks, notably the Bali bombings in October 2002 which killed 202 people, including 88 Australians.","Indonesia has been hit by a series of extremist attacks, notably the Bali bombings in October 2002 which killed 202 people, including 88 Australians.",news,1,0,0,1,0,0,0,0,1,0,0,0,0,0,0,0,0,1,0,0,0,0,0,0,0,0,0,0,0,0,0,0,0,0,0,0
2024,"In terms of health, stagnant water remains a problem, as it leads to waterborne diseases or allows malarial mosquitoes to breed.","In terms of health, stagnant water remains a problem, as it leads to waterborne diseases or allows malarial mosquitoes to breed.",news,1,0,0,0,0,0,0,0,0,0,0,0,0,0,0,0,0,0,0,0,0,0,0,0,0,0,0,0,0,0,0,0,0,0,0,0
2025,"The program also plans to provide clean water by digging 21 new boreholes and four open hand-dug wells; rehabilitating five hand-dug wells, and maintaining water supply systems and 69 hand pumps through trained community pump mechanics and water committees; and replacing five diesel motorized water systems with solar powered systems.","The program also plans to provide clean water by digging 21 new boreholes and four open hand-dug wells; rehabilitating five hand-dug wells, and maintaining water supply systems and 69 hand pumps through trained community pump mechanics and water committees; and replacing five diesel motorized water systems with solar powered systems.",news,1,0,0,1,0,0,0,0,0,0,1,0,0,0,0,0,0,0,0,0,0,0,0,0,0,0,0,0,0,0,0,0,0,0,0,0
2026,This mission is brought to life today through a focus on two key issues - breast cancer and domestic violence - as well as efforts in response to disasters and emergency events.,This mission is brought to life today through a focus on two key issues - breast cancer and domestic violence - as well as efforts in response to disasters and emergency events.,news,1,0,0,1,1,0,0,0,0,0,0,0,0,0,0,0,0,0,0,0,0,0,0,0,0,0,0,0,0,0,0,0,0,0,0,0
2027,"The state has barred independent reporters from entering the war zone, and threatened to detain and prosecute anyone who publishes ""sensitive information"" that could incite mutiny under the current state of emergency.","The state has barred independent reporters from entering the war zone, and threatened to detain and prosecute anyone who publishes ""sensitive information"" that could incite mutiny under the current state of emergency.",news,1,0,0,1,0,0,0,0,1,0,0,0,0,0,0,0,0,0,0,0,0,0,0,0,0,0,0,0,0,0,0,0,0,0,0,0
2028,"Accounts of the number of killings and precise burial sites vary, but the killings appear to have been large-scale and are reported to have taken place near the Rubatak Pass, along the road from Mazar-i-Sharif to Pul-i-Khumri.","Accounts of the number of killings and precise burial sites vary, but the killings appear to have been large-scale and are reported to have taken place near the Rubatak Pass, along the road from Mazar-i-Sharif to Pul-i-Khumri.",news,1,0,0,1,0,0,0,0,0,0,0,0,0,0,0,0,0,1,0,0,0,0,0,0,0,0,0,0,0,0,0,0,0,0,0,1
2029,WHO and the Food and Agriculture Organization (FAO) report that there is no evidence that fish- and seafood-borne illnesses have increased in Asian countries affected by the tsunami.,WHO and the Food and Agriculture Organization (FAO) report that there is no evidence that fish- and seafood-borne illnesses have increased in Asian countries affected by the tsunami.,news,1,0,0,0,0,0,0,0,0,0,0,0,0,0,0,0,0,0,0,0,0,0,0,0,0,0,0,0,1,1,0,0,0,0,1,0
2030,Zimbabwe veterans leading the land invasions insisted on Monday that they would not vacate the white-owned farms despite calls by a cabinet minister to allow an orderly land redistribution exercise.,Zimbabwe veterans leading the land invasions insisted on Monday that they would not vacate the white-owned farms despite calls by a cabinet minister to allow an orderly land redistribution exercise.,news,1,0,0,0,0,0,0,0,0,0,0,0,0,0,0,0,0,0,0,0,0,0,0,0,0,0,0,0,0,0,0,0,0,0,0,0
2031,"The sewer water is gushing out of manholes in many areas of the city, which has a population of more than 10 million people.","The sewer water is gushing out of manholes in many areas of the city, which has a population of more than 10 million people.",news,1,1,0,0,0,0,0,0,0,0,0,0,0,0,0,0,0,0,0,0,0,0,0,0,0,0,0,0,0,0,0,0,0,0,0,1
2032,Flood victims in Assam sought refuge atop mud-and-straw huts and clambered onto mud embankments and high-lying ground.,Flood victims in Assam sought refuge atop mud-and-straw huts and clambered onto mud embankments and high-lying ground.,news,1,0,0,1,0,0,0,0,0,0,0,0,1,0,0,0,0,0,0,0,0,0,0,0,0,0,0,0,1,1,0,0,0,0,0,0
2033,"And in that light, he deeply regretted senseless acts of violence against United Nations staff and the recent bombing of the world body's offices in Kandahar.","And in that light, he deeply regretted senseless acts of violence against United Nations staff and the recent bombing of the world body's offices in Kandahar.",news,1,0,0,1,0,0,0,0,1,0,0,0,0,0,0,0,0,0,0,0,0,0,0,0,0,0,0,0,0,0,0,0,0,0,0,0
2034,"TEPCO did not take precautionary measures in anticipation that a severe accident could be caused by (a) tsunami such as the one (that) hit.. Neither did the regulatory authorities, the report said.","TEPCO did not take precautionary measures in anticipation that a severe accident could be caused by (a) tsunami such as the one (that) hit.. Neither did the regulatory authorities, the report said.",news,1,0,0,0,0,0,0,0,0,0,0,0,0,0,0,0,0,0,0,0,0,0,0,0,0,0,0,0,1,1,1,0,0,0,1,0
2035,"Still, an expected onslaught of additional medical needs in the tsunamis' wake (e.g., increased water-borne disease and psychological illness) will require still more resources.","Still, an expected onslaught of additional medical needs in the tsunamis' wake (e.g., increased water-borne disease and psychological illness) will require still more resources.",news,1,1,0,1,1,1,0,0,0,0,0,0,0,0,0,0,0,0,0,0,0,0,0,0,0,0,0,0,1,1,0,0,1,0,0,0
2036,3) Co-ordinating humanitarian efforts: overall international humanitarian coalition = UN + Red Cross + NGOs with support of donors.,3) Co-ordinating humanitarian efforts: overall international humanitarian coalition = UN + Red Cross + NGOs with support of donors.,news,1,0,1,0,0,0,0,0,0,0,0,0,0,0,0,0,0,0,0,0,0,0,0,0,0,0,0,0,0,0,0,0,0,0,0,0
2037,"Rwanda and Uganda have already started withdrawing from the eastern Congolese diamond city of Kisangani, where fierce clashes broke out between the two former allies earlier this month.","Rwanda and Uganda have already started withdrawing from the eastern Congolese diamond city of Kisangani, where fierce clashes broke out between the two former allies earlier this month.",news,1,0,0,1,0,0,0,0,1,0,0,0,0,0,0,0,0,0,0,0,0,0,0,0,0,0,0,0,0,0,0,0,0,0,0,0
2038,(5) promotion of earthquake resistant houses for reconstruction,(5) promotion of earthquake resistant houses for reconstruction,news,1,0,0,0,0,0,0,0,0,0,0,0,0,0,0,0,0,0,0,0,0,0,0,0,0,0,0,0,1,0,0,0,1,0,0,0
2039,"They receive free transport from Iran to Herat, where they receive a $10 travel grant, a tarpaulin, blankets, stoves, hygienic supplies, tools and 150 kilograms of WFP wheat.","They receive free transport from Iran to Herat, where they receive a $10 travel grant, a tarpaulin, blankets, stoves, hygienic supplies, tools and 150 kilograms of WFP wheat.",news,1,0,1,1,0,1,0,0,0,0,0,1,1,0,1,0,0,0,0,0,0,0,0,0,0,0,0,0,0,0,0,0,0,0,0,0
2040,There is widespread opposition in Papua to the division of the province.,There is widespread opposition in Papua to the division of the province.,news,0,0,0,0,0,0,0,0,0,0,0,0,0,0,0,0,0,0,0,0,0,0,0,0,0,0,0,0,0,0,0,0,0,0,0,0
2041,The Measles & Rubella Initiative is committed to ensuring that no child dies from measles or is born with congenital rubella syndrome; reducing measles deaths by 95% by 2015; and achieving measles and rubella elimination in at least five WHO regions by 2020.,The Measles & Rubella Initiative is committed to ensuring that no child dies from measles or is born with congenital rubella syndrome; reducing measles deaths by 95% by 2015; and achieving measles and rubella elimination in at least five WHO regions by 2020.,news,1,0,0,1,1,0,0,0,0,0,0,0,0,0,0,0,0,1,0,0,0,0,0,0,0,0,0,0,0,0,0,0,0,0,0,0
2042,Villages like Yamale have been the target of unremitting violence at the hands of armed groups and lawless gangs.,Villages like Yamale have been the target of unremitting violence at the hands of armed groups and lawless gangs.,news,1,0,0,1,0,0,0,1,1,0,0,0,0,0,0,0,0,0,0,0,0,0,0,0,0,0,0,0,0,0,0,0,0,0,0,0
2043,"They have suffered from many different diseases, especially digestive ailments such as diarrhoea, due to contaminated water.","They have suffered from many different diseases, especially digestive ailments such as diarrhoea, due to contaminated water.",news,1,0,0,1,1,0,0,0,0,0,1,0,0,0,0,0,0,0,0,0,0,0,0,0,0,0,0,0,0,0,0,0,0,0,0,0
2044,"Residents have taken shelter in mosques, schools, local government offices and even in cemeteries after their homes were inundated by up to three meters (10 feet) of dirty brown water.","Residents have taken shelter in mosques, schools, local government offices and even in cemeteries after their homes were inundated by up to three meters (10 feet) of dirty brown water.",news,1,0,0,1,0,0,0,0,0,0,0,0,1,0,0,0,0,0,0,0,0,0,0,0,0,0,0,0,1,1,0,0,0,0,0,0
2045,"- 'Sweat and toil' - Before Wednesday's all-night vote in Lagos, the man famous for his ""War Against Indiscipline"" put integrity at the heart of his campaign as he promised not to rule Nigeria but to govern democratically.","- 'Sweat and toil' - Before Wednesday's all-night vote in Lagos, the man famous for his ""War Against Indiscipline"" put integrity at the heart of his campaign as he promised not to rule Nigeria but to govern democratically.",news,1,0,0,0,0,0,0,0,0,0,0,0,0,0,0,0,0,0,0,0,0,0,0,0,0,0,0,0,0,0,0,0,0,0,0,0
2046,"The government said over 2,000 medical teams were trying to contain the spread of diseases such as diarrhoea, amid reports that hundreds of people have fallen ill after drinking floodwater or eating rotten food.","The government said over 2,000 medical teams were trying to contain the spread of diseases such as diarrhoea, amid reports that hundreds of people have fallen ill after drinking floodwater or eating rotten food.",news,1,0,0,1,1,1,0,0,0,0,1,1,0,0,0,0,0,0,0,0,0,0,0,0,0,0,0,0,1,1,0,0,0,0,0,0
2047,"The health situation is described as worrying with many people suffering from malaria, fever chills and diarrhoea.","The health situation is described as worrying with many people suffering from malaria, fever chills and diarrhoea.",news,1,0,0,1,1,0,0,0,0,0,0,0,0,0,0,0,0,0,0,0,0,0,0,0,0,0,0,0,0,0,0,0,0,0,0,0
2048,"Peat consists of dense organic materials accumulated in lowland areas for 7,000 years or more and may be as much as 7 meters deep.","Peat consists of dense organic materials accumulated in lowland areas for 7,000 years or more and may be as much as 7 meters deep.",news,0,0,0,0,0,0,0,0,0,0,0,0,0,0,0,0,0,0,0,0,0,0,0,0,0,0,0,0,0,0,0,0,0,0,0,0
2049,"Many of the newer arrivals view Sudan as a transit country, continuing north with the goal of reaching Europe or Israel.","Many of the newer arrivals view Sudan as a transit country, continuing north with the goal of reaching Europe or Israel.",news,1,0,0,0,0,0,0,0,0,0,0,0,0,0,0,0,0,0,0,0,0,0,0,0,0,0,0,0,0,0,0,0,0,0,0,0
2050,"To date, the United Nations Central Emergency Response Fund (CERF) has disbursed a total of $14.7 million in support of life-saving activities in the cyclone-affected areas of Bangladesh, while international donors generously contributed over $155 million.","To date, the United Nations Central Emergency Response Fund (CERF) has disbursed a total of $14.7 million in support of life-saving activities in the cyclone-affected areas of Bangladesh, while international donors generously contributed over $155 million.",news,1,0,0,1,0,0,0,0,0,0,0,0,0,0,1,0,0,0,0,0,0,0,0,0,0,0,0,0,0,0,0,0,0,0,0,0
2051,"In the Central and West Asia and North Africa (CWANA) region, ICARDA is responsible for the improvement of durum and bread wheat, chickpea, pasture and forage legumes and farming systems; and for the protection and enhancement of the natural resource base of water, land, and biodiversity.","In the Central and West Asia and North Africa (CWANA) region, ICARDA is responsible for the improvement of durum and bread wheat, chickpea, pasture and forage legumes and farming systems; and for the protection and enhancement of the natural resource base of water, land, and biodiversity.",news,1,0,1,0,0,0,0,0,0,0,0,0,0,0,0,0,0,0,0,0,0,0,0,0,0,0,0,0,0,0,0,0,0,0,0,0
2052,"Aside from the residential area, the flooding also affected major thoroughfares in Samarinda at a depth of 20 to 50 centimeters.","Aside from the residential area, the flooding also affected major thoroughfares in Samarinda at a depth of 20 to 50 centimeters.",news,1,0,0,0,0,0,0,0,0,0,0,0,0,0,0,0,0,0,0,0,1,0,0,0,0,0,0,0,1,1,0,0,0,0,0,0
2053,"The local production of enriched foods under the WFP-scheme has not reached its full potential, mainly due to difficulties in the supply of energy and packaging materials, and logistic problems typical for the DPRK industrial environment.","The local production of enriched foods under the WFP-scheme has not reached its full potential, mainly due to difficulties in the supply of energy and packaging materials, and logistic problems typical for the DPRK industrial environment.",news,1,0,0,0,0,0,0,0,0,0,0,0,0,0,0,0,0,0,0,0,0,0,0,0,0,0,0,0,0,0,0,0,0,0,0,0
2054,"In the second distribution, 40 kgs of wheat or barley seeds were distributed to each household instead of 62.5 kgs - the amount needed for 0.5 hectare.","In the second distribution, 40 kgs of wheat or barley seeds were distributed to each household instead of 62.5 kgs - the amount needed for 0.5 hectare.",news,1,0,0,1,0,0,0,0,0,0,0,1,0,0,0,0,0,0,0,0,0,0,0,0,0,0,0,0,0,0,0,0,0,0,0,0
2055,"Paris, France | AFP | Wednesday 4/22/2015 - 17:00 GMT An experimental drug saved the lives of monkeys infected with the Ebola virus strain responsible for the current west African outbreak, according to test results published Wednesday.","Paris, France | AFP | Wednesday 4/22/2015 - 17:00 GMT An experimental drug saved the lives of monkeys infected with the Ebola virus strain responsible for the current west African outbreak, according to test results published Wednesday.",news,1,0,0,1,1,0,0,0,0,0,0,0,0,0,0,0,0,0,0,0,0,0,0,0,0,0,0,0,0,0,0,0,0,0,0,0
2056,Families are being housed in more than 600 temporary evacuation centres established by the government in 11 districts across the island.,Families are being housed in more than 600 temporary evacuation centres established by the government in 11 districts across the island.,news,1,0,0,1,0,0,0,0,0,0,0,0,1,0,0,0,0,0,0,0,0,0,0,0,0,0,0,0,0,0,0,0,0,0,0,0
2057,"The Jakarta Post reported that TNI personnel shot 10 Papuan rebels in a predawn raid on Wednesday (5 Nov.) in Jayawijaya district, about 650 kilometers west of Jayapura, the capital of Papua.","The Jakarta Post reported that TNI personnel shot 10 Papuan rebels in a predawn raid on Wednesday (5 Nov.) in Jayawijaya district, about 650 kilometers west of Jayapura, the capital of Papua.",news,1,0,0,1,0,0,0,0,1,0,0,0,0,0,0,0,0,0,0,0,0,0,0,0,0,0,0,0,0,0,0,0,0,0,0,0
2058,"By encouraging community participation, providing technical training, and helping residents establish community organizations equipped to both manage the new infrastructure and designate ""caretakers"" trained in hand pump installation and repair, efficient operation and maintenance of the new systems is assured for generations to come.","By encouraging community participation, providing technical training, and helping residents establish community organizations equipped to both manage the new infrastructure and designate ""caretakers"" trained in hand pump installation and repair, efficient operation and maintenance of the new systems is assured for generations to come.",news,1,0,0,0,0,0,0,0,0,0,0,0,0,0,0,0,0,0,0,0,0,0,0,0,0,0,0,0,0,0,0,0,0,0,0,0
2059,"The food items comprising mainly of rice, milo, biscuits, noodles, milk, mineral water and canned tuna are part of the 1,500 tonnes of relief items that the Singapore Red Cross had sent via a barge to Nias on Monday, 4 April.","The food items comprising mainly of rice, milo, biscuits, noodles, milk, mineral water and canned tuna are part of the 1,500 tonnes of relief items that the Singapore Red Cross had sent via a barge to Nias on Monday, 4 April.",news,1,0,1,1,0,0,0,0,0,0,0,1,0,0,0,0,0,0,0,0,0,0,0,0,0,0,0,0,0,0,0,0,0,0,0,0
2060,"As the drought was expected to continue worsening, it was also essential to plan long-term strategies  -  including more sustainable methods of harvesting rainwater and plans to improve access to basic health services, she said, adding that Secretary-General Ban Ki-moon had called an interagency meeting, to be held on 12 July, to assess the United Nations response to the crisis in the Horn of Africa.","As the drought was expected to continue worsening, it was also essential to plan long-term strategies  -  including more sustainable methods of harvesting rainwater and plans to improve access to basic health services, she said, adding that Secretary-General Ban Ki-moon had called an interagency meeting, to be held on 12 July, to assess the United Nations response to the crisis in the Horn of Africa.",news,1,0,0,0,0,0,0,0,0,0,0,0,0,0,0,0,0,0,0,0,0,0,0,0,0,0,0,0,1,0,1,0,0,0,1,0
2061,"To date, authorities have listed 190 Fukushima workers as victims of radiation sickness, the most acute form of radiation exposure that results in damage to multiple organ systems, skin burns, and usually a slow deterioration and death.","To date, authorities have listed 190 Fukushima workers as victims of radiation sickness, the most acute form of radiation exposure that results in damage to multiple organ systems, skin burns, and usually a slow deterioration and death.",news,1,0,0,1,0,0,0,0,0,0,0,0,0,0,0,0,0,1,0,0,0,0,0,0,0,0,0,0,0,0,0,0,0,0,0,0
2062,"The health of the refugees is of particular concern to us, since the fumes spewed out, with the ash from the volcano, are sulfuric in content and could cause acute respiratory tract infections. It is this contaminated water that has raised fears of more waterborne disease outbreaks. By March 2003, the cereal pipeline will break affecting food aid distribution around the country without further urgent donor contributions. A joint taskforce consisting of 3 FACT members, 1 RDRT member and key National Society staff members was created to coordinate and support the Red Cross assistance to the most vulnerable . UNICEF is working with the local education authorities to finalise the distribution plan for education supplies expected to arrive in the coming days, including tents to serve as temporary learning facilities. The government is bolstering its electoral strategy ahead of the 2015 or 2020 presidential polls.","The health of the refugees is of particular concern to us, since the fumes spewed out, with the ash from the volcano, are sulfuric in content and could cause acute respiratory tract infections. It is this contaminated water that has raised fears of more waterborne disease outbreaks. By March 2003, the cereal pipeline will break affecting food aid distribution around the country without further urgent donor contributions. A joint taskforce consisting of 3 FACT members, 1 RDRT member and key National Society staff members was created to coordinate and support the Red Cross assistance to the most vulnerable . UNICEF is working with the local education authorities to finalise the distribution plan for education supplies expected to arrive in the coming days, including tents to serve as temporary learning facilities. The government is bolstering its electoral strategy ahead of the 2015 or 2020 presidential polls.",news,1,0,0,1,1,0,0,0,0,0,0,1,0,0,0,0,0,0,0,0,0,0,0,0,0,0,0,0,0,0,0,0,0,0,0,0
2063,"The plan would violate refugees' free movement rights and would almost certainly involve the unlawful forced eviction of tens of thousands of refugees from their lodgings in the cities, Human Rights Watch said.","The plan would violate refugees' free movement rights and would almost certainly involve the unlawful forced eviction of tens of thousands of refugees from their lodgings in the cities, Human Rights Watch said.",news,1,0,0,1,0,0,0,0,0,0,0,0,1,0,0,0,1,0,0,0,0,0,0,0,0,0,0,0,0,0,0,0,0,0,0,0
2064,"Suffering from acute appendicitis, a man requires immediate medical attention, available only in Muzaffarabad where a string of field hospitals have been established.","Suffering from acute appendicitis, a man requires immediate medical attention, available only in Muzaffarabad where a string of field hospitals have been established.",news,1,1,0,1,1,0,0,0,0,0,0,0,0,0,0,0,0,0,0,0,0,0,0,0,0,0,0,0,0,0,0,0,0,0,0,0
2065,"Six medical doctors participated in overseas training on most recent practices in reproductive health including essential obstetric care, management of complications in deliveries, various contraceptive methods, family planning counselling, prevention and treatment of reproductive tract infections as well as sexually transmitted infections.","Six medical doctors participated in overseas training on most recent practices in reproductive health including essential obstetric care, management of complications in deliveries, various contraceptive methods, family planning counselling, prevention and treatment of reproductive tract infections as well as sexually transmitted infections.",news,1,0,0,1,1,0,0,0,0,0,0,0,0,0,0,0,0,0,0,0,0,0,0,0,0,0,0,0,0,0,0,0,0,0,0,0
2066,ACTED site team is distributing the heating materials immediately as they are arriving on site.,ACTED site team is distributing the heating materials immediately as they are arriving on site.,news,1,0,0,1,0,0,0,0,0,0,0,0,0,0,0,0,0,0,1,0,0,0,0,0,0,0,0,0,0,0,0,0,0,0,0,0
2067,"Jean Harman | Peace Corps | For 50 years, Peace Corps volunteers have worked side by side with rural communities to promote sustainable agriculture and infant and young child nutrition.","Jean Harman | Peace Corps | For 50 years, Peace Corps volunteers have worked side by side with rural communities to promote sustainable agriculture and infant and young child nutrition.",news,1,0,0,0,0,0,0,0,0,0,0,0,0,0,0,0,0,0,0,0,0,0,0,0,0,0,0,0,0,0,0,0,0,0,0,0
2068,"Under Zimbabwean law, Mugabe has unrestricted powers to appoint judges or to expand the size of the bench.","Under Zimbabwean law, Mugabe has unrestricted powers to appoint judges or to expand the size of the bench.",news,0,0,0,0,0,0,0,0,0,0,0,0,0,0,0,0,0,0,0,0,0,0,0,0,0,0,0,0,0,0,0,0,0,0,0,0
2069,MG: About 60 percent of contaminated land has been cleared of mines so far in Afghanistan.,MG: About 60 percent of contaminated land has been cleared of mines so far in Afghanistan.,news,1,0,0,0,0,0,0,0,0,0,0,0,0,0,0,0,0,0,0,0,0,0,0,0,0,0,0,0,0,0,0,0,0,0,0,0
2070,"Air Serv are based in Sabang, operating 7 helicopters 2 x Hueys capable of carrying underslung loads, and 5 x smaller helos capable of carrying up to 14 pax.","Air Serv are based in Sabang, operating 7 helicopters 2 x Hueys capable of carrying underslung loads, and 5 x smaller helos capable of carrying up to 14 pax.",news,1,0,1,1,0,0,1,0,0,0,0,0,0,0,0,0,0,0,0,0,0,0,0,0,0,0,0,0,0,0,0,0,0,0,0,0
2071,"Its Constituent Assembly of 601 members, elected through a mixed-proportional system, was writing a new, democratic republican Constitution.","Its Constituent Assembly of 601 members, elected through a mixed-proportional system, was writing a new, democratic republican Constitution.",news,0,0,0,0,0,0,0,0,0,0,0,0,0,0,0,0,0,0,0,0,0,0,0,0,0,0,0,0,0,0,0,0,0,0,0,0
2072,"Diplomatic observers interviewed by Human Rights Watch in Afghanistan and Pakistan in July and October 2000 have also reported that Pakistani aircraft assisted with troop rotations for Taliban forces during combat operations in late 2000, and senior members of its intelligence agency and army were involved in planning military operations.","Diplomatic observers interviewed by Human Rights Watch in Afghanistan and Pakistan in July and October 2000 have also reported that Pakistani aircraft assisted with troop rotations for Taliban forces during combat operations in late 2000, and senior members of its intelligence agency and army were involved in planning military operations.",news,1,0,0,1,0,0,0,0,1,0,0,0,0,0,0,0,0,0,0,0,0,0,0,0,0,0,0,0,0,0,0,0,0,0,0,0
2073,The constitution referendum which is scheduled for coming Saturday will take place in those areas declared as non emergency areas.,The constitution referendum which is scheduled for coming Saturday will take place in those areas declared as non emergency areas.,news,0,0,0,0,0,0,0,0,0,0,0,0,0,0,0,0,0,0,0,0,0,0,0,0,0,0,0,0,0,0,0,0,0,0,0,0
2074,"A drainage system has been constructed for the Lamlhoong Temporary Living Centers, and four permanent garbage containers were built for the Lhoong market.","A drainage system has been constructed for the Lamlhoong Temporary Living Centers, and four permanent garbage containers were built for the Lhoong market.",news,1,0,0,0,0,0,0,0,0,0,0,0,0,0,0,0,0,0,0,0,0,0,0,0,0,0,0,0,0,0,0,0,0,0,0,0
2075,"Working together with the Canadian Red Cross, the American Red Cross is providing water supplies and environmentally safe sanitation systems to more than 1,100 households in Kajhu, including Ismet's.","Working together with the Canadian Red Cross, the American Red Cross is providing water supplies and environmentally safe sanitation systems to more than 1,100 households in Kajhu, including Ismet's.",news,1,0,1,1,0,0,0,0,0,0,1,0,0,0,0,0,0,0,1,0,0,0,0,0,0,0,0,0,0,0,0,0,0,0,0,0
2076,Buhari's All Progressives Congress (APC) supports the new system as a means of curbing the voter fraud that has marred previous elections.,Buhari's All Progressives Congress (APC) supports the new system as a means of curbing the voter fraud that has marred previous elections.,news,0,0,0,0,0,0,0,0,0,0,0,0,0,0,0,0,0,0,0,0,0,0,0,0,0,0,0,0,0,0,0,0,0,0,0,0
2077,Only 64 rural telephone exchanges are now out of order.,Only 64 rural telephone exchanges are now out of order.,news,1,0,0,0,0,0,0,0,0,0,0,0,0,0,0,0,0,0,0,0,0,0,0,0,0,0,0,0,0,0,0,0,0,0,0,0
2078,A survey to provide baseline mortality data is underway and will be reported in mid-September.,A survey to provide baseline mortality data is underway and will be reported in mid-September.,news,0,0,0,0,0,0,0,0,0,0,0,0,0,0,0,0,0,0,0,0,0,0,0,0,0,0,0,0,0,0,0,0,0,0,0,0
2079,A simpler and quicker solution would be for the government to authorize limited and carefully supervised logging of the plentiful timber throughout Aceh's mountainous hinterland.,A simpler and quicker solution would be for the government to authorize limited and carefully supervised logging of the plentiful timber throughout Aceh's mountainous hinterland.,news,0,0,0,0,0,0,0,0,0,0,0,0,0,0,0,0,0,0,0,0,0,0,0,0,0,0,0,0,0,0,0,0,0,0,0,0
2080,"Pungent smell from open sewer, clogged drains, filthy water and broken roads have all together made it virtually impossible for a quick return, he said.","Pungent smell from open sewer, clogged drains, filthy water and broken roads have all together made it virtually impossible for a quick return, he said.",news,1,0,0,0,0,0,0,0,0,0,0,0,0,0,0,0,0,0,0,0,1,0,0,0,0,0,0,0,0,0,0,0,0,0,0,0
2081,"VIRGINIA BEACH, VA (May 15, 2008) - When Cyclone Nargis roared into Myanmar, it obliterated most of the region's electricity supply, with downed wires everywhere.","VIRGINIA BEACH, VA (May 15, 2008) - When Cyclone Nargis roared into Myanmar, it obliterated most of the region's electricity supply, with downed wires everywhere.",news,1,0,0,0,0,0,0,0,0,0,0,0,0,0,0,0,0,0,0,0,0,0,1,0,0,0,0,0,1,0,1,0,0,0,0,0
2082,"As the WHO noted in times of severe flooding, epidemics of water-borne illnesses, such as cholera and shigella dysentery, have been fairly uncommon.","As the WHO noted in times of severe flooding, epidemics of water-borne illnesses, such as cholera and shigella dysentery, have been fairly uncommon.",news,1,0,0,1,1,0,0,0,0,0,1,0,0,0,0,0,0,0,0,0,0,0,0,0,0,0,0,0,1,1,0,0,0,0,0,0
2083,"Emergency management services warn that flooding will begin in July and the destruction could be swift, especially in city slums that are poorly planned with drainage pipes that are often blocked with trash.","Emergency management services warn that flooding will begin in July and the destruction could be swift, especially in city slums that are poorly planned with drainage pipes that are often blocked with trash.",news,1,0,0,0,0,0,0,0,0,0,0,0,0,0,0,0,0,0,0,0,0,0,0,0,0,0,0,0,1,1,0,0,0,0,0,0
2084,Six thousand families will be given tents by Caritas Pakistan until they can find more permanent accommodation.,Six thousand families will be given tents by Caritas Pakistan until they can find more permanent accommodation.,news,1,0,0,1,0,0,0,0,0,0,0,0,1,0,0,0,0,0,0,0,0,0,0,0,0,0,0,0,0,0,0,0,0,0,0,0
2085,**June 2002**: Amadou Toumani Traoré elected president despite having previously ruled out a political comeback.,**June 2002**: Amadou Toumani Traoré elected president despite having previously ruled out a political comeback.,news,1,0,0,0,0,0,0,0,0,0,0,0,0,0,0,0,0,0,0,0,0,0,0,0,0,0,0,0,0,0,0,0,0,0,0,0
2086,"The new Asia Bureau is the last step in a major decentralization of the food aid agency, which is shifting headquarters staff in Rome to four new regional bureaus, including three in Africa.","The new Asia Bureau is the last step in a major decentralization of the food aid agency, which is shifting headquarters staff in Rome to four new regional bureaus, including three in Africa.",news,1,0,0,0,0,0,0,0,0,0,0,0,0,0,0,0,0,0,0,0,0,0,0,0,0,0,0,0,0,0,0,0,0,0,0,0
2087,"Excreta have found their way into drinking water leading to high level of pollution, the spokesman said, requesting the public to drink boiled water only and desist from consuming raw vegetables especially leafy vegetables for some time to prevent the spread of such diseases.","Excreta have found their way into drinking water leading to high level of pollution, the spokesman said, requesting the public to drink boiled water only and desist from consuming raw vegetables especially leafy vegetables for some time to prevent the spread of such diseases.",news,1,0,0,1,0,0,0,0,0,0,1,1,0,0,0,0,0,0,0,0,0,0,0,0,0,0,0,0,0,0,0,0,0,0,0,0
2088,"The kits include corrugated sheeting, insulation materials, wood burning stoves, wire mesh and tools.","The kits include corrugated sheeting, insulation materials, wood burning stoves, wire mesh and tools.",news,1,0,0,1,0,0,0,0,0,0,0,0,1,0,0,0,0,0,0,0,0,0,0,0,0,0,0,0,0,0,0,0,0,0,0,0
2089,DRC is probably one of the only countries in Africa where there is a good opportunity to increase the production through development of arable land and modern agriculture.,DRC is probably one of the only countries in Africa where there is a good opportunity to increase the production through development of arable land and modern agriculture.,news,0,0,0,0,0,0,0,0,0,0,0,0,0,0,0,0,0,0,0,0,0,0,0,0,0,0,0,0,0,0,0,0,0,0,0,0
2090,"The United States has worked to strengthen democratic institutions in sub-Saharan Africa through high-level diplomatic engagement, institution building, and programs that develop the capacity of judiciaries, legislatures, media and civil society.","The United States has worked to strengthen democratic institutions in sub-Saharan Africa through high-level diplomatic engagement, institution building, and programs that develop the capacity of judiciaries, legislatures, media and civil society.",news,1,0,0,0,0,0,0,0,0,0,0,0,0,0,0,0,0,0,0,0,0,0,0,0,0,0,0,0,0,0,0,0,0,0,0,0
2091,"The letter urged the international community to change its approach to Somalia ""and enhance diplomatic engagement with the parties to the conflict, to ensure the unhindered delivery of humanitarian aid"".","The letter urged the international community to change its approach to Somalia ""and enhance diplomatic engagement with the parties to the conflict, to ensure the unhindered delivery of humanitarian aid"".",news,1,0,0,1,0,0,0,0,1,0,0,0,0,0,0,0,0,0,1,0,0,0,0,0,0,0,0,0,0,0,0,0,0,0,0,0
2092,"Now women can be seen walking everywhere unescorted, shopping in the markets and strolling along the streets in their hijabs (head scarves) and flowing robes.","Now women can be seen walking everywhere unescorted, shopping in the markets and strolling along the streets in their hijabs (head scarves) and flowing robes.",news,0,0,0,0,0,0,0,0,0,0,0,0,0,0,0,0,0,0,0,0,0,0,0,0,0,0,0,0,0,0,0,0,0,0,0,0
2093,"In some areas, nearly every home was destroyed and countless others were rendered unsafe.","In some areas, nearly every home was destroyed and countless others were rendered unsafe.",news,1,0,0,0,0,0,0,0,0,0,0,0,0,0,0,0,0,0,0,0,0,1,0,0,0,0,0,0,0,0,0,0,0,0,0,1
2094,"He said that Western Balkan States should integrate into the European Union, but first needed to implement reforms to meet the Union's standards, and ensure good-neighbourly relations.","He said that Western Balkan States should integrate into the European Union, but first needed to implement reforms to meet the Union's standards, and ensure good-neighbourly relations.",news,0,0,0,0,0,0,0,0,0,0,0,0,0,0,0,0,0,0,0,0,0,0,0,0,0,0,0,0,0,0,0,0,0,0,0,0
2095,"It did not give details but Hong Kong cable television said some 1.2 million people were being evacuated in Qingchuan, about 90 km (55 miles) northeast of Beichuan, as rising waters threatened to burst a lake's banks there.","It did not give details but Hong Kong cable television said some 1.2 million people were being evacuated in Qingchuan, about 90 km (55 miles) northeast of Beichuan, as rising waters threatened to burst a lake's banks there.",news,1,0,0,0,0,0,0,0,0,0,0,0,0,0,0,0,0,0,0,0,0,0,0,0,0,0,0,0,1,1,0,0,0,0,0,0
2096,Mainly the small & marginal farmers (76%) are affected.,Mainly the small & marginal farmers (76%) are affected.,news,1,0,0,0,0,0,0,0,0,0,0,0,0,0,0,0,0,0,0,0,0,0,0,0,0,0,0,0,0,0,0,0,0,0,0,0
2097,"Thabi Nyide, associate director for corporate affairs of Pfizer-South Africa told IRIN on Tuesday that the offer involved one specific drug, Diflucan, which is used to treat AIDS patients suffering from cryptococcal meningitis.","Thabi Nyide, associate director for corporate affairs of Pfizer-South Africa told IRIN on Tuesday that the offer involved one specific drug, Diflucan, which is used to treat AIDS patients suffering from cryptococcal meningitis.",news,1,0,0,0,0,0,0,0,0,0,0,0,0,0,0,0,0,0,0,0,0,0,0,0,0,0,0,0,0,0,0,0,0,0,0,0
2098,"In recent weeks the crisis centres have helped out following a deadly earthquake and landslides in northern Sumatra, massive floods in Aceh province, Riau and West Kalimantan and two ferry sinkings.","In recent weeks the crisis centres have helped out following a deadly earthquake and landslides in northern Sumatra, massive floods in Aceh province, Riau and West Kalimantan and two ferry sinkings.",news,1,0,0,1,0,0,0,0,0,0,0,0,0,0,0,0,0,0,1,0,0,0,0,0,0,0,0,0,1,1,0,0,1,0,0,0
2099,"The kits included items such as corrugated iron roofing sheets, iron rods and coiled wire.","The kits included items such as corrugated iron roofing sheets, iron rods and coiled wire.",news,1,0,0,0,0,0,0,0,0,0,0,0,0,0,0,0,0,0,0,0,0,0,0,0,0,0,0,0,0,0,0,0,0,0,0,0
2100,"In this village, two people owned ferryboats.","In this village, two people owned ferryboats.",news,1,0,0,0,0,0,0,0,0,0,0,0,0,0,0,0,0,0,0,0,0,0,0,0,0,0,0,0,0,0,0,0,0,0,0,0
2101,"Counterpart has supported such projects as grain mills for women's cooperatives, and its microfinance efforts have resulted in more than 900 loans.","Counterpart has supported such projects as grain mills for women's cooperatives, and its microfinance efforts have resulted in more than 900 loans.",news,1,0,0,0,0,0,0,0,0,0,0,0,0,0,0,0,0,0,0,0,0,0,0,0,0,0,0,0,0,0,0,0,0,0,0,0
2102,"The convoy, according to the statement made on August 16 carried 1,063 MT of WFP food, including wheat grains, pulses and vegetables for 30 locations along the Sobat river corridor.","The convoy, according to the statement made on August 16 carried 1,063 MT of WFP food, including wheat grains, pulses and vegetables for 30 locations along the Sobat river corridor.",news,1,0,0,1,0,0,0,0,0,0,0,1,0,0,0,0,0,0,0,0,0,0,0,0,0,0,0,0,0,0,0,0,0,0,0,0
2103,The ICRC effort to help the victims is basically fourfold: provide displaced families with essential household items in order to ensure hygienic living conditions; supply shelter during the initial emergency phase; furnish access to safe drinking water; and give basic health care.,The ICRC effort to help the victims is basically fourfold: provide displaced families with essential household items in order to ensure hygienic living conditions; supply shelter during the initial emergency phase; furnish access to safe drinking water; and give basic health care.,news,1,1,0,1,1,1,0,0,0,0,1,0,1,0,0,0,1,0,0,0,0,0,0,0,0,0,0,0,0,0,0,0,0,0,0,0
2104,"OCHA, UN agencies and NGOs are working on a plan to setup temporary housing sites in these provinces.","OCHA, UN agencies and NGOs are working on a plan to setup temporary housing sites in these provinces.",news,1,0,0,1,0,0,0,0,0,0,0,0,1,0,0,0,0,0,0,1,0,0,0,0,0,0,1,0,0,0,0,0,0,0,0,0
2105,"There have been large losses of trees, and in Chimanimani, the timber industry estimates that 20% of the trees were destroyed.","There have been large losses of trees, and in Chimanimani, the timber industry estimates that 20% of the trees were destroyed.",news,1,0,0,0,0,0,0,0,0,0,0,0,0,0,0,0,0,0,0,0,0,0,0,0,0,0,0,0,0,0,0,0,0,0,0,0
2106,"Currently, radioactive iodine is the most common detected contaminant; the standard for adults is 300 Becquerels per litre in drinking-water.","Currently, radioactive iodine is the most common detected contaminant; the standard for adults is 300 Becquerels per litre in drinking-water.",news,1,0,0,0,0,0,0,0,0,0,0,0,0,0,0,0,0,0,0,0,0,0,0,0,0,0,0,0,0,0,0,0,0,0,0,0
2107,"We do this by strengthening early warning systems and preparedness, like in Latin America; integrating disaster risk reduction with disaster response, as we did in Bangladesh; providing training such as improved farming methods in Afghanistan to help people withstand future disasters; and helping build resilience to the effects of climate change, as in Vietnam and Mozambique.","We do this by strengthening early warning systems and preparedness, like in Latin America; integrating disaster risk reduction with disaster response, as we did in Bangladesh; providing training such as improved farming methods in Afghanistan to help people withstand future disasters; and helping build resilience to the effects of climate change, as in Vietnam and Mozambique.",news,1,0,1,0,0,0,0,0,0,0,0,0,0,0,0,0,0,0,0,0,0,0,0,0,0,0,0,0,0,0,0,0,0,0,0,0
2108,"In a typical year, approximately 40 percent of the country's children under age five suffer chronic malnutrition that is serious enough to stunt their growth.","In a typical year, approximately 40 percent of the country's children under age five suffer chronic malnutrition that is serious enough to stunt their growth.",news,1,0,0,0,0,0,0,0,0,0,0,0,0,0,0,0,0,0,0,0,0,0,0,0,0,0,0,0,0,0,0,0,0,0,0,0
2109,Coming from a blighted place swept by an 18-metre tsunami and in the shadow of Japan's crippled nuclear plant he has reason to.,Coming from a blighted place swept by an 18-metre tsunami and in the shadow of Japan's crippled nuclear plant he has reason to.,news,1,0,0,0,0,0,0,0,0,0,0,0,0,0,0,0,0,0,0,0,0,0,0,0,0,0,0,0,1,1,0,0,0,0,0,1
2110,"Following the outbreak, an emergency preparedness response team was formed, including the Ministry of Home Affairs, police, NGO's and UN agencies working in Lugufu and Kasulu camps.","Following the outbreak, an emergency preparedness response team was formed, including the Ministry of Home Affairs, police, NGO's and UN agencies working in Lugufu and Kasulu camps.",news,1,0,0,1,0,0,0,0,0,0,0,0,1,0,0,0,0,0,0,0,0,0,0,0,0,0,0,0,0,0,0,0,0,0,0,0
2111,"While South Africa and Zambia projected some exportable maize surpluses that reflected an overall regional maize surplus, other SADC states struggled to fill maize import gaps for the 2003/04 marketing year through food aid and commercial imports.","While South Africa and Zambia projected some exportable maize surpluses that reflected an overall regional maize surplus, other SADC states struggled to fill maize import gaps for the 2003/04 marketing year through food aid and commercial imports.",news,1,0,0,0,0,0,0,0,0,0,0,0,0,0,0,0,0,0,0,0,0,0,0,0,0,0,0,0,0,0,0,0,0,0,0,0
2112,A young army doctor running a field clinic set up in tents on the stubble of a wheat field said he simply didn't have the equipment to do much more than basic treatment.,A young army doctor running a field clinic set up in tents on the stubble of a wheat field said he simply didn't have the equipment to do much more than basic treatment.,news,1,0,0,1,1,0,0,0,0,0,0,0,0,0,0,0,0,0,0,0,0,0,0,0,0,0,0,0,0,0,0,0,0,0,0,0
2113,"In January, a daring US-led commando raid rescued two aid workers -- an American woman and a Danish man -- held hostage in central Somalia.","In January, a daring US-led commando raid rescued two aid workers -- an American woman and a Danish man -- held hostage in central Somalia.",news,1,0,0,1,0,0,0,0,1,0,0,0,0,0,0,0,0,0,0,0,0,0,0,0,0,0,0,0,0,0,0,0,0,0,0,0
2114,"WATER SUPPLIES (portable tanks, piping, purification units and tankers) for up to 70,000 refugees in Pakistan;","WATER SUPPLIES (portable tanks, piping, purification units and tankers) for up to 70,000 refugees in Pakistan;",news,1,0,0,1,0,0,0,0,0,0,1,0,0,0,0,0,1,0,0,0,0,0,0,0,0,0,0,0,0,0,0,0,0,0,0,0
2115,"The company's products and services are focused on rare inherited disorders, kidney disease, orthopaedics, cancer, transplant and immune diseases, and diagnostic testing.","The company's products and services are focused on rare inherited disorders, kidney disease, orthopaedics, cancer, transplant and immune diseases, and diagnostic testing.",news,1,0,0,0,0,0,0,0,0,0,0,0,0,0,0,0,0,0,0,0,0,0,0,0,0,0,0,0,0,0,0,0,0,0,0,0
2116,"The latest tests show no sign of toxicity in waters anywhere in the city and any benzene that does enter urban waterways ""can be handled by the charcoal filters that we have in place,"" a spokesman for the regional emergency situations ministry office said.","The latest tests show no sign of toxicity in waters anywhere in the city and any benzene that does enter urban waterways ""can be handled by the charcoal filters that we have in place,"" a spokesman for the regional emergency situations ministry office said.",news,1,0,0,1,0,0,0,0,0,0,1,0,0,0,0,0,0,0,0,0,0,0,0,0,0,0,0,0,0,0,0,0,0,0,0,0
2117,"Lack of chlorination, equipment failure, and back-siphonage into the water distribution system have been identified as causes of contamination.A6-1 of drinking water.","Lack of chlorination, equipment failure, and back-siphonage into the water distribution system have been identified as causes of contamination.A6-1 of drinking water.",news,1,0,0,1,0,0,0,0,0,0,1,0,0,0,0,0,0,0,0,0,0,0,0,0,0,0,0,0,0,0,0,0,0,0,0,0
2118,"Finally, efforts are being made to coordinate humanitarian assistance provided through this operation with UNHCR, who are responsible for the implementation of the voluntary repatriation scheme that started in April this year.","Finally, efforts are being made to coordinate humanitarian assistance provided through this operation with UNHCR, who are responsible for the implementation of the voluntary repatriation scheme that started in April this year.",news,1,0,0,1,0,0,0,0,0,0,0,0,0,0,0,0,1,0,0,0,0,0,0,0,0,0,0,0,0,0,0,0,0,0,0,0
2119,The camps have nearly doubled in size during this time and have become severely overcrowded.,The camps have nearly doubled in size during this time and have become severely overcrowded.,news,1,0,0,0,0,0,0,0,0,0,0,0,0,0,0,0,0,0,0,0,0,0,0,0,0,0,0,0,0,0,0,0,0,0,0,0
2120,In the a nearby industrial city of Harbin around 400 soldiers were observed near the town centre working feverishly with heavy earthmoving equipment in an attempt to plug a dike.But this daily routine came to an end after Sadhana Forest drilled a borehole from which water is now pumped using green energy - a combined windmill and solar energy system.,In the a nearby industrial city of Harbin around 400 soldiers were observed near the town centre working feverishly with heavy earthmoving equipment in an attempt to plug a dike.But this daily routine came to an end after Sadhana Forest drilled a borehole from which water is now pumped using green energy - a combined windmill and solar energy system.,news,1,0,0,0,0,0,0,0,0,0,0,0,0,0,0,0,0,0,0,0,0,0,0,0,0,0,0,0,0,0,0,0,0,0,0,0
2121,The procedure is relatively easy as it consists of treating contaminated water with a sodium hypochlorite solution.,The procedure is relatively easy as it consists of treating contaminated water with a sodium hypochlorite solution.,news,1,0,0,1,0,0,0,0,0,0,1,0,0,0,0,0,0,0,0,0,0,0,0,0,0,0,0,0,0,0,0,0,0,0,0,0
2122,"By supporting Indonesia's climate change counter-measures through policy dialogue, this program loan provides approximately 28.1 billion JPY as ""Climate Change Japanese ODA Loan"" to contribute to (a) the mitigation of global warming by carbon absorption and emission control, (b) strengthening adaptability to bad effects of climate change, and (c) responding to cross-sectoral issues of climate change.","By supporting Indonesia's climate change counter-measures through policy dialogue, this program loan provides approximately 28.1 billion JPY as ""Climate Change Japanese ODA Loan"" to contribute to (a) the mitigation of global warming by carbon absorption and emission control, (b) strengthening adaptability to bad effects of climate change, and (c) responding to cross-sectoral issues of climate change.",news,1,0,0,0,0,0,0,0,0,0,0,0,0,0,0,0,0,0,0,0,0,0,0,0,0,0,0,0,1,0,0,0,0,0,1,0
2123,"The UN World Health Organization (WHO) describes dengue as ""a mosquito-borne infection that causes a severe flu-like illness, and sometimes a potentially lethal complication called dengue haemorrhagic fever"".","The UN World Health Organization (WHO) describes dengue as ""a mosquito-borne infection that causes a severe flu-like illness, and sometimes a potentially lethal complication called dengue haemorrhagic fever"".",news,1,0,0,1,1,0,0,0,0,0,0,0,0,0,0,0,0,0,0,0,0,0,0,0,0,0,0,0,0,0,0,0,0,0,0,0
2124,Family Charitable Foundation will support IOCC's aid projects in Russia by creating a matching gift program.,Family Charitable Foundation will support IOCC's aid projects in Russia by creating a matching gift program.,news,1,0,0,0,0,0,0,0,0,0,0,0,0,0,0,0,0,0,0,0,0,0,0,0,0,0,0,0,0,0,0,0,0,0,0,0
2125,"Through budgetary, tax and regulatory measures, support will be provided to develop an industry and social infrastructure linked with compact cities and decentralized, environmentally friendly energy production that uses ""smart"" grids and large-scale solar and offshore wind farms.","Through budgetary, tax and regulatory measures, support will be provided to develop an industry and social infrastructure linked with compact cities and decentralized, environmentally friendly energy production that uses ""smart"" grids and large-scale solar and offshore wind farms.",news,1,0,0,0,0,0,0,0,0,0,0,0,0,0,0,0,0,0,0,0,0,0,0,0,0,0,0,0,0,0,0,0,0,0,0,0
2126,"The death toll from the ebola virus disease (EVD) epidemic, now in three capital cities and spreading, stands at 932.","The death toll from the ebola virus disease (EVD) epidemic, now in three capital cities and spreading, stands at 932.",news,1,0,0,1,0,0,0,0,0,0,0,0,0,0,0,0,0,1,0,0,0,0,0,0,0,0,0,0,0,0,0,0,0,0,0,0
2127,"Her two daughters stay at home cooking, washing utensils and fetching water. ""","Her two daughters stay at home cooking, washing utensils and fetching water. """,news,0,0,0,0,0,0,0,0,0,0,0,0,0,0,0,0,0,0,0,0,0,0,0,0,0,0,0,0,0,0,0,0,0,0,0,0
2128,He recovered with antibiotic therapy.,He recovered with antibiotic therapy.,news,0,0,0,0,0,0,0,0,0,0,0,0,0,0,0,0,0,0,0,0,0,0,0,0,0,0,0,0,0,0,0,0,0,0,0,0
2129,On Sunday the government warned that rolling blackouts would begin on Monday because electricity supply is not expected to keep up with demand.,On Sunday the government warned that rolling blackouts would begin on Monday because electricity supply is not expected to keep up with demand.,news,1,0,0,0,0,0,0,0,0,0,0,0,0,0,0,0,0,0,0,0,0,0,1,0,0,0,0,0,0,0,0,0,0,0,0,0
2130,"To address this WHO funded ICDDR,B to determine the sensitivity and efficacy of artesunate monotherapy for the treatment of uncomplicated falciparum malaria in Bangladesh - a project ongoing since 2008.","To address this WHO funded ICDDR,B to determine the sensitivity and efficacy of artesunate monotherapy for the treatment of uncomplicated falciparum malaria in Bangladesh - a project ongoing since 2008.",news,1,0,0,1,1,0,0,0,0,0,0,0,0,0,0,0,0,0,0,0,0,0,0,0,0,0,0,0,0,0,0,0,0,0,0,0
2131,"(a) WFP and Save the Children (US) plan to start a six-month emergency intervention programme in the coastal areas of northeastern Nampula province, to provide corn-soya blend supplement for pregnant and lactating women and children under five years of age, affected by drought and cassava brown streak disease.","(a) WFP and Save the Children (US) plan to start a six-month emergency intervention programme in the coastal areas of northeastern Nampula province, to provide corn-soya blend supplement for pregnant and lactating women and children under five years of age, affected by drought and cassava brown streak disease.",news,1,0,0,1,1,0,0,0,0,0,0,1,0,0,0,0,0,0,0,0,0,0,0,0,0,0,0,0,0,0,0,0,0,0,0,0
2132,"They also say it is a ""clean green"" material as bamboo is the most oxygen-generating plant - with a grove emitting 35 percent more oxygen and absorbing four times more carbon dioxide than an equivalent stand of trees.","They also say it is a ""clean green"" material as bamboo is the most oxygen-generating plant - with a grove emitting 35 percent more oxygen and absorbing four times more carbon dioxide than an equivalent stand of trees.",news,0,0,0,0,0,0,0,0,0,0,0,0,0,0,0,0,0,0,0,0,0,0,0,0,0,0,0,0,0,0,0,0,0,0,0,0
2133,"In Pyongyang, electricity is unreliable with power surges and frequent cuts.","In Pyongyang, electricity is unreliable with power surges and frequent cuts.",news,1,0,0,0,0,0,0,0,0,0,0,0,0,0,0,0,0,0,0,0,0,0,1,0,0,0,0,0,0,0,0,0,0,0,0,0
2134,"The ADB-backed project hopes to promote low-carbon and inclusive economic growth by promoting investments in energy efficiency, fuel switching, industrial processes, renewable energy, improved waste management systems, and land restoration.","The ADB-backed project hopes to promote low-carbon and inclusive economic growth by promoting investments in energy efficiency, fuel switching, industrial processes, renewable energy, improved waste management systems, and land restoration.",news,0,0,0,0,0,0,0,0,0,0,0,0,0,0,0,0,0,0,0,0,0,0,0,0,0,0,0,0,0,0,0,0,0,0,0,0
2135,"BMA, moreover, in cooperation with the Department of Highway (DOH) to increase the height of a 35-kilometer-long section of the embarkment along Rom Klao Road by 3 meters.","BMA, moreover, in cooperation with the Department of Highway (DOH) to increase the height of a 35-kilometer-long section of the embarkment along Rom Klao Road by 3 meters.",news,1,0,0,0,0,0,0,0,0,0,0,0,0,0,0,0,0,0,0,0,0,0,0,0,0,0,0,0,0,0,0,0,0,0,0,0
2136,"WFP has no reports of starving people or food riots in Mazar, but many poor people are surviving on boiled grass and begging.","WFP has no reports of starving people or food riots in Mazar, but many poor people are surviving on boiled grass and begging.",news,1,0,0,1,0,0,0,0,0,0,0,1,0,0,0,0,0,1,0,0,0,0,0,0,0,0,0,0,0,0,0,0,0,0,0,0
2137,"In the early heroic years of dam construction, many environmentalists as well as engineers hailed them as a new clean form of renewable electricity generation.","In the early heroic years of dam construction, many environmentalists as well as engineers hailed them as a new clean form of renewable electricity generation.",news,0,0,0,0,0,0,0,0,0,0,0,0,0,0,0,0,0,0,0,0,0,0,0,0,0,0,0,0,0,0,0,0,0,0,0,0
2138,Floods also crippled operations at a nuclear power plant in Ulchin and two thermal plants elsewhere.,Floods also crippled operations at a nuclear power plant in Ulchin and two thermal plants elsewhere.,news,1,0,0,0,0,0,0,0,0,0,0,0,0,0,0,0,0,0,0,1,0,0,0,0,0,0,0,1,1,1,0,0,0,0,0,0
2139,"At another, a generator hums and tent-dwellers come to charge their mobile phones.","At another, a generator hums and tent-dwellers come to charge their mobile phones.",news,1,0,0,1,0,0,0,0,0,0,0,0,1,0,0,0,0,0,0,1,0,0,0,0,0,0,1,0,0,0,0,0,0,0,0,1
2140,"The indication of success of the insertion of the concrete balls can be seen from the rising content of H2S (hydrogen sulfide) gas, as it indicates lower pressure from below. A specially configured USAF C-130 aircraft intended for unconventional warfare operations will employ its all weather, day-night, and foliage penetration surveillance capabilities to help authorities assess the depth of damage to Mozambique and to assist in identifying any missed pockets of survivors in need of rescue. Some have fled to cities in the north, others to the Tajik border where they have gathered in makeshift encampments. The Federation delegation in Bangladesh is presently composed of four delegates (a head of delegation, an organisational development delegate, a finance/admin delegate, and a sub-regional reporting delegate) who have all been engaged in monitoring and responding to the situation. In some parts of the country, 100 percent of families are already rationing and reducing the number of meals eaten each day. Piles of empty mussel shells, trash and other debris litter the camp, where residents said non-governmental organizations frequently stop to ask questions, and occasionally make promises, before continuing along the road. The partnership is helping to create market linkages and is providing microinsurance, training in construction and agricultural support to communities, including restoring water-harvesting systems. Lindborg said that the United States and other major donors would meet in Kenya in late March to support longer-term Horn of Africa plans, which have included vaccinating livestock and encouraging alternative livelihoods. - PLN (the government electricity company) is attempting to restore grid power -- only limited wattage available as at 4 pm Saturday 2 April. Over 1,800 returnees between them received 75 baby-care parcels, 480 personal hygiene kits and more than 1,300 tarpaulins and metal buckets. Power consumption exceeded 50 billion kwh in July in neighboring Jiangsu Province, the highest among all provinces, partly due to the wide use of air-conditioners. As part of efforts to prevent disease outbreak, we have started awareness campaigns to encourage refugees to wash their hands, boil water and drink only safe water. We found no radioactive substance leaks into the environment, said the ministry in a statement.","The indication of success of the insertion of the concrete balls can be seen from the rising content of H2S (hydrogen sulfide) gas, as it indicates lower pressure from below. A specially configured USAF C-130 aircraft intended for unconventional warfare operations will employ its all weather, day-night, and foliage penetration surveillance capabilities to help authorities assess the depth of damage to Mozambique and to assist in identifying any missed pockets of survivors in need of rescue. Some have fled to cities in the north, others to the Tajik border where they have gathered in makeshift encampments. The Federation delegation in Bangladesh is presently composed of four delegates (a head of delegation, an organisational development delegate, a finance/admin delegate, and a sub-regional reporting delegate) who have all been engaged in monitoring and responding to the situation. In some parts of the country, 100 percent of families are already rationing and reducing the number of meals eaten each day. Piles of empty mussel shells, trash and other debris litter the camp, where residents said non-governmental organizations frequently stop to ask questions, and occasionally make promises, before continuing along the road. The partnership is helping to create market linkages and is providing microinsurance, training in construction and agricultural support to communities, including restoring water-harvesting systems. Lindborg said that the United States and other major donors would meet in Kenya in late March to support longer-term Horn of Africa plans, which have included vaccinating livestock and encouraging alternative livelihoods. - PLN (the government electricity company) is attempting to restore grid power -- only limited wattage available as at 4 pm Saturday 2 April. Over 1,800 returnees between them received 75 baby-care parcels, 480 personal hygiene kits and more than 1,300 tarpaulins and metal buckets. Power consumption exceeded 50 billion kwh in July in neighboring Jiangsu Province, the highest among all provinces, partly due to the wide use of air-conditioners. As part of efforts to prevent disease outbreak, we have started awareness campaigns to encourage refugees to wash their hands, boil water and drink only safe water. We found no radioactive substance leaks into the environment, said the ministry in a statement.",news,1,0,0,1,0,1,1,0,0,0,1,1,0,0,0,0,1,0,0,0,0,0,1,0,0,0,0,0,0,0,0,0,0,0,0,0
2141,"In that context, she welcomed the vote by the Assembly on resolution 68/304, to restructure the foreign debts of all countries.","In that context, she welcomed the vote by the Assembly on resolution 68/304, to restructure the foreign debts of all countries.",news,0,0,0,0,0,0,0,0,0,0,0,0,0,0,0,0,0,0,0,0,0,0,0,0,0,0,0,0,0,0,0,0,0,0,0,0
2142,"Shelter materials (thick polyesters) are being distributed to 18,000 households.","Shelter materials (thick polyesters) are being distributed to 18,000 households.",news,1,0,0,1,0,0,0,0,0,0,0,0,1,0,0,0,0,0,0,0,0,0,0,0,0,0,0,0,0,0,0,0,0,0,0,0
2143,"Shelter materials (thick polyesters) are being distributed to 18,000 households.","Shelter materials (thick polyesters) are being distributed to 18,000 households.",news,1,0,0,1,0,0,0,0,0,0,0,0,1,0,0,0,0,0,0,0,0,0,0,0,0,0,0,0,0,0,0,0,0,0,0,0
2144,"Shelter materials (thick polyesters) are being distributed to 18,000 households.","Shelter materials (thick polyesters) are being distributed to 18,000 households.",news,1,0,0,1,0,0,0,0,0,0,0,0,1,0,0,0,0,0,0,0,0,0,0,0,0,0,0,0,0,0,0,0,0,0,0,0
2145,"The programme focused on hiring, training and equipping 23 workers and two drivers for tractors to collect garbage in Zahedan.","The programme focused on hiring, training and equipping 23 workers and two drivers for tractors to collect garbage in Zahedan.",news,1,0,0,0,0,0,0,0,0,0,0,0,0,0,0,0,0,0,0,0,0,0,0,0,0,0,0,0,0,0,0,0,0,0,0,0
2146,"The state power company Tenaga Nasional Bhd has temporarily shut 2,318 electrical substations in the flooded states, halting supply to 150,852 users.","The state power company Tenaga Nasional Bhd has temporarily shut 2,318 electrical substations in the flooded states, halting supply to 150,852 users.",news,1,0,0,0,0,0,0,0,0,0,0,0,0,0,0,0,0,0,0,0,0,0,1,0,0,0,0,0,1,1,0,0,0,0,0,0
2147,"The President has instructed to change morale, forms of farmland, paddy grains, cultivation methods and mechanized farming.","The President has instructed to change morale, forms of farmland, paddy grains, cultivation methods and mechanized farming.",news,0,0,0,0,0,0,0,0,0,0,0,0,0,0,0,0,0,0,0,0,0,0,0,0,0,0,0,0,0,0,0,0,0,0,0,0
2148,Businesses and charitable trusts contributed ¬¨¬£50 million.,Businesses and charitable trusts contributed ¬¨¬£50 million.,news,1,0,0,0,0,0,0,0,0,0,0,0,0,0,0,0,0,0,0,0,0,0,0,0,0,0,0,0,0,0,0,0,0,0,0,0
2149,"Moreover we also have to deal with many bacterial meningitis cases during the dry season and malaria during the rainy season, which is starting now.","Moreover we also have to deal with many bacterial meningitis cases during the dry season and malaria during the rainy season, which is starting now.",news,1,0,0,1,1,0,0,0,0,0,0,0,0,0,0,0,0,0,0,0,0,0,0,0,0,0,0,0,1,0,1,0,0,0,0,1
2150,"White bean varieties with enhanced drought tolerance are currently undergoing final tests at CIAT's headquarters in Colombia, before being shipped to EIAR early next year.","White bean varieties with enhanced drought tolerance are currently undergoing final tests at CIAT's headquarters in Colombia, before being shipped to EIAR early next year.",news,0,0,0,0,0,0,0,0,0,0,0,0,0,0,0,0,0,0,0,0,0,0,0,0,0,0,0,0,0,0,0,0,0,0,0,0
2151,"For instance, in the past two weeks in Trincomalee district, the construction of five toilets have been completed at the Kallady camp and two water bowzers have been installed at the Soodaikuda transitional accommodation site and Kallady camp respectively to cater for immediate sanitation needs.","For instance, in the past two weeks in Trincomalee district, the construction of five toilets have been completed at the Kallady camp and two water bowzers have been installed at the Soodaikuda transitional accommodation site and Kallady camp respectively to cater for immediate sanitation needs.",news,1,0,0,1,0,1,0,0,0,0,1,0,0,0,0,0,0,0,0,0,0,0,0,0,0,0,0,0,0,0,0,0,0,0,0,0
2152,The northern and central regions of the country will continue to experience cloudy skies and light rain until 20/03/2000.,The northern and central regions of the country will continue to experience cloudy skies and light rain until 20/03/2000.,news,1,0,0,0,0,0,0,0,0,0,0,0,0,0,0,0,0,0,0,0,0,0,0,0,0,0,0,0,0,0,0,0,0,0,0,0
2153,"Among other things, it will provide maize and legume seeds at reduced prices and fight land degradation.","Among other things, it will provide maize and legume seeds at reduced prices and fight land degradation.",news,1,0,0,0,0,0,0,0,0,0,0,0,0,0,0,0,0,0,0,0,0,0,0,0,0,0,0,0,0,0,0,0,0,0,0,0
2154,"Localized devastation to fisheries infrastructure and the shrimp aquaculture sector is also reported, with shrimp hatcheries badly hit, particularly in Satkhira, Khulna and Cox'Bazar districts.","Localized devastation to fisheries infrastructure and the shrimp aquaculture sector is also reported, with shrimp hatcheries badly hit, particularly in Satkhira, Khulna and Cox'Bazar districts.",news,1,0,0,0,0,0,0,0,0,0,0,0,0,0,0,0,0,0,0,1,0,0,0,0,0,0,0,1,1,0,0,0,0,0,1,0
2155,"In a meeting with the Vice Governor, the ambassador expressed US government's support for a peaceful dialogue and expressed their willingness to become facilitators for the process.","In a meeting with the Vice Governor, the ambassador expressed US government's support for a peaceful dialogue and expressed their willingness to become facilitators for the process.",news,0,0,0,0,0,0,0,0,0,0,0,0,0,0,0,0,0,0,0,0,0,0,0,0,0,0,0,0,0,0,0,0,0,0,0,0
2156,15 lacs and dry food (100kg flatten rice and 100kg biscuits),15 lacs and dry food (100kg flatten rice and 100kg biscuits),news,0,0,0,0,0,0,0,0,0,0,0,0,0,0,0,0,0,0,0,0,0,0,0,0,0,0,0,0,0,0,0,0,0,0,0,0
2157,This could be a consequence of the unpurified water she drinks or a psychosomatic reaction to the stresses of her new living conditions.,This could be a consequence of the unpurified water she drinks or a psychosomatic reaction to the stresses of her new living conditions.,news,1,0,0,0,0,0,0,0,0,0,0,0,0,0,0,0,0,0,0,0,0,0,0,0,0,0,0,0,0,0,0,0,0,0,0,0
2158,"The is currently no electicity, the communication infrastructure is damaged, and many roads are blocked.","The is currently no electicity, the communication infrastructure is damaged, and many roads are blocked.",news,1,0,0,0,0,0,0,0,0,0,0,0,0,0,0,0,0,0,0,0,1,1,1,0,0,0,0,0,0,0,0,0,0,0,0,0
2159,"Banda Aceh, Indonesia (dpa) - Just down the road from one of the new housing projects that can be seen around Banda Aceh is a squalid tent camp with about 175 victims of the tsunami that bulldozed the coastline nearly a year ago.","Banda Aceh, Indonesia (dpa) - Just down the road from one of the new housing projects that can be seen around Banda Aceh is a squalid tent camp with about 175 victims of the tsunami that bulldozed the coastline nearly a year ago.",news,1,0,0,0,0,0,0,0,0,0,0,0,0,0,0,0,0,0,0,0,0,0,0,0,0,0,0,0,1,1,0,0,0,0,1,0
2160,Present conversion capability at just one gigawatt (representing 12 percent of Fukushima Daiichi output) falls far short of demand.,Present conversion capability at just one gigawatt (representing 12 percent of Fukushima Daiichi output) falls far short of demand.,news,1,0,0,0,0,0,0,0,0,0,0,0,0,0,0,0,0,0,0,0,0,0,0,0,0,0,0,0,0,0,0,0,0,0,0,0
2161,"He urged the people to start reconstructing, at least one room, with corrugated steel sheets as roofing material, till the massive rebuilding operations gets underway.","He urged the people to start reconstructing, at least one room, with corrugated steel sheets as roofing material, till the massive rebuilding operations gets underway.",news,1,0,0,1,0,0,0,0,0,0,0,0,1,0,0,0,0,0,0,0,0,1,0,0,0,0,0,0,0,0,0,0,0,0,0,0
2162,"Few places on earth are as breath-taking as Pakistan's Swat Valley, with its snow-crested mountains towering from green valley floors terraced with pine trees.","Few places on earth are as breath-taking as Pakistan's Swat Valley, with its snow-crested mountains towering from green valley floors terraced with pine trees.",news,0,0,0,0,0,0,0,0,0,0,0,0,0,0,0,0,0,0,0,0,0,0,0,0,0,0,0,0,0,0,0,0,0,0,0,0
2163,"Before 6 p.m. Sunday when supply of electricity was resumed on the Chenzhou section of the Beijing-Guangzhou railway, train service providers were forced to switch to internal-combustion engines for traction when trains reached Chenzhou.","Before 6 p.m. Sunday when supply of electricity was resumed on the Chenzhou section of the Beijing-Guangzhou railway, train service providers were forced to switch to internal-combustion engines for traction when trains reached Chenzhou.",news,1,0,0,0,0,0,0,0,0,0,0,0,0,0,0,0,0,0,0,0,0,0,0,0,0,0,0,0,0,0,0,0,0,0,0,0
2164,"By August 2005, FAO delivered 247 tonnes of gypsum (natural calcium sulphate) to farmers.","By August 2005, FAO delivered 247 tonnes of gypsum (natural calcium sulphate) to farmers.",news,0,0,0,0,0,0,0,0,0,0,0,0,0,0,0,0,0,0,0,0,0,0,0,0,0,0,0,0,0,0,0,0,0,0,0,0
2165,"Two triage centers have been set up, one at the football field where helicopters can land and the other at the airport.","Two triage centers have been set up, one at the football field where helicopters can land and the other at the airport.",news,1,0,0,1,1,0,0,0,0,0,0,0,0,0,0,0,0,0,0,0,0,0,0,0,0,0,0,0,0,0,0,0,0,0,0,0
2166,"Niger, ranked second to last on the United Nation's poverty index, has been racked by drought and, more recently, locust infestations.","Niger, ranked second to last on the United Nation's poverty index, has been racked by drought and, more recently, locust infestations.",news,1,0,0,0,0,0,0,0,0,0,0,0,0,0,0,0,0,0,0,0,0,0,0,0,0,0,0,0,1,0,0,0,0,0,1,0
2167,"Sending light to Somalia That's why Mercy Corps is thrilled to partner with LivingSocial and d.light design to bring 1,000 safe, bright, durable and renewable energy solar lanterns to Fadumo, her fellow students at Burtinle Secondary School and others in rural Somalia.","Sending light to Somalia That's why Mercy Corps is thrilled to partner with LivingSocial and d.light design to bring 1,000 safe, bright, durable and renewable energy solar lanterns to Fadumo, her fellow students at Burtinle Secondary School and others in rural Somalia.",news,1,0,1,1,0,0,0,0,0,0,0,0,0,0,0,0,0,0,1,0,0,0,1,0,0,0,0,0,0,0,0,0,0,0,0,0
2168,"They arrive in a jeep stocked with lifesaving supplies: antibiotics, analgesics, cough syrup, deworming medicine, vitamin A (a common deficiency), Plumpy'nut high-protein therapeutic food for infants, fortified corn-soy cereal and cooking oil, as well as soap and mosquito nets.","They arrive in a jeep stocked with lifesaving supplies: antibiotics, analgesics, cough syrup, deworming medicine, vitamin A (a common deficiency), Plumpy'nut high-protein therapeutic food for infants, fortified corn-soy cereal and cooking oil, as well as soap and mosquito nets.",news,1,0,1,1,1,1,0,0,0,0,0,1,0,0,0,0,0,0,0,0,0,0,0,0,0,0,0,0,0,0,0,0,0,0,0,1
2169,"These are tented recreation areas where children can come to play and interact with their friends. As in the case of power, a major reason for the water shortage - apart from the drought, and the leaky pipes and taps that are estimated to waste some 50 percent - is illegal tapping into the system. So far, the only reported cases of hospitalization due to radiation exposure are two plant workers who stepped into radioactively contaminated water while laying electrical cables in the basement of the building housing reactor No. 3. Government of Pakistan offers assistance to new arrival, but insists that they be kept separate from existing refugee caseloads. People come to see a huge barge - an electrical power generating station. She said other parts of Africa, such as Tanzania and Mali, are also interested in using legumes to improve soil fertility. Field staff visited the camp several times to speak with families but could not find any evidence of forcible relocation. For example, the country was using solar energy for food production to 20 villages, building a hybrid 150-megawatt solar power station in Hassi R'mel, and a 10-megawatt ethanol farm in Tindouf. New and different threats to peace, security and human rights now existed in the forms of terrorism, organized crime and extreme violence. Polling itself will take place in about 30,000 polling stations, which we expect to be in about 5,000 locations. He brushed the oil off their feathers with a mix of light detergent and cooking oil, and rinsed them in lukewarm water. 512,300 (approximately USD10,000) for procurement of common ailment medicine, including paracetamol, feros sulfate, multivitamin tablets and syrups, for distribution by the Relief Commissioner in Balochistan. An integrated community-based water/sanitation programme minimizing the effects of both slow and sudden onset disasters was successfully implemented in two provinces with 8,500 dry composting toilets constructed in Guangxi Province and 5,000 toilets in Hunan Province. The second phase of rehabilitation involves permanent shelter for 4,500 families; a small grant to cover re-start costs for fisher folk, small traders (fish & vegetable sellers), brick makers, tailors and carpenters. Preparation is under way for blanket feeding programmes, including fortified cereals and micro-nutrient powder for children under five years and supplements or fortified blended food to all pregnant and lactating women. In addition to its maintenance requirements, Ariana also requires access to spare parts and consumables that are not available in Afghanistan, and some of them (including aircraft engines) are recommended to be transported by air. They came from Kabul and Kandahar and other places, they fled in panic and hope to come as refugess to Iran,"" he said.","These are tented recreation areas where children can come to play and interact with their friends. As in the case of power, a major reason for the water shortage - apart from the drought, and the leaky pipes and taps that are estimated to waste some 50 percent - is illegal tapping into the system. So far, the only reported cases of hospitalization due to radiation exposure are two plant workers who stepped into radioactively contaminated water while laying electrical cables in the basement of the building housing reactor No. 3. Government of Pakistan offers assistance to new arrival, but insists that they be kept separate from existing refugee caseloads. People come to see a huge barge - an electrical power generating station. She said other parts of Africa, such as Tanzania and Mali, are also interested in using legumes to improve soil fertility. Field staff visited the camp several times to speak with families but could not find any evidence of forcible relocation. For example, the country was using solar energy for food production to 20 villages, building a hybrid 150-megawatt solar power station in Hassi R'mel, and a 10-megawatt ethanol farm in Tindouf. New and different threats to peace, security and human rights now existed in the forms of terrorism, organized crime and extreme violence. Polling itself will take place in about 30,000 polling stations, which we expect to be in about 5,000 locations. He brushed the oil off their feathers with a mix of light detergent and cooking oil, and rinsed them in lukewarm water. 512,300 (approximately USD10,000) for procurement of common ailment medicine, including paracetamol, feros sulfate, multivitamin tablets and syrups, for distribution by the Relief Commissioner in Balochistan. An integrated community-based water/sanitation programme minimizing the effects of both slow and sudden onset disasters was successfully implemented in two provinces with 8,500 dry composting toilets constructed in Guangxi Province and 5,000 toilets in Hunan Province. The second phase of rehabilitation involves permanent shelter for 4,500 families; a small grant to cover re-start costs for fisher folk, small traders (fish & vegetable sellers), brick makers, tailors and carpenters. Preparation is under way for blanket feeding programmes, including fortified cereals and micro-nutrient powder for children under five years and supplements or fortified blended food to all pregnant and lactating women. In addition to its maintenance requirements, Ariana also requires access to spare parts and consumables that are not available in Afghanistan, and some of them (including aircraft engines) are recommended to be transported by air. They came from Kabul and Kandahar and other places, they fled in panic and hope to come as refugess to Iran,"" he said.",news,1,0,0,1,0,0,0,0,0,0,1,0,0,0,0,0,1,0,1,0,0,0,0,0,0,0,0,0,0,0,0,0,0,0,0,0
2170,"Communication between Diktel, the district capital, and Kathmandu has been hampered since the telecom tower in Udaypur was destroyed in the armed conflict affecting Nepal, a few months ago.","Communication between Diktel, the district capital, and Kathmandu has been hampered since the telecom tower in Udaypur was destroyed in the armed conflict affecting Nepal, a few months ago.",news,1,0,0,1,0,0,0,0,1,0,0,0,0,0,0,0,0,0,0,1,1,0,0,0,0,0,0,1,0,0,0,0,0,0,0,0
2171,The Sangu gas field and on-going drilling operations in the Bay of Bengal are also working as normal.,The Sangu gas field and on-going drilling operations in the Bay of Bengal are also working as normal.,news,1,0,0,0,0,0,0,0,0,0,0,0,0,0,0,0,0,0,0,0,0,0,0,0,0,0,0,0,0,0,0,0,0,0,0,0
2172,"These were hastily constructed in the weeks after the Tsunami, often on low-lying land with little thought given to the problems of drainage.The reconstruction challenge in Nias is different from Aceh, in that many of the affected villages lie in remote areas that do not have paved or even gravelled roads.","These were hastily constructed in the weeks after the Tsunami, often on low-lying land with little thought given to the problems of drainage.The reconstruction challenge in Nias is different from Aceh, in that many of the affected villages lie in remote areas that do not have paved or even gravelled roads.",news,1,0,0,1,0,0,0,0,0,0,0,0,1,0,0,0,0,0,0,0,1,1,0,0,0,0,0,0,1,1,0,0,0,0,0,0
2173,The organisation operates with a not-for-profit objective and aims to supply developing countries with affordable medicines.,The organisation operates with a not-for-profit objective and aims to supply developing countries with affordable medicines.,news,1,0,0,1,0,1,0,0,0,0,0,0,0,0,0,0,0,0,0,0,0,0,0,0,0,0,0,0,0,0,0,0,0,0,0,0
2174,"A key priority of the project is to ensure that affordable higher-yielding pest- and disease-free seed yam are available to farmers, along with storage and handling technologies that can reduce postharvest loss.","A key priority of the project is to ensure that affordable higher-yielding pest- and disease-free seed yam are available to farmers, along with storage and handling technologies that can reduce postharvest loss.",news,0,0,0,0,0,0,0,0,0,0,0,0,0,0,0,0,0,0,0,0,0,0,0,0,0,0,0,0,0,0,0,0,0,0,0,0
2175,Bodies are reportedly being set afloat on makeshift rafts made of banana plants lashed together.,Bodies are reportedly being set afloat on makeshift rafts made of banana plants lashed together.,news,1,0,0,1,0,0,0,0,0,0,0,0,0,0,0,0,0,1,0,0,0,0,0,0,0,0,0,0,0,0,0,0,0,0,0,0
2176,"The President will commend the Cambodian Government for its progress in economic management, reflected by strong donor support at the recent consultative group meeting in Paris.","The President will commend the Cambodian Government for its progress in economic management, reflected by strong donor support at the recent consultative group meeting in Paris.",news,1,0,0,0,0,0,0,0,0,0,0,0,0,0,0,0,0,0,0,0,0,0,0,0,0,0,0,0,0,0,0,0,0,0,0,0
2177,"Pakistan , he said, actively participates in all international and regional seminars, workshops and meetings to take part in intercultural dialogue and get benefit from the experience and findings of other nations.","Pakistan , he said, actively participates in all international and regional seminars, workshops and meetings to take part in intercultural dialogue and get benefit from the experience and findings of other nations.",news,0,0,0,0,0,0,0,0,0,0,0,0,0,0,0,0,0,0,0,0,0,0,0,0,0,0,0,0,0,0,0,0,0,0,0,0
2178,"Once they take flight and join other locusts in a swarm, it's a frustrating race against time.","Once they take flight and join other locusts in a swarm, it's a frustrating race against time.",news,1,0,0,0,0,0,0,0,0,0,0,0,0,0,0,0,0,0,0,0,0,0,0,0,0,0,0,0,0,0,0,0,0,0,0,0
2179,"The Indonesian government has given fire fighting the highest priority in terms of manpower and material: at present more than 3,000 fire-fighters supported by water bomber planes are deployed in East Kalimantan.","The Indonesian government has given fire fighting the highest priority in terms of manpower and material: at present more than 3,000 fire-fighters supported by water bomber planes are deployed in East Kalimantan.",news,1,1,0,1,1,0,0,0,0,0,0,0,0,0,0,0,0,0,0,0,1,0,0,0,0,0,0,0,1,1,0,1,0,0,0,0
2180,"Many of these issues are inter-connected, like the UNDP coral reef rehabilitation project: 95% of debris has been cleared off targeted reefs ahead of the monsoon, supporting both fish populations and the key role the reefs play in sustaining tourism and fishing livelihoods.","Many of these issues are inter-connected, like the UNDP coral reef rehabilitation project: 95% of debris has been cleared off targeted reefs ahead of the monsoon, supporting both fish populations and the key role the reefs play in sustaining tourism and fishing livelihoods.",news,1,0,0,0,0,0,0,0,0,0,0,0,0,0,0,0,0,0,0,0,0,0,0,0,0,0,0,0,1,0,1,0,0,0,0,1
2181,"The Georgian foreign ministry building was among those that suffered damage, and several schools and faculties were closed for the day.","The Georgian foreign ministry building was among those that suffered damage, and several schools and faculties were closed for the day.",news,1,0,0,0,0,0,0,0,0,0,0,0,0,0,0,0,0,0,0,1,0,1,0,0,0,0,1,0,0,0,0,0,0,0,0,0
2182,In Govuro 155 children have been screened and 17 moderately malnourished children are receiving support with enriched porridge from locally available foods while BP-5 is transported to the district.,In Govuro 155 children have been screened and 17 moderately malnourished children are receiving support with enriched porridge from locally available foods while BP-5 is transported to the district.,news,1,0,0,1,1,0,0,0,0,0,0,1,0,0,0,0,0,0,0,0,0,0,0,0,0,0,0,0,0,0,0,0,0,0,0,0
2183,"For this purpose, the UNDP will arrange heaters in communal tents while continuous heating arrangements along with food and shelter will be required by WHO.","For this purpose, the UNDP will arrange heaters in communal tents while continuous heating arrangements along with food and shelter will be required by WHO.",news,1,0,0,1,0,0,0,0,0,0,0,1,1,0,0,0,0,0,0,0,0,0,0,0,0,0,0,0,0,0,0,0,0,0,0,0
2184,"UNICEF has already sent supplies to affected areas, including water purification tablets, diesel centrifugal pumps, basic family water kits, collapsible water tanks, soap, lime, household chlorine, and continues to support drainage clearing.","UNICEF has already sent supplies to affected areas, including water purification tablets, diesel centrifugal pumps, basic family water kits, collapsible water tanks, soap, lime, household chlorine, and continues to support drainage clearing.",news,1,0,1,1,0,1,0,0,0,0,1,0,0,0,0,0,0,0,0,0,0,0,0,0,0,0,0,0,0,0,0,0,0,0,0,0
2185,"The scarcity of water in Pakistan has become a problem due to the variability of the climate, the continually growing population, and the declining quality of freshwater resources - a phenomenon attributed to the entry of sewerage and industrial effluents into the country's freshwater streams.","The scarcity of water in Pakistan has become a problem due to the variability of the climate, the continually growing population, and the declining quality of freshwater resources - a phenomenon attributed to the entry of sewerage and industrial effluents into the country's freshwater streams.",news,1,0,0,1,0,0,0,0,0,0,1,0,0,0,0,0,0,0,0,0,0,0,0,0,0,0,0,0,0,0,0,0,0,0,0,0
2186,"When the Islamist fighters saw the troops arrive ""they drove us out of our homes and burnt everything down before fleeing,"" he said, speaking in the regional Hausa language.","When the Islamist fighters saw the troops arrive ""they drove us out of our homes and burnt everything down before fleeing,"" he said, speaking in the regional Hausa language.",news,1,0,0,1,0,0,0,0,1,0,0,0,0,0,0,0,0,0,0,0,0,0,0,0,0,0,0,0,0,0,0,0,0,0,0,0
2187,"Low-income population groups are anticipated to bear the heaviest burden, because their daily energy intake depends more on cereal-based products and the share of food in their total expenditures is high, the report says.","Low-income population groups are anticipated to bear the heaviest burden, because their daily energy intake depends more on cereal-based products and the share of food in their total expenditures is high, the report says.",news,1,0,0,0,0,0,0,0,0,0,0,0,0,0,0,0,0,0,0,0,0,0,0,0,0,0,0,0,0,0,0,0,0,0,0,0
2188,"Aid workers have been withdrawn from the district of Trincomalee, which on Wednesday saw renewed air and artillery strikes against rebel Tamil Tiger positions, Swiss Radio International (SRI) reported.","Aid workers have been withdrawn from the district of Trincomalee, which on Wednesday saw renewed air and artillery strikes against rebel Tamil Tiger positions, Swiss Radio International (SRI) reported.",news,1,0,0,1,0,0,0,0,1,0,0,0,0,0,0,0,1,0,0,0,0,0,0,0,0,0,0,0,0,0,0,0,0,0,0,0
2189,She said NGOs and companies inside Burma are continuing the work of rebuilding the region's outlaying areas.,She said NGOs and companies inside Burma are continuing the work of rebuilding the region's outlaying areas.,news,1,0,0,0,0,0,0,0,0,0,0,0,0,0,0,0,0,0,0,0,0,0,0,0,0,0,0,0,0,0,0,0,0,0,0,0
2190,"Traditionally in Somalia, the provision of credit is an essential coping mechanism to drought, lack of income sources, poor livestock conditions, lack of alternative livelihood opportunities, etc.","Traditionally in Somalia, the provision of credit is an essential coping mechanism to drought, lack of income sources, poor livestock conditions, lack of alternative livelihood opportunities, etc.",news,1,0,0,0,0,0,0,0,0,0,0,0,0,0,0,0,0,0,0,0,0,0,0,0,0,0,0,0,0,0,0,0,0,0,0,0
2191,Your generosity has allowed UMCOR to support recovery in 13 states that have either been directly affected by this year's hurricanes or are hosting hurricane evacuees.,Your generosity has allowed UMCOR to support recovery in 13 states that have either been directly affected by this year's hurricanes or are hosting hurricane evacuees.,news,1,0,0,1,0,0,0,0,0,0,0,0,0,0,0,0,0,0,1,0,0,0,0,0,0,0,0,0,1,0,1,0,0,0,0,0
2192,An Australian aid helicopter crashes killing all nine military personnel on board while on an emergency relief mission on Nias islan.,An Australian aid helicopter crashes killing all nine military personnel on board while on an emergency relief mission on Nias islan.,news,1,0,0,1,0,0,0,0,1,0,0,0,0,0,0,0,0,1,0,0,0,0,0,0,0,0,0,0,0,0,0,0,0,0,0,0
2193,"Not much success in the past Previous regional anti-terrorism efforts enjoyed only limited success before signing the agreement, says Souare.","Not much success in the past Previous regional anti-terrorism efforts enjoyed only limited success before signing the agreement, says Souare.",news,1,0,0,0,0,0,0,0,0,0,0,0,0,0,0,0,0,0,0,0,0,0,0,0,0,0,0,0,0,0,0,0,0,0,0,0
2194,"""We have lived with burst sewers and heaps of refuse for many years.","""We have lived with burst sewers and heaps of refuse for many years.",news,1,0,0,0,0,0,0,0,0,0,0,0,0,0,0,0,0,0,0,0,0,0,0,0,0,0,0,0,0,0,0,0,0,0,0,1
2195,"- An enormously horrendous slaughter - After describing Boko Haram as a direct threat to the nation's ""vital interests"", Chadian leaders moved quickly to deploy units of the country's powerful armed forces to resume its position as one of the region's mos","- An enormously horrendous slaughter - After describing Boko Haram as a direct threat to the nation's ""vital interests"", Chadian leaders moved quickly to deploy units of the country's powerful armed forces to resume its position as one of the region's mos",news,1,0,0,1,0,0,0,0,1,0,0,0,0,0,0,0,0,0,0,0,0,0,0,0,0,0,0,0,0,0,0,0,0,0,0,0
2196,"UNDP Heavy Rubble Removal Project got underway today as local contractor, ACACA, began work with dumptrucks and frontloaders hired by UNDP.","UNDP Heavy Rubble Removal Project got underway today as local contractor, ACACA, began work with dumptrucks and frontloaders hired by UNDP.",news,1,0,0,1,1,0,0,0,0,0,0,0,0,0,0,0,0,0,0,0,1,0,0,0,0,0,0,0,1,1,0,0,0,0,0,0
2197,"Geoff Wiffin, UNICEF Representative in Sierra Leone, says the push is the first time that a health campaign has been combined with a civil registration exercise.","Geoff Wiffin, UNICEF Representative in Sierra Leone, says the push is the first time that a health campaign has been combined with a civil registration exercise.",news,1,0,0,0,0,0,0,0,0,0,0,0,0,0,0,0,0,0,0,0,0,0,0,0,0,0,0,0,0,0,0,0,0,0,0,0
2198,"Airlifts of emergency rations of oil, cereals and nutritive-packed foods have begun since last week, with a first shipment from the World Food Program's headquarters in Rome expected on Thursday.","Airlifts of emergency rations of oil, cereals and nutritive-packed foods have begun since last week, with a first shipment from the World Food Program's headquarters in Rome expected on Thursday.",news,1,0,0,1,0,0,0,0,0,0,0,1,0,0,0,0,0,0,0,0,0,0,0,0,0,0,0,0,0,0,0,0,0,0,0,0
2199,"Numbers at the beginning of April showed that some 1,500 families were living in the cramped, squalid camp nicknamed ""Plastic City"" because of the sea of flimsy plastic tents that are serving as temporary homes for the refugees.","Numbers at the beginning of April showed that some 1,500 families were living in the cramped, squalid camp nicknamed ""Plastic City"" because of the sea of flimsy plastic tents that are serving as temporary homes for the refugees.",news,1,0,0,1,0,0,0,0,0,0,0,0,1,0,0,0,0,0,0,0,0,0,0,0,0,0,0,0,0,0,0,0,0,0,0,0
2200,"c) In Uige province, Negage airport reopens after several week of closure.","c) In Uige province, Negage airport reopens after several week of closure.",news,1,0,0,0,0,0,0,0,0,0,0,0,0,0,0,0,0,0,0,0,0,0,0,0,0,0,0,0,0,0,0,0,0,0,0,1
2201,"However, each country had to make its own decisions about the use of genetically modified seeds.","However, each country had to make its own decisions about the use of genetically modified seeds.",news,1,0,0,0,0,0,0,0,0,0,0,0,0,0,0,0,0,0,0,0,0,0,0,0,0,0,0,0,0,0,0,0,0,0,0,0
2202,"The objectives, activities and verifiable indicators outlined will provide a base for monitoring, reporting and evaluating this operation.","The objectives, activities and verifiable indicators outlined will provide a base for monitoring, reporting and evaluating this operation.",news,1,0,0,0,0,0,0,0,0,0,0,0,0,0,0,0,0,0,0,0,0,0,0,0,0,0,0,0,0,0,0,0,0,0,0,0
2203,"The other approach that is being pursued is one that develops markets, a value-chain approach that facilitates not only increased sustainable production but also availing markets to these communities.","The other approach that is being pursued is one that develops markets, a value-chain approach that facilitates not only increased sustainable production but also availing markets to these communities.",news,0,0,0,0,0,0,0,0,0,0,0,0,0,0,0,0,0,0,0,0,0,0,0,0,0,0,0,0,0,0,0,0,0,0,0,0
2204,"An estimated 50 percent of field plots have been destroyed due to saline water flood, causing loss of perennial plants and crop failure.","An estimated 50 percent of field plots have been destroyed due to saline water flood, causing loss of perennial plants and crop failure.",news,1,1,0,1,0,0,0,0,0,0,0,1,0,0,0,0,0,0,0,0,0,0,0,0,0,0,0,0,1,1,0,0,0,0,0,1
2205,"Forty places were labeled on his map as ""danger zones"" with details of dangers in specific areas, such as ""manhole covers washed away"".","Forty places were labeled on his map as ""danger zones"" with details of dangers in specific areas, such as ""manhole covers washed away"".",news,1,0,0,0,0,0,0,0,0,0,0,0,0,0,0,0,0,0,0,1,0,0,0,0,0,0,0,1,0,0,0,0,0,0,0,0
2206,"In the Maldives, the Public Health Laboratory has been provided with laboratory equipment such as a water purification system and accessories to assist in surveillance and monitoring of chemical and microbiological contaminants in food.","In the Maldives, the Public Health Laboratory has been provided with laboratory equipment such as a water purification system and accessories to assist in surveillance and monitoring of chemical and microbiological contaminants in food.",news,1,0,0,1,0,0,0,0,0,0,1,1,0,0,0,0,0,0,0,0,0,0,0,0,0,0,0,0,0,0,0,0,0,0,0,0
2207,The overall foodgrain production in these States is expected to be lower by about 15.7 million tonnes.,The overall foodgrain production in these States is expected to be lower by about 15.7 million tonnes.,news,0,0,0,0,0,0,0,0,0,0,0,0,0,0,0,0,0,0,0,0,0,0,0,0,0,0,0,0,0,0,0,0,0,0,0,0
2208,It is also the headquarters of one sector of the multinational force fighting Boko Haram as well as housing a Cameroon motorised infantry base.,It is also the headquarters of one sector of the multinational force fighting Boko Haram as well as housing a Cameroon motorised infantry base.,news,1,0,0,0,0,0,0,0,0,0,0,0,0,0,0,0,0,0,0,0,0,0,0,0,0,0,0,0,0,0,0,0,0,0,0,0
2209,"Soon after, explosions and radioactive leaks rocked the nearby Fukushima Daiichi and Fukushima Daini nuclear power plants, adding a new calamity for authorities to deal with while complicating the safety of aid workers on the ground.","Soon after, explosions and radioactive leaks rocked the nearby Fukushima Daiichi and Fukushima Daini nuclear power plants, adding a new calamity for authorities to deal with while complicating the safety of aid workers on the ground.",news,1,0,0,0,0,0,0,0,0,0,0,0,0,0,0,0,0,0,0,0,0,0,0,0,0,0,0,0,0,0,0,0,0,0,0,0
2210,Add 4 drops of liquid laundry bleach per liter of water.,Add 4 drops of liquid laundry bleach per liter of water.,news,0,0,0,0,0,0,0,0,0,0,0,0,0,0,0,0,0,0,0,0,0,0,0,0,0,0,0,0,0,0,0,0,0,0,0,0
2211,National experts in infrastructure damage assessment (six weeks),National experts in infrastructure damage assessment (six weeks),news,1,0,0,0,0,0,0,0,0,0,0,0,0,0,0,0,0,0,0,1,0,0,0,0,0,0,0,1,0,0,0,0,0,0,0,0
2212,"For FAO, healthy soils are the foundation for food, fuel, fibre and even medicine.","For FAO, healthy soils are the foundation for food, fuel, fibre and even medicine.",news,0,0,0,0,0,0,0,0,0,0,0,0,0,0,0,0,0,0,0,0,0,0,0,0,0,0,0,0,0,0,0,0,0,0,0,0
2213,"Thereafter, rail shipments should arrive in Turkmenabad on a daily basis, at the rate of 1,000-1,500 MT per day.","Thereafter, rail shipments should arrive in Turkmenabad on a daily basis, at the rate of 1,000-1,500 MT per day.",news,1,0,0,0,0,0,0,0,0,0,0,0,0,0,0,0,0,0,0,0,0,0,0,0,0,0,0,0,0,0,0,0,0,0,0,0
2214,WFP is participating in the elaboration of a UN interagency contingency plan.,WFP is participating in the elaboration of a UN interagency contingency plan.,news,1,0,0,0,0,0,0,0,0,0,0,0,0,0,0,0,0,0,0,0,0,0,0,0,0,0,0,0,0,0,0,0,0,0,0,0
2215,"Pakistan will not be able to afford its long-awaited water policy, due to be announced in June, a water ministry official told IRIN on Tuesday.","Pakistan will not be able to afford its long-awaited water policy, due to be announced in June, a water ministry official told IRIN on Tuesday.",news,1,0,0,0,0,0,0,0,0,0,0,0,0,0,0,0,0,0,0,0,0,0,0,0,0,0,0,0,0,0,0,0,0,0,0,0
2216,"We used deep sink faucets and other parts that we were going to return as surplus, said Hull Maintenance Technician 1st Class (SW) William Phinney, repair division leading petty officer from Chicago.","We used deep sink faucets and other parts that we were going to return as surplus, said Hull Maintenance Technician 1st Class (SW) William Phinney, repair division leading petty officer from Chicago.",news,1,0,0,0,0,0,0,0,0,0,0,0,0,0,0,0,0,0,0,0,0,0,0,0,0,0,0,0,0,0,0,0,0,0,0,0
2217,"That rate has since dropped to less than one centimetre annually, they said, thanks to government measures to control groundwater pumping.","That rate has since dropped to less than one centimetre annually, they said, thanks to government measures to control groundwater pumping.",news,1,0,0,1,0,0,0,0,0,0,1,0,0,0,0,0,0,0,0,0,0,0,0,0,0,0,0,0,0,0,0,0,0,0,0,0
2218,"The people's main source of income is fishing, mineral extraction, rubber and coconut plantations.","The people's main source of income is fishing, mineral extraction, rubber and coconut plantations.",news,0,0,0,0,0,0,0,0,0,0,0,0,0,0,0,0,0,0,0,0,0,0,0,0,0,0,0,0,0,0,0,0,0,0,0,0
2219,"We continue to negotiate these ""Economic Partnership Agreements"" with all the regions in Africa, looking for ways to enhance economic development and regional integration within Africa based on our own experience as a growing regional bloc.","We continue to negotiate these ""Economic Partnership Agreements"" with all the regions in Africa, looking for ways to enhance economic development and regional integration within Africa based on our own experience as a growing regional bloc.",news,1,0,0,0,0,0,0,0,0,0,0,0,0,0,0,0,0,0,0,0,0,0,0,0,0,0,0,0,0,0,0,0,0,0,0,0
2220,"Furthermore, the Government claims 'the proposed houses will be located in urban and rural settlements which will be provided with infrastructure such as electricity, water, sanitation, recreation facilities and road systems.'","Furthermore, the Government claims 'the proposed houses will be located in urban and rural settlements which will be provided with infrastructure such as electricity, water, sanitation, recreation facilities and road systems.'",news,1,0,0,1,0,0,0,0,0,0,1,0,1,0,0,0,0,0,0,0,0,0,1,0,0,0,0,0,0,0,0,0,0,0,0,0
2221,"According to a 2006 survey of 425,000 families in the monga zone by Palli Karma Shahayak Foundation [see: http://www.pksf-bd.org/citygropu_award.htm], an NGO, and the country's Institute of Microfinance, about 20 percent had no choice but to sell their assets and property to feed their families, while 40 percent had to migrate to other places for jobs.","According to a 2006 survey of 425,000 families in the monga zone by Palli Karma Shahayak Foundation [see: http://www.pksf-bd.org/citygropu_award.htm], an NGO, and the country's Institute of Microfinance, about 20 percent had no choice but to sell their assets and property to feed their families, while 40 percent had to migrate to other places for jobs.",news,1,0,0,0,0,0,0,0,0,0,0,0,0,0,0,0,0,0,0,0,0,0,0,0,0,0,0,0,0,0,0,0,0,0,0,0
2222,"An integrated community-based water/sanitation programme minimizing the effects of both slow and sudden onset disasters was successfully implemented in two provinces with 8,500 dry composting toilets constructed in Guangxi Province and 5,000 toilets in Hunan Province.","An integrated community-based water/sanitation programme minimizing the effects of both slow and sudden onset disasters was successfully implemented in two provinces with 8,500 dry composting toilets constructed in Guangxi Province and 5,000 toilets in Hunan Province.",news,1,0,0,1,0,0,0,0,0,0,1,0,0,0,0,0,0,0,0,0,0,0,0,0,0,0,0,0,0,0,0,0,0,0,0,0
2223,"I know how much we were helped in those early days and still today, by international ngos like Concern Worldwide.","I know how much we were helped in those early days and still today, by international ngos like Concern Worldwide.",news,0,0,0,0,0,0,0,0,0,0,0,0,0,0,0,0,0,0,0,0,0,0,0,0,0,0,0,0,0,0,0,0,0,0,0,0
2224,Access to reproductive health services in Rawalakot is constrained by the severely damaged infrastructure and the lack of existing health facilities that can provide good quality basic antenatal care with referral to comprehensive emergency obstetric care.,Access to reproductive health services in Rawalakot is constrained by the severely damaged infrastructure and the lack of existing health facilities that can provide good quality basic antenatal care with referral to comprehensive emergency obstetric care.,news,1,0,0,1,1,0,0,0,0,0,0,0,0,0,0,0,0,0,0,1,0,0,0,0,1,0,0,0,0,0,0,0,0,0,0,0
2225,"The other issue is the rearmament of existing -- of vehicles that are now in theater, vehicles that require a different armament structure than that which they initially were manufactured with.","The other issue is the rearmament of existing -- of vehicles that are now in theater, vehicles that require a different armament structure than that which they initially were manufactured with.",news,1,0,0,0,0,0,0,0,0,0,0,0,0,0,0,0,0,0,0,0,0,0,0,0,0,0,0,0,0,0,0,0,0,0,0,0
2226,"In the short-term, WFP must provide food aid for some 365,000 people who lost their homes in the floods and are sheltering in 96 makeshift transit camps of all sizes, spread across the Limpopo and Save river valleys.","In the short-term, WFP must provide food aid for some 365,000 people who lost their homes in the floods and are sheltering in 96 makeshift transit camps of all sizes, spread across the Limpopo and Save river valleys.",news,1,1,0,1,0,0,0,0,0,0,0,1,1,0,0,0,0,0,0,0,0,1,0,0,0,0,0,0,1,1,0,0,0,0,0,0
2227,"Six districts are already in the grip of floods after lakes and canals overflowed due to incessant rain, reports said.","Six districts are already in the grip of floods after lakes and canals overflowed due to incessant rain, reports said.",news,1,0,0,0,0,0,0,0,0,0,0,0,0,0,0,0,0,0,0,0,0,0,0,0,0,0,0,0,1,1,1,0,0,0,0,0
2228,"With an installed processing capacity of 4 tons of cassava roots per hour, the factory aims to add value to cassava, thereby creating wealth for cassava farmers.","With an installed processing capacity of 4 tons of cassava roots per hour, the factory aims to add value to cassava, thereby creating wealth for cassava farmers.",news,0,0,0,0,0,0,0,0,0,0,0,0,0,0,0,0,0,0,0,0,0,0,0,0,0,0,0,0,0,0,0,0,0,0,0,0
2229,"Except for the Amu Darya, which has 1,200 kilometer of navigable waters and handles vessels up to about 500 metric tons, the country's narrow, fast-flowing rivers are nearly all unnavigable and are used chiefly for the transportation of free-floating timber.","Except for the Amu Darya, which has 1,200 kilometer of navigable waters and handles vessels up to about 500 metric tons, the country's narrow, fast-flowing rivers are nearly all unnavigable and are used chiefly for the transportation of free-floating timber.",news,1,1,0,1,1,0,0,0,0,0,0,0,0,0,0,0,0,0,0,0,1,0,0,0,0,0,0,0,1,1,0,0,0,0,0,1
2230,"The disease outbreak comes as a result of overflowing sewerage oxidation ponds and VIP toilets resulting in contamination of the floodwater, which some villagers use for human consumption.","The disease outbreak comes as a result of overflowing sewerage oxidation ponds and VIP toilets resulting in contamination of the floodwater, which some villagers use for human consumption.",news,1,0,0,1,1,0,0,0,0,0,1,0,0,0,0,0,0,0,0,1,0,0,0,0,0,0,0,1,1,1,0,0,0,0,0,0
2231,"USAID responded to the UN World Food Program 6,790 metric tons of vegetable oil and 480 metric tons of wheat soy blend, valued at ~$9 million in total.","USAID responded to the UN World Food Program 6,790 metric tons of vegetable oil and 480 metric tons of wheat soy blend, valued at ~$9 million in total.",news,1,0,0,1,0,0,0,0,0,0,0,1,0,0,0,0,0,0,0,0,0,0,0,0,0,0,0,0,0,0,0,0,0,0,0,0
2232,Creating more and better jobs for young people in West Africa through sustainable aquaculture and Cassava activities.,Creating more and better jobs for young people in West Africa through sustainable aquaculture and Cassava activities.,news,1,0,0,0,0,0,0,0,0,0,0,0,0,0,0,0,0,0,0,0,0,0,0,0,0,0,0,0,0,0,0,0,0,0,0,0
2233,"In both developed and developing countries, cities are increasingly feeling the effects of climate change, resource depletion, food insecurity, population growth and economic instability.","In both developed and developing countries, cities are increasingly feeling the effects of climate change, resource depletion, food insecurity, population growth and economic instability.",news,1,0,0,0,0,0,0,0,0,0,0,0,0,0,0,0,0,0,0,0,0,0,0,0,0,0,0,0,0,0,0,0,0,0,0,0
2234,"Additional information is available about the workshop at www.trademeetings.com, about USTDA at www.ustda.gov, about NOAA at www.noaa.gov, and about the NOAA National Data Buoy Center at www.ndbc.noaa.gov/dart.shtml.","Additional information is available about the workshop at www.trademeetings.com, about USTDA at www.ustda.gov, about NOAA at www.noaa.gov, and about the NOAA National Data Buoy Center at www.ndbc.noaa.gov/dart.shtml.",news,0,0,0,0,0,0,0,0,0,0,0,0,0,0,0,0,0,0,0,0,0,0,0,0,0,0,0,0,0,0,0,0,0,0,0,0
2235,"The pilots will include natural resource conflict prevention, evaluations of biological resources, management of degraded sites, the pinpointing of sustainable practices and new and profitable alternatives to unsustainable and damaging activities in areas such as food production and energy.","The pilots will include natural resource conflict prevention, evaluations of biological resources, management of degraded sites, the pinpointing of sustainable practices and new and profitable alternatives to unsustainable and damaging activities in areas such as food production and energy.",news,0,0,0,0,0,0,0,0,0,0,0,0,0,0,0,0,0,0,0,0,0,0,0,0,0,0,0,0,0,0,0,0,0,0,0,0
2236,"In Nairobi at Embakasi Village's government quarters a sewage spill has flooded 30 houses in the area, but has since subsided.","In Nairobi at Embakasi Village's government quarters a sewage spill has flooded 30 houses in the area, but has since subsided.",news,1,0,0,0,0,0,0,0,0,0,0,0,0,0,0,0,0,0,0,0,0,1,0,0,0,0,0,0,1,1,0,0,0,0,0,0
2237,"The agricultural innovation project is being scaled up to cover the eight districts in Andhra Pradesh's ""rain shadow"" region.","The agricultural innovation project is being scaled up to cover the eight districts in Andhra Pradesh's ""rain shadow"" region.",news,1,0,0,0,0,0,0,0,0,0,0,0,0,0,0,0,0,0,0,0,0,0,0,0,0,0,0,0,0,0,0,0,0,0,0,0
2238,"The UN special envoy for Afghanistan, Lakhdar Brahimi, is scheduled to brief the UN security council on Wednesday in New York following a recent upsurge in violence in the country and amid calls for an expansion of the multinational peacekeeping force.","The UN special envoy for Afghanistan, Lakhdar Brahimi, is scheduled to brief the UN security council on Wednesday in New York following a recent upsurge in violence in the country and amid calls for an expansion of the multinational peacekeeping force.",news,1,0,0,1,0,0,0,0,1,0,0,0,0,0,0,0,0,0,0,0,0,0,0,0,0,0,0,0,0,0,0,0,0,0,0,0
2239,"Under its CROP and FFW/FFT programmes, CWS conducted extension training on cacao plantations for 373 families in Lage sub-district on 29 October.","Under its CROP and FFW/FFT programmes, CWS conducted extension training on cacao plantations for 373 families in Lage sub-district on 29 October.",news,0,0,0,0,0,0,0,0,0,0,0,0,0,0,0,0,0,0,0,0,0,0,0,0,0,0,0,0,0,0,0,0,0,0,0,0
2240,"The Government had dedicated $132 million to the programme in its first two years, which was already working to produce heartier crops in Niger and to reduce malnutrition in Burkina Faso.","The Government had dedicated $132 million to the programme in its first two years, which was already working to produce heartier crops in Niger and to reduce malnutrition in Burkina Faso.",news,1,0,0,1,0,0,0,0,0,0,0,1,0,0,0,0,0,0,0,0,0,0,0,0,0,0,0,0,0,0,0,0,0,0,0,0
2241,UNICEF has offered 20 squatting pans to the mosque and a temporary building is being constructed to supplement the existing shelter at the mosque with four semi-permanent toilets and a bathing site.,UNICEF has offered 20 squatting pans to the mosque and a temporary building is being constructed to supplement the existing shelter at the mosque with four semi-permanent toilets and a bathing site.,news,1,0,0,1,0,0,0,0,0,0,0,0,1,0,0,0,0,0,0,0,0,0,0,0,0,0,0,0,0,0,0,0,0,0,0,0
2242,"To help, CARE will be providing Mingwa and other pregnant women in Boruwa with safe birthing kits since there is no access to a hospital to deliver their baby.","To help, CARE will be providing Mingwa and other pregnant women in Boruwa with safe birthing kits since there is no access to a hospital to deliver their baby.",news,1,0,0,1,1,0,0,0,0,0,0,0,0,0,0,0,0,0,0,0,0,0,0,0,0,0,0,0,0,0,0,0,0,0,0,0
2243,The Central Implementation Review Group at state level which is chaired by the Chief Secretary facilitates the inter departmental coordination and monitoring.,The Central Implementation Review Group at state level which is chaired by the Chief Secretary facilitates the inter departmental coordination and monitoring.,news,1,0,0,0,0,0,0,0,0,0,0,0,0,0,0,0,0,0,0,0,0,0,0,0,0,0,0,0,0,0,0,0,0,0,0,0
2244,But they didn't come back and now we have to survive on rice gruel.,But they didn't come back and now we have to survive on rice gruel.,news,1,1,0,1,0,0,0,0,0,0,0,1,0,0,0,0,0,0,0,0,0,0,0,0,0,0,0,0,0,0,0,0,0,0,0,1
2245,"Consequently, many farmers are planting the open pollinated varieties whose yields are much less than treated seed.","Consequently, many farmers are planting the open pollinated varieties whose yields are much less than treated seed.",news,0,0,0,0,0,0,0,0,0,0,0,0,0,0,0,0,0,0,0,0,0,0,0,0,0,0,0,0,0,0,0,0,0,0,0,0
2246,"Also planned are new washroom facilities for the Boarding School, to enable the promotion of hygiene and health of the resident children.","Also planned are new washroom facilities for the Boarding School, to enable the promotion of hygiene and health of the resident children.",news,1,0,0,1,0,1,0,0,0,0,0,0,0,0,0,0,0,0,0,0,0,0,0,0,0,0,0,0,0,0,0,0,0,0,0,0
2247,The fisheries industry is third in economic terms to timber and mineral processing in the krai.,The fisheries industry is third in economic terms to timber and mineral processing in the krai.,news,0,0,0,0,0,0,0,0,0,0,0,0,0,0,0,0,0,0,0,0,0,0,0,0,0,0,0,0,0,0,0,0,0,0,0,0
2248,Most of the victims are homeless pavement dwellers and beggars.,Most of the victims are homeless pavement dwellers and beggars.,news,1,0,0,1,0,0,0,0,0,0,0,0,1,0,0,0,1,0,0,0,0,0,0,0,0,0,0,0,0,0,0,0,0,0,0,0
2249,The overall nutritional situation improved compared to the previous months due to increased trade and continuous airdrops.,The overall nutritional situation improved compared to the previous months due to increased trade and continuous airdrops.,news,1,0,0,1,0,0,0,0,0,0,0,1,0,0,0,0,0,0,0,0,0,0,0,0,0,0,0,0,0,0,0,0,0,0,0,0
2250,Police investigators say Lapindo may be criminally negligent because it failed to install safety casings at the lower depths of the drilling shaft to prevent leakage.,Police investigators say Lapindo may be criminally negligent because it failed to install safety casings at the lower depths of the drilling shaft to prevent leakage.,news,1,0,0,0,0,0,0,0,0,0,0,0,0,0,0,0,0,0,0,0,0,0,0,0,0,0,0,0,0,0,0,0,0,0,0,1
2251,"Suddenly alone in the world, she took Aaron to a half-constructed concrete building with no windows, water or electricity, sleeping among muddy puddles that gathered in the rain and swatting away mosquitoes.","Suddenly alone in the world, she took Aaron to a half-constructed concrete building with no windows, water or electricity, sleeping among muddy puddles that gathered in the rain and swatting away mosquitoes.",news,1,0,0,1,0,0,0,0,0,0,0,0,1,0,0,0,0,0,0,0,0,0,0,0,0,0,0,0,0,0,0,0,0,0,0,0
2252,Individuals and institutions could send all monies collected to the above account.,Individuals and institutions could send all monies collected to the above account.,news,1,1,0,1,1,0,0,0,0,0,0,0,0,0,1,0,0,0,0,0,1,0,0,0,0,0,0,0,1,1,0,0,0,0,0,1
2253,"We feel lucky; most residents in Wajir still rely on bucket toilets, one of several sanitation challenges aggravated by a non-existent drainage and sewerage system.","We feel lucky; most residents in Wajir still rely on bucket toilets, one of several sanitation challenges aggravated by a non-existent drainage and sewerage system.",news,1,0,0,0,0,0,0,0,0,0,0,0,0,0,0,0,0,0,0,0,0,0,0,0,0,0,0,0,0,0,0,0,0,0,0,0
2254,"Administered via the EU's Humanitarian Aid Office (ECHO), the financing will enable non-governmental organisations over the next eight months to meet immediate food requirements and guarantee small farmers' incomes, thereby avoiding the danger of rural depopulation.","Administered via the EU's Humanitarian Aid Office (ECHO), the financing will enable non-governmental organisations over the next eight months to meet immediate food requirements and guarantee small farmers' incomes, thereby avoiding the danger of rural depopulation.",news,1,0,0,0,0,0,0,0,0,0,0,0,0,0,0,0,0,0,0,0,0,0,0,0,0,0,0,0,0,0,0,0,0,0,0,1
2255,"(http://reliefweb.int/https://www.msb.se/en/Tools/News/Building-inspections--part-of-the-operational-work/) **Other support from the MSB** In addition to work on building inspections, the response team contiunes to work on identifying medical resources, providing support for coordination and needs assessments, communications and housing support for relief workers.","(http://reliefweb.int/https://www.msb.se/en/Tools/News/Building-inspections--part-of-the-operational-work/) **Other support from the MSB** In addition to work on building inspections, the response team contiunes to work on identifying medical resources, providing support for coordination and needs assessments, communications and housing support for relief workers.",news,1,0,0,1,1,1,0,0,0,0,0,0,1,0,0,0,0,0,0,0,0,0,0,0,0,0,0,0,0,0,0,0,0,0,0,0
2256,They will also monitor chlorine residual levels and access to distributions of 'Watermaker' in the 4 bairros.,They will also monitor chlorine residual levels and access to distributions of 'Watermaker' in the 4 bairros.,news,1,0,0,0,0,0,0,0,0,0,0,0,0,0,0,0,0,0,0,0,0,0,0,0,0,0,0,0,0,0,0,0,0,0,0,0
2257,"* Procurement of 5,767 kitchen utensil sets (500 in Islamabad, 5,267 in Karachi).","* Procurement of 5,767 kitchen utensil sets (500 in Islamabad, 5,267 in Karachi).",news,0,0,0,0,0,0,0,0,0,0,0,0,0,0,0,0,0,0,0,0,0,0,0,0,0,0,0,0,0,0,0,0,0,0,0,0
2258,"Whether uprooted by war, ethnic cleansing, political persecution, or natural resource scarcity, RI fights to help get the displaced and vulnerable home or to a safer place.","Whether uprooted by war, ethnic cleansing, political persecution, or natural resource scarcity, RI fights to help get the displaced and vulnerable home or to a safer place.",news,1,0,0,0,0,0,0,0,0,0,0,0,0,0,0,0,0,0,0,0,0,0,0,0,0,0,0,0,0,0,0,0,0,0,0,0
2259,Now nearly a week of downpours has caused hundreds of mud-brick hovels to collapse - and others to flood.,Now nearly a week of downpours has caused hundreds of mud-brick hovels to collapse - and others to flood.,news,1,0,0,0,0,0,0,0,0,0,0,0,0,0,0,0,0,0,0,0,0,1,0,0,0,0,0,0,1,1,1,0,0,0,0,0
2260,2000 homes were affected by flooding or sewage backup.,2000 homes were affected by flooding or sewage backup.,news,1,0,0,0,0,0,0,0,0,0,0,0,0,0,0,0,0,0,0,1,0,0,0,0,0,0,0,1,1,1,0,0,0,0,0,0
2261,"Through these programmes, mothers learn how to cook nutritious meals even when money and food are tight.","Through these programmes, mothers learn how to cook nutritious meals even when money and food are tight.",news,1,0,0,0,0,0,0,0,0,0,0,0,0,0,0,0,0,0,0,0,0,0,0,0,0,0,0,0,0,0,0,0,0,0,0,0
2262,"Final distribution of the coal, however, is expected to take place around August/September when it is currently anticipated that beneficiary families will be moving from the temporary housing where they are currently based into their newly reconstructed permanent residences.","Final distribution of the coal, however, is expected to take place around August/September when it is currently anticipated that beneficiary families will be moving from the temporary housing where they are currently based into their newly reconstructed permanent residences.",news,1,0,0,0,0,0,0,0,0,0,0,0,0,0,0,0,0,0,0,0,0,0,0,0,0,0,0,0,0,0,0,0,0,0,0,0
2263,AN: Why was it decided to launch this type of farming programme in Tajikistan?,AN: Why was it decided to launch this type of farming programme in Tajikistan?,news,0,0,0,0,0,0,0,0,0,0,0,0,0,0,0,0,0,0,0,0,0,0,0,0,0,0,0,0,0,0,0,0,0,0,0,0
2264,"Some are small local mines and some are large scale gold mining camps, sprawling across acres of land.","Some are small local mines and some are large scale gold mining camps, sprawling across acres of land.",news,1,0,0,0,0,0,0,0,0,0,0,0,0,0,0,0,0,0,0,0,0,0,0,0,0,0,0,0,0,0,0,0,0,0,0,0
2265,"Officials in the city said that after reaching a peak just a few centimeters below the tops of some berms, the flow appeared to have eased as the flood waters poured down the Chao Phraya River into the sea, leaving the city mostly safe.","Officials in the city said that after reaching a peak just a few centimeters below the tops of some berms, the flow appeared to have eased as the flood waters poured down the Chao Phraya River into the sea, leaving the city mostly safe.",news,1,0,0,0,0,0,0,0,0,0,0,0,0,0,0,0,0,0,0,0,0,0,0,0,0,0,0,0,1,1,0,0,0,0,0,0
2266,"The framework agreement provided for a cessation of hostilities in all disputed areas and outlined the objectives of a peace settlement, the process and time frame for implementing a comprehensive ceasefire and the institutions and monitoring mechanisms required.","The framework agreement provided for a cessation of hostilities in all disputed areas and outlined the objectives of a peace settlement, the process and time frame for implementing a comprehensive ceasefire and the institutions and monitoring mechanisms required.",news,1,0,0,1,0,0,0,0,1,0,0,0,0,0,0,0,0,0,0,0,0,0,0,0,0,0,0,0,0,0,0,0,0,0,0,0
2267,He said fuel trucks were already risking unsafe roads and bridges.,He said fuel trucks were already risking unsafe roads and bridges.,news,1,0,0,0,0,0,0,0,0,0,0,0,0,0,0,0,0,0,0,0,1,0,0,0,0,0,0,0,0,0,0,0,0,0,0,0
2268,A long-term impact on the local tourism economy is expected.,A long-term impact on the local tourism economy is expected.,news,0,0,0,0,0,0,0,0,0,0,0,0,0,0,0,0,0,0,0,0,0,0,0,0,0,0,0,0,0,0,0,0,0,0,0,0
2269,"We also installed two water taps and roof gutters, cleared land for a playground, established organic gardens and a composting program, and helped school officials instill a new cleanliness ethic with handwashing posters and a student-led committee on hygiene.","We also installed two water taps and roof gutters, cleared land for a playground, established organic gardens and a composting program, and helped school officials instill a new cleanliness ethic with handwashing posters and a student-led committee on hygiene.",news,1,0,0,0,0,0,0,0,0,0,0,0,0,0,0,0,0,0,0,0,0,0,0,0,0,0,0,0,0,0,0,0,0,0,0,0
2270,"Figure 1 illustrates that so far the long rains have been poor along a central corridor of Kenya, from the north (covering pastoral districts) through to the central (covering the cropping districts) and southern (Maasai rangelands) areas.","Figure 1 illustrates that so far the long rains have been poor along a central corridor of Kenya, from the north (covering pastoral districts) through to the central (covering the cropping districts) and southern (Maasai rangelands) areas.",news,1,0,0,0,0,0,0,0,0,0,0,0,0,0,0,0,0,0,0,0,0,0,0,0,0,0,0,0,1,0,1,0,0,0,0,0
2271,"Kits include antiseptic soaps, antibiotics, anti-malarial drugs, fever medicines and bandages.","Kits include antiseptic soaps, antibiotics, anti-malarial drugs, fever medicines and bandages.",news,1,0,1,1,0,1,0,0,0,0,0,0,0,0,0,0,0,0,0,0,0,0,0,0,0,0,0,0,0,0,0,0,0,0,0,0
2272,"Meanwhile, serpentine queues outside grocery stores, milk booths and petrol bunks continued to grow longer.","Meanwhile, serpentine queues outside grocery stores, milk booths and petrol bunks continued to grow longer.",news,0,0,0,0,0,0,0,0,0,0,0,0,0,0,0,0,0,0,0,0,0,0,0,0,0,0,0,0,0,0,0,0,0,0,0,0
2273,He survived only because he jumped into an underground shelter.,He survived only because he jumped into an underground shelter.,news,1,0,0,1,0,0,0,0,0,0,0,0,1,0,0,0,0,0,0,0,0,0,0,0,0,0,0,0,0,0,0,0,0,0,0,0
2274,"The administration will build low-rent apartments for low-income households and affordable housing units to be sold to families classified as lower-medium income, Yang Hongbo, the provincial construction department director, told the same press conference.","The administration will build low-rent apartments for low-income households and affordable housing units to be sold to families classified as lower-medium income, Yang Hongbo, the provincial construction department director, told the same press conference.",news,1,0,1,1,0,0,0,0,0,0,0,0,1,0,0,0,0,0,0,0,0,0,0,0,0,0,0,0,0,0,0,0,0,0,0,0
2275,"In Ruyi Du Ab the assessment team including of the Minister for Rural Rehabilitation and Development found 3 dead, all five clinics destroyed, all schools and mosques destroyed, 210 homes totally destroyed and 1,000 homes partially (50-60%) destroyed.","In Ruyi Du Ab the assessment team including of the Minister for Rural Rehabilitation and Development found 3 dead, all five clinics destroyed, all schools and mosques destroyed, 210 homes totally destroyed and 1,000 homes partially (50-60%) destroyed.",news,1,0,0,1,0,0,0,0,0,0,0,0,0,0,0,0,0,1,0,1,0,1,0,0,1,0,1,0,0,0,0,0,0,0,0,0
2276,"These images of poverty and squalor are everywhere at Porta farm, a fast-expanding squatter camp 18 km southwest of Zimbabwe's capital, Harare.","These images of poverty and squalor are everywhere at Porta farm, a fast-expanding squatter camp 18 km southwest of Zimbabwe's capital, Harare.",news,1,0,0,0,0,0,0,0,0,0,0,0,0,0,0,0,0,0,0,0,0,0,0,0,0,0,0,0,0,0,0,0,0,0,0,0
2277,Health Cluster partners are currently supporting district and provincial health authorities in distributing insecticide treated nets to families in resettlement centres.,Health Cluster partners are currently supporting district and provincial health authorities in distributing insecticide treated nets to families in resettlement centres.,news,1,0,0,1,0,1,0,0,0,0,0,0,0,0,0,0,0,0,0,0,0,0,0,0,0,0,0,0,0,0,0,0,0,0,0,0
2278,CRS teams report that the poorest families are most affected because they had easily-destroyed thatched roofed houses.,CRS teams report that the poorest families are most affected because they had easily-destroyed thatched roofed houses.,news,1,0,0,1,0,0,0,0,0,0,0,0,1,0,0,0,0,0,0,0,0,1,0,0,0,0,0,0,0,0,0,0,0,0,0,0
2279,Amnesty International has received reports of government troops forcibly and arbitrarily evicting cyclone survivors from their makeshift camps.,Amnesty International has received reports of government troops forcibly and arbitrarily evicting cyclone survivors from their makeshift camps.,news,1,0,0,1,0,0,0,0,0,0,0,0,0,0,0,0,1,0,0,0,0,0,0,0,0,0,0,0,1,0,1,0,0,0,0,0
2280,"NEW YORK, 5 January 2005 - After more than a week of bring basic relief supplies to suvivors of Asia's tsunami, UNICEF is turning its focus to the longer-range project of restoring normalcy to the lives of children.","NEW YORK, 5 January 2005 - After more than a week of bring basic relief supplies to suvivors of Asia's tsunami, UNICEF is turning its focus to the longer-range project of restoring normalcy to the lives of children.",news,1,0,0,1,0,0,0,0,0,0,0,0,0,0,0,0,0,0,1,0,0,0,0,0,0,0,0,0,1,1,0,0,0,0,1,0
2281,Witnesses said crowds of people crammed into makeshift mortuaries and overwhelmed hospitals in search for missing loved ones.,Witnesses said crowds of people crammed into makeshift mortuaries and overwhelmed hospitals in search for missing loved ones.,news,1,0,0,1,0,0,0,0,0,0,0,0,0,0,0,1,0,1,0,1,0,0,0,0,1,0,0,0,0,0,0,0,0,0,0,0
2282,"Normally, we have special shock treatment [organophosphate pesticide, potentially dangerous to human health] for swarms, which we apply early in the morning,"" he said.","Normally, we have special shock treatment [organophosphate pesticide, potentially dangerous to human health] for swarms, which we apply early in the morning,"" he said.",news,0,0,0,0,0,0,0,0,0,0,0,0,0,0,0,0,0,0,0,0,0,0,0,0,0,0,0,0,0,0,0,0,0,0,0,0
2283,"Many poor people who cannot afford to buy land have built on communal spaces, including on land previously reserved for channelling water.","Many poor people who cannot afford to buy land have built on communal spaces, including on land previously reserved for channelling water.",news,1,0,0,0,0,0,0,0,0,0,0,0,0,0,0,0,0,0,0,0,0,0,0,0,0,0,0,0,0,0,0,0,0,0,0,0
2284,#NAME?,#NAME?,news,1,0,1,1,1,1,0,0,0,0,0,0,0,0,0,0,0,0,0,0,0,0,0,0,0,0,0,0,0,0,0,0,0,0,0,1
2285,"Plumpy doz provides nutrition to children in the form of additional energy, essential fats and proteins as well as other important vitamins and minerals.","Plumpy doz provides nutrition to children in the form of additional energy, essential fats and proteins as well as other important vitamins and minerals.",news,1,0,0,1,0,0,0,0,0,0,0,1,0,0,0,0,0,0,0,0,0,0,0,0,0,0,0,0,0,0,0,0,0,0,0,0
2286,"Planning to distribute 1,000 household kits comprising tarpaulin and ground cloth, hygiene items, blankets, towels, cooking and eating instruments, buckets, flashlights, mosquito repellent, hats and raincoats on Simeulue.","Planning to distribute 1,000 household kits comprising tarpaulin and ground cloth, hygiene items, blankets, towels, cooking and eating instruments, buckets, flashlights, mosquito repellent, hats and raincoats on Simeulue.",news,1,0,1,1,0,1,0,0,0,0,0,1,1,0,0,0,0,0,1,0,0,0,0,0,0,0,0,0,0,0,0,0,0,0,0,1
2287,Already there is considerable flooding in two of the areas hardest hit in 2000 - Steung Treng and Kratie - with many roads submerged and homes threatened.,Already there is considerable flooding in two of the areas hardest hit in 2000 - Steung Treng and Kratie - with many roads submerged and homes threatened.,news,1,0,0,0,0,0,0,0,0,0,0,0,0,0,0,0,0,0,0,0,1,1,0,0,0,0,0,0,1,1,0,0,0,0,0,0
2288,"It is established the virus that has killed 20 out of 91 infected cases in western Uganda is a new strain of Ebola, which is characterized by high fever, abdominal pain and diarrhea but less internal and external bleeding.","It is established the virus that has killed 20 out of 91 infected cases in western Uganda is a new strain of Ebola, which is characterized by high fever, abdominal pain and diarrhea but less internal and external bleeding.",news,1,0,0,1,1,0,0,0,0,0,0,0,0,0,0,0,0,0,0,0,0,0,0,0,0,0,0,0,0,0,0,0,0,0,0,0
2289,"The device, which will cost less than 1,000 rupees (21.5 dollars), also uses tiny silver particles to kill harmful germs that can lead to potentially deadly water-borne diseases like diarrhoea, cholera and typhoid.","The device, which will cost less than 1,000 rupees (21.5 dollars), also uses tiny silver particles to kill harmful germs that can lead to potentially deadly water-borne diseases like diarrhoea, cholera and typhoid.",news,1,0,0,0,0,0,0,0,0,0,0,0,0,0,0,0,0,0,0,0,0,0,0,0,0,0,0,0,0,0,0,0,0,0,0,0
2290,"The rise in natural disasters was due to climate change, caused by unsustainable use and exploitation of natural resources by predatory multinational enterprises aiming to increase consumption in the developed nations and then seeking to impose this mode upon the globalized world.","The rise in natural disasters was due to climate change, caused by unsustainable use and exploitation of natural resources by predatory multinational enterprises aiming to increase consumption in the developed nations and then seeking to impose this mode upon the globalized world.",news,1,0,0,0,0,0,0,0,0,0,0,0,0,0,0,0,0,0,0,0,0,0,0,0,0,0,0,0,1,0,0,0,0,0,1,0
2291,"Many bridges and roads were badly damaged or detroyed in the earthquake, complicating relief efforts as search and rescue teams struggle to reach affected regions.","Many bridges and roads were badly damaged or detroyed in the earthquake, complicating relief efforts as search and rescue teams struggle to reach affected regions.",news,1,0,0,1,1,0,0,0,0,0,0,0,0,0,0,0,0,0,0,0,1,0,0,0,0,0,0,0,1,0,0,0,1,0,0,0
2292,Talking to families in their homes about nutritious diets and healthful household behaviours is part of the fight against stunting in Bangladesh.,Talking to families in their homes about nutritious diets and healthful household behaviours is part of the fight against stunting in Bangladesh.,news,1,0,0,1,0,0,0,0,0,0,0,1,0,0,0,0,0,0,0,0,0,0,0,0,0,0,0,0,0,0,0,0,0,0,0,0
2293,"As a government-specified strategic commodity, individuals - including private traders - are allowed to transport only 150 kg of maize.","As a government-specified strategic commodity, individuals - including private traders - are allowed to transport only 150 kg of maize.",news,1,0,0,0,0,0,0,0,0,0,0,0,0,0,0,0,0,0,0,0,0,0,0,0,0,0,0,0,0,0,0,0,0,0,0,0
2294,TEPCO says up to 300 tonnes of this mildly radioactive groundwater is making its way into the sea every day.,TEPCO says up to 300 tonnes of this mildly radioactive groundwater is making its way into the sea every day.,news,1,0,0,1,0,0,0,0,0,0,1,0,0,0,0,0,0,0,0,0,0,0,0,0,0,0,0,0,1,0,0,0,0,0,1,0
2295,"More than 30,000 hectares (74,000 acres) of crops were washed away or submerged, with roads and factories destroyed, it said.","More than 30,000 hectares (74,000 acres) of crops were washed away or submerged, with roads and factories destroyed, it said.",news,1,0,0,0,0,0,0,0,0,0,0,0,0,0,0,0,0,0,0,1,1,1,0,0,0,0,0,1,1,1,0,0,0,0,1,0
2296,"The Redemption Hospital is situated in a densely populated slum community near the nation's capital, Monrovia.","The Redemption Hospital is situated in a densely populated slum community near the nation's capital, Monrovia.",news,0,0,0,0,0,0,0,0,0,0,0,0,0,0,0,0,0,0,0,0,0,0,0,0,0,0,0,0,0,0,0,0,0,0,0,0
2297,"The term ""asbestos"" is used for a group of naturally occurring minerals that take the form of long thin fibres and fibre bundles.","The term ""asbestos"" is used for a group of naturally occurring minerals that take the form of long thin fibres and fibre bundles.",news,0,0,0,0,0,0,0,0,0,0,0,0,0,0,0,0,0,0,0,0,0,0,0,0,0,0,0,0,0,0,0,0,0,0,0,0
2298,"By January 6, WFP expects to have 5,000 tons of essential food dispatched to 750,000 people (covering 15 day requirment).","By January 6, WFP expects to have 5,000 tons of essential food dispatched to 750,000 people (covering 15 day requirment).",news,1,0,0,1,0,0,0,0,0,0,0,1,0,0,0,0,0,0,0,0,0,0,0,0,0,0,0,0,0,0,0,0,0,0,0,0
2299,"Wildfire, deliberate burning - mostly to get pasture grasses regenerated and control animal exo-parasites like ticks, deforestation and bush clearing are major threats to the biodiversity of this unique ecosystem.","Wildfire, deliberate burning - mostly to get pasture grasses regenerated and control animal exo-parasites like ticks, deforestation and bush clearing are major threats to the biodiversity of this unique ecosystem.",news,1,0,0,0,0,0,0,0,0,0,0,0,0,0,0,0,0,0,0,0,0,0,0,0,0,0,0,0,1,0,0,1,0,0,0,0
2300,"Grass Pea is a drought tolerant, high yielding nitrogen rich leguminous crop with high-quality protein and carbohydrate.","Grass Pea is a drought tolerant, high yielding nitrogen rich leguminous crop with high-quality protein and carbohydrate.",news,1,0,0,0,0,0,0,0,0,0,0,0,0,0,0,0,0,0,0,0,0,0,0,0,0,0,0,0,0,0,0,0,0,0,0,0
2301,"ADRA Kenya first responded to the flooding emergency in mid-November 2006, distributing 1,000 bags of blended foods and 30 metric tons of potato flakes through its supplementary feeding program for vulnerable groups, including under-five malnourished children, pregnant women, lactating mothers, and the aged, stated George Baiden, country director for the ADRA office in Kenya.","ADRA Kenya first responded to the flooding emergency in mid-November 2006, distributing 1,000 bags of blended foods and 30 metric tons of potato flakes through its supplementary feeding program for vulnerable groups, including under-five malnourished children, pregnant women, lactating mothers, and the aged, stated George Baiden, country director for the ADRA office in Kenya.",news,1,0,0,1,0,0,0,0,0,0,0,1,0,0,0,0,0,0,0,0,0,0,0,0,0,0,0,0,1,1,0,0,0,0,0,0
2302,"Villagers of Lad Na Pieng had reportedly been spending around 50 baht per day on average buying water; therefore, they decided to join hands with the province's waterworks authority in digging two wells.","Villagers of Lad Na Pieng had reportedly been spending around 50 baht per day on average buying water; therefore, they decided to join hands with the province's waterworks authority in digging two wells.",news,1,0,0,1,0,0,0,0,0,0,1,0,0,0,0,0,0,0,0,0,0,0,0,0,0,0,0,0,0,0,0,0,0,0,0,0
2303,"Many have blood in their respiratory secretions, they vomit blood, have bloody stool. People are living in makeshift shanties or under open sky without basic food, drinking water and sanitation facilities,"" says Udaya Regmi, the IFRC's country representative for Bangladesh. A clearing site at Tibang, one of several temporary sites set up immediately after the tsunami, looks surreal - flat brown fingers of land stretch out into the sea, littered with uprooted trees and construction debris from other parts of the city. The grant will be used to support the ongoing emergency operation and to provide emergency relief kits, such as sleeping mats, plastic sheets, jerry cans, cooking utensils and personal hygiene supplies. However, we shall keep them for a year and use them when we have rebuilt our pigsty, says Mr. Liang, adding that rebuilding their own house will be the first priority.","Many have blood in their respiratory secretions, they vomit blood, have bloody stool. People are living in makeshift shanties or under open sky without basic food, drinking water and sanitation facilities,"" says Udaya Regmi, the IFRC's country representative for Bangladesh. A clearing site at Tibang, one of several temporary sites set up immediately after the tsunami, looks surreal - flat brown fingers of land stretch out into the sea, littered with uprooted trees and construction debris from other parts of the city. The grant will be used to support the ongoing emergency operation and to provide emergency relief kits, such as sleeping mats, plastic sheets, jerry cans, cooking utensils and personal hygiene supplies. However, we shall keep them for a year and use them when we have rebuilt our pigsty, says Mr. Liang, adding that rebuilding their own house will be the first priority.",news,1,1,0,1,0,1,0,0,0,0,1,1,1,0,0,0,0,0,0,0,0,0,0,0,0,0,0,0,1,1,0,0,0,0,0,0
2304,"Among other things, the international community must continue providing field hospitals, clinical services, mobile labs and diagnostic methods.","Among other things, the international community must continue providing field hospitals, clinical services, mobile labs and diagnostic methods.",news,1,0,0,1,1,0,0,0,0,0,0,0,0,0,0,0,0,0,0,0,0,0,0,0,0,0,0,0,0,0,0,0,0,0,0,0
2305,(4) The earthquake and tsunami resulted in emergency situations including failure of the reactor-cooling systems in TEPCO(Tokyo Electric Power Company)'s nuclear power stations in Fukushima Prefecture.,(4) The earthquake and tsunami resulted in emergency situations including failure of the reactor-cooling systems in TEPCO(Tokyo Electric Power Company)'s nuclear power stations in Fukushima Prefecture.,news,1,0,0,0,0,0,0,0,0,0,0,0,0,0,0,0,0,0,0,1,0,0,0,0,0,0,0,1,1,0,1,0,1,0,1,0
2306,"The project, which started in March 2001, is supporting seven co-operative farms in Kosan County (7,426 farmers, 3,121 ha of arable land and a population of 15,019 persons).","The project, which started in March 2001, is supporting seven co-operative farms in Kosan County (7,426 farmers, 3,121 ha of arable land and a population of 15,019 persons).",news,0,0,0,0,0,0,0,0,0,0,0,0,0,0,0,0,0,0,0,0,0,0,0,0,0,0,0,0,0,0,0,0,0,0,0,0
2307,"Timely reimbursement to troop-contributing countries was vital for the maintenance of troops and equipment, and the reimbursement of disability and death claims must receive urgent priority.Farmers usually grow the plant for animal fodder but also consume it times food scarcity.","Timely reimbursement to troop-contributing countries was vital for the maintenance of troops and equipment, and the reimbursement of disability and death claims must receive urgent priority.Farmers usually grow the plant for animal fodder but also consume it times food scarcity.",news,1,0,0,0,0,0,0,0,0,0,0,0,0,0,0,0,0,0,0,0,0,0,0,0,0,0,0,0,0,0,0,0,0,0,0,0
2308,"Evidence of malnutrition, already visible in September, continues to mount among farmers in Aftout and the Senegal River Valley -- weight loss, exhaustion, night blindness, scurvy, dehydration, diarrhea and hunger-related deaths.","Evidence of malnutrition, already visible in September, continues to mount among farmers in Aftout and the Senegal River Valley -- weight loss, exhaustion, night blindness, scurvy, dehydration, diarrhea and hunger-related deaths.",news,1,0,0,1,1,0,0,0,0,0,0,0,0,0,0,0,0,1,0,0,0,0,0,0,0,0,0,0,0,0,0,0,0,0,0,0
2309,Muttawakil said the report to the UN Human Rights Commission was based on information supplied to Hossain by Taliban opposition groups in northeastern Afghanistan.,Muttawakil said the report to the UN Human Rights Commission was based on information supplied to Hossain by Taliban opposition groups in northeastern Afghanistan.,news,1,0,0,0,0,0,0,0,0,0,0,0,0,0,0,0,0,0,0,0,0,0,0,0,0,0,0,0,0,0,0,0,0,0,0,0
2310,"We are vaccinating the children against tuberculosis, polio, measles and diphtheria and the women against tetanus.","We are vaccinating the children against tuberculosis, polio, measles and diphtheria and the women against tetanus.",news,1,0,1,1,1,0,0,0,0,0,0,0,0,0,0,0,0,0,0,0,0,0,0,0,0,0,0,0,0,0,0,0,0,0,0,1
2311,"Pakistani authorities yesterday ordered the evacuation of 300,000 people as flood protection defences were breached by the swollen Indus and flood waters poured into towns and villages in Thatta District.","Pakistani authorities yesterday ordered the evacuation of 300,000 people as flood protection defences were breached by the swollen Indus and flood waters poured into towns and villages in Thatta District.",news,1,0,0,0,0,0,0,0,0,0,0,0,0,0,0,0,0,0,0,0,0,0,0,0,0,0,0,0,1,1,0,0,0,0,0,0
2312,Some families have been sharing their accommodation or the little they have.,Some families have been sharing their accommodation or the little they have.,news,1,1,0,1,1,0,0,0,0,0,0,0,1,0,0,0,0,0,0,0,1,0,0,0,0,0,0,0,1,1,0,0,0,0,0,1
2313,Each year they try to cope by shifting their homes to higher ground and by recropping to make up for lost harvests.,Each year they try to cope by shifting their homes to higher ground and by recropping to make up for lost harvests.,news,1,0,0,0,0,0,0,0,0,0,0,0,0,0,0,0,0,0,0,0,0,0,0,0,0,0,0,0,0,0,0,0,0,0,0,0
2314,"Emergency aid will be followed by national reconstruction: helping countries to regain their feet, for example by rebuilding roads and water supply systems.","Emergency aid will be followed by national reconstruction: helping countries to regain their feet, for example by rebuilding roads and water supply systems.",news,1,0,0,1,0,0,0,0,0,0,1,0,0,0,0,0,0,0,0,0,1,0,0,0,0,0,0,0,0,0,0,0,0,0,0,0
2315,"It's mostly URTI, impetigo, scabies, D&V and increasingly psychiatric problems.","It's mostly URTI, impetigo, scabies, D&V and increasingly psychiatric problems.",news,1,0,0,1,1,0,0,0,0,0,0,0,0,0,0,0,0,0,1,0,0,0,0,0,0,0,0,0,0,0,0,0,0,0,0,1
2316,"Food for the Hungry has already been distributing clean water and critically needed items including food, shelter and clothing through its many partners including EFICOR (Evangelical Fellowship of India's Commission on Relief).","Food for the Hungry has already been distributing clean water and critically needed items including food, shelter and clothing through its many partners including EFICOR (Evangelical Fellowship of India's Commission on Relief).",news,1,0,0,1,0,0,0,0,0,0,1,1,1,1,0,0,0,0,0,0,0,0,0,0,0,0,0,0,0,0,0,0,0,0,0,1
2317,"Under the Balochistan Education Support Project, over 50,000 students have been enrolled in community and public-private partnership schools supported by the Project.","Under the Balochistan Education Support Project, over 50,000 students have been enrolled in community and public-private partnership schools supported by the Project.",news,1,0,0,0,0,0,0,0,0,0,0,0,0,0,0,0,0,0,0,0,0,0,0,0,0,0,0,0,0,0,0,0,0,0,0,0
2318,"It contained recommendations both for meeting immediate short-term needs and longer-term global food security, focusing on smallholder farmers in developing countries, a group that held the greatest potential for increasing agricultural production.","It contained recommendations both for meeting immediate short-term needs and longer-term global food security, focusing on smallholder farmers in developing countries, a group that held the greatest potential for increasing agricultural production.",news,1,0,0,0,0,0,0,0,0,0,0,0,0,0,0,0,0,0,0,0,0,0,0,0,0,0,0,0,0,0,0,0,0,0,0,0
2319,"Cholera symptoms include acute watery diarrhoea, which can lead to severe dehydration and death if untreated.","Cholera symptoms include acute watery diarrhoea, which can lead to severe dehydration and death if untreated.",news,1,0,0,1,0,0,0,0,0,0,0,0,0,0,0,0,0,1,0,0,0,0,0,0,0,0,0,0,0,0,0,0,0,0,0,0
2320,"In addition, two AN 32 Aircrafts and one IL 76 (20 MT) with full load ( 4 MT) of relief material consisting blankets, clothes, drinking water and foods packets, will leave on 27th December, 2004 for Islands one each from Bhubneshwar, Bhuj, and Ahmedabad.","In addition, two AN 32 Aircrafts and one IL 76 (20 MT) with full load ( 4 MT) of relief material consisting blankets, clothes, drinking water and foods packets, will leave on 27th December, 2004 for Islands one each from Bhubneshwar, Bhuj, and Ahmedabad.",news,1,0,1,1,0,0,0,0,0,0,1,1,1,1,0,0,0,0,0,0,0,0,0,0,0,0,0,0,0,0,0,0,0,0,0,0
2321,"It emphasized the importance of the realization of the legitimate aspirations and demands of the Arab peoples for freedom, reform, development and social justice, ensuring that these rights are exercised in a peaceful manner, with full respect to the fundamental freedoms of all citizens , as well as the territorial integrity, sovereignty, social peace and national reconciliation in all Arab States.","It emphasized the importance of the realization of the legitimate aspirations and demands of the Arab peoples for freedom, reform, development and social justice, ensuring that these rights are exercised in a peaceful manner, with full respect to the fundamental freedoms of all citizens , as well as the territorial integrity, sovereignty, social peace and national reconciliation in all Arab States.",news,0,0,0,0,0,0,0,0,0,0,0,0,0,0,0,0,0,0,0,0,0,0,0,0,0,0,0,0,0,0,0,0,0,0,0,0
2322,"The plan is for persons relocated to these temporary centers to receive priority attention for provision of permanent housing (i.e., through repair of their damaged dwelling, or location or construction of a new dwelling).","The plan is for persons relocated to these temporary centers to receive priority attention for provision of permanent housing (i.e., through repair of their damaged dwelling, or location or construction of a new dwelling).",news,1,0,0,1,0,0,0,0,0,0,0,0,1,0,0,0,0,0,0,0,0,0,0,0,0,0,0,0,0,0,0,0,0,0,0,0
2323,"The sum of about 60 billion cedis (just under US $21 million) is needed to resettle and rehabilitate the affected communities - 18 billion for relief food, 36 billion for emergency road repairs and six billion for drugs - the parliamentarians said.","The sum of about 60 billion cedis (just under US $21 million) is needed to resettle and rehabilitate the affected communities - 18 billion for relief food, 36 billion for emergency road repairs and six billion for drugs - the parliamentarians said.",news,1,0,0,1,0,1,0,0,0,0,0,1,0,0,1,0,0,0,1,0,1,0,0,0,0,0,0,0,0,0,0,0,0,0,0,0
2324,Concerns about the spread of water-borne diseases are also growing as rain continues to pound the Ethiopian highlands.,Concerns about the spread of water-borne diseases are also growing as rain continues to pound the Ethiopian highlands.,news,1,0,0,0,0,0,0,0,0,0,0,0,0,0,0,0,0,0,0,0,0,0,0,0,0,0,0,0,1,1,1,0,0,0,0,0
2325,Treated 305 cases of severe malnourishment.,Treated 305 cases of severe malnourishment.,news,1,0,0,0,0,0,0,0,0,0,0,0,0,0,0,0,0,0,0,0,0,0,0,0,0,0,0,0,0,0,0,0,0,0,0,0
2326,Five men were arrested earlier on allegations that they were hired to carry out his assassination.,Five men were arrested earlier on allegations that they were hired to carry out his assassination.,news,1,0,0,0,0,0,0,0,0,0,0,0,0,0,0,0,0,0,0,0,0,0,0,0,0,0,0,0,0,0,0,0,0,0,0,0
2327,"Additionally, WHO continues to supply urgent drugs, WPTs and bleaching powder.","Additionally, WHO continues to supply urgent drugs, WPTs and bleaching powder.",news,1,0,0,1,0,1,0,0,0,0,0,0,0,0,0,0,0,0,0,0,0,0,0,0,0,0,0,0,0,0,0,0,0,0,0,0
2328,"In most severely affected areas, people are increasingly eating wild plants (cactus fruit or raketa).","In most severely affected areas, people are increasingly eating wild plants (cactus fruit or raketa).",news,1,0,0,1,0,0,0,0,0,0,0,1,0,0,0,0,0,0,0,0,0,0,0,0,0,0,0,0,0,0,0,0,0,0,0,0
2329,"Agreement between United Nations High Commissioner for Refugees (UNHCR) and the Pakistani government has still not been reached on screening the more than 70,000 Afghans at Jalozai, to identify genuine refugees.","Agreement between United Nations High Commissioner for Refugees (UNHCR) and the Pakistani government has still not been reached on screening the more than 70,000 Afghans at Jalozai, to identify genuine refugees.",news,1,0,0,1,1,0,0,0,0,0,0,0,1,0,0,0,0,0,0,0,1,0,0,0,0,0,0,0,1,1,0,0,0,0,0,1
2330,"She said efforts were underway to ensure shelters had adequate stocks of safe drinking water, especially bottled water, to check the spread of disease.","She said efforts were underway to ensure shelters had adequate stocks of safe drinking water, especially bottled water, to check the spread of disease.",news,1,0,1,1,0,0,0,0,0,0,1,0,0,0,0,0,0,0,0,0,0,0,0,0,0,0,0,0,0,0,0,0,0,0,0,0
2331,"In Niger, the number of people affected by food insecurity more than doubled between February and April.","In Niger, the number of people affected by food insecurity more than doubled between February and April.",news,1,0,0,1,0,0,0,0,0,0,0,1,0,0,0,0,0,0,0,0,0,0,0,0,0,0,0,0,0,0,0,0,0,0,0,0
2332,"The children require suitable shelter, hygienic living conditions, proper schooling and water for drinking and bathing.","The children require suitable shelter, hygienic living conditions, proper schooling and water for drinking and bathing.",news,1,1,0,1,0,1,0,0,0,0,1,0,1,0,0,0,0,0,0,0,0,0,0,0,0,0,0,0,0,0,0,0,0,0,0,0
2333,"The country's most pressing health problems are malaria, respiratory infections, watery diarrhoea, physical trauma and malnutrition.","The country's most pressing health problems are malaria, respiratory infections, watery diarrhoea, physical trauma and malnutrition.",news,1,0,0,1,1,1,0,0,0,0,0,0,0,0,0,0,0,0,0,0,0,0,0,0,0,0,0,0,0,0,0,0,0,0,0,0
2334,"Because of the widespread public support it received, DEVELOPMENT AND PEACE is also eligible for $11.7 million in matching funds from the Canadian International Development Agency (CIDA).","Because of the widespread public support it received, DEVELOPMENT AND PEACE is also eligible for $11.7 million in matching funds from the Canadian International Development Agency (CIDA).",news,1,0,0,0,0,0,0,0,0,0,0,0,0,0,0,0,0,0,0,0,0,0,0,0,0,0,0,0,0,0,0,0,0,0,0,0
2335,"On Thursday, January 1st, the Government of Japan decided to provide emergency relief goods worth 19 million yen (water purifiers, generators, etc.) to Malaysia, through the Japan International Cooperation Agency (JICA) in response to the request from the Government of Malaysia, following serious damage caused by the floods in the country.","On Thursday, January 1st, the Government of Japan decided to provide emergency relief goods worth 19 million yen (water purifiers, generators, etc.) to Malaysia, through the Japan International Cooperation Agency (JICA) in response to the request from the Government of Malaysia, following serious damage caused by the floods in the country.",news,1,0,0,1,0,0,0,0,0,0,1,0,0,0,0,0,0,0,1,0,0,0,0,0,0,0,0,0,1,1,0,0,0,0,0,0
2336,"As the desert spreads, thousands of families once dependent on farming traditional crops, like millet and sorghum, to feed themselves and earn a living are left unable to support themselves.","As the desert spreads, thousands of families once dependent on farming traditional crops, like millet and sorghum, to feed themselves and earn a living are left unable to support themselves.",news,1,0,0,1,0,0,0,0,0,0,0,1,0,0,0,0,0,0,0,0,0,0,0,0,0,0,0,0,1,0,0,0,0,0,1,0
2337,"The Hong Kong Red Cross, in coordination with the Federation, sent some 2,000 tents, flashlights, sleeping bags, plastic mats and 100 generators for distribution in Nantou county.","The Hong Kong Red Cross, in coordination with the Federation, sent some 2,000 tents, flashlights, sleeping bags, plastic mats and 100 generators for distribution in Nantou county.",news,1,0,0,1,0,0,0,0,0,0,0,0,1,0,0,0,0,0,1,0,0,0,0,0,0,0,0,0,0,0,0,0,0,0,0,0
2338,Such committees will also advise about camp security and welfare.,Such committees will also advise about camp security and welfare.,news,1,0,0,0,0,0,0,0,0,0,0,0,0,0,0,0,0,0,0,0,0,0,0,0,0,0,0,0,0,0,0,0,0,0,0,0
2339,"UNICEF, WHO and UNFPA have structured their health interventions in order to support to the Government and NGO systems to deal with the increase in cases of diarrhoea, measles, ARI, malaria and skin diseases.","UNICEF, WHO and UNFPA have structured their health interventions in order to support to the Government and NGO systems to deal with the increase in cases of diarrhoea, measles, ARI, malaria and skin diseases.",news,1,0,0,1,1,1,0,0,0,0,0,0,0,0,0,0,0,0,0,0,0,0,0,0,0,0,0,0,0,0,0,0,0,0,0,0
2340,"In addition to clashes fuelled by cattle rustling, the Tugens and Pokots have clashed over the delimitation of boundaries by the Independent Electoral Boundaries Commission (IEBC) with each community claiming ownership of Loruk area.","In addition to clashes fuelled by cattle rustling, the Tugens and Pokots have clashed over the delimitation of boundaries by the Independent Electoral Boundaries Commission (IEBC) with each community claiming ownership of Loruk area.",news,1,0,0,1,0,0,0,1,1,0,0,0,0,0,0,0,0,0,0,0,0,0,0,0,0,0,0,0,0,0,0,0,0,0,0,0
2341,Over 100 villagers in tsunami affected southern Thailand received loans from a USAID-funded community revolving fund project that provides seed money for micro-enterprise development.,Over 100 villagers in tsunami affected southern Thailand received loans from a USAID-funded community revolving fund project that provides seed money for micro-enterprise development.,news,1,0,0,1,0,0,0,0,0,0,0,0,0,0,1,0,0,0,0,0,0,0,0,0,0,0,0,0,1,1,0,0,0,0,0,0
2342,restoring basic municipal services such as waste management (in the city of Banda Aceh); and,restoring basic municipal services such as waste management (in the city of Banda Aceh); and,news,1,0,0,0,0,0,0,0,0,0,0,0,0,0,0,0,0,0,0,0,0,0,0,0,0,0,0,0,0,0,0,0,0,0,0,0
2343,"Navy divers worked to recover bodies as a central government team arrived in the region to examine how to drain water still pooled 18 metres (30 feet) deep in more than a dozen villages, officials said Monday.","Navy divers worked to recover bodies as a central government team arrived in the region to examine how to drain water still pooled 18 metres (30 feet) deep in more than a dozen villages, officials said Monday.",news,1,0,0,1,0,0,0,0,1,0,0,0,0,0,0,0,0,1,0,0,0,0,0,0,0,0,0,0,1,1,0,0,0,0,0,0
2344,"After heavy rains and floods hit southern Malawi in January 2015, an immediate US$7 million allocation from the UN Central Emergency Response Fund (CERF) helped UN agencies and the International Organization for Migration (IOM) provide urgent assistance for thousands of Malawian families.","After heavy rains and floods hit southern Malawi in January 2015, an immediate US$7 million allocation from the UN Central Emergency Response Fund (CERF) helped UN agencies and the International Organization for Migration (IOM) provide urgent assistance for thousands of Malawian families.",news,1,0,0,1,0,0,0,0,0,0,0,0,0,0,1,0,0,0,0,0,0,0,0,0,0,0,0,0,1,1,1,0,0,0,0,0
2345,"We have held governments accountable to their commitments to democratic principles and to their obligations under universal human rights norms, and we have spoken out when democratic processes have been subverted.","We have held governments accountable to their commitments to democratic principles and to their obligations under universal human rights norms, and we have spoken out when democratic processes have been subverted.",news,0,0,0,0,0,0,0,0,0,0,0,0,0,0,0,0,0,0,0,0,0,0,0,0,0,0,0,0,0,0,0,0,0,0,0,0
2346,"As road communication gradually came to a virtual halt, boats had to be chartered to transport the goods along the river routes to flooded districts and distribution points, and the BDRCS district branch volunteers faced serious difficulties reaching the beneficiaries with the food.","As road communication gradually came to a virtual halt, boats had to be chartered to transport the goods along the river routes to flooded districts and distribution points, and the BDRCS district branch volunteers faced serious difficulties reaching the beneficiaries with the food.",news,1,0,0,1,0,0,0,0,0,0,0,1,0,0,0,0,0,0,0,0,1,0,0,0,0,0,0,0,1,1,0,0,0,0,0,0
2347,"Noting that this is a drought affected area and no harvest is likely this year, the main areas of focus for recovery are food security, de-mining, and income generation and livelihoods, with special attention being paid to the needs of children and women.","Noting that this is a drought affected area and no harvest is likely this year, the main areas of focus for recovery are food security, de-mining, and income generation and livelihoods, with special attention being paid to the needs of children and women.",news,1,0,0,1,0,0,0,0,0,0,0,1,0,0,0,0,0,0,1,0,0,0,0,0,0,0,0,0,1,0,0,0,0,0,1,0
2348,"An improvised explosive device went off near a military vehicle, killing two soldiers and wounding three others, a senior security official told AFP.","An improvised explosive device went off near a military vehicle, killing two soldiers and wounding three others, a senior security official told AFP.",news,1,0,0,1,0,0,0,0,1,0,0,0,0,0,0,0,0,1,0,0,0,0,0,0,0,0,0,0,0,0,0,0,0,0,0,0
2349,"This helicopter lift assistance was made possible by PLUS Expressway Helicopters, as part of logistic support efforts provided by UEM Group and Khazanah Nasional.","This helicopter lift assistance was made possible by PLUS Expressway Helicopters, as part of logistic support efforts provided by UEM Group and Khazanah Nasional.",news,1,0,0,0,0,0,0,0,0,0,0,0,0,0,0,0,0,0,0,0,0,0,0,0,0,0,0,0,0,0,0,0,0,0,0,0
2350,"The Taliban, unlike the fractious mujahideen rebels who ousted the Soviets, was able to unify a majority of the country under one regime and bring a level of peace that hadn't existed here for almost two decades.","The Taliban, unlike the fractious mujahideen rebels who ousted the Soviets, was able to unify a majority of the country under one regime and bring a level of peace that hadn't existed here for almost two decades.",news,0,0,0,0,0,0,0,0,0,0,0,0,0,0,0,0,0,0,0,0,0,0,0,0,0,0,0,0,0,0,0,0,0,0,0,0
2351,"The outbreak in Orissa has been caused by drinking polluted water and eating contaminated meat, they added.","The outbreak in Orissa has been caused by drinking polluted water and eating contaminated meat, they added.",news,1,0,0,1,0,0,0,0,0,0,1,1,0,0,0,0,0,0,0,0,0,0,0,0,0,0,0,0,0,0,0,0,0,0,0,0
2352,"In recent months, Boko Haram insurgents have targeted reprisal attacks at locals who have fought alongside the military as vigilantes.","In recent months, Boko Haram insurgents have targeted reprisal attacks at locals who have fought alongside the military as vigilantes.",news,1,0,0,1,0,0,0,0,1,0,0,0,0,0,0,0,0,0,0,0,0,0,0,0,0,0,0,0,0,0,0,0,0,0,0,1
2353,"That bombing followed a twin attack on a mosque and restaurant in the central city of Jos on Sunday, which left 44 people dead, and a suicide bomb attack on a church in Potiskum that killed five.","That bombing followed a twin attack on a mosque and restaurant in the central city of Jos on Sunday, which left 44 people dead, and a suicide bomb attack on a church in Potiskum that killed five.",news,1,0,0,1,0,0,0,0,1,0,0,0,0,0,0,0,0,1,0,1,0,0,0,0,0,1,0,0,0,0,0,0,0,0,0,0
2354,"Later, water bladders and other tanks have been supplied to many centers in the urban areas and the fire brigade is regularly refilling tanks.","Later, water bladders and other tanks have been supplied to many centers in the urban areas and the fire brigade is regularly refilling tanks.",news,1,0,0,1,0,0,0,0,0,0,1,0,0,0,0,0,0,0,0,0,0,0,0,0,0,0,0,0,0,0,0,0,0,0,0,0
2355,"However, the government did not supplying fuel to operate the water pumps, and private donors had to step in to provide fuel, according to the residents.","However, the government did not supplying fuel to operate the water pumps, and private donors had to step in to provide fuel, according to the residents.",news,1,0,0,0,0,0,0,0,0,0,0,0,0,0,0,0,0,0,0,1,0,0,0,0,0,0,0,1,0,0,0,0,0,0,0,0
2356,"Following reports Tuesday of renewed clashes in the Sudan side of Kurmuk, 4,000 people, and the largest number on a single day, crossed the border into Kurmuk, western Ethiopia.","Following reports Tuesday of renewed clashes in the Sudan side of Kurmuk, 4,000 people, and the largest number on a single day, crossed the border into Kurmuk, western Ethiopia.",news,1,0,0,1,0,0,0,0,1,0,0,0,0,0,0,0,0,0,0,0,0,0,0,0,0,0,0,0,0,0,0,0,0,0,0,0
2357,"However, even without this information, the multi-agency mission team members felt that there was ample justification for initiating a supplementary feeding programme through the health facilities to those who are most affected and vulnerable, including undernourished children, pregnant women, tuberculosis patients, and the sick elderly.","However, even without this information, the multi-agency mission team members felt that there was ample justification for initiating a supplementary feeding programme through the health facilities to those who are most affected and vulnerable, including undernourished children, pregnant women, tuberculosis patients, and the sick elderly.",news,1,0,0,1,0,0,0,0,0,0,0,1,0,0,0,0,0,0,0,0,0,0,0,0,0,0,0,0,0,0,0,0,0,0,0,0
2358,Each group will have a loan and savings system to inculcate a savings culture among youth and enable members to graduate and start independent dairy enterprises of their choice after two to three years of incubation.,Each group will have a loan and savings system to inculcate a savings culture among youth and enable members to graduate and start independent dairy enterprises of their choice after two to three years of incubation.,news,0,0,0,0,0,0,0,0,0,0,0,0,0,0,0,0,0,0,0,0,0,0,0,0,0,0,0,0,0,0,0,0,0,0,0,0
2359,His family have decided they'll risk going hungry this month because they need to buy soap and a new pair of shoes so his younger sister can walk to school.,His family have decided they'll risk going hungry this month because they need to buy soap and a new pair of shoes so his younger sister can walk to school.,news,1,0,0,0,0,0,0,0,0,0,0,0,0,0,0,0,0,0,0,0,0,0,0,0,0,0,0,0,0,0,0,0,0,0,0,0
2360,This is due to a lack of micronutrients that causes delays in growth and cognitive development which are often irreversible.,This is due to a lack of micronutrients that causes delays in growth and cognitive development which are often irreversible.,news,0,0,0,0,0,0,0,0,0,0,0,0,0,0,0,0,0,0,0,0,0,0,0,0,0,0,0,0,0,0,0,0,0,0,0,0
2361,"All graphs provide evidence that, considering the present accumulated rainfall and hydrological situation in the six major river catchment areas in Southern Africa, the situation is not likely to improve within the near future.","All graphs provide evidence that, considering the present accumulated rainfall and hydrological situation in the six major river catchment areas in Southern Africa, the situation is not likely to improve within the near future.",news,1,0,0,0,0,0,0,0,0,0,0,0,0,0,0,0,0,0,0,0,0,0,0,0,0,0,0,0,1,0,1,0,0,0,0,0
2362,"His visit came as rebel fighters arrived within 135 km (80 miles) of Timbuktu, the capital of one of three northern regions they want to annex to create a new state on the edge of the Sahara.","His visit came as rebel fighters arrived within 135 km (80 miles) of Timbuktu, the capital of one of three northern regions they want to annex to create a new state on the edge of the Sahara.",news,1,0,0,1,0,0,0,0,1,0,0,0,0,0,0,0,0,0,0,0,0,0,0,0,0,0,0,0,0,0,0,0,0,0,0,0
2363,"Crops suffer, pasture for livestock becomes more scarce and boreholes dry up, meaning farmers have to travel greater distances to find grazing land for their animals.","Crops suffer, pasture for livestock becomes more scarce and boreholes dry up, meaning farmers have to travel greater distances to find grazing land for their animals.",news,1,0,0,0,0,0,0,0,0,0,0,0,0,0,0,0,0,0,0,1,0,0,0,0,0,0,0,1,1,0,0,0,0,0,1,0
2364,"During the period of the Soviet invasion which began in 1979, all during that next decade until the Soviets left in 1989, there was sporadic fighting all over the country.","During the period of the Soviet invasion which began in 1979, all during that next decade until the Soviets left in 1989, there was sporadic fighting all over the country.",news,1,0,0,1,0,0,0,0,1,0,0,0,0,0,0,0,0,0,0,0,0,0,0,0,0,0,0,0,0,0,0,0,0,0,0,0
2365,"At the town's Duff Scott Memorial Hospital, a survivor with an injured arm recounted his ordeal.","At the town's Duff Scott Memorial Hospital, a survivor with an injured arm recounted his ordeal.",news,1,0,0,1,1,0,0,0,0,0,0,0,0,0,0,0,0,0,0,1,0,0,0,0,1,0,0,0,0,0,0,0,0,0,0,0
2366,"Attacks, threats, intimidation and reprisals against human rights defenders were increasingly being reported.","Attacks, threats, intimidation and reprisals against human rights defenders were increasingly being reported.",news,1,0,0,1,0,0,0,0,1,0,0,0,0,0,0,0,0,0,0,0,0,0,0,0,0,0,0,0,0,0,0,0,0,0,0,0
2367,"This project began in October 2008 with cash safety net transfers to 2,063 beneficiaries and distribution of wheat seeds to 12,900 beneficiaries, and will continue through April 2009.","This project began in October 2008 with cash safety net transfers to 2,063 beneficiaries and distribution of wheat seeds to 12,900 beneficiaries, and will continue through April 2009.",news,1,0,0,0,0,0,0,0,0,0,0,0,0,0,0,0,0,0,0,0,0,0,0,0,0,0,0,0,0,0,0,0,0,0,0,0
2368,"As undemocratic empires were dismantled, the majority of the new States were mini-, micro- and small States.","As undemocratic empires were dismantled, the majority of the new States were mini-, micro- and small States.",news,0,0,0,0,0,0,0,0,0,0,0,0,0,0,0,0,0,0,0,0,0,0,0,0,0,0,0,0,0,0,0,0,0,0,0,0
2369,Facilitation of voluntary repatriation of Burundian refugees to the northern provinces continued at a low rate in Kibondo and Ngara camps.,Facilitation of voluntary repatriation of Burundian refugees to the northern provinces continued at a low rate in Kibondo and Ngara camps.,news,1,0,0,1,0,0,0,0,0,0,0,0,0,0,0,0,1,0,0,0,0,0,0,0,0,0,0,0,0,0,0,0,0,0,0,0
2370,"We are trying to prevent such food rioting by pumping more relief materials into the flood-hit areas, said Manoj Kumar Srivastava, the state disaster management secretary.","We are trying to prevent such food rioting by pumping more relief materials into the flood-hit areas, said Manoj Kumar Srivastava, the state disaster management secretary.",news,1,0,1,1,0,0,0,0,0,0,0,1,0,0,0,0,0,0,0,0,0,0,0,0,0,0,0,0,1,1,0,0,0,0,0,0
2371,The remote and mountainous region of Hazarajat in central Afghanistan is traditionally extremely food insecure due to a combination of natural and political forces.,The remote and mountainous region of Hazarajat in central Afghanistan is traditionally extremely food insecure due to a combination of natural and political forces.,news,1,0,0,0,0,0,0,0,0,0,0,0,0,0,0,0,0,0,0,0,0,0,0,0,0,0,0,0,0,0,0,0,0,0,0,0
2372,"Two Russian Il-76 transport planes will leave in the next few days for the region carrying tents, other supplies and rescue personnel, a spokesman for Russia's emergencies ministry told the Interfax news agency.","Two Russian Il-76 transport planes will leave in the next few days for the region carrying tents, other supplies and rescue personnel, a spokesman for Russia's emergencies ministry told the Interfax news agency.",news,1,0,0,1,0,0,0,0,0,0,0,0,1,0,0,0,0,0,0,0,0,0,0,0,0,0,0,0,0,0,0,0,0,0,0,1
2373,"These items were largely comprised of cloth, cooking utensils, bedding and shelter material including tarpaulins and tents.","These items were largely comprised of cloth, cooking utensils, bedding and shelter material including tarpaulins and tents.",news,1,0,0,1,0,0,0,0,0,0,0,1,1,1,0,0,0,0,0,0,0,0,0,0,0,0,0,0,0,0,0,0,0,0,0,1
2374,"UNICEF 2,000 each of 5 essential drugs, 315,000 sachets of ORS, 450,000 water purifying tablets, 60 metric tons of UNIMIX food, 15 hand pumps, 2 water pumps, 40 water storage tanks, 11,000 Jerry cans and 200 Pit Latrines and Disposal of Solid Waste.","UNICEF 2,000 each of 5 essential drugs, 315,000 sachets of ORS, 450,000 water purifying tablets, 60 metric tons of UNIMIX food, 15 hand pumps, 2 water pumps, 40 water storage tanks, 11,000 Jerry cans and 200 Pit Latrines and Disposal of Solid Waste.",news,1,0,0,1,0,1,0,0,0,0,1,1,0,0,0,0,0,0,0,0,0,0,0,0,0,0,0,0,0,0,0,0,0,0,0,0
2375,The Central government has allocated food grains at BPL rates to the flood victims while other departments are restoring the communication links.,The Central government has allocated food grains at BPL rates to the flood victims while other departments are restoring the communication links.,news,1,1,0,1,0,0,0,0,0,0,0,1,0,0,0,0,0,0,0,0,0,0,0,0,0,0,0,0,1,1,0,0,0,0,0,0
2376,All the materials required for the registration of children are being sent to all provinces through WFP and other freight companies.,All the materials required for the registration of children are being sent to all provinces through WFP and other freight companies.,news,1,0,0,0,0,0,0,0,0,0,0,0,0,0,0,0,0,0,0,0,0,0,0,0,0,0,0,0,0,0,0,0,0,0,0,0
2377,"The medical officer also reported that tubewells in the block have been treated twice with halogen tablets, and a third round of treatment has been completed in some gram panchayats.","The medical officer also reported that tubewells in the block have been treated twice with halogen tablets, and a third round of treatment has been completed in some gram panchayats.",news,1,0,0,0,0,0,0,0,0,0,0,0,0,0,0,0,0,0,0,0,0,0,0,0,0,0,0,0,0,0,0,0,0,0,0,0
2378,Niger state radio said that the Moroccan monarch came to Niger to express his full solidarity with the country where three million people are suffering from hunger.,Niger state radio said that the Moroccan monarch came to Niger to express his full solidarity with the country where three million people are suffering from hunger.,news,1,0,0,1,0,0,0,0,0,0,0,1,0,0,0,0,0,0,0,0,0,0,0,0,0,0,0,0,0,0,0,0,0,0,0,0
2379,"Under a scorching sun, he sells sachets of purified water to motorists caught in traffic jams in northern Nigeria's largest city, Kano.","Under a scorching sun, he sells sachets of purified water to motorists caught in traffic jams in northern Nigeria's largest city, Kano.",news,0,0,0,0,0,0,0,0,0,0,0,0,0,0,0,0,0,0,0,0,0,0,0,0,0,0,0,0,0,0,0,0,0,0,0,0
2380,"In collaboration with Oxfam, Concern is planning to restore clean drinking water and construct some 600 temporary latrines in the affected villages.","In collaboration with Oxfam, Concern is planning to restore clean drinking water and construct some 600 temporary latrines in the affected villages.",news,1,0,0,1,0,1,0,0,0,0,1,0,0,0,0,0,0,0,1,0,0,0,0,0,0,0,0,0,0,0,0,0,0,0,0,0
2381,These profiles contain information on the security and political environment as well as identify the partners working in the districts.,These profiles contain information on the security and political environment as well as identify the partners working in the districts.,news,0,0,0,0,0,0,0,0,0,0,0,0,0,0,0,0,0,0,0,0,0,0,0,0,0,0,0,0,0,0,0,0,0,0,0,0
2382,"The ability to refuel a helicopter while running is known as ""hot refueling"" and is made possible by three 20,000-gallon fuel bladders that are capable of fueling two aircraft simultaneously.","The ability to refuel a helicopter while running is known as ""hot refueling"" and is made possible by three 20,000-gallon fuel bladders that are capable of fueling two aircraft simultaneously.",news,0,0,0,0,0,0,0,0,0,0,0,0,0,0,0,0,0,0,0,0,0,0,0,0,0,0,0,0,0,0,0,0,0,0,0,0
2383,Blood smears are examined from all fever (suspected malaria) cases at all level and current data suggest no increase of malaria.,Blood smears are examined from all fever (suspected malaria) cases at all level and current data suggest no increase of malaria.,news,1,0,0,0,0,0,0,0,0,0,0,0,0,0,0,0,0,0,0,0,0,0,0,0,0,0,0,0,0,0,0,0,0,0,0,0
2384,Cleanup teams were also mobilised to remove debris.,Cleanup teams were also mobilised to remove debris.,news,1,0,0,0,0,0,0,0,0,0,0,0,0,0,0,0,0,0,0,0,0,0,0,0,0,0,0,0,0,0,0,0,0,0,0,0
2385,More than 40 people who had spent a night in cars and buses after being stranded on a road blocked by mudslides and flooding in Fukushima were rescued unhurt.,More than 40 people who had spent a night in cars and buses after being stranded on a road blocked by mudslides and flooding in Fukushima were rescued unhurt.,news,1,0,0,1,0,0,1,0,0,0,0,0,0,0,0,0,0,0,0,0,1,0,0,0,0,0,0,0,1,1,0,0,0,0,0,0
2386,"Each affected district has received 100,000 halogen tablets for water purification.","Each affected district has received 100,000 halogen tablets for water purification.",news,1,0,0,1,0,0,0,0,0,0,1,0,0,0,0,0,0,0,0,0,0,0,0,0,0,0,0,0,0,0,0,0,0,0,0,0
2387,"VIENNA, July 22 (Reuters) - Europe's main security watchdog on Thursday approved plans to send a 52-member unarmed police force to help restore peace in southern Kyrgyzstan a month after the worst bloodshed in the Central Asian state's modern history.","VIENNA, July 22 (Reuters) - Europe's main security watchdog on Thursday approved plans to send a 52-member unarmed police force to help restore peace in southern Kyrgyzstan a month after the worst bloodshed in the Central Asian state's modern history.",news,1,0,0,1,0,0,0,0,1,0,0,0,0,0,0,0,0,1,1,0,0,0,0,0,0,0,0,0,0,0,0,0,0,0,0,0
2388,"The Zixi section of east China's major railway from Yingtan, Jiangxi Province, to Xiamen, Fujian Province, was broken down by blocks and earth coming down from a rainstorm-caused cave-in on the local road, which is 30 meters higher than the altitude of the railroad Sunday morning.","The Zixi section of east China's major railway from Yingtan, Jiangxi Province, to Xiamen, Fujian Province, was broken down by blocks and earth coming down from a rainstorm-caused cave-in on the local road, which is 30 meters higher than the altitude of the railroad Sunday morning.",news,1,0,0,0,0,0,0,0,0,0,0,0,0,0,0,0,0,0,0,0,1,0,0,0,0,0,0,0,1,0,1,0,0,0,0,0
2389,"A total of 12,405 people lost their lives in the tsunami in India in the coastal districts of Tamil Nadu, Kerala, Andhra Pradesh, Pondicherry and the Andaman and Nicobar group of islands, according to official figures.","A total of 12,405 people lost their lives in the tsunami in India in the coastal districts of Tamil Nadu, Kerala, Andhra Pradesh, Pondicherry and the Andaman and Nicobar group of islands, according to official figures.",news,1,0,0,1,0,0,0,0,0,0,0,0,0,0,0,0,0,1,0,0,0,0,0,0,0,0,0,0,1,1,1,0,0,0,1,0
2390,"Water is also a problem in some areas in Padang city, since the main water supply came from government piping system which was damaged, but some reparation effort is going on.","Water is also a problem in some areas in Padang city, since the main water supply came from government piping system which was damaged, but some reparation effort is going on.",news,1,0,0,1,0,0,0,0,0,0,1,0,0,0,0,0,0,0,0,0,0,0,0,0,0,0,0,0,0,0,0,0,0,0,0,0
2391,The emergency food and other assistance needs for a growing number of persons displaced by war or drought in this region - plus the needs of an increasingly desperate local population - can be projected to increase substantially over the next twelve months.,The emergency food and other assistance needs for a growing number of persons displaced by war or drought in this region - plus the needs of an increasingly desperate local population - can be projected to increase substantially over the next twelve months.,news,1,0,0,1,0,0,0,0,1,0,0,1,0,0,0,0,1,0,0,0,0,0,0,0,0,0,0,0,1,0,0,0,0,0,1,0
2392,UNICEF has estimated the total loss at about US$7 billion.,UNICEF has estimated the total loss at about US$7 billion.,news,1,1,0,1,1,0,0,0,0,0,0,0,0,0,0,0,0,0,0,0,1,0,0,0,0,0,0,0,1,1,0,0,0,0,0,1
2393,"Some displaced families, mostly women and children, are camping along the tarmac road, others have found shelter staying with relatives who have homes on higher ground.","Some displaced families, mostly women and children, are camping along the tarmac road, others have found shelter staying with relatives who have homes on higher ground.",news,1,0,0,1,0,0,0,0,0,0,0,0,1,0,0,0,1,0,0,0,0,0,0,0,0,0,0,0,0,0,0,0,0,0,0,0
2394,"Since seasonal influenza can also cause severe disease, WHO will take several important considerations such as the epidemiology and the severity of the disease when deciding when to formally make recommendations on this matter.","Since seasonal influenza can also cause severe disease, WHO will take several important considerations such as the epidemiology and the severity of the disease when deciding when to formally make recommendations on this matter.",news,1,0,0,1,1,0,0,0,0,0,0,0,0,0,0,0,0,0,0,0,0,0,0,0,0,0,0,0,0,0,0,0,0,0,0,0
2395,"Two made it [one to Italy's Lampedusa Island and the other to Malta], while four were brought back by the Libyan coastguard.","Two made it [one to Italy's Lampedusa Island and the other to Malta], while four were brought back by the Libyan coastguard.",news,1,0,0,0,0,0,0,0,0,0,0,0,0,0,0,0,0,0,0,0,0,0,0,0,0,0,0,0,0,0,0,0,0,0,0,0
2396,His wife will pound the leaf and boil it several times.,His wife will pound the leaf and boil it several times.,news,0,0,0,0,0,0,0,0,0,0,0,0,0,0,0,0,0,0,0,0,0,0,0,0,0,0,0,0,0,0,0,0,0,0,0,0
2397,"We are working with other humanitarian actors and the Afghan authorities to ensure that survivors don't go hungry.""","We are working with other humanitarian actors and the Afghan authorities to ensure that survivors don't go hungry.""",news,1,0,1,1,0,0,0,0,0,0,0,1,0,0,0,0,0,0,0,0,0,0,0,0,0,0,0,0,0,0,0,0,0,0,0,1
2398,Some protestors called parliamentarians opportunistic. '',Some protestors called parliamentarians opportunistic. '',news,1,0,0,0,0,0,0,0,0,0,0,0,0,0,0,0,0,0,0,0,0,0,0,0,0,0,0,0,0,0,0,0,0,0,0,0
2399,"The government had banned the camps fearing Boko Haram fighters might use them as bases to launch attacks in Niger and Nigeria as part of their drive to carve out an Islamic caliphate.According to FAO/ WHO, there is no evidence that fish and seafood borne illnesses have increased in Asian countries hit by the tsunami and no evidence, epidemiological or otherwise of any increased risk.","The government had banned the camps fearing Boko Haram fighters might use them as bases to launch attacks in Niger and Nigeria as part of their drive to carve out an Islamic caliphate.According to FAO/ WHO, there is no evidence that fish and seafood borne illnesses have increased in Asian countries hit by the tsunami and no evidence, epidemiological or otherwise of any increased risk.",news,1,0,0,0,0,0,0,0,0,0,0,0,0,0,0,0,0,0,0,0,0,0,0,0,0,0,0,0,0,0,0,0,0,0,0,0
2400,"It has also arrested the chances of mistargeting, delays and the leakage of the funds.""","It has also arrested the chances of mistargeting, delays and the leakage of the funds.""",news,1,0,0,0,0,0,0,0,0,0,0,0,0,0,0,0,0,0,0,0,0,0,0,0,0,0,0,0,0,0,0,0,0,0,0,0
2401,"She made her debut in 1979, appearing in various television programmes, movies and stage productions and is well-known in Japan, where she regularly delivers public lectures at schools and events advocating the importance of Japanese international cooperation.","She made her debut in 1979, appearing in various television programmes, movies and stage productions and is well-known in Japan, where she regularly delivers public lectures at schools and events advocating the importance of Japanese international cooperation.",news,0,0,0,0,0,0,0,0,0,0,0,0,0,0,0,0,0,0,0,0,0,0,0,0,0,0,0,0,0,0,0,0,0,0,0,0
2402,"WHO is supporting a broad range of in-country training activities for health personnel every year, with particular attention to topics of public health significance, such as control of communicable diseases, maternal and child health and non-communicable diseases.","WHO is supporting a broad range of in-country training activities for health personnel every year, with particular attention to topics of public health significance, such as control of communicable diseases, maternal and child health and non-communicable diseases.",news,1,1,0,1,1,0,0,0,0,0,0,0,0,0,0,0,0,0,0,0,1,0,0,0,0,0,0,0,1,1,0,0,0,0,0,1
2403,"The AU's decision to postpone a pledging conference from Monday to August 25 was made while children were dying daily, he told parliament's committee on international relations.","The AU's decision to postpone a pledging conference from Monday to August 25 was made while children were dying daily, he told parliament's committee on international relations.",news,1,0,0,1,0,0,0,0,0,0,0,0,0,0,0,0,0,1,0,0,0,0,0,0,0,0,0,0,0,0,0,0,0,0,0,0
2404,425 families from these conflict areas will benefit from this programme.,425 families from these conflict areas will benefit from this programme.,news,1,1,0,0,0,0,0,0,0,0,0,0,0,0,0,0,0,0,0,0,0,0,0,0,0,0,0,0,0,0,0,0,0,0,0,1
2405,"This level of additional commitment, augmenting expected disbursements from the existing pipeline of aid, will assist the government to close its projected external and domestic financing gaps while placing the external debt burden on a declining path.","This level of additional commitment, augmenting expected disbursements from the existing pipeline of aid, will assist the government to close its projected external and domestic financing gaps while placing the external debt burden on a declining path.",news,1,0,0,0,0,0,0,0,0,0,0,0,0,0,0,0,0,0,0,0,0,0,0,0,0,0,0,0,0,0,0,0,0,0,0,0
2406,"Each of the concrete two-room houses, built on a space of 330 square meters, has water supply and adequate sanitation facilities.","Each of the concrete two-room houses, built on a space of 330 square meters, has water supply and adequate sanitation facilities.",news,1,0,0,0,0,0,0,0,0,0,0,0,0,0,0,0,0,0,0,0,0,0,0,0,0,0,0,0,0,0,0,0,0,0,0,0
2407,"In terms of the general health situation, it is not catastrophic when the refugees arrive.","In terms of the general health situation, it is not catastrophic when the refugees arrive.",news,1,0,0,1,1,0,0,0,0,0,0,0,0,0,0,0,1,0,0,0,0,0,0,0,0,0,0,0,0,0,0,0,0,0,0,0
2408,It will also carry fuel to enable us to refuel the helicopters.,It will also carry fuel to enable us to refuel the helicopters.,news,0,0,0,0,0,0,0,0,0,0,0,0,0,0,0,0,0,0,0,0,0,0,0,0,0,0,0,0,0,0,0,0,0,0,0,0
2409,"The United Nations organs, including the Security Council, and specialized agencies needed comprehensive reform.Once again, we have witnessed with dreary familiarity a major military offensive late this past summer, with all the consequent displacement and suffering of the civilian population.","The United Nations organs, including the Security Council, and specialized agencies needed comprehensive reform.Once again, we have witnessed with dreary familiarity a major military offensive late this past summer, with all the consequent displacement and suffering of the civilian population.",news,1,0,0,0,0,0,0,0,0,0,0,0,0,0,0,0,0,0,0,0,0,0,0,0,0,0,0,0,0,0,0,0,0,0,0,1
2410,"- Run-off regimes of major rivers where hydropower stations are built would change, affecting water regulation mechanisms and hence the power generation capacity;","- Run-off regimes of major rivers where hydropower stations are built would change, affecting water regulation mechanisms and hence the power generation capacity;",news,1,0,0,0,0,0,0,0,0,0,0,0,0,0,0,0,0,0,0,0,0,0,0,0,0,0,0,0,0,0,0,0,0,0,0,0
2411,"He said that 185 trucks of relief goods including 110 trucks of food items and other eatables, 48 trucks of tents, 9 trucks of blankets and one truck of medicines, have been dispatched to calamity-hit areas Besides different philanthropists have also dispatched 17 trucks of relief items including food, blankets and medicines.","He said that 185 trucks of relief goods including 110 trucks of food items and other eatables, 48 trucks of tents, 9 trucks of blankets and one truck of medicines, have been dispatched to calamity-hit areas Besides different philanthropists have also dispatched 17 trucks of relief items including food, blankets and medicines.",news,1,0,0,1,0,1,0,0,0,0,0,1,1,0,0,0,0,0,0,0,0,0,0,0,0,0,0,0,1,0,0,0,0,0,1,0
2412,"We are coordinating with Islamic Relief (IR) and International Rescue Committee (IRC) to distribute food supplies amongst Pakistani as well Afghan refugee families in three badly flood hit districts of Peshawar, Nowshera and Charsadda in NWFP [North West Frontier Province] and also in northern areas, Sahib-e-Haq working with WFP, said in Islamabad on Wednesday.","We are coordinating with Islamic Relief (IR) and International Rescue Committee (IRC) to distribute food supplies amongst Pakistani as well Afghan refugee families in three badly flood hit districts of Peshawar, Nowshera and Charsadda in NWFP [North West Frontier Province] and also in northern areas, Sahib-e-Haq working with WFP, said in Islamabad on Wednesday.",news,1,0,1,1,0,0,0,0,0,0,0,1,0,0,0,0,0,0,0,0,0,0,0,0,0,0,0,0,1,1,0,0,0,0,0,0
2413,"According to military and security sources, ""it is feared that Islamists have set foot back in these areas to give new impetus to their terrorist actions"".","According to military and security sources, ""it is feared that Islamists have set foot back in these areas to give new impetus to their terrorist actions"".",news,1,0,0,1,0,0,0,0,1,0,0,0,0,0,0,0,0,0,0,0,0,0,0,0,0,0,0,0,0,0,0,0,0,0,0,0
2414,"Surveys in the provinces found that ""more than 50 percent of households had turned into perfect breeding grounds for mosquitoes due to the lack of cleanliness,"" local media quoted Health Minister Maithripala Sirisena as saying.","Surveys in the provinces found that ""more than 50 percent of households had turned into perfect breeding grounds for mosquitoes due to the lack of cleanliness,"" local media quoted Health Minister Maithripala Sirisena as saying.",news,1,0,0,0,0,0,0,0,0,0,0,0,0,0,0,0,0,0,0,0,0,0,0,0,0,0,0,0,0,0,0,0,0,0,0,0
2415,"Following the attack on Ngouboua village by armed militants from Nigeria in February, we have been also providing food to the families who lost their homes in the fire, during the attack.","Following the attack on Ngouboua village by armed militants from Nigeria in February, we have been also providing food to the families who lost their homes in the fire, during the attack.",news,1,0,1,1,0,0,0,0,1,0,0,1,0,0,0,0,0,0,0,0,0,0,0,0,0,0,0,0,0,0,0,0,0,0,0,1
2416,"The two generators were used to power cooling systems in both reactors, which then achieved a safe, cold shutdown configuration.","The two generators were used to power cooling systems in both reactors, which then achieved a safe, cold shutdown configuration.",news,1,0,0,0,0,0,0,0,0,0,0,0,0,0,0,0,0,0,0,0,0,0,0,0,0,0,0,0,0,0,0,0,0,0,0,0
2417,"Despite South Africa's bumper crop, elsewhere in southern Africa analysts say there are signs shortages may be becoming endemic.","Despite South Africa's bumper crop, elsewhere in southern Africa analysts say there are signs shortages may be becoming endemic.",news,1,0,0,1,0,0,0,0,0,0,0,1,0,0,0,0,0,0,0,0,0,0,0,0,0,0,0,0,0,0,0,0,0,0,0,0
2418,"(b) In the south, a convoy carrying ballot boxes to a district centre in Uruzgan province was ambushed on 9 October.","(b) In the south, a convoy carrying ballot boxes to a district centre in Uruzgan province was ambushed on 9 October.",news,1,0,0,0,0,0,0,0,0,0,0,0,0,0,0,0,0,0,0,0,0,0,0,0,0,0,0,0,0,0,0,0,0,0,0,0
2419,"WFP also seeks to create communal assets, which could further improve food production, health and living conditions through the rehabilitation of social infrastructure (drinking water and sewerage systems, housing and public buildings repair and construction.","WFP also seeks to create communal assets, which could further improve food production, health and living conditions through the rehabilitation of social infrastructure (drinking water and sewerage systems, housing and public buildings repair and construction.",news,1,0,0,1,0,1,0,0,0,0,1,1,1,0,0,0,0,0,0,0,0,0,0,0,0,0,0,0,0,0,0,0,0,0,0,0
2420,"Tzu Chi is building 3,700 permanent homes at three locations in Aceh.","Tzu Chi is building 3,700 permanent homes at three locations in Aceh.",news,1,0,0,1,0,0,0,0,0,0,0,0,1,0,0,0,0,0,0,0,0,0,0,0,0,0,0,0,0,0,0,0,0,0,0,0
2421,"In light of the lack of testimony from captives, there are significant doubts as to how the Nigerian government was able to successfully free them, when counterinsurgency operations of this nature have frequently led to significant hostage casualties in the past.","In light of the lack of testimony from captives, there are significant doubts as to how the Nigerian government was able to successfully free them, when counterinsurgency operations of this nature have frequently led to significant hostage casualties in the past.",news,1,0,0,1,0,0,0,0,1,0,0,0,0,0,0,0,0,1,0,0,0,0,0,0,0,0,0,0,0,0,0,0,0,0,0,0
2422,"During June, Refugees International visited the encashment center for returning refugees near Kabul, the registration center for refugees near Quetta, Pakistan, and the principal border crossing point for refugees returning from Iran at Islam Qala, near the Afghan city of Herat.","During June, Refugees International visited the encashment center for returning refugees near Kabul, the registration center for refugees near Quetta, Pakistan, and the principal border crossing point for refugees returning from Iran at Islam Qala, near the Afghan city of Herat.",news,1,0,0,1,0,0,0,0,0,0,0,0,0,0,0,0,1,0,0,0,0,0,0,0,0,0,0,0,0,0,0,0,0,0,0,0
2423,Much of the Western world views the Taliban as an oppressive and reactionary religious force.,Much of the Western world views the Taliban as an oppressive and reactionary religious force.,news,1,0,0,1,0,0,0,0,1,0,0,0,0,0,0,0,0,0,0,0,0,0,0,0,0,0,0,0,0,0,0,0,0,0,0,0
2424,"The tsunami also slammed into the Fukushima Daiichi nuclear power station, disabling cooling systems and leading to fuel meltdowns in three of the six units.","The tsunami also slammed into the Fukushima Daiichi nuclear power station, disabling cooling systems and leading to fuel meltdowns in three of the six units.",news,1,0,0,0,0,0,0,0,0,0,0,0,0,0,0,0,0,0,0,0,0,1,1,0,0,0,0,0,1,1,0,0,0,0,1,0
2425,"The ICRC, in cooperation with the International Federation, has been concentrating on non-food assistance such as personal hygiene items (soap), household goods (blankets, stoves, jerrycans, cooking sets and coal), clothing and shelter (tents and tarpaulins).","The ICRC, in cooperation with the International Federation, has been concentrating on non-food assistance such as personal hygiene items (soap), household goods (blankets, stoves, jerrycans, cooking sets and coal), clothing and shelter (tents and tarpaulins).",news,1,0,1,1,0,1,0,0,0,0,0,0,1,1,0,0,0,0,0,0,0,0,0,0,0,0,0,0,0,0,0,0,0,0,0,0
2426,"As news of the killing spread, people in Gilgit blocked a major highway, disrupting traffic for several hours.","As news of the killing spread, people in Gilgit blocked a major highway, disrupting traffic for several hours.",news,1,0,0,1,0,0,0,0,0,0,0,0,0,0,0,0,0,1,0,0,1,0,0,0,0,0,0,0,0,0,0,0,0,0,0,0
2427,The Islamists soon pushed out their erstwhile Tuareg allies and have since enforced strict Islamic law while sparking regional and international fears of a new centre for radicalism in Africa.,The Islamists soon pushed out their erstwhile Tuareg allies and have since enforced strict Islamic law while sparking regional and international fears of a new centre for radicalism in Africa.,news,1,0,0,1,0,0,0,0,1,0,0,0,0,0,0,0,0,0,0,0,0,0,0,0,0,0,0,0,0,0,0,0,0,0,0,0
2428,"Through collaborative effort of UNICEF, IRC, ICRC, Oxfam, water supply system with sanitary latrines and washing structures has been installed in the camps.","Through collaborative effort of UNICEF, IRC, ICRC, Oxfam, water supply system with sanitary latrines and washing structures has been installed in the camps.",news,1,1,0,1,1,0,0,0,0,0,0,0,0,0,0,0,0,0,0,0,1,0,0,0,0,0,0,0,1,1,0,0,0,0,0,1
2429,"Due to the relatively sparse population residing predominantly in the hills, flooding in Arunachal Pradesh has not had widespread humanitarian consequences.","Due to the relatively sparse population residing predominantly in the hills, flooding in Arunachal Pradesh has not had widespread humanitarian consequences.",news,1,0,0,0,0,0,0,0,0,0,0,0,0,0,0,0,0,0,0,0,0,0,0,0,0,0,0,0,1,1,0,0,0,0,0,0
2430,"SNNPR: In North Omo and Conso the top causes of morbidity are malaria, intestinal parasites, diarrhoeal diseases, tuberculosis, upper respiratory tract infection and malnutrition.","SNNPR: In North Omo and Conso the top causes of morbidity are malaria, intestinal parasites, diarrhoeal diseases, tuberculosis, upper respiratory tract infection and malnutrition.",news,1,0,0,1,1,0,0,0,0,0,0,0,0,0,0,0,0,0,0,0,0,0,0,0,0,0,0,0,0,0,0,0,0,0,0,0
2431,"About 1,000 electricity pylons and poles have collapsed around Chenzhou under the weight of ice and snow, effectively destroying the local power grid.","About 1,000 electricity pylons and poles have collapsed around Chenzhou under the weight of ice and snow, effectively destroying the local power grid.",news,1,0,0,0,0,0,0,0,0,0,0,0,0,0,0,0,0,0,0,0,0,0,1,0,0,0,0,0,1,0,0,0,0,1,0,0
2432,"As an immediate support, women and men from 500 households in Hakha will be employed through a cash-for-work scheme, where they will receive an income to clear debris from paddy fields, renovate fish ponds, farm drains, village foot paths and roads linking villages.","As an immediate support, women and men from 500 households in Hakha will be employed through a cash-for-work scheme, where they will receive an income to clear debris from paddy fields, renovate fish ponds, farm drains, village foot paths and roads linking villages.",news,1,0,0,0,0,0,0,0,0,0,0,0,0,0,0,0,0,0,0,0,1,0,0,0,0,0,0,0,0,0,0,0,0,0,0,0
2433,"Rescue and casualty evacuation work has been carried out by (Upazila level) local government first responders such as the police, Fire Brigade, health workers and a local NGO -- UDDYOG -- the latter rescuing almost 1,000 people.","Rescue and casualty evacuation work has been carried out by (Upazila level) local government first responders such as the police, Fire Brigade, health workers and a local NGO -- UDDYOG -- the latter rescuing almost 1,000 people.",news,1,0,0,1,0,0,1,0,0,0,0,0,0,0,0,0,0,1,0,0,0,0,0,0,0,0,0,0,0,0,0,0,0,0,0,0
2434,"But the regions are dominated by the al-Qaida-linked militant group al-Shabab, which has limited the work that international aid groups can do in its territory.","But the regions are dominated by the al-Qaida-linked militant group al-Shabab, which has limited the work that international aid groups can do in its territory.",news,1,1,0,0,0,0,0,0,0,0,0,0,0,0,0,0,0,0,0,0,0,0,0,0,0,0,0,0,0,0,0,0,0,0,0,0
2435,"In addition to the above, 300 navy boats with 29 teams from the Navy and Airforce are being kept ready to assist in the relief activities, Brigadier Wanigasooriya added.","In addition to the above, 300 navy boats with 29 teams from the Navy and Airforce are being kept ready to assist in the relief activities, Brigadier Wanigasooriya added.",news,1,0,1,1,0,0,0,0,1,0,0,0,0,0,0,0,0,0,1,0,0,0,0,0,0,0,0,0,0,0,0,0,0,0,0,0
2436,There is no guarantee of another water tanker today.,There is no guarantee of another water tanker today.,news,1,0,0,1,0,0,0,0,0,0,1,0,0,0,0,0,0,0,0,0,0,0,0,0,0,0,0,0,0,0,0,0,0,0,0,0
2437,"The areas impacted by flooding include Samora Machel, Kosovo and Gugulethu.","The areas impacted by flooding include Samora Machel, Kosovo and Gugulethu.",news,1,0,0,0,0,0,0,0,0,0,0,0,0,0,0,0,0,0,0,0,0,0,0,0,0,0,0,0,1,1,0,0,0,0,0,0
2438,MdM is working to support prevention efforts in 125 health centers in the country's southwest.,MdM is working to support prevention efforts in 125 health centers in the country's southwest.,news,1,0,0,0,0,0,0,0,0,0,0,0,0,0,0,0,0,0,0,0,0,0,0,0,0,0,0,0,0,0,0,0,0,0,0,0
2439,"More than 5,000 people infected with the bacterial disease in Orissa state had been treated, officials said.","More than 5,000 people infected with the bacterial disease in Orissa state had been treated, officials said.",news,1,0,0,1,1,0,0,0,0,0,0,0,0,0,0,0,0,0,0,0,0,0,0,0,0,0,0,0,0,0,0,0,0,0,0,1
2440,"Smallholder seed producers, private seed companies, farmer organizations, agricultural extension officers and development practitioners all gathered to learn about the properties and best practices for growing Tikolore from the farm managers, who are producing the basic seeds, and IITA, which bred the original variety.","Smallholder seed producers, private seed companies, farmer organizations, agricultural extension officers and development practitioners all gathered to learn about the properties and best practices for growing Tikolore from the farm managers, who are producing the basic seeds, and IITA, which bred the original variety.",news,0,0,0,0,0,0,0,0,0,0,0,0,0,0,0,0,0,0,0,0,0,0,0,0,0,0,0,0,0,0,0,0,0,0,0,0
2441,"New Delhi_(dpa) _ As prayer meetings and candle-light vigils were held Wednesday to mourn the victims of the devastating December 26 tsunami in India, thousands of survivors were still waiting for the permanent shelters promised by the government.","New Delhi_(dpa) _ As prayer meetings and candle-light vigils were held Wednesday to mourn the victims of the devastating December 26 tsunami in India, thousands of survivors were still waiting for the permanent shelters promised by the government.",news,1,0,0,1,0,0,0,0,0,0,0,0,1,0,0,0,0,1,0,0,0,0,0,0,0,0,0,0,1,1,0,0,0,0,1,0
2442,"The Act was approved by the Interim Political Authority (IPA), established to supervise fresh elections after controversial May 1998 polls, Sapa reported.","The Act was approved by the Interim Political Authority (IPA), established to supervise fresh elections after controversial May 1998 polls, Sapa reported.",news,0,0,0,0,0,0,0,0,0,0,0,0,0,0,0,0,0,0,0,0,0,0,0,0,0,0,0,0,0,0,0,0,0,0,0,0
2443,People get the infection by eating or drinking contaminated food or water.,People get the infection by eating or drinking contaminated food or water.,news,1,0,0,1,1,0,0,0,0,0,0,1,0,0,0,0,0,0,0,0,0,0,0,0,0,0,0,0,0,0,0,0,0,0,0,0
2444,"If the Council was to preserve credibility while dealing with humanitarian issues, it must avoid selectivity, he went on to say.","If the Council was to preserve credibility while dealing with humanitarian issues, it must avoid selectivity, he went on to say.",news,0,0,0,0,0,0,0,0,0,0,0,0,0,0,0,0,0,0,0,0,0,0,0,0,0,0,0,0,0,0,0,0,0,0,0,0
2445,"Voters in the oil-producing Niger Delta region go to the polls tomorrow (Saturday) for state governorship elections delayed by anti-government protests earlier this month, Reuters reported today.","Voters in the oil-producing Niger Delta region go to the polls tomorrow (Saturday) for state governorship elections delayed by anti-government protests earlier this month, Reuters reported today.",news,0,0,0,0,0,0,0,0,0,0,0,0,0,0,0,0,0,0,0,0,0,0,0,0,0,0,0,0,0,0,0,0,0,0,0,0
2446,"Kuando Kubango Province: During the week, MINARS reported that between 10 and 22 April, more than 200 new IDPs from Ndumbo, Catindi, Mutenga, Luassenha and Luhemba arrived at the Menongue reception centre.","Kuando Kubango Province: During the week, MINARS reported that between 10 and 22 April, more than 200 new IDPs from Ndumbo, Catindi, Mutenga, Luassenha and Luhemba arrived at the Menongue reception centre.",news,1,0,0,1,0,0,0,0,0,0,0,0,0,0,0,0,1,0,0,0,0,0,0,0,0,0,0,0,0,0,0,0,0,0,0,0
2447,Severe flooding had destroyed crop plants and the seed production as well as many seed stockpiles which were stored in the flooded houses or in mud and bamboo silos.,Severe flooding had destroyed crop plants and the seed production as well as many seed stockpiles which were stored in the flooded houses or in mud and bamboo silos.,news,1,0,0,0,0,0,0,0,0,0,0,0,0,0,0,0,0,0,0,0,0,0,0,0,0,0,0,0,1,1,0,0,0,0,0,0
2448,"* 5,400,000 kg of rice * 3,600,000 kg of lentils * 900,000 kg of ghee * 900,000 kg of mustard oil * 450,000 kg of sugar * 225,000 kg of tea * 67,500 kg iodised salt","* 5,400,000 kg of rice * 3,600,000 kg of lentils * 900,000 kg of ghee * 900,000 kg of mustard oil * 450,000 kg of sugar * 225,000 kg of tea * 67,500 kg iodised salt",news,0,0,0,0,0,0,0,0,0,0,0,0,0,0,0,0,0,0,0,0,0,0,0,0,0,0,0,0,0,0,0,0,0,0,0,0
2449,"Hospitals in Padang city especially in M. Djamil hospital, the biggest hospital in Padang city (with 600 beds) are slowly decreasing the emergency status and many specialist doctors have slowly left and not many operations are needed anymore.","Hospitals in Padang city especially in M. Djamil hospital, the biggest hospital in Padang city (with 600 beds) are slowly decreasing the emergency status and many specialist doctors have slowly left and not many operations are needed anymore.",news,1,0,0,0,0,0,0,0,0,0,0,0,0,0,0,0,0,0,0,0,0,0,0,0,0,0,0,0,0,0,0,0,0,0,0,0
2450,There has been no progress made for the gubernatorial elections.,There has been no progress made for the gubernatorial elections.,news,0,0,0,0,0,0,0,0,0,0,0,0,0,0,0,0,0,0,0,0,0,0,0,0,0,0,0,0,0,0,0,0,0,0,0,0
2451,"Zimbabwe Red Cross have set up five committees at the national level to work on the Society's vision and mission statement, a strategic plan, constitutional review, a fund-raising strategy, and planning and budgeting.","Zimbabwe Red Cross have set up five committees at the national level to work on the Society's vision and mission statement, a strategic plan, constitutional review, a fund-raising strategy, and planning and budgeting.",news,1,0,0,0,0,0,0,0,0,0,0,0,0,0,0,0,0,0,0,0,0,0,0,0,0,0,0,0,0,0,0,0,0,0,0,0
2452,"Moreover, the international community should keep under continuous review efforts to eradicate terrorist elements in Afghanistan.","Moreover, the international community should keep under continuous review efforts to eradicate terrorist elements in Afghanistan.",news,1,0,0,1,0,0,0,0,1,0,0,0,0,0,0,0,0,0,0,0,0,0,0,0,0,0,0,0,0,0,0,0,0,0,0,0
2453,China has pledged to speed its reconstruction in the farming sector in effort to step up preparation for spring farm work and to ensure farm products supply this year.,China has pledged to speed its reconstruction in the farming sector in effort to step up preparation for spring farm work and to ensure farm products supply this year.,news,1,0,0,0,0,0,0,0,0,0,0,0,0,0,0,0,0,0,0,0,0,0,0,0,0,0,0,0,0,0,0,0,0,0,0,0
2454,"Oxfam's teams will also build latrines, continue to provide clean water, and explore ways of helping quake survivors rebuild their livelihoods.","Oxfam's teams will also build latrines, continue to provide clean water, and explore ways of helping quake survivors rebuild their livelihoods.",news,1,1,0,1,0,0,0,0,0,0,1,0,0,0,0,0,0,0,0,0,0,0,0,0,0,0,0,0,1,0,0,0,1,0,0,1
2455,Humanitarian agencies in the region are experiencing difficulties distributing relief food as most roads have been rendered impassable.,Humanitarian agencies in the region are experiencing difficulties distributing relief food as most roads have been rendered impassable.,news,1,0,0,1,0,0,0,0,0,0,0,1,0,0,0,0,0,0,0,0,1,0,0,0,0,0,0,0,0,0,0,0,0,0,0,0
2456,"WFP has placed radio communication equipment in Quelimane, in addition to satellite telephones provided by UNICEF.","WFP has placed radio communication equipment in Quelimane, in addition to satellite telephones provided by UNICEF.",news,0,0,0,0,0,0,0,0,0,0,0,0,0,0,0,0,0,0,0,0,0,0,0,0,0,0,0,0,0,0,0,0,0,0,0,0
2457,"They claimed that the voter registration process has been conducted under controversial circumstances, and alleged that the government was preparing to draft in ZANU-PF supporters as polling monitors after recently announcing that teachers would no longer be used.","They claimed that the voter registration process has been conducted under controversial circumstances, and alleged that the government was preparing to draft in ZANU-PF supporters as polling monitors after recently announcing that teachers would no longer be used.",news,0,0,0,0,0,0,0,0,0,0,0,0,0,0,0,0,0,0,0,0,0,0,0,0,0,0,0,0,0,0,0,0,0,0,0,0
2458,"The medical help involves the setting up of U.S. military mobile surgical hospitals, he said.","The medical help involves the setting up of U.S. military mobile surgical hospitals, he said.",news,1,0,1,1,1,0,0,0,0,0,0,0,0,0,0,0,0,0,0,0,0,0,0,0,0,0,0,0,0,0,0,0,0,0,0,0
2459,"In addition, Australia has agreed to provide technical assistance in the area of constitutional reform for the Sri Lankan Peace Secretariat.","In addition, Australia has agreed to provide technical assistance in the area of constitutional reform for the Sri Lankan Peace Secretariat.",news,1,1,0,1,1,0,0,0,0,0,0,0,0,0,0,0,0,0,0,0,1,0,0,0,0,0,0,0,1,1,0,0,0,0,0,1
2460,"Access to safe drinking water is a major problem, as is open defecation, which has the potential to trigger an epidemic.","Access to safe drinking water is a major problem, as is open defecation, which has the potential to trigger an epidemic.",news,1,0,0,1,0,0,0,0,0,0,1,0,0,0,0,0,0,0,0,0,0,0,0,0,0,0,0,0,0,0,0,0,0,0,0,0
2461,"He demanded that Ethiopia be excluded from the IGAD Technical Committee overseeing the reconciliation process, presently composed of the Frontline States (Djibouti, Ethiopia and Kenya) and the IGAD secretariat.","He demanded that Ethiopia be excluded from the IGAD Technical Committee overseeing the reconciliation process, presently composed of the Frontline States (Djibouti, Ethiopia and Kenya) and the IGAD secretariat.",news,1,0,0,0,0,0,0,0,0,0,0,0,0,0,0,0,0,0,0,0,0,0,0,0,0,0,0,0,0,0,0,0,0,0,0,0
2462,"It said that officials in Malawi were also forecasting maize production levels 25 percent above average, but 15 percent below last year's bumper harvest.","It said that officials in Malawi were also forecasting maize production levels 25 percent above average, but 15 percent below last year's bumper harvest.",news,0,0,0,0,0,0,0,0,0,0,0,0,0,0,0,0,0,0,0,0,0,0,0,0,0,0,0,0,0,0,0,0,0,0,0,0
2463,The crisis worsened on 13 May 2015 with the diagnosis of 15 cases of acute diarrhoeal disease that were reportedly negative for cholera.,The crisis worsened on 13 May 2015 with the diagnosis of 15 cases of acute diarrhoeal disease that were reportedly negative for cholera.,news,1,0,0,1,1,0,0,0,0,0,0,0,0,0,0,0,0,0,0,0,0,0,0,0,0,0,0,0,0,0,0,0,0,0,0,0
2464,"We willreview and evaluate current programs and strategize future development plans; meet with provincial leaders to further the political relationship between the City of Phoenix and the leaders of Meulaboh; and encourage our locally hired workers, the citizens of Meulaboh and our program management staff.","We willreview and evaluate current programs and strategize future development plans; meet with provincial leaders to further the political relationship between the City of Phoenix and the leaders of Meulaboh; and encourage our locally hired workers, the citizens of Meulaboh and our program management staff.",news,0,0,0,0,0,0,0,0,0,0,0,0,0,0,0,0,0,0,0,0,0,0,0,0,0,0,0,0,0,0,0,0,0,0,0,0
2465,"A number of countries, including Turkey, have been mindful of the possible need to deploy troops in response to a US-led invasion of Iraq.","A number of countries, including Turkey, have been mindful of the possible need to deploy troops in response to a US-led invasion of Iraq.",news,1,0,0,1,0,0,0,0,1,0,0,0,0,0,0,0,0,0,0,0,0,0,0,0,0,0,0,0,0,0,0,0,0,0,0,0
2466,"In Ampara district, IOM distributed female relief items, including women's undergarments and sanitary napkins following an IOM assessment.","In Ampara district, IOM distributed female relief items, including women's undergarments and sanitary napkins following an IOM assessment.",news,1,0,0,1,1,1,0,0,0,0,0,0,0,0,0,0,0,0,0,0,1,0,0,0,0,0,0,0,1,1,0,0,0,0,0,0
2467,"To sustain the production of biscuits and blended foods, new donations of milk powder are urgently needed.","To sustain the production of biscuits and blended foods, new donations of milk powder are urgently needed.",news,1,1,0,1,0,0,0,0,0,0,0,1,0,0,0,0,0,0,0,0,0,0,0,0,0,0,0,0,0,0,0,0,0,0,0,0
2468,Nine Russian Air Force transport planes carrying more than 250 tons of relief materials took off on Saturday for China's earthquake-affected areas.,Nine Russian Air Force transport planes carrying more than 250 tons of relief materials took off on Saturday for China's earthquake-affected areas.,news,1,0,0,1,0,0,0,0,0,0,0,0,0,0,0,0,0,0,1,0,0,0,0,0,0,0,0,0,1,0,0,0,1,0,0,0
2469,The Indonesian government initially tried to dissuade coastal residents from returning to their homes and considered a two-kilometre (more than a mile) exclusion zone.,The Indonesian government initially tried to dissuade coastal residents from returning to their homes and considered a two-kilometre (more than a mile) exclusion zone.,news,1,0,0,1,0,0,0,0,0,0,0,0,1,0,0,0,0,0,0,0,0,0,0,0,0,0,0,0,0,0,0,0,0,0,0,0
2470,"Mined roads and footpaths impede repatriation of refugees and returnees, and mined farmland precludes agricultural production. On 3 August, rioters attacked Alang Asaude in western Seram. Besides Marburg and Ebola, other zoonotic diseases that have struck around the world are swine flu, H1N1 (bird flu), bubonic plague and rabies. It will also finance a 60 km natural gas pipeline that will improve the reliability of gas supply to the plant, and an 11 km electricity transmission line so that power from the plant can be distributed to consumers. I am equally concerned about violations by anti-government forces, including murder, extrajudicial execution and torture as well as the recently increased use of improvised explosive devices. Emphasizes the importance of regional cooperation and coordination in disaster reduction, including enhanced institutional arrangements, technical cooperation based on most effective technical equipment and capacity building to effectively address the impact of natural disasters;. In a statement issued on 28 November, Al-Shabab accused the agencies of financing, aiding and abetting subversive groups seeking to destroy the basic tenets of Islamic penal system"", adding that the agencies were ""persistently galvanizing the local population against the full establishment of Islamic Sharia system"".","Mined roads and footpaths impede repatriation of refugees and returnees, and mined farmland precludes agricultural production. On 3 August, rioters attacked Alang Asaude in western Seram. Besides Marburg and Ebola, other zoonotic diseases that have struck around the world are swine flu, H1N1 (bird flu), bubonic plague and rabies. It will also finance a 60 km natural gas pipeline that will improve the reliability of gas supply to the plant, and an 11 km electricity transmission line so that power from the plant can be distributed to consumers. I am equally concerned about violations by anti-government forces, including murder, extrajudicial execution and torture as well as the recently increased use of improvised explosive devices. Emphasizes the importance of regional cooperation and coordination in disaster reduction, including enhanced institutional arrangements, technical cooperation based on most effective technical equipment and capacity building to effectively address the impact of natural disasters;. In a statement issued on 28 November, Al-Shabab accused the agencies of financing, aiding and abetting subversive groups seeking to destroy the basic tenets of Islamic penal system"", adding that the agencies were ""persistently galvanizing the local population against the full establishment of Islamic Sharia system"".",news,1,0,0,1,0,0,0,0,0,0,0,0,0,0,0,0,1,0,0,0,0,0,0,0,0,0,0,0,0,0,0,0,0,0,0,0
2471,"Approximately 300,000 victims are still living in substandard conditions (i.e., weathered tents and temporary shelters of stone, wood and corrugated iron sheeting) while only 30% of construction of new homes has been completed.","Approximately 300,000 victims are still living in substandard conditions (i.e., weathered tents and temporary shelters of stone, wood and corrugated iron sheeting) while only 30% of construction of new homes has been completed.",news,1,0,0,1,0,0,0,0,0,0,0,0,1,0,0,0,0,0,0,0,0,0,0,0,0,0,0,0,0,0,0,0,0,0,0,0
2472,"In March 2005, the GON launched a program to sell cereals at subsidized prices.","In March 2005, the GON launched a program to sell cereals at subsidized prices.",news,0,0,0,0,0,0,0,0,0,0,0,0,0,0,0,0,0,0,0,0,0,0,0,0,0,0,0,0,0,0,0,0,0,0,0,0
2473,"With telecommunication lines down, efforts to get information from the regions have been difficult, while some areas have yet to be reached.","With telecommunication lines down, efforts to get information from the regions have been difficult, while some areas have yet to be reached.",news,1,0,0,0,0,0,0,0,0,0,0,0,0,0,0,0,0,0,0,1,0,0,0,0,0,0,0,1,0,0,0,0,0,0,0,0
2474,Soaking bednets with insecticides has been shown extremely effective in protecting people from malaria and can be distributed to the most rural and most vulnerable populations in rural villages where most deaths occur.,Soaking bednets with insecticides has been shown extremely effective in protecting people from malaria and can be distributed to the most rural and most vulnerable populations in rural villages where most deaths occur.,news,1,0,0,1,1,1,0,0,0,0,0,0,1,0,0,0,0,1,0,0,0,0,0,0,0,0,0,0,0,0,0,0,0,0,0,0
2475,"In Burma/Myanmar, over a million people benefit from the assistance provided by the Commission, which supports basic health services, water and sanitation projects, food and nutrition assistance, relief to cyclone and earthquake survivors, and activities to mainstream disaster risk reduction.","In Burma/Myanmar, over a million people benefit from the assistance provided by the Commission, which supports basic health services, water and sanitation projects, food and nutrition assistance, relief to cyclone and earthquake survivors, and activities to mainstream disaster risk reduction.",news,1,0,0,1,1,0,0,0,0,0,1,1,0,0,0,0,0,0,0,0,0,0,0,0,0,0,0,0,1,0,1,0,1,0,0,0
2476,"Liberian vaccination teams braved torrential rains, flooding rivers, mud holes and days of arduous walking to carry out an emergency campaign which has averted the threat of a yellow fever epidemic in the north-western coastal county of Grand Cape Mount.","Liberian vaccination teams braved torrential rains, flooding rivers, mud holes and days of arduous walking to carry out an emergency campaign which has averted the threat of a yellow fever epidemic in the north-western coastal county of Grand Cape Mount.",news,1,0,0,1,1,0,0,0,0,0,0,0,0,0,0,0,0,0,0,0,1,0,0,0,0,0,0,0,1,1,1,0,0,0,0,1
2477,"The UN food aid agency has started airlifting high-energy biscuits to emergency depots in Pakistan, Iran and Turkmenistan, and augmenting other food supplies in these countries and Tajikistan.","The UN food aid agency has started airlifting high-energy biscuits to emergency depots in Pakistan, Iran and Turkmenistan, and augmenting other food supplies in these countries and Tajikistan.",news,1,0,0,1,0,0,0,0,0,0,0,1,0,0,0,0,0,0,0,0,0,0,0,0,0,0,0,0,0,0,0,0,0,0,0,0
2478,"The flood victims will be provided with rice, oil, household utensils and cash assistance.","The flood victims will be provided with rice, oil, household utensils and cash assistance.",news,1,0,1,1,1,0,0,0,0,0,0,1,0,0,1,0,0,0,1,0,0,0,0,0,0,0,0,0,1,1,0,0,0,0,0,1
2479,FFW Team has successfully completed development of Food for Agricultural Development Programme for irrigated and non-irrigated lands.,FFW Team has successfully completed development of Food for Agricultural Development Programme for irrigated and non-irrigated lands.,news,0,0,0,0,0,0,0,0,0,0,0,0,0,0,0,0,0,0,0,0,0,0,0,0,0,0,0,0,0,0,0,0,0,0,0,0
2480,"Earlier last month, Muslim clerics reportedly told aid agencies to fire all local female employees or face violent reprisals, following what they described as ""obscene"" activities on the part of NGOs working in the area.","Earlier last month, Muslim clerics reportedly told aid agencies to fire all local female employees or face violent reprisals, following what they described as ""obscene"" activities on the part of NGOs working in the area.",news,1,0,0,0,0,0,0,0,0,0,0,0,0,0,0,0,0,0,0,0,0,0,0,0,0,0,0,0,0,0,0,0,0,0,0,0
2481,"If assistance is not provided by the international community, these people will not be able to meet their basic minimum nutritional requirements"".","If assistance is not provided by the international community, these people will not be able to meet their basic minimum nutritional requirements"".",news,1,0,0,1,0,0,0,0,0,0,0,1,0,0,0,0,0,0,0,0,0,0,0,0,0,0,0,0,0,0,0,0,0,0,0,0
2482,"So the issues like chicken pox in children, heat in the temporary shelters, problems in water supply in temporary shelters, problems of people cooking inside the temporary shelters in traditional chulah's, stinking of waterlogged area etc., received low priority and were not involved in the resolution.","So the issues like chicken pox in children, heat in the temporary shelters, problems in water supply in temporary shelters, problems of people cooking inside the temporary shelters in traditional chulah's, stinking of waterlogged area etc., received low priority and were not involved in the resolution.",news,1,0,0,1,1,0,0,0,0,0,1,1,1,0,0,0,0,0,0,0,0,0,0,0,0,0,0,0,0,0,0,0,0,0,0,0
2483,"On 13 April, traffic between Mogadishu and other parts of southwestern Somalia slowed down due to reported increase of banditry and seizure of trucks by rival militia groups in those areas.","On 13 April, traffic between Mogadishu and other parts of southwestern Somalia slowed down due to reported increase of banditry and seizure of trucks by rival militia groups in those areas.",news,1,0,0,1,0,0,0,0,1,0,0,0,0,0,0,0,0,0,1,0,0,0,0,0,0,0,0,0,0,0,0,0,0,0,0,0
2484,"After one round of secret balloting, Eugenio A. Insigne ( Philippines) received the absolute majority of votes (22), and was elected as a new member to the Permanent Forum, for a term that will begin on 1 January 2009 and expire on 31 December 2010.","After one round of secret balloting, Eugenio A. Insigne ( Philippines) received the absolute majority of votes (22), and was elected as a new member to the Permanent Forum, for a term that will begin on 1 January 2009 and expire on 31 December 2010.",news,0,0,0,0,0,0,0,0,0,0,0,0,0,0,0,0,0,0,0,0,0,0,0,0,0,0,0,0,0,0,0,0,0,0,0,0
2485,"Parts of Yogyakarta have lost electric power, and the mobile phone network has been erratic, as people try to contact their families and colleagues.","Parts of Yogyakarta have lost electric power, and the mobile phone network has been erratic, as people try to contact their families and colleagues.",news,1,0,0,0,0,0,0,0,0,0,0,0,0,0,0,0,0,0,0,1,0,0,1,0,0,0,0,1,0,0,0,0,0,0,0,0
2486,"However, generally favourable planting conditions have prevailed so far for the coarse grain planting season, and the output of coarse grains, especially maize, is forecast to increase.","However, generally favourable planting conditions have prevailed so far for the coarse grain planting season, and the output of coarse grains, especially maize, is forecast to increase.",news,1,0,0,0,0,0,0,0,0,0,0,0,0,0,0,0,0,0,0,0,0,0,0,0,0,0,0,0,0,0,0,0,0,0,0,0
2487,"JOHANNESBURG, 31 May 2012 (IRIN) - When night falls in the Dadaab refugee complex in eastern Kenya, nearly half a million refugees are plunged into darkness.","JOHANNESBURG, 31 May 2012 (IRIN) - When night falls in the Dadaab refugee complex in eastern Kenya, nearly half a million refugees are plunged into darkness.",news,1,0,0,1,0,0,0,0,0,0,0,0,0,0,0,0,1,0,0,0,0,0,0,0,0,0,0,0,0,0,0,0,0,0,0,0
2488,Afghanistan was already suffering a huge humanitarian crisis before the terrorist bombings thrust it onto the international stage.,Afghanistan was already suffering a huge humanitarian crisis before the terrorist bombings thrust it onto the international stage.,news,1,0,0,1,0,0,0,0,1,0,0,0,0,0,0,0,0,0,0,0,0,0,0,0,0,0,0,0,0,0,0,0,0,0,0,0
2489,- Additional accommodation for visiting staff would be secured through hiring rooms at hotels in Mansehra; more staff than capacity is presently accommodated at the office premises in Mansehra.,- Additional accommodation for visiting staff would be secured through hiring rooms at hotels in Mansehra; more staff than capacity is presently accommodated at the office premises in Mansehra.,news,1,0,0,0,0,0,0,0,0,0,0,0,0,0,0,0,0,0,0,0,0,0,0,0,0,0,0,0,0,0,0,0,0,0,0,0
2490,"The tripartite group is made up of officials from the Burmese government, the United Nations and the Association of Southeast Asian Nations (Asean), the 10-member regional bloc of which Burma is a member.","The tripartite group is made up of officials from the Burmese government, the United Nations and the Association of Southeast Asian Nations (Asean), the 10-member regional bloc of which Burma is a member.",news,1,0,0,0,0,0,0,0,0,0,0,0,0,0,0,0,0,0,0,0,0,0,0,0,0,0,0,0,0,0,0,0,0,0,0,0
2491,"Kano was attacked by female bombers four times in one week in July, while several similar attacks have hit a series of northern cities in recent weeks, including the Borno state capital Maiduguri, where Boko Haram was founded more than a decade ago.","Kano was attacked by female bombers four times in one week in July, while several similar attacks have hit a series of northern cities in recent weeks, including the Borno state capital Maiduguri, where Boko Haram was founded more than a decade ago.",news,1,0,0,1,0,0,0,0,1,0,0,0,0,0,0,0,0,0,0,0,0,0,0,0,0,0,0,0,0,0,0,0,0,0,0,0
2492,"It could destroy the radioactive waste dump, leading to contamination of the river.","It could destroy the radioactive waste dump, leading to contamination of the river.",news,1,0,0,1,0,0,0,0,0,0,1,0,0,0,0,0,0,0,0,0,0,0,0,0,0,0,0,0,0,0,0,0,0,0,0,1
2493,Factional fighting has plagued Somalia since the overthrow of its authoritarian government in 1991.,Factional fighting has plagued Somalia since the overthrow of its authoritarian government in 1991.,news,1,0,0,1,0,0,0,0,1,0,0,0,0,0,0,0,0,0,0,0,0,0,0,0,0,0,0,0,0,0,0,0,0,0,0,0
2494,"They're in 265 dormitories around the country, in situations where they have extremely poor heating and very limited food supply and they're actually unable to get food to these children,"" she said.","They're in 265 dormitories around the country, in situations where they have extremely poor heating and very limited food supply and they're actually unable to get food to these children,"" she said.",news,1,1,0,1,1,0,0,0,0,0,0,1,0,0,0,0,0,0,0,0,1,0,0,0,0,0,0,0,1,1,0,0,0,0,0,1
2495,"According to a Department of Health and Human Services (HHS) press release issued February 2, in addition to the ship's crew, 19 officers from the U.S. Public Health Service are staffing the ship along with more than 100 volunteers organized by the nongovernmental organization Project Hope.","According to a Department of Health and Human Services (HHS) press release issued February 2, in addition to the ship's crew, 19 officers from the U.S. Public Health Service are staffing the ship along with more than 100 volunteers organized by the nongovernmental organization Project Hope.",news,1,0,0,1,0,0,0,0,0,0,0,0,0,0,0,0,0,0,1,0,0,0,0,0,0,0,0,0,0,0,0,0,0,0,0,0
2496,"Most were later released, except for 29 who were charged with public violence.","Most were later released, except for 29 who were charged with public violence.",news,1,0,0,0,0,0,0,0,0,0,0,0,0,0,0,0,0,0,0,0,0,0,0,0,0,0,0,0,0,0,0,0,0,0,0,0
2497,"In the coming weeks, 22 other base stations along with ten repeaters will be installed throughout the province of Aceh as well as Nias Island in North Sumatra.","In the coming weeks, 22 other base stations along with ten repeaters will be installed throughout the province of Aceh as well as Nias Island in North Sumatra.",news,1,0,0,0,0,0,0,0,0,0,0,0,0,0,0,0,0,0,0,0,0,0,0,0,0,0,0,0,0,0,0,0,0,0,0,0
2498,"Describing the timing of the meeting as apt, she said it coincided with a period ""when ECOWAS finds itself addressing alleged impunity and other forms of human rights violations perpetrated by terrorists and extremist groups in Mali.""Although we want to deliver fresh leafy vegetables and fruit, we do not want to waste any vegetables, therefore we are going to deal with the situation until the beginning of autumn, by delivering root vegetables together with some vegetable/fruit juice (made with agricultural products from Miyazaki).","Describing the timing of the meeting as apt, she said it coincided with a period ""when ECOWAS finds itself addressing alleged impunity and other forms of human rights violations perpetrated by terrorists and extremist groups in Mali.""Although we want to deliver fresh leafy vegetables and fruit, we do not want to waste any vegetables, therefore we are going to deal with the situation until the beginning of autumn, by delivering root vegetables together with some vegetable/fruit juice (made with agricultural products from Miyazaki).",news,1,1,0,1,0,0,0,0,0,0,0,1,0,0,0,0,0,0,0,0,0,0,0,0,0,0,0,0,0,0,0,0,0,0,0,0
2499,"has sanctioned an amount Rs.50.00 crore to districts for providing relief to the flood a ffected people as well as to different departments for taking up immediate restoration of roads, bridges, embankments etc. and for distribution of medicines and fodder to the flood affected areas; installation of hand tube-wells for drinking water facilities, and restoration of power installations damaged in recent floods.","has sanctioned an amount Rs.50.00 crore to districts for providing relief to the flood a ffected people as well as to different departments for taking up immediate restoration of roads, bridges, embankments etc. and for distribution of medicines and fodder to the flood affected areas; installation of hand tube-wells for drinking water facilities, and restoration of power installations damaged in recent floods.",news,1,0,0,1,0,1,0,0,0,0,1,0,1,0,0,0,0,0,0,0,1,0,1,0,0,0,0,0,1,1,0,0,0,0,0,0
2500,"Still, there has been widespread criticism over increased security in the country, with many experts arguing that international naval forces simply fuel a cycle of violence and fail to address the root causes of Somalia's instability.","Still, there has been widespread criticism over increased security in the country, with many experts arguing that international naval forces simply fuel a cycle of violence and fail to address the root causes of Somalia's instability.",news,1,0,0,1,0,0,0,1,1,0,0,0,0,0,0,0,0,0,0,0,0,0,0,0,0,0,0,0,0,0,0,0,0,0,0,0
2501,"New healthcare facilities will include upgraded water and sanitation facilities, furniture, basic equipment, and infectious waste incinerators.","New healthcare facilities will include upgraded water and sanitation facilities, furniture, basic equipment, and infectious waste incinerators.",news,1,0,0,0,0,0,0,0,0,0,0,0,0,0,0,0,0,0,0,0,0,0,0,0,0,0,0,0,0,0,0,0,0,0,0,0
2502,"The earthquake struck a part of northern Afghanistan controlled by a loose alliance of heavily armed guerrilla warriors fighting to reverse the conquest by another heavily armed guerrilla group, the Islamic Taleban militia.","The earthquake struck a part of northern Afghanistan controlled by a loose alliance of heavily armed guerrilla warriors fighting to reverse the conquest by another heavily armed guerrilla group, the Islamic Taleban militia.",news,1,0,0,1,0,0,0,0,1,0,0,0,0,0,0,0,0,0,0,0,0,0,0,0,0,0,0,0,1,0,0,0,1,0,0,0
2503,The villages had been cut off from rest of the country due to rivers breaching the danger mark and washing away roads and bridges.,The villages had been cut off from rest of the country due to rivers breaching the danger mark and washing away roads and bridges.,news,1,0,0,0,0,0,0,0,0,0,0,0,0,0,0,0,0,0,0,0,1,0,0,0,0,0,0,0,1,1,0,0,0,0,1,0
2504,The Rangiya-Murkongselek section which was disrupted has been restored upto Lakhimpur.,The Rangiya-Murkongselek section which was disrupted has been restored upto Lakhimpur.,news,1,0,0,0,0,0,0,0,0,0,0,0,0,0,0,0,0,0,0,0,0,0,0,0,0,0,0,0,0,0,0,0,0,0,0,0
2505,"Under certain conditions, consumption of the legume could lead to retardation and death in young children.","Under certain conditions, consumption of the legume could lead to retardation and death in young children.",news,1,0,0,0,0,0,0,0,0,0,0,0,0,0,0,0,0,0,0,0,0,0,0,0,0,0,0,0,0,0,0,0,0,0,0,0
2506,"InterAction members have agreed to abide by a set of standards to ensure accountability to donors, professional competence and quality of service.","InterAction members have agreed to abide by a set of standards to ensure accountability to donors, professional competence and quality of service.",news,1,0,0,0,0,0,0,0,0,0,0,0,0,0,0,0,0,0,0,0,0,0,0,0,0,0,0,0,0,0,0,0,0,0,0,0
2507,"The World Food Programme has distributed 141,500 metric tons of rice in 320 townships, through its Food-For-Work Programme, contributing to the rehabilitation of land, irrigation ditches and wells.","The World Food Programme has distributed 141,500 metric tons of rice in 320 townships, through its Food-For-Work Programme, contributing to the rehabilitation of land, irrigation ditches and wells.",news,1,0,1,1,0,0,0,0,0,0,0,1,0,0,0,0,0,0,0,0,0,0,0,0,0,0,0,0,0,0,0,0,0,0,0,0
2508,Islamic Relief and IOM plan to use jeeps to deliver the items to the villages as landslides have made the roads impassable for trucks.,Islamic Relief and IOM plan to use jeeps to deliver the items to the villages as landslides have made the roads impassable for trucks.,news,1,0,1,1,0,0,0,0,0,0,0,0,0,0,0,0,0,0,1,0,1,0,0,0,0,0,0,0,1,0,0,0,0,0,1,0
2509,By providing villagers in hard to reach areas with tools to build temporary shelters and repair damaged houses the Red Cross is helping people to stay in or around their homes.,By providing villagers in hard to reach areas with tools to build temporary shelters and repair damaged houses the Red Cross is helping people to stay in or around their homes.,news,1,0,0,1,0,0,0,0,0,0,0,0,1,0,0,0,0,0,0,0,0,1,0,0,0,0,0,0,0,0,0,0,0,0,0,0
2510,"In addition, the agency is helping deliver clean water and safe sanitation for 30,000 people living in tented camps in Muzaffarabad, a city in Pakistan-controlled Kashmir.","In addition, the agency is helping deliver clean water and safe sanitation for 30,000 people living in tented camps in Muzaffarabad, a city in Pakistan-controlled Kashmir.",news,1,0,0,1,1,0,0,0,0,0,1,0,0,0,0,0,0,0,0,0,1,0,0,0,0,0,0,0,1,1,0,0,0,0,0,1
2511,"I am equally concerned about violations by anti-government forces, including murder, extrajudicial execution and torture as well as the recently increased use of improvised explosive devices.","I am equally concerned about violations by anti-government forces, including murder, extrajudicial execution and torture as well as the recently increased use of improvised explosive devices.",news,1,0,0,1,0,0,0,0,1,0,0,0,0,0,0,0,0,1,0,0,0,0,0,0,0,0,0,0,0,0,0,0,0,0,0,0
2512,"After a historic vote, Irwandi Yusuf, a former GAM rebel who was jailed for treason but escaped when the tsunami struck his prison, was recently sworn in as the first directly elected governor of Aceh province.","After a historic vote, Irwandi Yusuf, a former GAM rebel who was jailed for treason but escaped when the tsunami struck his prison, was recently sworn in as the first directly elected governor of Aceh province.",news,0,0,0,0,0,0,0,0,0,0,0,0,0,0,0,0,0,0,0,0,0,0,0,0,0,0,0,0,0,0,0,0,0,0,0,0
2513,"Conflict between militia groups allied to one side or the other, or even acting independently, continues to create chaos, disruption and displacement in the localities of the oil-producing areas in Unity State/western Upper Nile region, and most recently in eastern Upper Nile.","Conflict between militia groups allied to one side or the other, or even acting independently, continues to create chaos, disruption and displacement in the localities of the oil-producing areas in Unity State/western Upper Nile region, and most recently in eastern Upper Nile.",news,1,0,0,1,0,0,0,0,1,0,0,0,0,0,0,0,1,0,0,0,0,0,0,0,0,0,0,0,0,0,0,0,0,0,0,0
2514,"As UNHCR staff in Afghanistan gear up for a possible return of Afghan refugees, this spring UNHCR workers in southern Pakistan are trying to cope with a swelling wave of Afghan refugees driven from their country by lack of aid, banditry and alleged reprisals by rival ethnic groups.","As UNHCR staff in Afghanistan gear up for a possible return of Afghan refugees, this spring UNHCR workers in southern Pakistan are trying to cope with a swelling wave of Afghan refugees driven from their country by lack of aid, banditry and alleged reprisals by rival ethnic groups.",news,1,0,0,1,0,0,0,1,1,0,0,0,0,0,0,0,1,0,0,0,0,0,0,0,0,0,0,0,0,0,0,0,0,0,0,0
2515,"Health officials said nearly 60,000 people had contracted diarrhoea, caused by polluted water and rotten foods, in the flood-hit districts.","Health officials said nearly 60,000 people had contracted diarrhoea, caused by polluted water and rotten foods, in the flood-hit districts.",news,1,0,0,1,1,0,0,0,0,0,1,1,0,0,0,0,0,0,0,0,0,0,0,0,0,0,0,0,1,1,0,0,0,0,0,0
2516,"Stagnant waters left by the floods are a lethal breeding ground for diarrhoeal and waterborne diseases at potentially epidemic levels, skin infections and other public health threats such as malaria, leptospirosis and dengue fever.","Stagnant waters left by the floods are a lethal breeding ground for diarrhoeal and waterborne diseases at potentially epidemic levels, skin infections and other public health threats such as malaria, leptospirosis and dengue fever.",news,1,0,0,1,1,0,0,0,0,0,1,0,0,0,0,0,0,0,0,0,0,0,0,0,0,0,0,0,1,1,0,0,0,0,0,0
2517,"Given the growing significance of its food deliveries out of Iran, WFP is enhancing its logistical base in the north eastern city of Mashhad with eight additional staff members due to join the Agency's team there.","Given the growing significance of its food deliveries out of Iran, WFP is enhancing its logistical base in the north eastern city of Mashhad with eight additional staff members due to join the Agency's team there.",news,1,0,0,1,0,0,0,0,0,0,0,1,0,0,0,0,0,0,0,0,0,0,0,0,0,0,0,0,0,0,0,0,0,0,0,1
2518,All areas where the individual is known to have been while symptomatic have been decontaminated.,All areas where the individual is known to have been while symptomatic have been decontaminated.,news,1,0,0,1,1,0,0,0,0,0,0,0,0,0,0,0,0,0,0,0,0,0,0,0,0,0,0,0,0,0,0,0,0,0,0,0
2519,Here it is above all plastic tarpaulins that are being distributed so that people can protect themselves from the rain.,Here it is above all plastic tarpaulins that are being distributed so that people can protect themselves from the rain.,news,1,0,0,0,0,0,0,0,0,0,0,0,0,0,0,0,0,0,0,0,0,0,0,0,0,0,0,0,1,0,1,0,0,0,0,0
2520,Future missions may need to consider counter-terrorism and/or asymmetric warfare as an alternative peacekeeping model.,Future missions may need to consider counter-terrorism and/or asymmetric warfare as an alternative peacekeeping model.,news,1,0,0,1,0,0,0,0,1,0,0,0,0,0,0,0,0,0,0,0,0,0,0,0,0,0,0,0,0,0,0,0,0,0,0,0
2521,"Of these 301 were rescued by the Norwegian cargo vessel, the Tampa, after their boat sank, and the other 228 were taken from the Indonesian vessel, the Aceng, which was subequently intercepted by the Australian navy.","Of these 301 were rescued by the Norwegian cargo vessel, the Tampa, after their boat sank, and the other 228 were taken from the Indonesian vessel, the Aceng, which was subequently intercepted by the Australian navy.",news,1,0,0,1,0,0,1,0,0,0,0,0,0,0,0,0,0,0,0,0,1,0,0,0,0,0,0,0,0,0,0,0,0,0,0,0
2522,"Russia, which in May threatened airstrikes against suspected Islamist training camps in Afghanistan, appears to have changed its tune amid a growing realisation the Taliban are a force that is here to stay, analysts say.","Russia, which in May threatened airstrikes against suspected Islamist training camps in Afghanistan, appears to have changed its tune amid a growing realisation the Taliban are a force that is here to stay, analysts say.",news,1,0,0,1,0,0,0,0,1,0,0,0,0,0,0,0,0,0,0,0,0,0,0,0,0,0,0,0,0,0,0,0,0,0,0,0
2523,I reiterate that the proper and full implementation of the prohibition of incitement to hatred as per human rights treaties would be a better alternative to blasphemy laws.,I reiterate that the proper and full implementation of the prohibition of incitement to hatred as per human rights treaties would be a better alternative to blasphemy laws.,news,0,0,0,0,0,0,0,0,0,0,0,0,0,0,0,0,0,0,0,0,0,0,0,0,0,0,0,0,0,0,0,0,0,0,0,0
2524,"Then as now, the Organization was obsessively hostile to Israel, the one true democracy in the Middle East.","Then as now, the Organization was obsessively hostile to Israel, the one true democracy in the Middle East.",news,0,0,0,0,0,0,0,0,0,0,0,0,0,0,0,0,0,0,0,0,0,0,0,0,0,0,0,0,0,0,0,0,0,0,0,0
2525,"Also not mentioned in the report were the thousands of foreign mercenaries, mainly from Pakistan, who kidnapped women and trained other foreign extremists.","Also not mentioned in the report were the thousands of foreign mercenaries, mainly from Pakistan, who kidnapped women and trained other foreign extremists.",news,1,0,0,1,0,0,0,0,1,0,0,0,0,0,0,0,0,0,0,0,0,0,0,0,0,0,0,0,0,0,0,0,0,0,0,0
2526,"October 5, 2010 - North Little Rock, Arkansas - In an effort to boost the capacity of first-responders following disasters like the earthquake in Haiti or the Indonesian tsunami, International Medical Corps co-sponsored a scenario-based, medical action training program to prepare physicians for the initial phase of post-disaster environments.","October 5, 2010 - North Little Rock, Arkansas - In an effort to boost the capacity of first-responders following disasters like the earthquake in Haiti or the Indonesian tsunami, International Medical Corps co-sponsored a scenario-based, medical action training program to prepare physicians for the initial phase of post-disaster environments.",news,1,0,0,1,1,0,0,0,0,0,0,0,0,0,0,0,0,0,0,0,0,0,0,0,0,0,0,0,1,0,0,0,1,0,0,0
2527,"In his interview with IRIN, Tsvangirai said that among the conditions that were needed to hold an election was the establishment of an independent electoral commission.","In his interview with IRIN, Tsvangirai said that among the conditions that were needed to hold an election was the establishment of an independent electoral commission.",news,1,0,0,0,0,0,0,0,0,0,0,0,0,0,0,0,0,0,0,0,0,0,0,0,0,0,0,0,0,0,0,0,0,0,0,0
2528,OCHA issued a donor alert on September 13 aiming at providing food support to a total number of 1.2 million of the most affected.,OCHA issued a donor alert on September 13 aiming at providing food support to a total number of 1.2 million of the most affected.,news,1,0,0,1,0,0,0,0,0,0,0,1,0,0,0,0,0,0,0,0,0,0,0,0,0,0,0,0,0,0,0,0,0,0,0,0
2529,"That phenomenon had taken a dangerous turn lately, including a vicious attack on the Bardo Museum only weeks earlier.","That phenomenon had taken a dangerous turn lately, including a vicious attack on the Bardo Museum only weeks earlier.",news,1,0,0,0,0,0,0,0,0,0,0,0,0,0,0,0,0,0,0,0,0,0,0,0,0,0,0,0,1,0,0,0,0,0,1,0
2530,"It said a crisis management headquarters, headed by the premier, was launched in a fifth-floor office of the prime minister's residence, while working-level officials gathered at the crisis management centre in the basement of the same building.","It said a crisis management headquarters, headed by the premier, was launched in a fifth-floor office of the prime minister's residence, while working-level officials gathered at the crisis management centre in the basement of the same building.",news,1,0,0,0,0,0,0,0,0,0,0,0,0,0,0,0,0,0,0,0,0,0,0,0,0,0,0,0,0,0,0,0,0,0,0,0
2531,"Russian planes bombed, strafed or simply cut down hundreds of orchards to stop U.S.-backed insurgents from using them for cover.","Russian planes bombed, strafed or simply cut down hundreds of orchards to stop U.S.-backed insurgents from using them for cover.",news,1,0,0,1,0,0,0,0,1,0,0,0,0,0,0,0,0,0,0,0,0,0,0,0,0,0,0,0,0,0,0,0,0,0,0,0
2532,About 2.2 million hectares of both natural vegetation and croplands are earmarked.,About 2.2 million hectares of both natural vegetation and croplands are earmarked.,news,1,0,0,0,0,0,0,0,0,0,0,0,0,0,0,0,0,0,0,0,0,0,0,0,0,0,0,0,0,0,0,0,0,0,0,0
2533,"Most victims (90 per cent) show little or no symptoms of infection and therefore go a long time untreated, even though the World Health Organisation lists fever, fatigue, headache, vomiting, stiffness in the neck, and pain in the limbs as initial symptoms.","Most victims (90 per cent) show little or no symptoms of infection and therefore go a long time untreated, even though the World Health Organisation lists fever, fatigue, headache, vomiting, stiffness in the neck, and pain in the limbs as initial symptoms.",news,1,0,0,1,1,0,0,0,0,0,0,0,0,0,0,0,0,0,0,0,0,0,0,0,0,0,0,0,0,0,0,0,0,0,0,0
2534,"Most victims (90 per cent) show little or no symptoms of infection and therefore go a long time untreated, even though the World Health Organisation lists fever, fatigue, headache, vomiting, stiffness in the neck, and pain in the limbs as initial symptoms.","Most victims (90 per cent) show little or no symptoms of infection and therefore go a long time untreated, even though the World Health Organisation lists fever, fatigue, headache, vomiting, stiffness in the neck, and pain in the limbs as initial symptoms.",news,1,0,0,1,1,0,0,0,0,0,0,0,0,0,0,0,0,0,0,0,0,0,0,0,0,0,0,0,0,0,0,0,0,0,0,0
2535,"Rescuers saved 12 people while six swam ashore, but 10 crew members are still missing, the spokesman said.","Rescuers saved 12 people while six swam ashore, but 10 crew members are still missing, the spokesman said.",news,1,0,0,1,0,0,0,0,0,0,0,0,0,0,0,1,0,0,0,0,0,0,0,0,0,0,0,0,0,0,0,0,0,0,0,0
2536,* Germany: Team of 20 specialist alongwith their equipments assisting operations since 28/01/2001 at Bhuj.,* Germany: Team of 20 specialist alongwith their equipments assisting operations since 28/01/2001 at Bhuj.,news,1,0,0,0,0,0,0,0,0,0,0,0,0,0,0,0,0,0,0,0,0,0,0,0,0,0,0,0,0,0,0,0,0,0,0,0
2537,MSF teams are active with one Zodiac (inflatable boat with outboard motor) rescuing people who have found safety in the trees that are still above the water level.,MSF teams are active with one Zodiac (inflatable boat with outboard motor) rescuing people who have found safety in the trees that are still above the water level.,news,1,0,1,1,0,0,1,0,0,0,0,0,0,0,0,0,0,0,0,0,0,0,0,0,0,0,0,0,1,1,0,0,0,0,0,0
2538,"The Spanish and international organizations wrote to the United Nations special rapporteur on the rights of migrants, François Crépeau, and the Council of Europe commissioner for human rights, Nils Muižnieks, urging them to press the Spanish government to withdraw a proposed amendment to Spain's immigration law.","The Spanish and international organizations wrote to the United Nations special rapporteur on the rights of migrants, François Crépeau, and the Council of Europe commissioner for human rights, Nils Muižnieks, urging them to press the Spanish government to withdraw a proposed amendment to Spain's immigration law.",news,1,0,0,0,0,0,0,0,0,0,0,0,0,0,0,0,0,0,0,0,0,0,0,0,0,0,0,0,0,0,0,0,0,0,0,0
2539,"Anthrax bacteria routinely attack livestock, which can be protected by a vaccine, but can also attack humans, giving rise to fears of possible anthrax terror attacks.","Anthrax bacteria routinely attack livestock, which can be protected by a vaccine, but can also attack humans, giving rise to fears of possible anthrax terror attacks.",news,1,0,0,1,1,0,0,0,1,0,0,0,0,0,0,0,0,0,0,0,0,0,0,0,0,0,0,0,0,0,0,0,0,0,0,0
2540,These families had previously received planting seeds from CRS and FHI during the implementation of agricultural season 2007-B.,These families had previously received planting seeds from CRS and FHI during the implementation of agricultural season 2007-B.,news,1,0,0,0,0,0,0,0,0,0,0,0,0,0,0,0,0,0,0,0,0,0,0,0,0,0,0,0,0,0,0,0,0,0,0,0
2541,"Concerned that most of the global vaccine production capacity is located in Europe and North America, and it is inadequate to respond to global pandemic; and despite other regions have begun to acquire the technology to produce influenza vaccines, access to effective pandemic vaccines is a major problem in this region;","Concerned that most of the global vaccine production capacity is located in Europe and North America, and it is inadequate to respond to global pandemic; and despite other regions have begun to acquire the technology to produce influenza vaccines, access to effective pandemic vaccines is a major problem in this region;",news,1,0,0,1,0,1,0,0,0,0,0,0,0,0,0,0,0,0,0,0,0,0,0,0,0,0,0,0,0,0,0,0,0,0,0,0
2542,"Ebola, one of the world's most virulent diseases, was first discovered in the Democratic Republic of Congo (DRC) in 1976 and the country has had eight outbreaks.","Ebola, one of the world's most virulent diseases, was first discovered in the Democratic Republic of Congo (DRC) in 1976 and the country has had eight outbreaks.",news,1,0,0,0,0,0,0,0,0,0,0,0,0,0,0,0,0,0,0,0,0,0,0,0,0,0,0,0,0,0,0,0,0,0,0,0
2543,Seasonal droughts also pose a threat with well water becoming increasingly salty as groundwater levels are depleted.,Seasonal droughts also pose a threat with well water becoming increasingly salty as groundwater levels are depleted.,news,1,0,0,1,0,0,0,0,0,0,1,0,0,0,0,0,0,0,0,0,0,0,0,0,0,0,0,0,1,0,0,0,0,0,1,0
2544,"the production of potatoes decreased in the last season, because of the scarcity of rains in June and July; they purchase potato seeds from Sepo (violet and white flowers); average production is 6/7 small potatoes per plant; they try to improve seeds quality by selection, but without any certification process.","the production of potatoes decreased in the last season, because of the scarcity of rains in June and July; they purchase potato seeds from Sepo (violet and white flowers); average production is 6/7 small potatoes per plant; they try to improve seeds quality by selection, but without any certification process.",news,1,0,0,1,0,0,0,0,0,0,0,1,0,0,0,0,0,0,0,0,0,0,0,0,0,0,0,0,1,0,1,0,0,0,1,0
2545,"The Ministers agreed to co-operate in combating transnational organized crime including the trafficking in human beings and drugs, and improving border security.","The Ministers agreed to co-operate in combating transnational organized crime including the trafficking in human beings and drugs, and improving border security.",news,0,0,0,0,0,0,0,0,0,0,0,0,0,0,0,0,0,0,0,0,0,0,0,0,0,0,0,0,0,0,0,0,0,0,0,0
2546,"Three airforce cargo planes loaded with emergency supplies flew to India's stricken Andaman and Nicobar islands in the Bay of Bengal, they said.","Three airforce cargo planes loaded with emergency supplies flew to India's stricken Andaman and Nicobar islands in the Bay of Bengal, they said.",news,1,0,0,1,0,0,0,0,0,0,0,0,0,0,0,0,0,0,1,0,0,0,0,0,0,0,0,0,0,0,0,0,0,0,0,0
2547,World Bank Country Director Xian Zhu told a press conference here Monday that the interest-free fund would be provided as part of its budgetary support.,World Bank Country Director Xian Zhu told a press conference here Monday that the interest-free fund would be provided as part of its budgetary support.,news,1,0,1,1,0,0,0,0,0,0,0,0,0,0,1,0,0,0,0,0,0,0,0,0,0,0,0,0,0,0,0,0,0,0,0,0
2548,"The returnees were provided with UNHCR's standard repatriation package (cash grant, plastic sheeting and wheat) and tea.","The returnees were provided with UNHCR's standard repatriation package (cash grant, plastic sheeting and wheat) and tea.",news,1,0,1,1,0,0,0,0,0,0,0,0,1,0,1,0,0,0,0,0,0,0,0,0,0,0,0,0,0,0,0,0,0,0,0,0
2549,"Women needing assistance who had been registered at the center came at a pre-appointed time to pick up bags of weekly rations consisting of flour, cooking oil, and pulses.","Women needing assistance who had been registered at the center came at a pre-appointed time to pick up bags of weekly rations consisting of flour, cooking oil, and pulses.",news,1,0,0,1,0,0,0,0,0,0,0,1,0,0,0,0,0,0,0,0,0,0,0,0,0,0,0,0,0,0,0,0,0,0,0,0
2550,How about the thousands of religious fanatics who do not believe in the gospel of vaccination?,How about the thousands of religious fanatics who do not believe in the gospel of vaccination?,news,0,0,0,0,0,0,0,0,0,0,0,0,0,0,0,0,0,0,0,0,0,0,0,0,0,0,0,0,0,0,0,0,0,0,0,0
2551,The temperature in the facility will be hiked up to 30 degrees to simulate temperatures in Sierra Leone and infection control procedures to mirror those in Freetown have been put in place.,The temperature in the facility will be hiked up to 30 degrees to simulate temperatures in Sierra Leone and infection control procedures to mirror those in Freetown have been put in place.,news,1,0,0,0,0,0,0,0,0,0,0,0,0,0,0,0,0,0,0,0,0,0,0,0,0,0,0,0,0,0,0,0,0,0,0,0
2552,"In Mauritania, the authorities estimate that some 37,000 Malians have found refuge in the south-east of the country since late January.","In Mauritania, the authorities estimate that some 37,000 Malians have found refuge in the south-east of the country since late January.",news,1,0,0,1,0,0,0,0,0,0,0,0,1,0,0,0,0,0,0,0,0,0,0,0,0,0,0,0,0,0,0,0,0,0,0,0
2553,"In many places, the insistence of Grama Sevakas that only those whose names were on the electoral register prior to the tsunami would be given certificates as to their eligibility for relief and compensation created problems.","In many places, the insistence of Grama Sevakas that only those whose names were on the electoral register prior to the tsunami would be given certificates as to their eligibility for relief and compensation created problems.",news,1,0,0,0,0,0,0,0,0,0,0,0,0,0,0,0,0,0,0,0,0,0,0,0,0,0,0,0,1,1,0,0,0,0,0,0
2554,"**CAFOD's partners are providing clean water and sanitation to 40,000 people at risk of disease after devastating floods in Myanmar.","**CAFOD's partners are providing clean water and sanitation to 40,000 people at risk of disease after devastating floods in Myanmar.",news,1,0,1,1,1,0,0,0,0,0,1,0,0,0,0,0,0,0,1,0,0,0,0,0,0,0,0,0,1,1,0,0,0,0,0,0
2555,"As she pumps water into a plastic container, one elderly resident explains how the health of her family has improved.","As she pumps water into a plastic container, one elderly resident explains how the health of her family has improved.",news,1,0,0,0,0,0,0,0,0,0,0,0,0,0,0,0,0,0,0,0,0,0,0,0,0,0,0,0,0,0,0,0,0,0,0,0
2556,"HANOI, Oct 31, 2008 (Xinhua via COMTEX News Network) -- Prolonged heavy rainfall caused deaths and flooding in a number of areas across Vietnam, turning streets into rivers and causing traffic chaos.","HANOI, Oct 31, 2008 (Xinhua via COMTEX News Network) -- Prolonged heavy rainfall caused deaths and flooding in a number of areas across Vietnam, turning streets into rivers and causing traffic chaos.",news,1,0,0,1,0,0,0,0,0,0,0,0,0,0,0,0,0,1,0,0,1,0,0,0,0,0,0,0,1,1,1,0,0,0,0,0
2557,UNAMA would like to remind the Afghan people to make the most of this opportunity and examine the candidate list closely.,UNAMA would like to remind the Afghan people to make the most of this opportunity and examine the candidate list closely.,news,0,0,0,0,0,0,0,0,0,0,0,0,0,0,0,0,0,0,0,0,0,0,0,0,0,0,0,0,0,0,0,0,0,0,0,0
2558,"When the roads became impassable, he hiked through fog and sun.","When the roads became impassable, he hiked through fog and sun.",news,1,0,0,0,0,0,0,0,0,0,0,0,0,0,0,0,0,0,0,0,0,0,0,0,0,0,0,0,0,0,0,0,0,0,0,0
2559,"Last week, UNICEF visited four constituencies in all four regions to monitor the impact of drought.","Last week, UNICEF visited four constituencies in all four regions to monitor the impact of drought.",news,1,0,0,0,0,0,0,0,0,0,0,0,0,0,0,0,0,0,0,0,0,0,0,0,0,0,0,0,1,0,0,0,0,0,1,0
2560,"Niger, whose primary source of foreign income is uranium, has joined a regional military alliance, alongside Chad, Niger and Nigeria, to fight Boko Haram, infamous for mass abductions, village massacres and suicide bombings by women and teenagers.","Niger, whose primary source of foreign income is uranium, has joined a regional military alliance, alongside Chad, Niger and Nigeria, to fight Boko Haram, infamous for mass abductions, village massacres and suicide bombings by women and teenagers.",news,1,0,0,1,0,0,0,0,1,0,0,0,0,0,0,0,0,0,0,0,0,0,0,0,0,0,0,0,0,0,0,0,0,0,0,0
2561,"These remaining cases are due more to endemic illnesses in the region such as malaria, parasitic diseases and diarrhoea than to lack of food.""","These remaining cases are due more to endemic illnesses in the region such as malaria, parasitic diseases and diarrhoea than to lack of food.""",news,1,0,0,0,0,0,0,0,0,0,0,0,0,0,0,0,0,0,0,0,0,0,0,0,0,0,0,0,0,0,0,0,0,0,0,0
2562,"Displaced families, at places, sit close to animal's excrement while completely ignorant of the risk it poses to their health.","Displaced families, at places, sit close to animal's excrement while completely ignorant of the risk it poses to their health.",news,1,0,0,1,1,0,0,0,0,0,0,0,0,0,0,0,1,0,0,0,0,0,0,0,0,0,0,0,0,0,0,0,0,0,0,0
2563,"Luxembourg will sent power supply, kits medicines, equipment for search and rescue teams, communication equipment, 1 vehicle for sniffing dogs and 1 mini bus","Luxembourg will sent power supply, kits medicines, equipment for search and rescue teams, communication equipment, 1 vehicle for sniffing dogs and 1 mini bus",news,1,0,0,1,0,1,1,0,0,0,0,0,0,0,0,0,0,0,0,0,0,0,1,0,0,0,0,0,0,0,0,0,0,0,0,0
2564,The people of the USA and their political representatives would never accept the situation if the tables were turned.,The people of the USA and their political representatives would never accept the situation if the tables were turned.,news,1,0,0,0,0,0,0,0,0,0,0,0,0,0,0,0,0,0,0,0,0,0,0,0,0,0,0,0,0,0,0,0,0,0,0,0
2565,Set-up of coordination and logistic base in Antsohihy and Ambanja last week:,Set-up of coordination and logistic base in Antsohihy and Ambanja last week:,news,1,0,0,0,0,0,0,0,0,0,0,0,0,0,0,0,0,0,0,0,0,0,0,0,0,0,0,0,0,0,0,0,0,0,0,0
2566,"Changes to Togo's electoral code, approved by parliament on 8 February ahead of legislative elections scheduled for next month, are aimed at facilitating the holding of polls and the functioning of the country's electoral commission, legislators said in a communique.","Changes to Togo's electoral code, approved by parliament on 8 February ahead of legislative elections scheduled for next month, are aimed at facilitating the holding of polls and the functioning of the country's electoral commission, legislators said in a communique.",news,0,0,0,0,0,0,0,0,0,0,0,0,0,0,0,0,0,0,0,0,0,0,0,0,0,0,0,0,0,0,0,0,0,0,0,0
2567,The refugee agency saw the number of spontaneous - or unassisted - returns surpass assisted returns for the first time since the UNHCR programme began.,The refugee agency saw the number of spontaneous - or unassisted - returns surpass assisted returns for the first time since the UNHCR programme began.,news,1,0,0,1,0,0,0,0,0,0,0,0,0,0,0,0,1,0,0,0,0,0,0,0,0,0,0,0,0,0,0,0,0,0,0,0
2568,"This has adversely affected maize yields in Southern Mozambique and rice, sorghum and maize in Central Mozambique.","This has adversely affected maize yields in Southern Mozambique and rice, sorghum and maize in Central Mozambique.",news,1,0,0,0,0,0,0,0,0,0,0,0,0,0,0,0,0,0,0,0,0,0,0,0,0,0,0,0,0,0,0,0,0,0,0,0
2569,Laboratory results have confirmed yellow fever by IgM ELISA test and PCR in 40 clinical samples.,Laboratory results have confirmed yellow fever by IgM ELISA test and PCR in 40 clinical samples.,news,1,0,0,0,0,0,0,0,0,0,0,0,0,0,0,0,0,0,0,0,0,0,0,0,0,0,0,0,0,0,0,0,0,0,0,0
2570,"Banou said the government needed 70,000 litres of insecticide, four-wheel drive vehicles fitted with spraying equipment and crop-dusting planes within the next few days.","Banou said the government needed 70,000 litres of insecticide, four-wheel drive vehicles fitted with spraying equipment and crop-dusting planes within the next few days.",news,1,1,0,1,0,0,0,0,0,0,0,0,0,0,0,0,0,0,1,0,0,0,0,0,0,0,0,0,0,0,0,0,0,0,0,0
2571,The predominantly Muslim region has not been popular among Western tourists since January 2004 when a long-simmering separatist movement turned more violent.,The predominantly Muslim region has not been popular among Western tourists since January 2004 when a long-simmering separatist movement turned more violent.,news,0,0,0,0,0,0,0,0,0,0,0,0,0,0,0,0,0,0,0,0,0,0,0,0,0,0,0,0,0,0,0,0,0,0,0,0
2572,"IOM Banda Aceh yesterday welcomed the deployment of 950 members of the Japanese Self Defence Force (JSDF), providing minibuses to transport a group of JSDF personnel brought ashore by hovercraft onto a remote beach.","IOM Banda Aceh yesterday welcomed the deployment of 950 members of the Japanese Self Defence Force (JSDF), providing minibuses to transport a group of JSDF personnel brought ashore by hovercraft onto a remote beach.",news,1,0,0,0,0,0,0,0,0,0,0,0,0,0,0,0,0,0,0,0,0,0,0,0,0,0,0,0,0,0,0,0,0,0,0,0
2573,"Patients should consult their doctors about what kind of blood tests they should take, and not only focus on blood platelets, she added, as a decreasing number of blood platelets is not the only indicator of a dengue infection.","Patients should consult their doctors about what kind of blood tests they should take, and not only focus on blood platelets, she added, as a decreasing number of blood platelets is not the only indicator of a dengue infection.",news,1,0,0,0,0,0,0,0,0,0,0,0,0,0,0,0,0,0,0,0,0,0,0,0,0,0,0,0,0,0,0,0,0,0,0,0
2574,"Once completed and broadly endorsed by the Executive Boards of the IMF and World Bank, the PRSP will provide the policy framework for future reviews under this PRGF arrangement.","Once completed and broadly endorsed by the Executive Boards of the IMF and World Bank, the PRSP will provide the policy framework for future reviews under this PRGF arrangement.",news,0,0,0,0,0,0,0,0,0,0,0,0,0,0,0,0,0,0,0,0,0,0,0,0,0,0,0,0,0,0,0,0,0,0,0,0
2575,Approximately 200 IDPs displaced from the district to uncleared areas in Batticaloa in August have returned to Trincomalee in the past few days due to the intense fighting around Vaharai.,Approximately 200 IDPs displaced from the district to uncleared areas in Batticaloa in August have returned to Trincomalee in the past few days due to the intense fighting around Vaharai.,news,1,0,0,1,0,0,0,0,1,0,0,0,0,0,0,0,1,0,0,0,0,0,0,0,0,0,0,0,0,0,0,0,0,0,0,0
2576,"The US Department of Defence's chartered flights this week delivered an estimated 40 mt of WFP's high energy biscuits from Italy, which have been transported at a cost of US $250,000, added the USAID report.","The US Department of Defence's chartered flights this week delivered an estimated 40 mt of WFP's high energy biscuits from Italy, which have been transported at a cost of US $250,000, added the USAID report.",news,1,0,0,1,0,0,0,0,0,0,0,1,0,0,0,0,0,0,0,0,0,0,0,0,0,0,0,0,0,0,0,0,0,0,0,0
2577,"The horrible suicide blast, carried out by desperate and violent criminals, killed at least 15 innocent civilians, while 20 others are injured, said Mogadishu mayor Mohamed Ahmed Nur, updating an initial toll of 11.","The horrible suicide blast, carried out by desperate and violent criminals, killed at least 15 innocent civilians, while 20 others are injured, said Mogadishu mayor Mohamed Ahmed Nur, updating an initial toll of 11.",news,1,0,0,1,1,0,0,0,1,0,0,0,0,0,0,0,0,1,0,0,0,0,0,0,0,0,0,0,0,0,0,0,0,0,0,0
2578,2.5 WFP is preparing a deployment plan for the WFP-chartered helicopter which arrived in Addis Ababa on 2 June.,2.5 WFP is preparing a deployment plan for the WFP-chartered helicopter which arrived in Addis Ababa on 2 June.,news,1,0,0,0,0,0,0,0,0,0,0,0,0,0,0,0,0,0,0,0,0,0,0,0,0,0,0,0,0,0,0,0,0,0,0,0
2579,"Building the capacity to respond quickly to rapid onset emergencies goes hand in hand with other sustained efforts by national governments and humanitarian partners to improve the lives of millions.""","Building the capacity to respond quickly to rapid onset emergencies goes hand in hand with other sustained efforts by national governments and humanitarian partners to improve the lives of millions.""",news,1,0,0,0,0,0,0,0,0,0,0,0,0,0,0,0,0,0,0,0,0,0,0,0,0,0,0,0,0,0,0,0,0,0,0,0
2580,45 geminies (Inflatable rubber boats) along with out board motors and other diving equipment have been dispatched with the diving team.,45 geminies (Inflatable rubber boats) along with out board motors and other diving equipment have been dispatched with the diving team.,news,1,0,1,1,0,0,0,0,0,0,0,0,0,0,0,0,0,0,1,0,0,0,0,0,0,0,0,0,0,0,0,0,0,0,0,0
2581,"The coup follows a May government reshuffle that appointed Waghf prime minister; a July no-confidence vote against the government, which then resigned; an ensuing threat by the president to dissolve the National Assembly, and the resignation of almost 50 deputies earlier this week from the ruling party.","The coup follows a May government reshuffle that appointed Waghf prime minister; a July no-confidence vote against the government, which then resigned; an ensuing threat by the president to dissolve the National Assembly, and the resignation of almost 50 deputies earlier this week from the ruling party.",news,1,0,0,0,0,0,0,0,0,0,0,0,0,0,0,0,0,0,0,0,0,0,0,0,0,0,0,0,0,0,0,0,0,0,0,0
2582,"As a contingency measure and to expedite the relief operation, IRCS is dispatching from the Delhi warehouse 300 rolls (for 3,000 families) of polythene sheets.","As a contingency measure and to expedite the relief operation, IRCS is dispatching from the Delhi warehouse 300 rolls (for 3,000 families) of polythene sheets.",news,1,0,1,1,0,1,0,0,0,0,0,0,0,0,0,0,0,0,1,0,0,0,0,0,0,0,0,0,0,0,0,0,0,0,0,0
2583,"Failed rains and a locust infestation wiped out much of last year's crop of millet, the staple cereal of the Sahel, the dry and dusty belt that runs across Africa just below the Sahara desert.","Failed rains and a locust infestation wiped out much of last year's crop of millet, the staple cereal of the Sahel, the dry and dusty belt that runs across Africa just below the Sahara desert.",news,1,0,0,1,0,0,0,0,0,0,0,1,0,0,0,0,0,0,0,0,0,0,0,0,0,0,0,0,1,0,1,0,0,0,0,0
2584,"The Bank has already financed the purchase of 550 metric tones of improved millet seeds worth about US$500,000, to distribute to people.","The Bank has already financed the purchase of 550 metric tones of improved millet seeds worth about US$500,000, to distribute to people.",news,1,0,0,0,0,0,0,0,0,0,0,0,0,0,0,0,0,0,0,0,0,0,0,0,0,0,0,0,0,0,0,0,0,0,0,0
2585,"Reports from Mercy Relief's ground team indicate that a number of houses and schools were completely destroyed, river banks were significantly widened and many trees uprooted.","Reports from Mercy Relief's ground team indicate that a number of houses and schools were completely destroyed, river banks were significantly widened and many trees uprooted.",news,1,0,0,0,0,0,0,0,0,0,0,0,0,0,0,0,0,0,0,1,0,1,0,0,0,0,1,0,0,0,0,0,0,0,0,0
2586,"But voter turnout has been around 30 to 40 percent for presidential polls, lower for parliament elections.","But voter turnout has been around 30 to 40 percent for presidential polls, lower for parliament elections.",news,0,0,0,0,0,0,0,0,0,0,0,0,0,0,0,0,0,0,0,0,0,0,0,0,0,0,0,0,0,0,0,0,0,0,0,0
2587,"Unfortunately after a two-hour drive the convoy got stuck on one of the many impassable potholed roads, and had to retrace its steps before returning to the Maputo International Airport for the flight to Johannesburg, South Africa.","Unfortunately after a two-hour drive the convoy got stuck on one of the many impassable potholed roads, and had to retrace its steps before returning to the Maputo International Airport for the flight to Johannesburg, South Africa.",news,1,0,0,0,0,0,0,0,0,0,0,0,0,0,0,0,0,0,0,0,0,0,0,0,0,0,0,0,0,0,0,0,0,0,0,0
2588,"A famous pro-autonomy leader based in West Timor, Joao Martins Corbafo, has visited East Timor, where he met with Bishop Belo, SRSG Vieira de Mello, Xanana Gusmao and Jose Ramos-Horta.","A famous pro-autonomy leader based in West Timor, Joao Martins Corbafo, has visited East Timor, where he met with Bishop Belo, SRSG Vieira de Mello, Xanana Gusmao and Jose Ramos-Horta.",news,1,0,0,0,0,0,0,0,0,0,0,0,0,0,0,0,0,0,0,0,0,0,0,0,0,0,0,0,0,0,0,0,0,0,0,0
2589,Both Jamiat and Junbish troops reportedly began rearming their troops and supporters in Balkh district.,Both Jamiat and Junbish troops reportedly began rearming their troops and supporters in Balkh district.,news,1,0,0,0,0,0,0,0,0,0,0,0,0,0,0,0,0,0,0,0,0,0,0,0,0,0,0,0,0,0,0,0,0,0,0,0
2590,"We are manufacturing approximately 20,000 additional doses of the vaccine candidate so that if the ongoing Phase I trials are successful, we can begin the next phases -- hopefully ""early in 2015"", pharma company GlaxoSmithKline told AFP.","We are manufacturing approximately 20,000 additional doses of the vaccine candidate so that if the ongoing Phase I trials are successful, we can begin the next phases -- hopefully ""early in 2015"", pharma company GlaxoSmithKline told AFP.",news,0,0,0,0,0,0,0,0,0,0,0,0,0,0,0,0,0,0,0,0,0,0,0,0,0,0,0,0,0,0,0,0,0,0,0,0
2591,"Moreover, ""the amount of virus circulating in humans and mosquitoes in this outbreak is very high,"" he said.","Moreover, ""the amount of virus circulating in humans and mosquitoes in this outbreak is very high,"" he said.",news,1,0,0,1,1,0,0,0,0,0,0,0,0,0,0,0,0,0,0,0,0,0,0,0,0,0,0,0,0,0,0,0,0,0,0,0
2592,NIGERIA: Women's rights NGOs condemn religious fundamentalism,NIGERIA: Women's rights NGOs condemn religious fundamentalism,news,0,0,0,0,0,0,0,0,0,0,0,0,0,0,0,0,0,0,0,0,0,0,0,0,0,0,0,0,0,0,0,0,0,0,0,0
2593,"""This repeal law will advance our democratic aspirations and fostered unhindered public debates,"" she argued, adding, ""We are hopeful that this will improve rather than retard the growing media landscape of the country and again testify to our continued commitment to an open society ably supported by a responsible and independent press.""","""This repeal law will advance our democratic aspirations and fostered unhindered public debates,"" she argued, adding, ""We are hopeful that this will improve rather than retard the growing media landscape of the country and again testify to our continued commitment to an open society ably supported by a responsible and independent press.""",news,1,0,0,0,0,0,0,0,0,0,0,0,0,0,0,0,0,0,0,0,0,0,0,0,0,0,0,0,0,0,0,0,0,0,0,0
2594,"The town has changed hands many times, each occasion bringing fresh allegations of civilian killings.","The town has changed hands many times, each occasion bringing fresh allegations of civilian killings.",news,1,0,0,1,0,0,0,0,0,0,0,0,0,0,0,0,0,1,0,0,0,0,0,0,0,0,0,0,0,0,0,0,0,0,0,0
2595,More information on ESCAP is available at www.unescap.org,More information on ESCAP is available at www.unescap.org,news,1,0,0,0,0,0,0,0,0,0,0,0,0,0,0,0,0,0,0,0,0,0,0,0,0,0,0,0,0,0,0,0,0,0,0,0
2596,"Border crossing has sparked shooting incidents near the border, allegedly perpetrated by both Indonesian and East Timor military personnel.","Border crossing has sparked shooting incidents near the border, allegedly perpetrated by both Indonesian and East Timor military personnel.",news,1,0,0,1,0,0,0,0,1,0,0,0,0,0,0,0,0,0,0,0,0,0,0,0,0,0,0,0,0,0,0,0,0,0,0,0
2597,At least 41 people were killed in countrywide clashes between protesters and police.,At least 41 people were killed in countrywide clashes between protesters and police.,news,1,0,0,1,0,0,0,0,1,0,0,0,0,0,0,0,0,1,0,0,0,0,0,0,0,0,0,0,0,0,0,0,0,0,0,0
2598,"SOUTH KOREA: Raises aid to $2 million, may send military cargo plane to move aid workers and supplies.","SOUTH KOREA: Raises aid to $2 million, may send military cargo plane to move aid workers and supplies.",news,1,0,1,1,0,0,0,0,1,0,0,0,0,0,0,0,0,0,0,0,0,0,0,0,0,0,0,0,0,0,0,0,0,0,0,0
2599,You said in your opening remarks that the Board of Inquiry is not a judicial body or a court of law and that it does not make any legal findings.,You said in your opening remarks that the Board of Inquiry is not a judicial body or a court of law and that it does not make any legal findings.,news,0,0,0,0,0,0,0,0,0,0,0,0,0,0,0,0,0,0,0,0,0,0,0,0,0,0,0,0,0,0,0,0,0,0,0,0
2600,New evidence now clearly demonstrates that adding one dose of IPV to OPV is the most effective method to stop the virus and protect children from lifelong polio paralysis.,New evidence now clearly demonstrates that adding one dose of IPV to OPV is the most effective method to stop the virus and protect children from lifelong polio paralysis.,news,0,0,0,0,0,0,0,0,0,0,0,0,0,0,0,0,0,0,0,0,0,0,0,0,0,0,0,0,0,0,0,0,0,0,0,0
2601,"While the farms grow fresh fruits and vegetables for export, health centers in Hunyu's village continue to treat diseases related to nutritional deficiency.","While the farms grow fresh fruits and vegetables for export, health centers in Hunyu's village continue to treat diseases related to nutritional deficiency.",news,1,0,0,0,0,0,0,0,0,0,0,0,0,0,0,0,0,0,0,0,0,0,0,0,0,0,0,0,0,0,0,0,0,0,0,0
2602,"Following these people and assisting them throughout their recovery is essential to avoid the development of permanent disabilities that can appear after a period of immobilization, a surgery, or after sustaining injuries that did not receive the sufficient follow-up care.","Following these people and assisting them throughout their recovery is essential to avoid the development of permanent disabilities that can appear after a period of immobilization, a surgery, or after sustaining injuries that did not receive the sufficient follow-up care.",news,1,0,1,1,1,0,0,0,0,0,0,0,0,0,0,0,0,0,0,0,0,0,0,0,0,0,0,0,0,0,0,0,0,0,0,0
2603,"Entire shantytowns along the coast were washed away, leaving at least 50,000 residents homeless.","Entire shantytowns along the coast were washed away, leaving at least 50,000 residents homeless.",news,1,0,0,1,0,0,0,0,0,0,0,0,1,0,0,0,0,0,0,0,0,0,0,0,0,0,0,0,1,0,0,0,0,0,1,0
2604,India flew in medical teams and urgent relief supplies to the main air base adjoining the country's only international airport while an Indian navy ship docked at the southern port of Galle with rescue teams.,India flew in medical teams and urgent relief supplies to the main air base adjoining the country's only international airport while an Indian navy ship docked at the southern port of Galle with rescue teams.,news,1,0,0,1,1,1,1,0,0,0,0,0,0,0,0,0,0,0,0,0,0,0,0,0,0,0,0,0,0,0,0,0,0,0,0,0
2605,"This will continue displacement of people to availabl, marginal land.","This will continue displacement of people to availabl, marginal land.",news,1,0,0,1,0,0,0,0,0,0,0,0,0,0,0,0,1,0,0,0,0,0,0,0,0,0,0,0,0,0,0,0,0,0,0,0
2606,PIMA hospital reported four cases of suspected hepatitis in the past two weeks.,PIMA hospital reported four cases of suspected hepatitis in the past two weeks.,news,1,0,0,0,0,0,0,0,0,0,0,0,0,0,0,0,0,0,0,0,0,0,0,0,0,0,0,0,0,0,0,0,0,0,0,0
2607,"The militants destroyed homes and businesses with petrol bombs and shot anyone attempting to flee, ""especially teenagers and the elderly"", she said.","The militants destroyed homes and businesses with petrol bombs and shot anyone attempting to flee, ""especially teenagers and the elderly"", she said.",news,1,0,0,0,0,0,0,0,0,0,0,0,0,0,0,0,0,0,0,0,0,1,0,0,0,0,0,0,0,0,0,0,0,0,0,0
2608,"A Child Friendly Environment Drive is now underway in Kalmunai and Akkaraipattu Education Zones to make the temporary classrooms more child friendly by making enclosures, partitioning and decorating the partition walls.","A Child Friendly Environment Drive is now underway in Kalmunai and Akkaraipattu Education Zones to make the temporary classrooms more child friendly by making enclosures, partitioning and decorating the partition walls.",news,1,0,0,0,0,0,0,0,0,0,0,0,0,0,0,0,0,0,0,0,0,0,0,0,0,0,0,0,0,0,0,0,0,0,0,0
2609,Communications: IBM will be establishing a wireless network in Banda Aceh on Wednesday (with a range of 30km) for the benefit of the entire humanitarian community; a second site will also be established at a site to be decided upon along the west coast of Sumatra,Communications: IBM will be establishing a wireless network in Banda Aceh on Wednesday (with a range of 30km) for the benefit of the entire humanitarian community; a second site will also be established at a site to be decided upon along the west coast of Sumatra,news,1,0,1,0,0,0,0,0,0,0,0,0,0,0,0,0,0,0,0,0,0,0,0,0,0,0,0,0,0,0,0,0,0,0,0,0
2610,"According to a UN Electoral Assistance Mission to Zimbabwe which ended last month, the voters roll is ""flawed"", with 10-25 percent of the names on the list deceased and an estimated 2 million out of 5.6 registered voters having moved constituencies since the last election in 1995 without proper registration.","According to a UN Electoral Assistance Mission to Zimbabwe which ended last month, the voters roll is ""flawed"", with 10-25 percent of the names on the list deceased and an estimated 2 million out of 5.6 registered voters having moved constituencies since the last election in 1995 without proper registration.",news,1,0,0,0,0,0,0,0,0,0,0,0,0,0,0,0,0,0,0,0,0,0,0,0,0,0,0,0,0,0,0,0,0,0,0,0
2611,"It is here, at a modest health centre with little more than a 10-bed maternity ward, that patients with a mysterious illness began arriving in clusters during the last week of August, some three months before the health workers knew they were handling Ebola.","It is here, at a modest health centre with little more than a 10-bed maternity ward, that patients with a mysterious illness began arriving in clusters during the last week of August, some three months before the health workers knew they were handling Ebola.",news,1,0,0,0,0,0,0,0,0,0,0,0,0,0,0,0,0,0,0,0,0,0,0,0,0,0,0,0,0,0,0,0,0,0,0,1
2612,The District Health Office (DHO) has been implementing WHO guidelines on preventing/treating tetanus infections post-disaster.,The District Health Office (DHO) has been implementing WHO guidelines on preventing/treating tetanus infections post-disaster.,news,1,0,0,1,1,0,0,0,0,0,0,0,0,0,0,0,0,0,0,0,0,0,0,0,0,0,0,0,0,0,0,0,0,0,0,0
2613,This will consist of caloric biscuits and dates to be provided to the children on a daily basis in effort to compliment daily nutritional intake.,This will consist of caloric biscuits and dates to be provided to the children on a daily basis in effort to compliment daily nutritional intake.,news,1,0,0,1,0,0,0,0,0,0,0,1,0,0,0,0,0,0,0,0,0,0,0,0,0,0,0,0,0,0,0,0,0,0,0,0
2614,The coordinator says further that the network wants the government to amend laws to return the Thai nationality to displaced people affected by the deadly waves.,The coordinator says further that the network wants the government to amend laws to return the Thai nationality to displaced people affected by the deadly waves.,news,1,0,0,1,0,0,0,0,0,0,0,0,0,0,0,0,1,0,0,0,0,0,0,0,0,0,0,0,1,1,1,0,0,0,0,0
2615,Arghandab river was found with a high salt content in the districts of Maiwand and Panjwai.,Arghandab river was found with a high salt content in the districts of Maiwand and Panjwai.,news,0,0,0,0,0,0,0,0,0,0,0,0,0,0,0,0,0,0,0,0,0,0,0,0,0,0,0,0,0,0,0,0,0,0,0,0
2616,"The most commonly reported ailments at this time of year are colds, pneumonia, respiratory problems and intestinal disorders.","The most commonly reported ailments at this time of year are colds, pneumonia, respiratory problems and intestinal disorders.",news,1,0,0,1,1,0,0,0,0,0,0,0,0,0,0,0,0,0,0,0,0,0,0,0,0,0,0,0,0,0,0,0,0,0,0,0
2617,Damage to the Nacala rail corridor by the rains has delayed expected arrivals at least by seven days.,Damage to the Nacala rail corridor by the rains has delayed expected arrivals at least by seven days.,news,1,0,0,0,0,0,0,0,0,0,0,0,0,0,0,0,0,0,0,0,1,0,0,0,0,0,0,0,1,0,1,0,0,0,0,0
2618,"The health-care worker referred the grandmother and child to the Fousseyni Daou Hospital, in the same city, where she was admitted to the paediatric ward on the following day, on 21 October.","The health-care worker referred the grandmother and child to the Fousseyni Daou Hospital, in the same city, where she was admitted to the paediatric ward on the following day, on 21 October.",news,1,0,0,0,0,0,0,0,0,0,0,0,0,0,0,0,0,0,0,0,0,0,0,0,0,0,0,0,0,0,0,0,0,0,0,0
2619,"Foreign aid workers can enter some areas when accompanied by an armed escort, but humanitarian assistance is supposed to be neutral and the presence of armed policemen provided by the government is contrary to this principle, relief officials said.","Foreign aid workers can enter some areas when accompanied by an armed escort, but humanitarian assistance is supposed to be neutral and the presence of armed policemen provided by the government is contrary to this principle, relief officials said.",news,1,0,0,1,0,0,0,0,1,0,0,0,0,0,0,0,0,0,0,0,0,0,0,0,0,0,0,0,0,0,0,0,0,0,0,0
2620,Officials say heavy rains are likely to continue and spread flooding to other areas as the government began to warn residents where more flooding is likely to occur.,Officials say heavy rains are likely to continue and spread flooding to other areas as the government began to warn residents where more flooding is likely to occur.,news,1,0,0,0,0,0,0,0,0,0,0,0,0,0,0,0,0,0,0,0,0,0,0,0,0,0,0,0,0,0,0,0,0,0,0,0
2621,"The Philippines announced Wednesday it was dispatching a medical emergency team comprising nurses, sanitary engineers, psychologists, a surgeon, a peadiatrician and an internist to join relief efforts.","The Philippines announced Wednesday it was dispatching a medical emergency team comprising nurses, sanitary engineers, psychologists, a surgeon, a peadiatrician and an internist to join relief efforts.",news,1,0,1,1,1,0,0,0,0,0,0,0,0,0,0,0,0,0,0,0,0,0,0,0,0,0,0,0,0,0,0,0,0,0,0,0
2622,"HELP is predominantly focused on emergency relief, aid for refugees, reconstruction support and humanitarian demining.","HELP is predominantly focused on emergency relief, aid for refugees, reconstruction support and humanitarian demining.",news,1,0,0,1,0,0,0,0,0,0,0,0,0,0,0,0,1,0,0,0,0,0,0,0,0,0,0,0,0,0,0,0,0,0,0,0
2623,"Torrential rains in the state have left more than 150 people dead, besides rendering some 4,000,00 people shelterless.","Torrential rains in the state have left more than 150 people dead, besides rendering some 4,000,00 people shelterless.",news,1,0,0,1,0,0,0,0,0,0,0,0,1,0,0,0,0,1,0,0,0,0,0,0,0,0,0,0,1,0,1,0,0,0,0,1
2624,"UNHCR ($653,000) is supplying basic non-food items (such as sanitary kits, mosquito nets, kettles, and pots) and tents to returnees whose transfer to their original villages it is also organising.","UNHCR ($653,000) is supplying basic non-food items (such as sanitary kits, mosquito nets, kettles, and pots) and tents to returnees whose transfer to their original villages it is also organising.",news,1,0,0,1,1,1,0,0,0,0,0,0,1,0,0,0,0,0,0,0,0,0,0,0,0,0,0,0,0,0,0,0,0,0,0,0
2625,"One of the first organizations to respond to the mid-November outbreak, International Medical Corps is transported daily by boat into villages cut-off by stagnant floodwaters.","One of the first organizations to respond to the mid-November outbreak, International Medical Corps is transported daily by boat into villages cut-off by stagnant floodwaters.",news,1,0,0,1,0,0,0,0,0,0,0,0,0,0,0,0,0,0,1,0,0,0,0,0,0,0,0,0,1,1,0,0,0,0,0,0
2626,The President said that her Government always believes in democratic politics and assured that in every important move the stakeholders of the Government and the country will be informed.,The President said that her Government always believes in democratic politics and assured that in every important move the stakeholders of the Government and the country will be informed.,news,1,0,0,0,0,0,0,0,0,0,0,0,0,0,0,0,0,0,0,0,0,0,0,0,0,0,0,0,0,0,0,0,0,0,0,0
2627,"Following the severe floods which occurred over the previous years, IRCS branches in eastern and northeastern states, with support from the Federation and sister societies, have focused on building their capacity in community based disaster preparedness and disaster mitigation initiatives.","Following the severe floods which occurred over the previous years, IRCS branches in eastern and northeastern states, with support from the Federation and sister societies, have focused on building their capacity in community based disaster preparedness and disaster mitigation initiatives.",news,1,0,0,0,0,0,0,0,0,0,0,0,0,0,0,0,0,0,0,0,0,0,0,0,0,0,0,0,1,1,0,0,0,0,0,0
2628,"Hpakant, an area rich with coveted jade stones, has seen a recent influx of illegal, small-scale mining operations since the breakdown of a 17-year ceasefire between the Burmese government and the Kachin Independence Army.","Hpakant, an area rich with coveted jade stones, has seen a recent influx of illegal, small-scale mining operations since the breakdown of a 17-year ceasefire between the Burmese government and the Kachin Independence Army.",news,1,0,0,0,0,0,0,0,0,0,0,0,0,0,0,0,0,0,0,0,0,0,0,0,0,0,0,0,0,0,0,0,0,0,0,0
