query,tweet_id,time,language,username,verified,followers,location,retweets,favorites,replies,text
myanmar earthquake 2025,1905448007652516084,2025-03-28_02-33-01,en,CRPH Myanmar,False,273035,Myanmar,25,74,1,Thank you @JanLipavsky for your unwavering solidarity and support for the restoration of democracy in #Myanmar.
myanmar earthquake 2025,1905514664181760207,2025-03-28_06-57-53,en,Juth Vadhanapanich 🍅,False,25710,"Bangkok, Thailand",204,697,69,"March 28, 2025 — The Earthquake Surveillance Division of the Thai Meteorological Department reported that at 1:20 PM (local time), a 7.4-magnitude earthquake occurred in Myanmar, at a depth of 10 km. The epicenter was approximately 326 km from Pang Mapha District, Mae Hong Son Province. Tremors were felt in several provinces of Thailand, and residents in high-rise buildings were forced to evacuate to ground level."
myanmar earthquake 2025,1905515088301457689,2025-03-28_06-59-34,en,ray tio,False,751,,155,275,15,"7.7 magnitude earthquake in Myanmar, tremors felt in Laos, Thailand, India, china too. Scary shit, building fell in Thailand. https://t.co/lMSp0rlto1"
myanmar earthquake 2025,1905515340349542747,2025-03-28_07-00-34,en,Matthew Cappucci,False,66118,"Washington, DC",277,1002,23,"BREAKING: Magnitude 7.7 #earthquake hits #Myanmar, with epicenter just west of Mandalay — home to 1.5 million people. The ground likely moved at speeds up to 7-10 inches per second in the city. Enormous population exposure to liquefaction (when ground behaves like liquid). https://t.co/0FJ30RDRqC"
myanmar earthquake 2025,1905515557740302596,2025-03-28_07-01-26,en,Mario Nawfal,False,2208872,,201,698,46,🚨🇹🇭🇲🇲BANGKOK ROCKED BY MYANMAR EARTHQUAKE Tremors from the 7.7-magnitude earthquake that struck near the city of Mandalay also shook Thailand’s capital. People ran out onto the streets in panic as water splashed out of a rooftop swimming pool. Source: Reuters
myanmar earthquake 2025,1905515943239057518,2025-03-28_07-02-58,en,Brian Berletic,False,95665,"Bangkok, Thailand",74,313,2,"Powerful earthquake originating on the Thai-Myanmar border was felt as far as Bangkok 700+km away, reports of serious damage are circulating including footage of collapsed high-rise buildings, particularly at construction sites. Beware of aftershocks which can hit hours, even days or longer after the original event."
myanmar earthquake 2025,1905518535264403573,2025-03-28_07-13-16,en,Queen,False,844,Earth,193,324,6,"A powerful earthquake, with 7.7 richter scale in magnitude, near the epicenter Mandalay, Myanmar. It causes the Ava Bridge in Myanmar and unknown 14 floors building in Thailand collapse. Pray for Myanmar and Thailand 🙏 #แผ่นดินไหว #earthquake #breakingnews https://t.co/otvBZdtkfe"
myanmar earthquake 2025,1905519106725454263,2025-03-28_07-15-32,en,Nabila Jamal,False,57720,India,115,383,19,"Insane!! Violent 7.0-Magnitude Quake Strikes Myanmar, Buildings Fall as Tremors Reach Bangkok Epicenter: Central #Myanmar, 50 km east of Monywa Depth: 10 km, making it a shallow and strong quake Strong tremors felt in #Bangkok causing panic & evacuations. Water splashed from pools, buildings swayed, some collapsed 👇 #Myanmarearthquake"
myanmar earthquake 2025,1905521116585611623,2025-03-28_07-23-31,en,NEXTA,False,1245482,,377,1176,37,"Massive 7.7 earthquake strikes Myanmar — Bangkok shaken hard. ▪️ Water spills from rooftop pools in high-rises ▪️ Buildings sway, people flee ▪️ Evacuation declared across the city Locals report a high-rise under construction may have collapsed — official confirmation still pending."
myanmar earthquake 2025,1905521823325823406,2025-03-28_07-26-20,en,Sprinter Observer,False,620446, 💞,400,776,37,"A powerful earthquake with a magnitude of 7.7 occurred in Myanmar - the epicenter was located 6 km from the city of Mandalay, where there is destruction, including multi-story buildings The tremors were felt in Myanmar, Bangladesh, Thailand, India https://t.co/pDlJHhUaHa"
myanmar earthquake 2025,1905525263477395930,2025-03-28_07-40-00,en,Mario Nawfal,False,2208872,,179,410,50,"🚨🇹🇭🇲🇲DEADLY 7.7 QUAKE IN MYANMAR TRIGGERS CHAOS ACROSS REGION Two powerful earthquakes - 7.7 and 6.4 magnitude - struck central Myanmar, triggering widespread panic across Southeast Asia. The epicenter was just 16km from Sagaing at a depth of 10km, shaking cities across Myanmar, Thailand, and southern China. Tremors were felt in Yunnan, where residents reported swaying buildings and evacuations. In Myanmar’s capital, Naypyidaw, roads buckled and ceilings crashed down. In Thailand, an under-construction skyscraper collapsed in Bangkok’s Chatuchak district, with people reportedly trapped under rubble. Metro and light rail services were suspended in the capital. Thai PM Paetongtarn Shinawatra cut short her Phuket visit to hold an urgent crisis meeting. Source: Al Jazeera"
myanmar earthquake 2025,1905526077574783480,2025-03-28_07-43-14,en,BNO News,False,519430,Worldwide,1034,2443,24,"MASSIVE EARTHQUAKE HITS MYANMAR - 7.7 quake hit close to Mandalay - Strong shaking also felt in Thailand - Buildings collapse in multiple cities - Tower collapses in Bangkok, dozens missing - USGS says thousands of people feared dead - Search and rescue getting underway"
myanmar earthquake 2025,1905527913362928044,2025-03-28_07-50-32,en,MAKS 24 🇺🇦👀,False,280693,"Україна (Vinnytsia, Ukraine) ",88,265,15,"🇲🇲😳 Powerful earthquakes around 7.7 and 6.4 on Richter scale have been recorded in Myanmar. Hundreds of houses have been destroyed at the epicenter of the earthquake. 🇹🇭 Earthquake also affected Thailand: in Bangkok high-rise buildings are being evacuated, metro has stopped. https://t.co/HPaie0Mu3o"
myanmar earthquake 2025,1905530587928031289,2025-03-28_08-01-09,en,Inquirer,False,3984683,Makati City,2270,4087,76,"PRAY FOR MYANMAR AND THAILAND 🙏 LOOK: A collapsed building at a construction site is seen in Bangkok, Thailand, on Friday, March 28, 2025, following a magnitude 7.7 earthquake in Myanmar. A powerful tremor struck central Myanmar on March 28, buckling roads in the capital, Naypyidaw, damaging buildings, and forcing people to flee into the streets in neighboring Thailand. | 📷: Lillian Suwanrumpha/AFP READ RELATED STORY: https://t.co/csJLdSoac7"
myanmar earthquake 2025,1905533835674354009,2025-03-28_08-14-04,en,Florian Witulski,False,30571,Bangkok / Osaka,20584,75235,1306,Earthquake sum up 3pm (Mynamar/Thailand) - 7.7 quake hit near Mandalay/Myanmar - Hundreds of homes collapsed (various Myanmar cities) - Strong shocks in Thailand + multiple building collapse in Bangkok - USGS predicts thousands of people dead (Bangkok clips from social media:) https://t.co/kJodTn6BIg
myanmar earthquake 2025,1905542900735156404,2025-03-28_08-50-05,en,BNO News Live,False,87272,Worldwide,164,394,7,"ASIA EARTHQUAKE: Casualty reports so far Myanmar: - 20 dead in Mandalay, many injured - 5 dead in Taungoo Thailand: - Dozens injured in Bangkok, 43 missing Total so far: 25 dead, 43 missing, many injured"
myanmar earthquake 2025,1905573906381242812,2025-03-28_10-53-17,en,Hopewell Chin’ono,False,831751,World Citizen🇿🇼 🇿🇦 🇬🇧 ,56,230,25,"Tragic scenes in Bangkok as earthquake hits Thailand and Myanmar. A powerful 7.7-magnitude earthquake struck central Myanmar near Mandalay, causing significant damage and casualties. The tremors were felt as far as Bangkok, Thailand, approximately 640 miles away, where a 30-story building under construction collapsed, resulting in at least three deaths and many individuals trapped under the rubble."
myanmar earthquake 2025,1905574488408031301,2025-03-28_10-55-36,en,CRPH Myanmar,False,273035,Myanmar,141,163,11,"The recent #earthquake in #Myanmar has left countless individuals and families in dire need of assistance. Many have lost their homes, while others are struggling with injuries and the aftermath of the disaster. It is crucial for the global community to come together and extend support to those affected. Join the emergency relief campaign now 👉 https://t.co/yMPJqxB1zc…"
myanmar earthquake 2025,1905588034722300284,2025-03-28_11-49-26,en,Maneeza Ahuja,False,19047,New Delhi,37,317,5,#earthquake in #Myanmar with a possibility of more at other locations. A disastrous #Tsunami and the dark clouds of war intensifying. A waterborne disease too will surface soon. Some of the consequences of the #Saturn #Rahu conjunction. 29th March -31rst May 2025
myanmar earthquake 2025,1905588478920085920,2025-03-28_11-51-12,en,Astro Sharmistha,False,75660,Mumbai,115,1280,54,"7.7 magnitude of Earthquake in Myanmar, Bangkok. This is just the Trailer of Pisces over activation, picture abhi baki hain. Too many planets in PurvaBhadrapad Nakshatra brings natural disaster on earth. Solar Eclipse will be visible in America, specially South America will be highly affected. Good news is that, no pandemic, no lockdown. WATCH THIS https://t.co/esqCq9U2J5"
myanmar earthquake 2025,1905611737035833679,2025-03-28_13-23-37,en,Wolf of X,False,426409,,253,1546,26,"The calm in nature is a mask; respect what lies beneath This thread will show you who is the real boss. 🧵 1. A significant earthquake of magnitude 7.7 struck near Mandalay, Myanmar, affecting both Myanmar and Thailand. The quake led to the collapse of multiple buildings https://t.co/XR4H4OAp1V"
myanmar earthquake 2025,1905611743675494415,2025-03-28_13-23-38,en,Wolf of X,False,426409,,37,270,5,2. - 7.7 quake hit near Mandalay/Myanmar - Hundreds of homes collapsed (various Myanmar cities) - Strong shocks in Thailand + multiple building collapse in Bangkok https://t.co/I1uiJI8IyY
myanmar earthquake 2025,1905613092689776992,2025-03-28_13-29-00,en,Vertigo_Warrior,False,299658,Bharat,933,11302,18,8. 🚨🇲🇲 MYANMAR 7.7 EARTHQUAKE DEVASTATES MANDALAY UNIVERSITY - Mandalay University's main building collapsed and caught fire. - Significant damage to other campus buildings. - Reports of casualties. https://t.co/HuUREd6Jzc
myanmar earthquake 2025,1905619440869540342,2025-03-28_13-54-14,en,SA News Channel,False,332948,,1112,1475,45,"On March 28, 2025, a 7.7-magnitude earthquake devastated Myanmar and Thailand, with its epicenter in Sagaing. Tremors shook Southeast Asia, collapsing buildings in Bangkok and causing loss of lives. Rescue operations are ongoing. This tragedy highlights the need for preparedness. Let’s unite to rebuild lives and offer support to those in need. #Earthquake2025 #DisasterRelief #ThailandEarthquake #MyanmarEarthquake #Earthquake"
myanmar earthquake 2025,1905623495108878425,2025-03-28_14-10-20,en,CRPH Myanmar,False,273035,Myanmar,281,291,11,"A 7.7 magnitude #earthquake has hit many cities across #Myanmar, destroying many homes and infrastructure as well as dozens were killed. Million are in need of urgent aids and you can contribute your support via @mohadmNUG( ▶️https://t.co/hkh1g6Z9fj) to those affected. https://t.co/JUSutLOsiO"
myanmar earthquake 2025,1905667125441953843,2025-03-28_17-03-42,en,Plain Jane❤️🇺🇸,False,764,"USA, Australia, Italy",49,329,10,"Pray for the people in Thailand 🙏 A devastating 7.7 magnitude earthquake hit central Myanmar on March 28, 2025, with tremors felt in Bangkok. The quake caused major damage, including a high-rise collapse in Bangkok, claiming at least 9 lives. Over 150 fatalities reported across Myanmar and Thailand. Widespread panic and evacuations. #PrayForThailand #earthquake"
myanmar earthquake 2025,1905718070318137577,2025-03-28_20-26-09,en,crys 🎀,False,9224, eng/中/한 ot9,193,290,4,"a magnitude 7.7 earthquake hit myanmar today. homes were lost, hundreds injured or killed. myanmar is the epicenter, yet there is a lack of immediate relief/rescue aid because of the junta regime control and lack of press. do share, and donate if you can. https://t.co/MifOS9uYJQ"
myanmar earthquake 2025,1905771310422397246,2025-03-28_23-57-42,en,MFA Russia 🇷🇺,False,787140,Russia,123,375,52,"⚡️ @MchsRussia: Russia's EMERCOM dispatches two aircraft carrying rescue personnel to #Myanmar to assist in earthquake recovery efforts. The unit comprises 120 specialists &amp; also includes K9 search units, anesthesiologists &amp; psychologists. https://t.co/g4NPHG84gi #RussiaHelps https://t.co/SRhnwE59rx"
myanmar earthquake 2025,1905830478340641258,2025-03-29_03-52-49,en,CRPH Myanmar,False,273035,Myanmar,133,148,8,Yesterday's #earthquakes in #Myanmar and #Thailand killed/injured many hundreds and destroyed several homes and civilian buildings. They need your urgent help and how can you help those affected. Share this post and Donate now 💌 https://t.co/8fSxe6XcmC #Myanmarquake https://t.co/Pkpt3em0ip
myanmar earthquake 2025,1905839213901160776,2025-03-29_04-27-32,en,Myanmar Now,False,445877,Myanmar,13,23,1,"Although the Canadian government has imposed sanctions on junta generals and associated entities, a Canada-based company appears to have remained involved in the Rakhine State development project even after the 2021 coup Read more: https://t.co/ohgnsN63F9 https://t.co/TzAke8DOOZ"
myanmar earthquake 2025,1905839623877931056,2025-03-29_04-29-09,en,CRPH Myanmar,False,273035,Myanmar,183,259,11,EU provides €2.5 million in initial emergency aid for people affected by the earthquake in Myanmar EU Full statement: https://t.co/Ux2kfdGEU0 #Myanmarquake #MyanmarThailandEarthquake https://t.co/xNyniDXOrG
myanmar earthquake 2025,1905916027105673702,2025-03-29_09-32-45,en,Dr. Shah,False,81795,,138,660,18,"💥29th March, 2025 Myanmar, Thailand, Bangkok Earthquake Live Updates: Quake toll tops 1,000, says report as search for survivors continue 20th February, 2025 #Prediction - We need to prepare for any location in the entire Himalayan belt in the North. @narendramodi @sanjeevsanyal"
myanmar earthquake 2025,1905920497491005706,2025-03-29_09-50-31,en,Massimo,False,2424314,"Italy, North by Northwest",203,749,61,"The collapse of an entire building close to a temple in Myanmar, following the M7.7 earthquake that hit the region on March 28, 2025. https://t.co/rQuNiAa7Oe"
myanmar earthquake 2025,1905923882554396755,2025-03-29_10-03-58,th,รายงานแผ่นดินไหว,False,142868,Thailand,642,360,0,29-3-68 16:20 อาฟเตอร์ช็อกขนาด 5.1 (mb) ลึก 10 กม. พิกัด 96.16°E 19.67°N ประเทศพม่า https://t.co/NZ2klYCVI1 https://t.co/tt3Fw4mmFa
myanmar earthquake 2025,1905924509712130127,2025-03-29_10-06-28,en,CRPH Myanmar,False,273035,Myanmar,193,272,9,We appreciate all the nations and international organizations including the @UN for your solidarity and support to #Myanmar's citizens affected by horrible #earthquake. We call for the Int'l community to increase the urgent assistance financially and technically to our people. https://t.co/TALU3bE4VT
myanmar earthquake 2025,1905957733914075561,2025-03-29_12-18-29,en,Times Algebra,False,597662,,657,6249,65,"BIG BREAKING NEWS 🚨 Another 5.1 Magnitude Earthquake hits Myanmar. This comes just one day after a devastating 7.7 magnitude earthquake, which left a trail of destruction. Death toll crosses 1,002. More than 2,000 people injured. Many trapped beneath rubble. Myanmar seeks urgent help from abroad."
myanmar earthquake 2025,1905968025146466701,2025-03-29_12-59-23,en,CRPH Myanmar,False,273035,Myanmar,216,282,6,Over 1⃣0⃣0⃣0⃣ people including at least 4⃣9⃣0⃣ #Muslims are dead after a 7.7-magnitude earthquake struck near Mandalay in #Myanmar and rocked neighboring Thailand. Find out more: https://t.co/WSbHFTUZpw Donate NOW to save lives in Myanmar: https://t.co/hkh1g6Z9fj https://t.co/3itPTtn5D7
myanmar earthquake 2025,1905976947878068462,2025-03-29_13-34-50,en,Myanmar Now,False,445877,Myanmar,90,110,6,The city’s residents scramble to cope amid the devastation caused by Friday’s earthquake https://t.co/CKbwC2RysZ
myanmar earthquake 2025,1905978479432302815,2025-03-29_13-40-55,zxx,Myanmar Now,False,445877,Myanmar,36,51,2,https://t.co/TCcxdb1Xe6
myanmar earthquake 2025,1906075215039545440,2025-03-29_20-05-19,en,သွင်,False,856, 🇲🇲 she/he 20 sp3 fvle,229,291,1,"A 7.7-magnitude earthquake struck Myanmar on March 28th, 2025. There are over 1,000 recorded casualties and the death toll is expected to reach over 10,000. In the past years, war crimes by the military displaced millions and killed thousands. Burmese communities need our help."
myanmar earthquake 2025,1906112664486687099,2025-03-29_22-34-07,en,Myanmar Now,False,445877,Myanmar,119,134,1,"The National Unity Government (NUG), the anti-junta cabinet formed and endorsed by ousted civilian members of parliament after the 2021 coup, has pledged to deploy Civil Disobedience Movement staff for rescue efforts in junta-controlled areas. Read more: https://t.co/LKYD6SAE4j"
myanmar earthquake 2025,1906219187930092014,2025-03-30_05-37-24,en,CRPH Myanmar,False,273035,Myanmar,115,130,4,"More than 1,600 people have been killed and thousands more injured in #MyanmarEarthquake. Thousands of our citizens require food, clean water, medical assistance, and shelter. 📢Help us and donate now: https://t.co/hkh1g6Z9fj ↪️ https://t.co/WSbHFTUZpw https://t.co/zyFpt046gn"
myanmar earthquake 2025,1906247436911210787,2025-03-30_07-29-39,en,Myanmar Now,False,445877,Myanmar,109,123,10,"Mandalay's crematoriums reach breaking point as earthquake death toll soars. Bodies pile up, forcing families to cremate loved ones in the streets. https://t.co/MFBNDNqMMD https://t.co/nfz5eL4sm0"
myanmar earthquake 2025,1906251953803346282,2025-03-30_07-47-36,en,The Associated Press,False,15791594,Global,130,340,27,"BREAKING: A 5.1 magnitude earthquake hit near Mandalay, the USGS said, the latest in a string of aftershocks following Friday’s devastating temblor. https://t.co/Wcqw2l0YQQ"
myanmar earthquake 2025,1906252765615296801,2025-03-30_07-50-50,th,รายงานแผ่นดินไหว,False,142868,Thailand,327,271,3,30-3-68 14:08 อาฟเตอร์ช็อกขนาด 5.1 (mb) ลึก 10 กม. พิกัด 96.07°E 22.26°N ประเทศพม่า https://t.co/3kAnNjomuP https://t.co/nDvsQBcrKg
myanmar earthquake 2025,1906360060369866794,2025-03-30_14-57-11,en,CRPH Myanmar,False,273035,Myanmar,83,102,2,"Death toll passes over 1,700 aftermath #MyanmarEarthquake Many states have committed to help, however, hundreds remain trapped under rubble, particularly in #Sagaing and #Mandalay . It also important to save them timely. Thank you for your solidarity and continue more. https://t.co/lYXCqiobNC"
myanmar earthquake 2025,1906492653132509227,2025-03-30_23-44-04,en,Myanmar Now,False,445877,Myanmar,123,127,8,"Junta blocks vital quake coverage, claiming ""no services,"" as death toll surges to 1,700 https://t.co/vqfFryTpRM"
myanmar earthquake 2025,1906611399868154128,2025-03-31_07-35-55,en,Myanmar Now,False,445877,Myanmar,70,96,0,"As much of Mandalay lies in ruins in the wake of last Friday’s massive earthquake, Myanmar Now invites readers to recall the role that Myanmar’s second-largest city played in resisting the military takeover more than four years ago https://t.co/SdYMfd9SbI https://t.co/0rMUfH2BCo"
myanmar earthquake 2025,1906612795883626994,2025-03-31_07-41-28,en,Myanmar Now,False,445877,Myanmar,132,164,6,The groups say the regime must not be allowed to exploit overseas assistance or deny access to resistance-held areas hit by last Friday’s massive quake Read more: https://t.co/477FO4NwYi https://t.co/q3V4Z579Up
myanmar earthquake 2025,1906683369863422374,2025-03-31_12-21-54,en,Myanmar Now,False,445877,Myanmar,153,134,2,The junta’s relentless persecution of healthcare workers opposed to its rule has been almost as devastating to hospitals as last week’s massive earthquake Read more: https://t.co/DjehOJMheF https://t.co/EDHO8Cjid9
myanmar earthquake 2025,1906729067732414876,2025-03-31_15-23-29,en,CRPH Myanmar,False,273035,Myanmar,185,239,7,"Aftermath #MyanmarEarthquake, the death toll has now risen to 2,056, with more than 3,400 injured. Several people are still under rubble. Most of effected people haven't received shelter, medical care and enough food. Help Myanmar's people NOW. ↪️ https://t.co/qEKaGUvX9X https://t.co/OqHCm14eQr"
myanmar earthquake 2025,1906751338702377421,2025-03-31_16-51-59,en,Myanmar Now,False,445877,Myanmar,20,13,1,"Concerns have arisen about the potential for the junta to direct humanitarian funds, supplies, and workers to areas they favour rather than those most in need of help Read more: https://t.co/nQ1UdUqD9K Follow us on Bluesky! https://t.co/2bp3g4ncYw https://t.co/Hmh4LEZxcS"
myanmar earthquake 2025,1906859703688438249,2025-04-01_00-02-35,en,Myanmar Now,False,445877,Myanmar,82,122,2,"""A US aid team of humanitarian experts based in the region are traveling to Burma now to identify the people's most pressing needs, including emergency shelter, food, medical needs and access to water,"" US State Department spokeswoman Tammy Bruce told reporters. https://t.co/vlBVjl2MsY"
myanmar earthquake 2025,1906928984761454762,2025-04-01_04-37-53,en,Myanmar Now,False,445877,Myanmar,19,17,0,"While the disaster caused damage and impeded access to water for some of the state’s residents, many feel that ongoing junta attacks still pose a greater threat Read more: https://t.co/D6Q5AP9sRw Follow us on Bluesky for more updates! https://t.co/2bp3g4ncYw https://t.co/TSdgd0HWNn"
myanmar earthquake 2025,1906983927769944250,2025-04-01_08-16-13,en,Myanmar Now,False,445877,Myanmar,3,6,1,"As Naypyitaw suffers the worst natural disaster of its existence, many working there for the regime find themselves with nowhere to live Read more: https://t.co/YM1wzMERUv Follow us on Bluesky! https://t.co/2bp3g4ncYw https://t.co/zsWWoy6oyI"
myanmar earthquake 2025,1906987613325848879,2025-04-01_08-30-51,en,Myanmar Now,False,445877,Myanmar,8,16,2,"Military regime’s offices and staff housing destroyed in the quake, plunging Naypyitaw and Mandalay into disarray Read more: https://t.co/6tyRcR0PjZ Follow us on Bluesky! https://t.co/2bp3g4ncYw https://t.co/PrJlZogbN4"
myanmar earthquake 2025,1907000037130830144,2025-04-01_09-20-13,en,Open Doors UK,False,17052,UK & Ireland,8,27,3,"A Christian in #Myanmar has shared footage from their church, which was severely affected by the earthquake. It's the tip of the iceberg for the devastation of the earthquake, which has killed more than 1,000 people and displaced thousands. 1/2 https://t.co/zr2GJNSWYi"
myanmar earthquake 2025,1907001259791651239,2025-04-01_09-25-05,en,Sputnik India,False,76037,New Delhi,47,388,0,"🇮🇳🇷🇺🇨🇳 India, Russia &amp; China provide critical aid for 🇲🇲Myanmar earthquake relief – 🇹🇭Thai MFA Spokesperson Nikorndej Balankura in response to question from Sputnik India👇 https://t.co/fo7bVuAKb2"
myanmar earthquake 2025,1907002497069355182,2025-04-01_09-30-00,en,The Times Of India,False,14753191,,3,12,0,"#Isro satellite images show damages caused by #earthquake in #Myanmar, see before and after pics Know more🔗 https://t.co/1b949PwTVu #MyanmarEarthquake https://t.co/Oe4U0WvXXS"
myanmar earthquake 2025,1907002652006756667,2025-04-01_09-30-37,en,PTV World,False,548812,Islamabad,0,0,0,PM Condoles Myanmar on Earthquake For details please visit: https://t.co/OPFZBEmT34 https://t.co/Zb7MuGjSGm
myanmar earthquake 2025,1907003610833330310,2025-04-01_09-34-25,in,BBC News Indonesia,False,1747125,London - Jakarta,5,18,1,"Setidaknya 12 anak dan seorang guru di sebuah Taman Kanak-kanak tewas, akibat gempa bumi magnitudo 7,7 yang mengguncang Myanmar, Jumat (28/03) lalu. “Saya sudah mengira dia tidak akan selamat, tapi saya berharap jenazahnya utuh, dan beruntung kami menemukannya,” kata Kywe Nyein, kakek korban."
myanmar earthquake 2025,1907003747122704730,2025-04-01_09-34-58,en,Special Advisory Council for Myanmar,False,29768,,147,187,5,"“I am 100% sure the military won’t deliver aid to resistance areas,” SAC-M’s @YangheeLeeSKKU tells CNN. The intl community must therefore ensure aid is directed to the @NUGMyanmar, ethnic orgs &amp; #Myanmar civil society to ensure it reaches all #earthquake affected communities. https://t.co/QXKZbeYwSa"
myanmar earthquake 2025,1907003970926645349,2025-04-01_09-35-51,en,Myanmar Red Cross,False,18552,Myanmar,4,6,1,"🚰 We distributed drinking water and Royal D Electrolyte drink to #earthquake victims in #Mandalay, including the Mandalay Masoeng New Monastery, Mandalay #GeneralHospital, Bong-O Village, and the Relief team staying at Mandalay Thiri Stadium. https://t.co/3vxX1YFuiZ"
myanmar earthquake 2025,1907004383562215487,2025-04-01_09-37-30,en,EarthMix:ABYS(𝐌𝐲𝐚𝐧𝐦𝐚𝐫𝐅𝐂),False,699,Myanmar,307,535,3,"1.4.2025, EarthMix Myanmar Fans donated food, drinks and water to people that suffered from the recent earthquakes that happened in Mandalay, Amarapura (Myanmar)earlier this week #EarthMix #เอิร์ทมิกซ์ #EarthPirapat #mixxiw @Earth_Pirapat @wixxiws #alwaysbesideyours https://t.co/jHONCmNkiQ"
myanmar earthquake 2025,1907004676727550069,2025-04-01_09-38-40,en,UNICEF East Asia Pacific,False,24026,"Bangkok, Thailand",2,3,0,"Aftershocks, collapsed buildings, and families sleeping outside—this is the reality families are facing in Myanmar. UNICEF and partners are providing urgent aid: clean water, hygiene kits, health support, and child protection. Donate now: https://t.co/rkB3o396kM https://t.co/CXiDKmjUmD"
myanmar earthquake 2025,1907004889198449014,2025-04-01_09-39-30,en,Myanmar Red Cross,False,18552,Myanmar,6,14,1,"⛑️ People in #Naypyitaw are afraid of #aftershocks following the recent #earthquake. We continue to provide #shelter, support, and reassurance to those in need. https://t.co/OZBQ22NPYt"
myanmar earthquake 2025,1907004974892003497,2025-04-01_09-39-51,und,ENGLOT MYANMAR FANS 🇲🇲,False,4804,,4,11,0,On 28 #WhatsHappeningInMyanmar #MyanmarEarthquake #Earthquake2025 #earthquake #Sagaing
myanmar earthquake 2025,1907005595850506267,2025-04-01_09-42-19,en,Discover Anning,False,11743,"Anning, Yunnan",1,5,0,"A 7.9-magnitude earthquake hit #Myanmar on March 28. The next day, China #Yunnan's Rescue Medical Team, the first to arrive at the earthquake-hit area, brought vital supplies to assist in the rescue operations. Yunnan stands in solidarity with the people of Myanmar🫂, committed to carrying out ongoing rescue efforts."
myanmar earthquake 2025,1907006223854993423,2025-04-01_09-44-48,in,BBC News Gahuza,False,87605,"London, UK",5,46,0,"Muri #China, abaforoma ntiborohewe igihe ca #nyamugigima Inyuma y’amasanamu ya CCTV, umuforoma wo mw’iyakiriro ry’i #Ruili muri China yarasiguye uko babaye muri ivyo bihe. Iyo nyamugigima yahwikiye kuva #Myanmar, #Thailand, n’ibice vy’Ubushinwa. Raba video ya #BBCNewsGahuza https://t.co/skpgfWZH2z"
myanmar earthquake 2025,1907006246680510581,2025-04-01_09-44-54,pt,Observador,False,387495,Portugal,0,7,0,Sismo em Myanmar. Grávida resgatada com vida depois de estar mais de 60 horas debaixo dos escombros https://t.co/tY840D5mMH
myanmar earthquake 2025,1907006310698398158,2025-04-01_09-45-09,pt,Diário de Notícias,False,324164,Lisboa,0,1,0,"Falta comida, água e abrigo. Número de mortos após sismo já ultrapassa os 2700 em Myanmar https://t.co/5gACNIgIAD https://t.co/hw0euJHHjl"
myanmar earthquake 2025,1907006440390508958,2025-04-01_09-45-40,en,7NEWS Queensland,False,138929,"Brisbane, Australia",1,1,0,Myanmar's third-world health system is collapsing four days after a devastating earthquake rocked the region. It's a humanitarian crisis with thousands now living on the streets and local hospitals overwhelmed. https://t.co/4HtU4qKwXJ @jamescarmody95 #7NEWS https://t.co/l7nUzWz9qr
myanmar earthquake 2025,1907006454256836697,2025-04-01_09-45-43,en,Anndy Lian,False,180215,,2,14,5,"How Can Crypto Help Earthquake Victims in Thailand and Myanmar? His donation has inspired further contributions, including 44 BNB from blockchain thought leader and intergovernmental advisor Anndy Lian, who urged his followers to support relief efforts. https://t.co/O0AumC9uQt"
myanmar earthquake 2025,1907006758884880706,2025-04-01_09-46-56,en,DD News,False,3745769,DDNews,1,4,0,"In Myanmar's Mandalay, NDRF teams are tirelessly conducting Search and Rescue (SAR) operations after a devastating earthquake. Equipped with advanced tools and unwavering dedication, they’re on a mission to save lives and bring hope to affected communities. #NDRF #Myanmar #SAR #Mandalay @PMOIndia @narendramodi @MEAIndia @DrSJaishankar @MIB_India @PIB_India"
myanmar earthquake 2025,1907007530171007342,2025-04-01_09-50-00,ca,VilaWeb,False,362355,Països Catalans,1,0,0,‼️ Un terratrèmol devastador agreuja les esquerdes del règim dels militars a Myanmar 🔶 El terratrèmol de divendres pot acabar essent el cop de gràcia a una junta militar afeblida i com més va més incapaç de controlar algunes parts del país https://t.co/eb7GiyOzvp
myanmar earthquake 2025,1907007818936562046,2025-04-01_09-51-09,en,DNA,False,2243387,,2,3,0,WATCH: A video from China has now gone viral. The CCTV footage shows nurses protecting babies amid tremors after a 7.7-magnitude earthquake struck neighbouring Myanmar. The video shows two nurses holding onto babies amid the earthquake in a maternity centre in Ruili. #DNAUpdates | #China | #Ruili | #MyanmarEarthquake | #ViralVideo
myanmar earthquake 2025,1907008833953706097,2025-04-01_09-55-11,en,Oxfam News Team,False,9836,,3,2,0,"""It is a time when we need to extend solidarity and support."" Rajan Khosla, @Oxfam's Country Director in #Myanmar speaks to @itvnews about the immediate #earthquake response. https://t.co/hEPkAcmnPI"
myanmar earthquake 2025,1907009710190117308,2025-04-01_09-58-40,en,JP Soriano,False,62734,"Manila, Philippines",1,0,0,"DMW to provide financial, other aid to families of teachers missing in Myanmar quake https://t.co/2Sb4a1ny47 via @gmanews"
myanmar earthquake 2025,1907010430750400987,2025-04-01_10-01-31,hi,Lisandru 🫧,False,23239,salento,128,403,5,Myanmar ♥️ © Zarni Myo Win https://t.co/IGz9EBDnba
myanmar earthquake 2025,1907010557724573728,2025-04-01_10-02-02,es,Cesce,False,94548,España,2,1,1,"⚡️El aumento del consumo de la electricidad, el terremoto en Myanmar y Tailandia, las negociaciones sobre Ucrania, el nuevo gobierno sirio, los nuevos aranceles de Trump... una semana más la actualidad internacional no da tregua. ¿La repasamos? Dentro hilo🧵👇 https://t.co/VsgBRGBuBA"
myanmar earthquake 2025,1907010618152071511,2025-04-01_10-02-16,en,Mizzima News,False,977668,Thailand,5,5,0,"#Monks, gathered by the #MaSoeYein #Monastery in #Mandalay, powerlessly witness the top floors of a nearby building collapse in the wake of the violent 7.7-magnitude #earthquake that hit #Myanmar. https://t.co/6scMmVfHxB"
myanmar earthquake 2025,1907011192435966138,2025-04-01_10-04-33,en,Khaosod English,False,92701,"Bangkok, Thailand",3,3,0,"Help Bangkok Community Help Foundation help those in Myanmar affected by last Friday's major earthquake. Over 2,700 people have died so far. #Myanmar #earthquake #BangkokCommunityHelp https://t.co/kwjHTjlG5Y"
myanmar earthquake 2025,1907011644024308212,2025-04-01_10-06-21,my,Xinhua Myanmar,False,12509,"Yangon, Myanmar",0,1,0,မြန်မာနိုင်ငံအခြေစိုက် အကူအညီပေးရေး အေဂျင်စီများက ငလျင်ဒဏ်ကယ်ဆယ်ရေးအတွက် ကြိုးပမ်းလုပ်ဆောင်လျက်ရှိဟု တာဝန်ရှိသူ ပြော #ဆင်ဟွာ https://t.co/KoCw9SWDeY
myanmar earthquake 2025,1907012290626343069,2025-04-01_10-08-55,en,Daily Mail Online,False,2864099,,7,31,2,Pregnant woman found alive 60 HOURS after Myanmar earthquake https://t.co/mnfif05H4s
myanmar earthquake 2025,1907012652850643411,2025-04-01_10-10-21,en,UNHCR News,False,94224,"Geneva, Switzerland",6,13,1,"BREAKING: As aftershocks continue in central Myanmar, UNHCR is delivering emergency aid to 25,000+ earthquake survivors in Mandalay &amp; Nay Pyi Taw. We're mobilizing shelter &amp; relief items while assessing critical needs in hardest-hit areas. Read more: https://t.co/d0tjpFQcxb"
myanmar earthquake 2025,1907012921936191855,2025-04-01_10-11-25,ta,Dinakaran,False,801402,India,0,0,0,"மியான்மர் நிலநடுக்கம் - உயிரிழப்பு 2,719ஆக அதிகரிப்பு #Myanmar #MyanmarEarthquake #DinakaranNews https://t.co/EZh2qvtqsy"
myanmar earthquake 2025,1907012968459506157,2025-04-01_10-11-36,en,Crystalkeyl,False,2578,Singapore,98,134,0,"Even Al Jazeera reporter who’s on the ground in Mandalay said Myanmar Junta soldiers are pretending to help, but with zero efforts holding sub machine guns. #WhatsHappeninglnMyanmar #MyanmarEarthquake https://t.co/sIjXuCJn3P"
myanmar earthquake 2025,1907013210483327315,2025-04-01_10-12-34,el,in.gr/news,False,195881,Greece,2,3,0,Σεισμός στη Μιανμάρ: Βίντεο με παγιδευμένες γυναίκες κάτω από τα συντρίμμια 🖇️ https://t.co/63drE40n5I #Myanmar #myanmarearthquake #mourning #earthquake #crisis #fyp #ingr https://t.co/P7aUgnXlFK
myanmar earthquake 2025,1907013494873923691,2025-04-01_10-13-42,en,Saima Wazed,False,24538,,35,247,36,"Supporting our ongoing earthquake response, WHO prepared another 34 metric tons of critical health supplies valued at over USD 300,000.00 for immediate delivery to #Myanmar. We expect the supplies to depart our facilities later today arriving in Yangon on 3rd April https://t.co/HKnKEbeHjB"
myanmar earthquake 2025,1907013601925455902,2025-04-01_10-14-07,en,Chindwin News Agency,False,7577,Australia,50,56,0,"Helps do no reach many areas of the quake-impacted towns and villages in central Myanmar as time is running out 01 April 2025 In Tada - U town near Mandalay city, a citizen requested urgent help on social media due to the fact that domestic rescue teams and international rescue teams did not arrive in the area. It was also a result of a recent earthquake in central Myanmar that left the town filled with a terrible odor from bodies under the rubble, which has caused the town to become overrun with a bad smell. As she continues to say, the news of what happened to the town is not properly covered and nobody knows about them, saying that hundreds of local residents have been under the ruins of buildings that have collapsed over the last few days, and none of those bodies have yet been recovered. Also, the town's main highway bridge has been completely destroyed and there is a lack of food and other urgent humanitarian aid for all the quake victims in the town. Tada-U town is located southwest of Mandalay city and not too far from Mandalay. Photo/Songhnin Phyu"
myanmar earthquake 2025,1907013788299296883,2025-04-01_10-14-52,en,Economic Times,False,4376906,,4,14,0,"Telangana | Hyderabad Central University students staged a protest against the Telangana government, alleging that the government had auctioned off 400 acres of university land. 🗞️ Catch the day's latest news and updates ➠ https://t.co/ymzUOzDKJn https://t.co/Li7zTUEIMZ"
myanmar earthquake 2025,1907013818053710097,2025-04-01_10-14-59,en,Li Zexin,False,81089,Beijing,1657,10823,95,"Chinese drone in the sky dispels the darkness. Chinese rescue team on the ground rebuilds hope. So far, 8 survivors have been rescued by Chinese teams in Myanmar. https://t.co/CuxED4RYoD"
myanmar earthquake 2025,1907013915130605950,2025-04-01_10-15-22,en,UN Humanitarian,False,746826,,51,96,9,"Despite being severely impacted by #MyanmarEarthquake, @ochamyanmar staff has swiftly mobilized to deliver life-saving aid. Many have lost their homes and belongings. But they are rushing to help people in affected areas. You can help too. Please donate: https://t.co/n6W8cM8CXX https://t.co/mos4N4r7ry"
myanmar earthquake 2025,1907014284347130251,2025-04-01_10-16-50,en,The Irrawaddy (Eng),False,735806,,22,16,2,Myanmar junta imposes a blackout on news from Naypyitaw after picture of quake devastation emerges from the regime’s nerve center. #WhatsHappeningInMyanmar ------------------- Help The Irrawaddy Report the Truth from Myanmar https://t.co/3StkYCheeR https://t.co/jiGYxma22e
myanmar earthquake 2025,1907014943553253601,2025-04-01_10-19-27,fr,Loetitia Halàsz 🇭🇺✝️ ن,False,24663,"Szentgáloskér, Magyarország",8,24,1,Les spécialistes des services d'urgence russes continuent de travailler dans le secteur résidentiel au Myanmar à la recherche d'éventuels survivants après le tremblement de terre. https://t.co/sv1xnNR3Y6
myanmar earthquake 2025,1907018098009653756,2025-04-01_10-31-59,en,D-Intent Data,False,50465,India,71,68,1,"3111 ANALYSIS: Misleading FACT: A video showing doctors and nurses carefully managing a surgical procedure amid earthquake tremors inside an operating theatre has been shared with claims of being from Myanmar. However, reports indicate it was actually recorded in China's (1/3)"
myanmar earthquake 2025,1907022995992019424,2025-04-01_10-51-27,en,BWI Global Union,False,3731,Geneva,7,5,1,"BWI stands in #solidarity with the working people of Myanmar &amp; Thailand after the devastating 7.7-magnitude earthquake. Thousands have lost their lives, and many more are injured and displaced. Support urgent aid efforts. Donate now.👇 https://t.co/qRJqKjJnXF https://t.co/sCeWRzt1os"
myanmar earthquake 2025,1907031883256344645,2025-04-01_11-26-46,en,Press Trust of India,False,4357586,"New Delhi, India",5,16,2,"VIDEO | Operation Brahma: IAF aircraft C-130J reached Mandalay, Myanmar carrying essential humanitarian aid, rice, and food items for the people affected by earthquake. #MyanmarEarthquake #OperationBrahma https://t.co/YkufxHzMxO"
myanmar earthquake 2025,1907032696221749302,2025-04-01_11-30-00,in,detikcom,False,24405947,,2,7,2,"Pemerintah Indonesia mengirimkan 39 anggota Tim Aju untuk membantu korban gempa di Myanmar. Selain itu, sebanyak 12 ton logistik hingga makanan siap saji juga dikirimkan. #detikcom https://t.co/79TwOWDFBV"
myanmar earthquake 2025,1907032710498967742,2025-04-01_11-30-03,fr,UK in Senegal 🇬🇧-🇸🇳,False,15015,"Dakar, Senegal",1,6,0,"Les scènes qui ont suivi le séisme de vendredi à Myanmar sont accablantes. C’est pourquoi, le Royaume-Uni annonce une aide humanitaire urgente de £10 millions pour venir en aide aux populations touchées."
myanmar earthquake 2025,1907033946329690240,2025-04-01_11-34-58,en,WanYin Zidian,False,143,Zidian's territory ,4,9,1,"Sri Lankans have started a donation program to help Myanmar. Dear my fellow Sri Lankan XFXs, lets contribute to this co-operative charity program and support our dearest Buddhism country to rise like a Phoenix 🙏 (continued) #XiaoZhan #XFX #Myanmar #MyanmarStillNeedsHelp https://t.co/HnSqo2Hrt6"
myanmar earthquake 2025,1907034301868200363,2025-04-01_11-36-23,en,News IADN,False,81553,"New Delhi, India",12,178,1,"WATCH | #NDRF team conducts Search &amp; Rescue ops in Mandalay, #Myanmar. https://t.co/Xv9UfNXVpR"
myanmar earthquake 2025,1907034498790830208,2025-04-01_11-37-10,en,DD India,False,99471,"New Delhi, India",4,3,1,"Humanitarian Assistance to Myanmar A C-130J Hercules has landed in Mandalay, delivering 16 tons of vital aid from India. 📦 Onboard: ✅ Water purifiers & drinking water ✅ Medicines & medical supplies ✅ Ready-to-eat meals & rice ✅ Tents & gensets A testament to India’s commitment to regional humanitarian support. @MEAIndia @IndiainMyanmar @SpokespersonMoD @tapasjournalist #HumanitarianAid #IndiaForHumanity"
myanmar earthquake 2025,1907034807902847427,2025-04-01_11-38-23,en,Steve McCarron KOMO,False,9074,"Seattle, WA",2,2,2,"NEW INFORMATION: U.S. pledges $2M aid to Myanmar after deadly earthquake, denies USAID cuts limit response #LiveDesk https://t.co/DjfLGKS1Jx"
myanmar earthquake 2025,1907035212502217069,2025-04-01_11-40-00,en,Reuters,False,25577592,Around the world,3,12,3,"5️⃣ stories you need to know today: Death toll in the deadly Myanmar quake crossed 2,700 and several survivors are without shelter, clean water and medicines, France's far-right leader was convicted of embezzlement and barred from running for President and more https://t.co/tD7Q4riYAg"
myanmar earthquake 2025,1907036306326032437,2025-04-01_11-44-21,it,giammarco sicuro,False,34883,"Rome, Lazio",14,56,1,1/3 In questi giorni le agenzie ONU e le ONG chiedono di poter entrare in Myanmar e portare medicine e attrezzature sanitarie per far fronte all’emergenza https://t.co/k8z5tMLuof
myanmar earthquake 2025,1907036470918991897,2025-04-01_11-45-00,en,Economic Times,False,4376904,,0,10,1,#Gujarat: #AnantAmbani leads 140 km '#Padyatra' from #Jamnagar to #DwarkadhishTemple 🚶 Catch the day's latest news and updates ➠ https://t.co/ymzUOzDcTP 🛕 https://t.co/6qwKKyt2TM
myanmar earthquake 2025,1907037167957725221,2025-04-01_11-47-46,es,BBC News Mundo,False,5072246,"Londres, Inglaterra.",29,58,3,Por qué el régimen militar de Myanmar está bombardeando su propio territorio después del terremoto https://t.co/OgBSdVcI3K
myanmar earthquake 2025,1907037443200872733,2025-04-01_11-48-52,en,Cape Diamond,False,95263,Myanmar,68,77,0,"#MYANMAR: In light of the junta's restrictions on international media access to Myanmar after the earthquake, local and citizen journalists are diligently operating under challenging circumstances while managing the ongoing aftershocks. I kindly encourage media development organisations and agencies to provide their support to the local journalists who work tirelessly on the ground. These people are essential in delivering news from the country to the world, often at extreme risk to themselves under the current regime. #MyanmarEarthquake #PressFreedom"
myanmar earthquake 2025,1907037497017921787,2025-04-01_11-49-04,en,Corporate Chanakya,False,43687,hyderabad,0,2,0,India sends 442 metric tonnes of food to earthquake-hit Myanmar. #myanmarearthquake #corporatechanakyagroup #corporatechanakyaservices https://t.co/MZZ7SdDbRH
myanmar earthquake 2025,1907037577128886364,2025-04-01_11-49-24,it,Tgcom24,False,1555119,,2,17,0,"Terremoto Myanmar, donna di 63 anni estratta viva dopo 91 ore sotto le macerie | Oltre 2.700 le vittime accertate #terremoto #myanmar #birmania #1aprile https://t.co/NueeTprS7x"
myanmar earthquake 2025,1907038987501396217,2025-04-01_11-55-00,en,Economic Times,False,4376904,,2,3,0,"#Trump admin cracks down on #SinaloaCartel, freezing funds of ‘violent’ #DrugTrafficking network 🇺🇸 Catch the day's latest news and updates ➠ https://t.co/ymzUOzDcTP https://t.co/2anhTpQWVp"
myanmar earthquake 2025,1907040255213228320,2025-04-01_12-00-02,en,Geological Society of America Publications,False,799,,53,137,2,A GEOLOGY study may shed light on the forces behind the recent #MyanmarEarthquake. Researchers found shifting mantle flow and olivine fabric types deep beneath central Myanmar’s subduction zone. 🧠 Read more here: https://t.co/22TPLyrupv #Earthquake #Geology #Seismology https://t.co/JPlvlA8O4h
myanmar earthquake 2025,1907040257981517846,2025-04-01_12-00-03,pt,NmqbChinaNews,False,721,,2,8,0,"Drone da equipe de resgate chinesa iluminou a escuridão, ajudando trabalho de resgate e trazendo esperança às vítimas do terremoto de 7.9 graus em Mianmar.🙏🌟 #Tailandia #earthquake #Myanmar #Bangkok #TerremotoMyanmar https://t.co/vCkdFB1ohO"
myanmar earthquake 2025,1907040738396770360,2025-04-01_12-01-57,en,TechPression,False,9292,,0,2,0,"Binance Charity and CZ donate $1.5 million to Myanmar, Thailand quake victims @binance Charity, in collaboration with @binance founder and former CEO @ChangpengZhao (CZ), has announced a $1.5 million donation in #BNB token vouchers to support users affected by the devastating earthquake in Myanmar and Thailand. Read More:https://t.co/SZXCRtrx2y"
myanmar earthquake 2025,1907041178685505671,2025-04-01_12-03-42,mr,AIR News Pune,False,5771,"Pune, India",1,2,0,म्यानमारच्या मंडालेमध्ये विनाशकारी भूकंपानंतर NDRF टीम्स अहोरात्र बचाव आणि शोध मोहिमेत कार्यरत 🚑 अत्याधुनिक उपकरणांसह जीव वाचवण्यासाठी आणि आशा पेरण्यासाठी त्यांचा अथक प्रयत्न सुरू! #NDRF #Myanmar #SAR #mandalaymyanmar https://t.co/ZHNftZlBJz
myanmar earthquake 2025,1907041199829254359,2025-04-01_12-03-47,en,Human & Machine,False,151824,The Blockchain,20,133,29,"🇹🇭💥 Thailand Withstands 7.7 Earthquake Aftershock—Here’s How Its Infrastructure Held Strong 🏗️🌍 On March 28, 2025, a massive 7.7-magnitude earthquake struck central Myanmar, sending shockwaves across the region—including Bangkok, where tremors were felt over 600 miles away. 😨 But here’s the surprising part: Thailand’s infrastructure stayed standing. In Bangkok, the earthquake's impact was significant but largely contained. The most severe incident was the collapse of a 33-story office tower under construction in the Chatuchak district, resulting in at least 18 deaths and numerous injuries. This tragic event has prompted a comprehensive review of building safety standards in the city. ​ Despite this collapse, the majority of Bangkok's infrastructure withstood the seismic event effectively. The city's payment systems and businesses continued to operate normally, with the Bank of Thailand confirming uninterrupted services across financial institutions. ​ Engineering Practices Contributing to Resilience Thailand's ability to mitigate extensive damage can be attributed to several engineering and technological practices: 1️⃣ Adherence to Seismic Building Codes: In the wake of past seismic events, Thailand has implemented stricter building codes that require structures to withstand certain levels of seismic activity. These regulations have been instrumental in ensuring the structural integrity of buildings during earthquakes.​ 2️⃣Regular Structural Assessments: Developers like Raimon Land Public Company Limited (RML) have conducted swift structural inspections across their developments, affirming compliance with top-tier seismic safety standards. Such proactive assessments help identify and address potential vulnerabilities before disasters occur. ​ 3️⃣Public Awareness and Preparedness: Thailand has invested in public education campaigns to raise awareness about earthquake preparedness. These initiatives have equipped citizens with the knowledge to respond effectively during seismic events, reducing panic and potential injuries.​ While the overall resilience was commendable, the collapse of the high-rise under construction highlights the need for continuous evaluation and enhancement of construction practices. Experts have emphasized the importance of rigorous enforcement of building codes and the incorporation of advanced engineering techniques to further bolster structural resilience. ​ Thailand's experience during the March 2025 earthquake underscores the critical role of stringent building codes, regular structural assessments, and public preparedness in mitigating earthquake damage. By learning from recent events and continually improving its infrastructure and response strategies, Thailand can further enhance its resilience against future seismic activities."
myanmar earthquake 2025,1907042078317539342,2025-04-01_12-07-17,en,WION,False,492152,India,2,5,0,"The death toll from Myanmar’s 7.7-magnitude earthquake rises to 2,719 India’s Operation Brahma is providing critical aid, with a hospital set up in Mandalay @eriknjoka brings you this report #MyanmarEarthquake #OperationBrahma https://t.co/1dJvZgX6hs"
myanmar earthquake 2025,1907043212914471409,2025-04-01_12-11-47,en,DD News,False,3745769,DDNews,2,7,0,"A massive earthquake in #Myanmar caused widespread destruction—homes flattened, infrastructure damaged, and thousands in urgent need of aid. @tapasjournalist https://t.co/kOuzO8Cww7"
myanmar earthquake 2025,1907043517475521020,2025-04-01_12-13-00,es,RT en Español,False,3539181,,115,236,1,"🇷🇺🇲🇲 Rescatistas rusos continúan labores de búsqueda y rescate en Myanmar El equipo de rescate ruso busca reconocer cinco lugares para diseñar un plan en Mandalay. El 31 de marzo, tres días tras el sismo, rescataron con vida a una chica atrapada entre escombros. https://t.co/QRQcCNRR3M"
myanmar earthquake 2025,1907043800632963476,2025-04-01_12-14-07,en,Shoko Noda,False,10855,"New York, USA",1,5,0,"➡️ Even before the earthquake, Myanmar was living through a poly-crisis: 4 years of civil war, 50% of population below poverty line &amp; 3.5 million people displaced. ❗️Immediate relief is needed alongside early recovery &amp; peace efforts. Watch @kanniwignaraja on @AJEnglish https://t.co/zeD8xuotKZ"
myanmar earthquake 2025,1907044021039489070,2025-04-01_12-15-00,en,HaMy🔸,False,18230,,1,46,2,$1.5M for Myanmar &amp; Thailand relief 🙏 https://t.co/4vdKOrKgfB #keepbuilding https://t.co/NTYKbRP3uf
myanmar earthquake 2025,1907044021060706324,2025-04-01_12-15-00,en,Economic Times,False,4376904,,2,3,1,‘If #DonaldTrump…’: #Iran threatens preemptive strike on #US-#UK base in #DiegoGarcia 🇮🇷🇺🇸🇬🇧 Catch the day's latest news and updates ➠ https://t.co/ymzUOzDKJn https://t.co/JaP4DRxBec
myanmar earthquake 2025,1907044322064961981,2025-04-01_12-16-12,en,TaiwanPlus News,False,84692,Taiwan,3,20,1,"""We don't know what to do."" New Taipei's ""Little Myanmar"" community is trying to help family and friends affected by the massive earthquake last week. But they face challenges getting aid into the country. https://t.co/xQMvRNBKuZ"
myanmar earthquake 2025,1907045732328034774,2025-04-01_12-21-48,es,FARMAMUNDI,False,8574,,4,5,0,🚨 Actuamos ante la emergencia en #Myanmar: ➡️ Asistencia médica y medicamentos ➡️ Refugio y artículos esenciales ➡️ Apoyo psicosocial El #terremoto agrava la crisis humanitaria tras 4 años de conflicto. Toda ayuda es esencial. Colabora: https://t.co/wwFRPZJqEt https://t.co/zhqSMKT1d1
myanmar earthquake 2025,1907046329278410951,2025-04-01_12-24-10,en,DD India,False,99471,"New Delhi, India",7,11,0,"#WATCH | India’s swift action in response to Myanmar’s earthquake through #OperationBrahma highlights its commitment to humanitarian aid. 🇮🇳 A C-130J Hercules aircraft delivered 16 tons of critical relief supplies to the affected region, including water, medicines, and tents. @MEAIndia @IndiainMyanmar @SpokespersonMoD #IndiaFirstResponder #HumanitarianAid #Myanmar"
myanmar earthquake 2025,1907046896654295115,2025-04-01_12-26-26,en,Kixx,False,4,,1,3,1,EMERGENCY AID FOR MYANMAR #HelpMyanmarQuake https://t.co/xLv7WSNGis
myanmar earthquake 2025,1907047163861008575,2025-04-01_12-27-29,en,Myanmar Now,False,445877,Myanmar,23,22,5,"As world focuses on earthquake, Myanmar’s junta remains fixated on war Read more: https://t.co/vBG4ut1pqI Follow us Bluesky! https://t.co/2bp3g4ncYw https://t.co/3dJZDHZzsX"
myanmar earthquake 2025,1907047453326729252,2025-04-01_12-28-38,en,TIMES NOW,False,10210480,India,13,79,4,"WATCH | Heroic nurses save newborns during a deadly 7.7 earthquake in Ruili, China, near the Myanmar border. #ViralVideos #NursesSaveNewborns #MyanmarEarthquake #Viral https://t.co/cE0gM3unwt"
myanmar earthquake 2025,1907048070568956285,2025-04-01_12-31-05,en,IndiaToday,False,6288154,India,0,4,2,"Former Indian High Commissioner to Bangladesh Veena Sikri slams Muhammad Yunus says ""Guardian of Bay of Bengal are three countries-India, Bangladesh and Myanmar- there is no such thing Bangladesh being ""only guardian of the ocean""."" ""This message which Muhammad Yunus was conveying was not a message from Bangladesh proper, it was actually a message right out of the ISI book itself,"" says Lt Gen Syed Ata Hasnain (Retd), Former GOC 15 Corps (Srinagar) #MuhammadYunus #News #India #Bangladesh #5LIVE @gauravcsawant @atahasnain53"
myanmar earthquake 2025,1907048230732632564,2025-04-01_12-31-44,ta,BBC News Tamil,False,1112776,India,0,6,1,மியான்மர் நிலநடுக்கம்: பள்ளி இடிபாடுகளில் சிக்கிய பேத்தி - துயரத்தில் கண்ணீர் வடித்த தாத்தா #Myanmar #Earthquake https://t.co/NUz6kJf0vJ
myanmar earthquake 2025,1907048947958378558,2025-04-01_12-34-35,da,мιкαѕα 𖦹,False,232,,4,9,0,Attention Myanmar EMERGENCY AID FOR MYANMAR #HelpMyanmarQuake
myanmar earthquake 2025,1907049113423913365,2025-04-01_12-35-14,en,TT Ambely ko,False,830,Myanmar,1,6,0,Please help our Myanmar 🙏🙏 Safe everyone EMERGENCY AID FOR MYANMAR #HelpMyanmarQuake https://t.co/31nTCFXwv0
myanmar earthquake 2025,1907049854670377279,2025-04-01_12-38-11,en,Vote For DOH,False,1449,,909,1148,73,We need your help to let the world know what is really happening in Myanmar. #MyanmarEarthquake #WhatsHappeningInMyanmar #HelpMyanmarQuake https://t.co/Q5rK56778U
myanmar earthquake 2025,1907049937126535511,2025-04-01_12-38-30,en,мιкαѕα 𖦹,False,232,,72,84,4,Children from Mandalay Aungnyutharsi Preschool have been able to be rescued EMERGENCY AID FOR MYANMAR #HelpMyanmarQuake https://t.co/ezcYod5k3L
myanmar earthquake 2025,1907049969384603983,2025-04-01_12-38-38,in,Jţ*,False,2914,,5,6,0,"Innalillahi Jumlah korban gempa magnitudo 7,7 yang melanda Myanmar kembali bertambah Menurut laporan junta militer yang dikutip media independen Myanmar Now, Senin (31/3) petang, jumlah korban jiwa gempa tersebut kini mencapai 2.056 orang. #PrabowoBangkitkanFasisme https://t.co/hD3Eeu68q1"
myanmar earthquake 2025,1907050385552056696,2025-04-01_12-40-17,en,TT Ambely ko,False,830,Myanmar,136,176,13,More need help our Myanmar pls more help our country 🙏🙏 EMERGENCY AID FOR MYANMAR #HelpMyanmarQuake https://t.co/Rtc6mSNjak
myanmar earthquake 2025,1907050390941557017,2025-04-01_12-40-19,en,Lin Jian 林剑,False,43829,,77,284,20,"Light up the darkness with hope! Chinese drones illuminate the night sky over quake-hit Myanmar, providing crucial support to disaster relief—each beam a lifeline.💪 https://t.co/6a2Yiij1LK"
myanmar earthquake 2025,1907050657800134755,2025-04-01_12-41-22,tl,TV Patrol,False,2585878,Philippines,3,9,0,"Puspusan ang paghahanap sa apat na Pilipinong naiulat na nawawala matapos ang magnitude 7.7 na lindol sa Myanmar. Samantala, nasa naturang bansa na ang unang batch ng humanitarian contingent ng Pilipinas na tutulong sa search and retrieval operations. https://t.co/eg0B9aVi4W"
myanmar earthquake 2025,1907050710983930135,2025-04-01_12-41-35,en,DD News,False,3745769,DDNews,5,12,1,"Helping Hands in Times of Despair Indian Army sets up Field hospital in Mandalay, #Myanmar DD's @tapasjournalist reports from the ground @MEAIndia @adgpi @NDRFHQ"
myanmar earthquake 2025,1907050753014792394,2025-04-01_12-41-45,es,24 Horas,False,4438782,"Santiago, Chile",8,18,0,✨ #Tendencias Enfermeras protegieron con su propio cuerpo a recién nacidos durante terremoto en Myanmar https://t.co/zvGarKW7rB
myanmar earthquake 2025,1907051000717770940,2025-04-01_12-42-44,en,Recall Katie Hobbs,False,54302,"Arizona, USA",32,38,5,7.7 earthquake Myanmar &amp; Bangkok! 🧵🚨WARNING for feint of heart. Skyscrapers are God’s tinker toys. https://t.co/Wk6NTmFPZg
myanmar earthquake 2025,1907051088353931473,2025-04-01_12-43-05,en,BJP Goa,False,84252,,1,3,0,"India stands with Myanmar! NDRF teams are on the ground in quake-affected areas, conducting relief operations. Additionally, 120 military-medical officers have set up a field hospital in Mandalay, providing critical aid. #NDRF #NewIndia #NDRFInMyanmar https://t.co/dNudX3jkhq"
myanmar earthquake 2025,1907051115020980422,2025-04-01_12-43-11,en,Recall Katie Hobbs,False,54305,"Arizona, USA",7,10,1,7.7 is HUGE! Some say its HAARP for Commies to win their ongoing Civil War in Myanmar.😮 https://t.co/gwfv3tAxjv
myanmar earthquake 2025,1907051122256404788,2025-04-01_12-43-13,en,TAYTAWAN Myanmar Fanpage 🌻,False,3147,Myanmar,672,940,88,"Sagaing &amp; Mandalay are still suffering aftershocks almost every day. Civilians are trying to rescue on their own, but the junta is busy blocking any help. Fu*k dictatorship. EMERGENCY AID FOR MYANMAR #HelpMyanmarQuake https://t.co/7pkgeFPhQ4"
myanmar earthquake 2025,1907051131173519604,2025-04-01_12-43-15,en,PerthSaintTerritoryMyanmar,False,498,Thailand,408,584,34,"Due to natural disasters and the brutal oppression of the military dictatorship, our country is facing suffering upon suffering and urgently needs international assistance. EMERGENCY AID FOR MYANMAR #HelpMyanmarQuake https://t.co/vX2oH27EFp"
myanmar earthquake 2025,1907051151511769455,2025-04-01_12-43-20,en,TT Ambely ko,False,830,Myanmar,8,11,0,Please help our country myanmar 🙏🙏🙏 EMERGENCY AID FOR MYANMAR #HelpMyanmarQuake https://t.co/RetpLnqXEx
myanmar earthquake 2025,1907051176388165929,2025-04-01_12-43-26,en,율,False,446,,257,328,29,"#Inle urgently needs more medical aid, rescue as thousands of houses are damaged, hundreds of dead, and shortage of food, clean water and electricity. EMERGENCY AID FOR MYANMAR #HelpMyanmarQuake https://t.co/aAHykoaIX1"
myanmar earthquake 2025,1907051831383187916,2025-04-01_12-46-02,en,TT Ambely ko,False,830,Myanmar,15,16,0,Myanmar still need help so together help our country 🙏🙏 EMERGENCY AID FOR MYANMAR #HelpMyanmarQuake https://t.co/KGnC7KVyqW
myanmar earthquake 2025,1907051864039797136,2025-04-01_12-46-10,en,Human Rights Watch,False,4968100,,58,77,2,The devastating earthquake in Myanmar on March 28 has worsened an already dire humanitarian situation for millions of people in the country. The military junta should allow immediate access to humanitarian aid for survivors and lift restrictions that impede emergency response. https://t.co/DaaF59M4xW
myanmar earthquake 2025,1907052356585615432,2025-04-01_12-48-07,en,SY Jane ᴼᴬ,False,61,,98,140,9,"In Earthquake hit areas, the scene was heartbreaking. No hospital beds. No emergency systems. Just wounded people lying on the ground. EMERGENCY AID FOR MYANMAR #HelpMyanmarQuake https://t.co/8ODfaG95A3"
myanmar earthquake 2025,1907052728854982769,2025-04-01_12-49-36,en,M🌻🌻,False,662,United States,3,3,0,"Myanmar Earthquake Fundraising Event,with heading of“လက်တွဲကူညီကံဆိုးလွန်းပေစွတို့တိုင်းပြည်” led by One Myanmar Community was held at Myanmar Community&amp;Cultural Centre in #sanfransisco Bay Area, #California on Mar 30. #WhatsHappeningInMyanmar #2025Apr1Coup #MyanmarNeedsHelp https://t.co/S0V5lWrOvK"
myanmar earthquake 2025,1907053719968956607,2025-04-01_12-53-32,en,𝐊𝐡𝐚𝐨𝐭𝐮𝐧𝐠_𝐌𝐲𝐚𝐧𝐦𝐚𝐫 𝐅𝐜🇲🇲,False,717,Myanmar,16,26,0,"To my fellow Burmese people who are currently living outside of our county, please use your voice to speak out for what is happening in Myanmar. EMERGENCY AID FOR MYANMAR #HelpMyanmarQuake https://t.co/3FlfIVnHxC"
myanmar earthquake 2025,1907053752710058420,2025-04-01_12-53-40,en,CGTN BIZ,False,13356,Beijing,0,2,1,"CITIC, China Rural Development Foundation distribute relief supplies in #Myanmar Chinese enterprises have been actively participating in local #disaster relief efforts following the earthquake in Myanmar. On Tuesday, CITIC Myanmar and the #China Rural Development Foundation delivered a batch of relief supplies to earthquake-stricken Naypyidaw and Mandalay. #Myanmar #earthquake"
myanmar earthquake 2025,1907054117379559681,2025-04-01_12-55-07,pt,Jornal de Notícias,False,607080,"Oporto, Portugal",0,3,1,Mais de 2700 mortos e uma pessoa resgatada com vida após sismo em Myanmar https://t.co/R6y0Rlpt4C
myanmar earthquake 2025,1907054133246312662,2025-04-01_12-55-11,en,RT,False,3270182,,237,990,15,Chinese rescuers deploy drone to illuminate a rescue mission site after Myanmar earthquake https://t.co/PlHC2ZV4a2
myanmar earthquake 2025,1907054273721970704,2025-04-01_12-55-44,en,𝐁𝐮𝐛𝐛𝐥𝐞𝐬 𝐌𝐲𝐚𝐧𝐦𝐚𝐫,False,532,,5,2,0,🕊️ EMERGENCY AID FOR MYANMAR #HelpMyanmarQuake #MyanmarEarthquake https://t.co/oaXmEsHBPR
myanmar earthquake 2025,1907054738035908728,2025-04-01_12-57-35,en,soju_addicted,False,254,,68,102,19,"To all my moots, my country, Myanmar, faced a severe earthquake on March 28th which killed over 2000+(till now). You can help me trending the hashtags if you want to!! I would appreciate it too much 🥹 EMERGENCY AID FOR MYANMAR #HelpMyanmarQuake https://t.co/gFqcrClQUu"
myanmar earthquake 2025,1907055201808265677,2025-04-01_12-59-26,en,rii⁷ ꢾ୧,False,1940,22 | OT7 | she/her ,185,228,9,This is what the roads looks like in the epicenter of the 7.7 earthquake. The road in Sagaing township shows huge cracks around the asphalt. EMERGENCY AID FOR MYANMAR #HelpMyanmarQuake https://t.co/Y11YDsvvwB
myanmar earthquake 2025,1907055352786669989,2025-04-01_13-00-02,en,CGTN,False,12811620,"Beijing, China",9,19,0,#Myanmar #earthquake: Nations unite in rescue and aid mission https://t.co/4Ie5pjNHdh
myanmar earthquake 2025,1907055737383027162,2025-04-01_13-01-33,en,Society of Jesus,False,40973,Worldwide,6,22,0,"Fr. Girish Santiago, Regional Superior of Myanmar, shares a heartbreaking update on the aftermath of the devastating earthquake. Families are left without shelter, food, or medical care—struggling to survive amid destruction and ongoing crisis. Please show your support. https://t.co/7u5mJ9BHZd"
myanmar earthquake 2025,1907056020855443645,2025-04-01_13-02-41,my,Law Ra,False,123,新加坡 ,2,2,0,ခွေးလေးကြောင်လေးတွေအတွက် အရေးပေါ်လိုတာရှိရင် ဒီဖုန်းနံပတ်တွေကို ခေါ်ပြီး သွားပြလို့ရပါတယ်တဲ့နော် မန္တလေးနဲ့ စစ်ကိုင်းနဲ့ အနီးတဝိုက်ပါ🙏 EMERGENCY AID FOR MYANMAR #HelpMyanmarQuake https://t.co/MCrruJMpOu
myanmar earthquake 2025,1907056279069032667,2025-04-01_13-03-42,en,Daily Mail Online,False,2864100,,6,10,0,Rooftop tank collapses onto the street during Myanmar earthquake https://t.co/adp3G6uFoU
myanmar earthquake 2025,1907056296928416140,2025-04-01_13-03-47,en,ENGLOT MYANMAR FANS 🇲🇲,False,4804,,495,671,53,"The world , we need your help 🙏🏻 EMERGENCY AID FOR MYANMAR #HelpMyanmarQuake https://t.co/1Yz7Renp0B"
myanmar earthquake 2025,1907056604127613178,2025-04-01_13-05-00,en,Economic Times,False,4376904,,0,2,0,#CanadaElections2025: Liberal MP Paul Chiang steps down over ‘hand Joy Tay to #China’ remark 🇨🇦🇨🇳 Catch the day's latest news and updates ➠ https://t.co/ymzUOzDcTP https://t.co/fSkkhLbEZi
myanmar earthquake 2025,1907056900463853626,2025-04-01_13-06-11,en,Russian Mission to ASEAN,False,2129,,3,7,0,"❗❗❗ An additional group of rescuers from the Ministry of Civil Defense, Emergencies and Disaster Relief of the Russian Federation 🇷🇺 arrived in Myanmar on 31 March. Russian specialists are sent to the most affected areas, where previously arrived experts are already working. https://t.co/2Fl76nEG5Z"
myanmar earthquake 2025,1907056922844602766,2025-04-01_13-06-16,en,MOFA of Japan,False,117516,Tokyo,21,54,5,"The Japanese government, in response to the massive damage caused by the earthquake in #Myanmar on March 28, has decided to dispatch the Japan Disaster Relief (#JDR) Medical Team to the area, based on the confirmation of specific medical needs including through the previously dispatched assessment team of the Japan International Cooperation Agency (#JICA). The JDR medical team will consist of 32 members, including doctors and nurses registered with the Ministry of Foreign Affairs and JICA, and are scheduled to depart Japan in the early hours of April 2. https://t.co/SgQI9NW1at"
myanmar earthquake 2025,1907056930193043924,2025-04-01_13-06-18,en,Build Jakapan Myanmar FC 🇲🇲,False,3487,,48,80,3,"As the country scrambles to rescue quake victims, the junta continues airstrikes. Last night, attacks on Kyaukphyu and Paungde killed 2 and injured 11. The regime ignores the crisis while causing more destruction. #HelpMyanmarQuake https://t.co/Punm4z2dUl"
myanmar earthquake 2025,1907056991878668731,2025-04-01_13-06-32,en,Grace 🫧,False,513,,2,2,0,Medical care for animals EMERGENCY AID FOR MYANMAR #HelpMyanmarQuake
myanmar earthquake 2025,1907057482750624142,2025-04-01_13-08-29,es,El Ojo,False,61434,,29,97,0,"🚨⚡️Salvan la vida a un operario de Tailandia que colgaba de un edificio Su compañero, quien es birmano, sostuvo la cuerda a pesar del terremoto, que se originó en Myanmar. El trabajador estuvo rezando durante los temblores https://t.co/CAQIlGrJuS"
myanmar earthquake 2025,1907057549947330864,2025-04-01_13-08-45,ca,Germà Gordó,False,2206,La Pobla de Segur i Barcelona,4,19,2,"La meva pregària pels morts a Myanmar, el meu condol a les seves famílies, els meus ànims als ferits i la meva solidaritat amb el poble birmà que, a més de patir una dictadura ferotge, ara han hagut de sofrir les conseqüències d’un duríssim terratrèmol. https://t.co/QLeZen3i63"
myanmar earthquake 2025,1907057567706341476,2025-04-01_13-08-50,en,Special Advisory Council for Myanmar,False,29768,,22,32,0,#Myanmar's powerful 3 Brotherhood Alliance announces 1 month pause in offensive military operations to allow for post-#earthquake rescue ops NUG announced a 2 week suspension of offensive military operations by its forces in affected areas on 30/3 Junta airstrikes continue https://t.co/Y26qsyzOYx
myanmar earthquake 2025,1907057656566788318,2025-04-01_13-09-11,en,Press Trust of India,False,4357586,"New Delhi, India",3,13,0,"VIDEO | Visuals from earthquake ravaged Mandalay, Myanmar. As part of Operation Brahma, IAF aircraft C-130J reached Mandalay carrying 16 tonnes of essential humanitarian aid including rice, and food items for the people affected by earthquake. #OperationBrahma #Myanmar #earthquake #earthquakemyanmar"
myanmar earthquake 2025,1907057862305833079,2025-04-01_13-10-00,en,AFP News Agency,False,2439359,Around The World,2,12,1,"VIDEO: 🇲🇲 Monks watch building collapse after Myanmar quake Gathered by the Ma Soe Yein Monastery in Mandalay, the monks looked on powerlessly as the top floors of a nearby building collapsed in the wake of the 7.7-magnitude earthquake that hit the country #AFPVertical https://t.co/Dg6Kp7bVhS"
myanmar earthquake 2025,1907059373408731154,2025-04-01_13-16-00,en,𝐊𝐡𝐚𝐨𝐭𝐮𝐧𝐠_𝐌𝐲𝐚𝐧𝐦𝐚𝐫 𝐅𝐜🇲🇲,False,717,Myanmar,12,30,0,No words to say EMERGENCY AID FOR MYANMAR #HelpMyanmarQuake https://t.co/aAd5GF2wKj
myanmar earthquake 2025,1907059459572064484,2025-04-01_13-16-21,en,Israel in the UK 🇮🇱🤝🇬🇧,False,74754,London,2,7,2,"A team of Israeli experts are currently operating in Bangkok, supporting the search and rescue efforts in the aftermath of the devastating earthquake that struck Myanmar and Thailand. 📽️Video Credit: IDF https://t.co/c4lv87w6Vi"
myanmar earthquake 2025,1907060196335296649,2025-04-01_13-19-16,en,﹏𓊝﹏☼⋆.˚ ᗩᘔᑌᖇᗩᑭO ִֶָ𓂃 ࣪(⁠◕⁠ᴗ⁠◕⁠✿⁠),False,1061,Thailand,274,373,8,"Sure! Here's the revised 30-word caption: --- As Myanmar grieves 2,400 earthquake deaths, the junta rains bombs instead of compassion. Even in mourning, they choose violence over humanity. The world must not look away. EMERGENCY AID FOR MYANMAR #HelpMyanmarQuake https://t.co/ZfNwAkYntP"
myanmar earthquake 2025,1907060485041815887,2025-04-01_13-20-25,en,FRANCE 24 English,False,423371,"Paris, France",1,9,2,"🇲🇲 The search for #survivors in #Myanmar in the aftermath of #Friday's earthquake continued on Tuesday. Many locals have taken to sleeping on the streets, scared to remained inside buildings damaged by the 7.7-magnitude quake. @andyhilliar has the story ⤵️ https://t.co/W2VZXDP1G9"
myanmar earthquake 2025,1907060815473107197,2025-04-01_13-21-44,en,eri,False,352,,0,3,0,"During the 7 days National Mourning Period after powerful earthquake , the terrorist military attacked intentionally with using Drones carrying 120 mm bombs over #NyaungCho twp &amp; killed civilians with destroying houses. EMERGENCY AID FOR MYANMAR #HelpMyanmarQuake https://t.co/PytzjypW8H"
myanmar earthquake 2025,1907061124174164118,2025-04-01_13-22-58,en,𝐋𝐞𝐧𝐠 𝐓𝐡𝐚𝐧𝐚𝐩𝐡𝐨𝐧 - 𝐌𝐲𝐚𝐧𝐦𝐚𝐫🇲🇲,False,326,Myanmar,82,129,5,Please Help Our Country.Pray for Myanmar and We Needs Help🇲🇲🙏 EMERGENCY AID FOR MYANMAR #HelpMyanmarQuake https://t.co/qHIA2SVpLD
myanmar earthquake 2025,1907061636848054396,2025-04-01_13-25-00,en,Economic Times,False,4376904,,0,6,1,#Houthis 'destroy' another US #MQ9Reaper #drone; big attack hours after Trump's warning 🇮🇷🇺🇸 Catch the day's latest news and updates ➠ https://t.co/ymzUOzDKJn https://t.co/DcTZDesJ7r
myanmar earthquake 2025,1907061680565101011,2025-04-01_13-25-10,en,Utokki🐰,False,1,,10,13,0,We need your help to let the world know what is really happening in Myanmar EMERGENCY AID FOR MYANMAR #HelpMyanmarQuake #MyanmarEarthquake #WhatsHappeninglnMyanmar https://t.co/E80Bp0s07v
myanmar earthquake 2025,1907061700018180451,2025-04-01_13-25-15,de,Friedrich-Naumann-Stiftung für die Freiheit,False,19983,"Potsdam | Berlin, Germany",2,4,1,"Am 28. März erschütterte ein verheerendes Erdbeben der Stärke 7,7 Myanmar und Thailand. Über 2.000 Menschen verloren ihr Leben, Tausende wurden verletzt, ganze Städte liegen in Trümmern. In den besonders betroffenen Regionen Mandalay, Sagaing und Nay Pyi Taw warten die Menschen verzweifelt auf Hilfe – während Nachbeben ihre Angst weiter verstärken. Internationale Hilfe läuft an, doch beschädigte Infrastruktur erschwert die Rettungs- und Versorgungsmaßnahmen. Hnin Wint Naing aus unserem Regionalbüro Südost- und Ostasien ist vor Ort und berichtet über die dramatische Lage. 👉 Ihr möchtet helfen? Spendenlinks findet ihr auf unserer Website https://t.co/M1cKt10gyW #Myanmar #Thailand #Erdbeben #FNF @FNFSEEAsia"
myanmar earthquake 2025,1907061819338117513,2025-04-01_13-25-43,en,DD News,False,3745769,DDNews,2,5,0,"Humanitarian Assistance to Myanmar A C-130J Hercules has landed in Mandalay, delivering 16 tons of vital aid from India to support those affected by the crisis. @MEAIndia @IndiainMyanmar @SpokespersonMoD @tapasjournalist #HumanitarianAid #IndiaForHumanity https://t.co/fMJlCqcsRG"
myanmar earthquake 2025,1907061833460035643,2025-04-01_13-25-47,en,Ministry of Foreign Affairs - Pakistan,False,481281,Pakistan,7,17,1,🔊PR NO. 8️⃣7️⃣/2️⃣0️⃣2️⃣5️⃣ Humanitarian Assistance to Myanmar. 🔗⬇️ https://t.co/mkZYuOybaL https://t.co/XXmQDs54i7
myanmar earthquake 2025,1907062109785182454,2025-04-01_13-26-53,en,Global Times,False,1895386,"Beijing, China",2,6,0,"Chinese Ambassador to Myanmar Ma Jia visited and expressed appreciation to a rescue medical team from China’s Yunnan Province in Nay Pyi Taw on Tuesday. The Ambassador expressed gratitude to the team for rushing to Myanmar and arriving within 18 hours after the earthquake, making them the first international rescue team to successfully rescue a survivor."
myanmar earthquake 2025,1907062424320315595,2025-04-01_13-28-08,en,Thun Thiri Htun (Manisha Koirala is my life 🇲🇲),False,6,,0,2,0,"The most beautiful and my two favorite videos in March. She is so beautiful.Even so, it was edited with a big melody. It would be crazy if it was edited with lyrics. 😩🤍🌸🥹 @mkoirala #manisha #manishakoirala #manu #Bollywood #bollywoodactress #Queen #love #Myanmar #fansgirl https://t.co/SbLcYFV5AO"
myanmar earthquake 2025,1907062719259304045,2025-04-01_13-29-18,en,ENGLOT MYANMAR FANS 🇲🇲,False,4804,,116,163,8,"Let’s carry light into the ruins, because someone is still waiting in the dark 🇲🇲🙏🏻❤️ CrdVD EMERGENCY AID FOR MYANMAR #HelpMyanmarQuake https://t.co/JfP87nhQmR"
myanmar earthquake 2025,1907062787496702259,2025-04-01_13-29-34,en,China Xinhua News,False,11860985,"Headquartered in Beijing, PRC",1,4,2,"Chinese rescue teams are continuing to work in the hard-hit Mandalay in central Myanmar following the 7.9-magnitude temblor last week, and have so far saved eight survivors. #GLOBALink https://t.co/9LEpug5YcB"
myanmar earthquake 2025,1907062931344478518,2025-04-01_13-30-09,en,Nukta Pakistan,False,2729,,1,1,0,"Pakistan has dispatched 70 tons of relief supplies to Myanmar to assist earthquake victims. The first flight, carrying 35 tons, was overseen by Minister for Parliamentary Affairs Tariq Fazal Chaudhary. Prime Minister Shehbaz Sharif expressed solidarity with Myanmar’s leadership, assuring Pakistan’s full support in the aftermath of the disaster. Video Courtesy: Ministry of Foreign Affairs #nukta #nuktapakistan #myanmarearthquake #pakistanaid #naturaldisaster"
myanmar earthquake 2025,1907062939556659321,2025-04-01_13-30-10,es,Chile 🇨🇱 en Ginebra,False,3308,"Ginebra, Suiza",0,6,0,"Hoy, en el Consejo de Derechos Humanos, se guardó un minuto de silencio en honor a las víctimas del terremoto ocurrido el pasado 28 de marzo en Myanmar y Tailandia. #HRC58 @UN_HRC © Human Rights Council https://t.co/LVJZfphFKu"
myanmar earthquake 2025,1907064279242826027,2025-04-01_13-35-30,en,Build Jakapan Myanmar FC 🇲🇲,False,3487,,92,138,5,"As Myanmar grieves 2,400 earthquake deaths, the junta rains bombs instead of compassion. Even in mourning, they choose violence over humanity. The world must not look away. EMERGENCY AID FOR MYANMAR #HelpMyanmarQuake https://t.co/ub2TRInOkO"
myanmar earthquake 2025,1907064691936907620,2025-04-01_13-37-08,en,Hindustan Times,False,8664783,India,2,7,0,"NDRF teams are conducting Search and Rescue operations in Mandalay, Myanmar, bravely saving lives and providing vital support https://t.co/X7P1h8jGJC https://t.co/NYYJZbRhZE"
myanmar earthquake 2025,1907064759041630328,2025-04-01_13-37-24,en,A P O ✨💛,False,65,,5,7,0,Omg my heart is broken 💔 EMERGENCY AID FOR MYANMAR #HelpMyanmarQuake
myanmar earthquake 2025,1907065147543204027,2025-04-01_13-38-57,en,Sky News,False,8562869,"London, UK",10,12,2,"BREAKING: Myanmar rebel alliance declares one-month ceasefire https://t.co/TC2ROCL7wW 📺 Sky 501, Virgin 602, Freeview 233 and YouTube https://t.co/T4lbkYCR4u"
myanmar earthquake 2025,1907065185044418602,2025-04-01_13-39-06,en,♡𝑀𝑜𝓃𝒾𝓇𝒶 ♡ 💛💛💛💛 always beside apo555,False,623,,27,24,1,"I can't take it anymore. We still feel the after shake in Myanmar recently . Please don't anymore, we can't lost our people anymore 🙏 EMERGENCY AID FOR MYANMAR #HelpMyanmarQuake"
myanmar earthquake 2025,1907065340414103740,2025-04-01_13-39-43,en,𝐊𝐡𝐚𝐨𝐭𝐮𝐧𝐠_𝐌𝐲𝐚𝐧𝐦𝐚𝐫 𝐅𝐜🇲🇲,False,717,Myanmar,14,26,0,"🇲🇲 Mandalay. 1,4,25. 7:52 p.m. Address 58B 32x33 needs to be extinguished. EMERGENCY AID FOR MYANMAR #HelpMyanmarQuake https://t.co/KhFKzSJEIh"
myanmar earthquake 2025,1907065740999659649,2025-04-01_13-41-18,en,MyEarthTiltsForMilkLove,False,113,Myanmar,2,5,1,they literally need more support. look at it:( EMERGENCY AID FOR MYANMAR #HelpMyanmarQuake
myanmar earthquake 2025,1907066259834831063,2025-04-01_13-43-22,en,UNHCR United States,False,62013,"Washington, DC",1,6,0,A massive earthquake has devastated Myanmar’s most vulnerable communities. Families who have already fled conflict now need urgent aid to survive. Your support can make a lifesaving difference—please give today: https://t.co/WGzPGIJzNH https://t.co/DMv0dEtfqe
myanmar earthquake 2025,1907066375459197182,2025-04-01_13-43-50,und,ZainaFoundationtz,False,1172,"Dar es Salaam, Tanzania",0,2,0,#KeepItOn in #Myanmar
myanmar earthquake 2025,1907066466605596862,2025-04-01_13-44-11,en,OhmNanon Myanmar Family FC💚❤️,False,61,Myanmar,4,8,0,Pl help for Myanmar 🙏 We need help 🙏 EMERGENCY AID FOR MYANMAR #HelpMyanmarQuake https://t.co/wo5UZu5l7s
myanmar earthquake 2025,1907067036544516317,2025-04-01_13-46-27,en,Sputnik,False,15888,United World,7,34,3,"Good Tuesday. It’s a New Month. Nice, April Fools Day. Mastercard is Looking to Allow their Customers to use Bitcoin &amp; other Crypto. MS-13 has no place in America. Go home Cory Booker “Spartacus”. Wisconsin Vote Brad Shimel in! EMERGENCY AID FOR MYANMAR is needed. #tuesdayvibe https://t.co/SzDB1RjraE"
myanmar earthquake 2025,1907067334260674929,2025-04-01_13-47-38,en,Zaki,False,694,Myanmar,19,25,0,"3 Moderate Earthquake In One Day in Myanmar‼️ April 1,2025 EMERGENCY AID FOR MYANMAR #HelpMyanmarQuake https://t.co/tO6RmFhwmC"
myanmar earthquake 2025,1907068145388405089,2025-04-01_13-50-52,fr,AsieNews,False,23688,Asie du Sud Est ,0,3,0,"Une équipe de secours chinoise 🇨🇳 avec un drone au #Myanmar🇲🇲pour éclairer durant la nuit Jusqu'à présent, 8 survivants ont été secourus par des équipes chinoises au Myanmar.🎥@XH_Lee23 https://t.co/Mx5LfO0rC5"
myanmar earthquake 2025,1907069026079301650,2025-04-01_13-54-22,en,TaiwanPlus News,False,84692,Taiwan,1,5,1,A Taiwanese national is believed to be dead following last week's earthquake in Myanmar. https://t.co/BssHxwVydN
myanmar earthquake 2025,1907069179561214292,2025-04-01_13-54-58,en,Satnam Singh Sandhu,False,35857,"Chandigarh, India",2,3,0,"Commitment, Compassion and Courage personified! Brave nurses in Ruili, China risked their lives to save newborns during the devastating 7.7 magnitude earthquake near the Myanmar border. Their selfless act is a testament to their dedication &amp; compassion. https://t.co/yQCmaHlQwl"
myanmar earthquake 2025,1907069407698035094,2025-04-01_13-55-53,en,Myanmar Red Cross,False,18552,Myanmar,8,19,1,"More teams are reinforcing #earthquake response efforts in #Mandalay, #Sagaing, and #Naypyitaw starting this morning. Led by Prof. Dr. Ye Ye Tin, the team includes Red Cross volunteers &amp; staff from various state and regions, along with IFRC and partner national societies. https://t.co/m1kDV2KG4G"
myanmar earthquake 2025,1907069512261697791,2025-04-01_13-56-18,es,NMás,False,3411798,Mexico City,1,10,1,Se dio a conocer un video grabado por una sobreviviente del terremoto de Myanmar que quedó atrapada con su hermana y su abuela entre los restos de su edificio en Mandalay mientras esperaban a ser rescatadas. Video: Reuters https://t.co/ncuNUFTiii
myanmar earthquake 2025,1907069654440509487,2025-04-01_13-56-51,en,News18,False,4661987,India,1,6,0,India launches 'Operation Brahma' to aid Myanmar after devastating 7.7 magnitude earthquake CNN-News18's @kaidensharmaa shares more details #India #Brahma #OperationBrahma #Earthquake #Aid #WorldNews https://t.co/LLmwiHOYGO
myanmar earthquake 2025,1907069796203552867,2025-04-01_13-57-25,es,Javier 🇺🇾,False,48013,,4,10,0,"🇹🇭 Salvan la vida a un operario de Tailandia que colgaba de un edificio.🙏 Su compañero, quien es birmano, sostuvo la cuerda a pesar del terremoto, que se originó en Myanmar. El trabajador estuvo rezando durante los temblores .👇👇👇 👁 @elOJOen https://t.co/zST6zsArxZ"
myanmar earthquake 2025,1907070017767895137,2025-04-01_13-58-18,en,War Noir,False,172632,,32,237,0,"#Myanmar (#Burma) 🇲🇲: ""#Karen National Defense Force"" (#KNDF) ambushed and killed Junta soldiers near #Loikaw. Fighters are seemingly armed with a 9x19mm MA-5 Mk 2 pistol and a 7.62x39mm Wa-81 assault rifle."
myanmar earthquake 2025,1907070173267611673,2025-04-01_13-58-55,en,eri,False,352,,5,6,2,"Pro-democracy revolutionary CDM teachers from Sagaing region protested against Myanmar military terrorists despite of #MyanmarEarthquake as Day-1,520 EMERGENCY AID FOR MYANMAR #HelpMyanmarQuake https://t.co/zwR5rDJdPA"
myanmar earthquake 2025,1907070256797175955,2025-04-01_13-59-15,en,IndiaToday,False,6288154,India,1,3,0,"India swiftly responds to Myanmar’s earthquake crisis with ‘Operation Brahma,’ deploying C-17 aircraft, Navy ships, and expert teams carrying medical aid, food, and relief supplies. With the Indian Army’s field hospital already operational in Mandalay, India once again demonstrates its commitment to humanitarian assistance. In this episode of Homeland, Pooja Shali delves into the deep cultural, social, and spiritual ties between India and Myanmar, highlighting India's enduring support for its neighbours in times of crisis. #Myanmar #MyanmarEarthquake #NaturalDisaster #SouthAsia #Asia #Mandalay #Aid #Mo #Homeland | @PoojaShali"
myanmar earthquake 2025,1907070343694418221,2025-04-01_13-59-36,en,Elly,False,141,,0,2,0,We need your help to let the world know what is really happening in Myanmar. #HelpMyanmarQuake
myanmar earthquake 2025,1907070457498783755,2025-04-01_14-00-03,en,MyEarthTiltsForMilkLove,False,113,Myanmar,7,11,1,"If I gotta be honest, I can't even watch those videos cuz' it's so heartbreaking. We need your help. Please spread the word to help us, help these people.🙏🏻 EMERGENCY AID FOR MYANMAR #HelpMyanmarQuake"
myanmar earthquake 2025,1907070502549733829,2025-04-01_14-00-14,en,𝕓𝕒𝕓𝕪𝕗𝕠𝕥𝕗𝕠𝕥 💙,False,198,,12,18,0,"The military is still bombing amid the earthquake disaster. The earthquake is bad, the military is worse. Please help Myanmar 💔🇲🇲🙏 EMERGENCY AID FOR MYANMAR #HelpMyanmarQuake https://t.co/p7dZh2bV0H"
myanmar earthquake 2025,1907070548116471932,2025-04-01_14-00-24,en,Matthew Tostevin,False,258518,UK,115,179,17,Myanmar armed factions announce humanitarian pause in fighting because of the earthquake. Will the junta follow? #WhatsHappeningInMyanmar #MyanmarEarthquake https://t.co/nI8u6thtp7
myanmar earthquake 2025,1907070689049460998,2025-04-01_14-00-58,en,"ZetaTalk Followers: Watch X, Planet X, aka Nibiru",False,34245,Planet Earth & Zeta Reticluli,9,19,0,"Karenni, Myanmar After the March 28 earthquake in Karenni, a 100-foot-deep black hole formed. Locals say a large hole measuring more than 100 feet deep formed after an earthquake struck somewhere west of Demosso, Karenni State. ""The earth rose first and collapsed around 3 pm the day after the earthquake. And then slowly it got wider. A local who first witnessed the landslide said that the 100-foot impine fell straight into it. It started to fall around 3 pm on March 29 and continues to fall until today (April 1). The so-called pit is nearly 100 feet wide and over 100 feet deep and continues to collapse. The Nam San Phu stream on the west side of Demosso also dropped over (3) feet. The water has changed color and is still unusable. https://t.co/ScgKY9cXNr"
myanmar earthquake 2025,1907071202688188831,2025-04-01_14-03-01,en,﹏𓊝﹏☼⋆.˚ ᗩᘔᑌᖇᗩᑭO ִֶָ𓂃 ࣪(⁠◕⁠ᴗ⁠◕⁠✿⁠),False,1061,Thailand,115,167,3,Hello World We need your help urgently. EMERGENCY AID FOR MYANMAR #HelpMyanmarQuake https://t.co/G6Axd84WKr
myanmar earthquake 2025,1907071775424315535,2025-04-01_14-05-17,en,blackheart ♡,False,674,,2,5,0,Current situation in Myanmar🙏 Praying for all the best EMERGENCY AID FOR MYANMAR #HelpMyanmarQuake https://t.co/ACJ62a79xX
myanmar earthquake 2025,1907071853195059350,2025-04-01_14-05-36,en,Xie Feng 谢锋,False,35884,,10,57,8,"After relentlessly searching for survivors day and night, Chinese rescuers have successfully rescued 8 people as of 08:00 local time on Tuesday in post-quake Mandalay, #Myanmar. Praying for more miracles!🙏 https://t.co/MuTgzzH6SB"
myanmar earthquake 2025,1907072003011678212,2025-04-01_14-06-11,qht,ashika,False,122,,0,1,0,#AprilFoolsDay #helevier #คิมซูฮยอน #แผ่นดินไหวประเทศไทย #MIvKKR #Myanmar
myanmar earthquake 2025,1907072968666312898,2025-04-01_14-10-02,en,OhmNanon Myanmar Family FC💚❤️,False,61,Myanmar,19,22,1,Thank you so much 🙏🙏🙏for all country We need help a lot 🙏 EMERGENCY AID FOR MYANMAR #HelpMyanmarQuake https://t.co/dJikSfCX9r
myanmar earthquake 2025,1907073781371383961,2025-04-01_14-13-15,en,MyEarthTiltsForMilkLove,False,113,Myanmar,1,2,0,we need your help. EMERGENCY AID FOR MYANMAR #HelpMyanmarQuake
myanmar earthquake 2025,1907073945083547698,2025-04-01_14-13-54,en,Ikeu,False,31,,11,15,0,EMERGENCY AID FOR MYANMAR #HelpMyanmarQuake #crd https://t.co/pNmNxQQaTr
myanmar earthquake 2025,1907073967443038271,2025-04-01_14-14-00,en,LingOrm Myanmar Fanbase,False,1726,Myanmar,95,122,6,"April Fool's is canceled this year because we don't have time for jokes. It would be great if what's happening now and what we're suffering weren't real But Our prayers came too late. World, please help Myanmar! We still need help 🙏 EMERGENCY AID FOR MYANMAR #HelpMyanmarQuake https://t.co/qO27k7p5bq"
myanmar earthquake 2025,1907074254803480590,2025-04-01_14-15-08,en,Al Jazeera English,False,8915696,"Doha, Qatar",59,155,5,"New video shows trapped survivors of the Myanmar earthquake calling for help from under the rubble of a destroyed building, before rescuers were able to get them out. A minute’s silence has been held for those who died in the quake. https://t.co/RDagNLR2A6"
myanmar earthquake 2025,1907074357567815745,2025-04-01_14-15-33,en,kuu🐿️,False,195,,15,26,0,"Myanmar needs the world's attention now. A devastating 7.7 magnitude earthquake has left thousands of dead, and countless more are having no sources to survive due to military junta blocking the aid. EMERGENCY AID FOR MYANMAR #HelpMyanmarQuake https://t.co/kaaSpkkAIP"
myanmar earthquake 2025,1907074817825632526,2025-04-01_14-17-22,en,RCP Video,False,13675,Everywhere,2,2,5,"Sen. Chris Coons: ""Hurts My Heart"" To See Chinese Humanitarian Response In Myanmar While USAID Is Suspended More - https://t.co/ezdHzSzdUm ""We have created an enormous opening for the PRC to come in and do what we previously did so well."" https://t.co/coV7M9WPHR"
myanmar earthquake 2025,1907074903125241880,2025-04-01_14-17-43,en,LW World News 🌏,False,7362,Europe,0,2,1,"#BREAKING #MYANMAR #BIRMANIA #BIRMANIE #BURMA 🔴 MYANMAR :📹 MILITARY JUNTA'S AIRCRAFTS OVER KARENNI STATE, EASTERN MYANMAR While Myanmar is facing the worst time after the earthquake, the Civil war is still going on. https://t.co/mCw3TFmrrE https://t.co/lhQCJiELCC"
myanmar earthquake 2025,1907075243937611867,2025-04-01_14-19-04,en,Zaki,False,694,Myanmar,144,176,13,"A fire occurred in Mandalay,which was devastated by Earthquake around 7:52PM(Myanmar Time) EMERGENCY AID FOR MYANMAR #HelpMyanmarQuake https://t.co/VqRb4X5sso"
myanmar earthquake 2025,1907075684670873614,2025-04-01_14-20-49,pt,Wargorr 🅾️,False,13731,,0,12,2,🇲🇲 Emboscada dos rebeldes de Myanmar com pistolas (cópias) glock em 9x19mm https://t.co/B5uA1OXf6m
myanmar earthquake 2025,1907076068994920735,2025-04-01_14-22-21,en,Thu Thu Aung,False,20083,Thailand,328,434,7,"The Junta's spokesperson Zaw Min Tun said, Myanmar has 'no available accommodations' for international journalists. #WhatsHappeninglnMyanmar #MyanmarEarthquake Pic: ChatGPT generated Cartoon https://t.co/6EXvYCXj8v"
myanmar earthquake 2025,1907076139962826917,2025-04-01_14-22-38,en,blackheart ♡,False,674,,10,19,0,"This is a place called Inle which is having a whole village in the lake. Now it’s all in debris They also need help from every aspect place to stay, food, water (lake water cannot be drunk now), getting death body and all EMERGENCY AID FOR MYANMAR #HelpMyanmarQuake https://t.co/lPY3Gbwv5K"
myanmar earthquake 2025,1907076329117220921,2025-04-01_14-23-23,en,ArielC🧜‍♀️,False,129,Myanmar,24,43,0,2nd donation as a Chichamon EMERGENCY AID FOR MYANMAR #HelpMyanmarQuake https://t.co/jqXaCz7AW5
myanmar earthquake 2025,1907076404518522992,2025-04-01_14-23-41,en,Manish Prasad,False,31431,new delhi,51,552,0,Operation #Brahma #IndianArmy Helping #Myanmar. 🇮🇳🇲🇲 https://t.co/7HLqEuL4cM
myanmar earthquake 2025,1907076494100185562,2025-04-01_14-24-02,es,El Salvador News,False,8834,El Salvador,1,6,0,"🚨 TERREMOTO EN MYANMAR DEJA MÁS DE 2,700 MUERTOS Y MILES DE HERIDOS El terremoto de magnitud 7.7 que sacudió Myanmar el pasado viernes ha dejado más de 2,700 muertos y más de 4,000 heridos, según reportes oficiales. El sismo también afectó a países vecinos como Tailandia, donde 19 personas fallecieron tras el colapso de un rascacielos en Bangkok. En Myanmar, la ciudad de Mandalay sufrió graves daños, con edificios derrumbados y miles de personas durmiendo a la intemperie por temor a nuevas réplicas."
myanmar earthquake 2025,1907076519026892948,2025-04-01_14-24-08,en,Radio Free Asia,False,80865,"Washington, DC",14,17,2,"Buddhist monks stand on rubble as they clear up debris at the damaged Thahtay Kyaung Monastery in Mandalay on April 1, 2025, four days after a major earthquake struck central Myanmar. 📷: AFP #Myanmar #earthquake https://t.co/7Q4E8I1nFP"
myanmar earthquake 2025,1907077008774844814,2025-04-01_14-26-05,en,Franklin Graham,False,2965662,,415,2193,82,.@SamaritansPurse is responding to help in Myanmar after the tragic #earthquake there. #PRAY https://t.co/5o7yxC1SB7
myanmar earthquake 2025,1907077547457905066,2025-04-01_14-28-13,en,blackheart ♡,False,674,,8,13,0,"I’m glad more people are joining on trending I know some people lives where internet and electricity cut off. Even we reach out and let know just a person it’s ok. So, give yourself a pat and we resist together doing our best EMERGENCY AID FOR MYANMAR #HelpMyanmarQuake https://t.co/gLIhgrUuPr"
myanmar earthquake 2025,1907077750407696642,2025-04-01_14-29-02,en,greeny theint,False,45,,4,6,1,My heart doesn't have the strength to look at this photo. EMERGENCY AID FOR MYANMAR #HelpMyanmarQuake https://t.co/g1WYBuqo8F
myanmar earthquake 2025,1907077978590232826,2025-04-01_14-29-56,en,India in Myanmar,False,41403,Myanmar,37,127,4,"#OperationBrahma 104 patients attended to by our Field Hospital today, including for surgeries.@NDRFHQ team worked at Hla Thein Monastery &amp; Gangaghat Mandir. Relief material given to Ven Bhaddanta Vasetthabhivamsa, Sec Gen State Sangha Committee, at Ma Soeyein Tikethit monastery. https://t.co/dY1nW2cHlF"
myanmar earthquake 2025,1907078091970621786,2025-04-01_14-30-23,en,ShareTheMeal - UN World Food Programme,False,18869,,1,5,0,🚨 A powerful 7.7-magnitude earthquake struck central #Myanmar on March 28. But @WFP is on the ground providing life-saving food assistance to those in need. 🍲 Share your meal today to help families affected by the earthquake. Donate now! 💛 https://t.co/96uHK2jCAW https://t.co/jVvVmoff6q
myanmar earthquake 2025,1907078809834127739,2025-04-01_14-33-14,en,Apo Nattawin Myanmar FC🇲🇲,False,1003,,69,60,9,"Hello please, retweeted, reply or qrt with caption along hashtags. Only hashtag won't reach into trending well . Thank you 🙏 Trending ပေးရင် hashtag တစ်ခုထဲကနဲ့ မန့်တာ မလုပ်ပါနဲ့ caption လေးပါထည့်ပေးပါရှင့် ၊ ကျေးဇူးပါရှင့် 🙏 EMERGENCY AID FOR MYANMAR #HelpMyanmarQuake"
myanmar earthquake 2025,1907079344755028289,2025-04-01_14-35-22,en,Youth Asia For Myanmar,False,996,Asia Myanmar,2,7,0,This is the song from which you can gain some relief after hearing in this horrible situation. The song is dedicated to all Rohingya children staying in very small shelters for years. We want to go back home soon #Rohingya #Justice #Arakan https://t.co/dHZRpZGSvV
myanmar earthquake 2025,1907079411154727052,2025-04-01_14-35-38,fr,JeanM 🇨🇵🇪🇺🇲🇲🇺🇦,False,8303,ici et ailleurs,1,9,0,"#Birmanie🇲🇲 Le 28 mars, alors que le #Myanmar tremblait sous le plus puissant #séisme depuis 100 ans, un immeuble de luxe s’effondrait à Mandalay. Le Sky Villa Condo, 11 étages. 5 engloutis. Des dizaines de vies piégées. #Birmanie #MyanmarEarthquake https://t.co/O2ZiSm7S1T"
myanmar earthquake 2025,1907079938320245167,2025-04-01_14-37-43,ja,小野ピース おもちバンド,False,1496,,5,90,1,【！】 おもちバンド 小野ピース 本日4/1より吉本興業所属になりました！ ライブやイベントなど呼んでください！！ 応援よろしくお願いします！！！🔥 みんなに愛される芸人になります！ https://t.co/2FxSEp9EYD
myanmar earthquake 2025,1907079949053558976,2025-04-01_14-37-46,en,Firstpost,False,2123893,India,1,2,1,"#Spotlight: In the Southeast Asian country of Myanmar, armed rebel groups are disrupting China’s rare earth trade. These groups have restricted China’s access to a key global resource hub. @Alysonle tells you more. https://t.co/L9KEJsvbAK"
myanmar earthquake 2025,1907080428994834728,2025-04-01_14-39-40,en,Swiss MFA,False,39587,"Bern, Schweiz",13,24,4,Earthquake in #Myanmar | #Switzerland is releasing CHF 2.5 million to support the humanitarian activities of the UN and those of local partners of @SwissDevCoop operating in the affected regions. 👉 https://t.co/oiCtRHAnMe https://t.co/UTd1lMCzDd
myanmar earthquake 2025,1907080923662725195,2025-04-01_14-41-38,es,🦇 𝑶𝒖𝒕 𝒐𝒇 𝑪𝒐𝒏𝒕𝒆𝒙𝒕 Milagrencia CF,False,8881,Camp de Mestalla,4,21,0,"Sin desmerecer el drama que sufre la gente de Myanmar, ¿por qué a ellos se les ayuda tan rápido y con millones y a los valencianos no?"
myanmar earthquake 2025,1907082680694603851,2025-04-01_14-48-37,en,SK Chakraborty,False,47033,,17,38,3,"Operation Brahma- India has a history of offering humanitarian assistance to countries affected by natural disasters. #MynmarEarthquake2700 dead, 4521 injured, 441 missing. India sent 6 aircrafts carrying aid to Myanmar The Indian Army field hospital with about 120 personnel set up a 60-bed Medical Treatment Centre to provide immediate care to those injured in the disaster. INS Satpura & INS Savitri — carrying 40 tonnes of humanitarian aid — was heading to the port of Yangon. INS Ghariyal, an amphibious warfare vessel of the Indian Navy, departed from Vishakhapatnam port with 442 tonnes of food items on Tuesday. The National Disaster Response Force (NDRF) deployed an 80-member team equipped with concrete cutters, drill machines, plasma cutters, and other rescue tools. The damage is extensive. Immediate rescue and relief is the need of the hour. From @CNNnews18"
myanmar earthquake 2025,1907083150263459876,2025-04-01_14-50-29,en,🐱Rosy-Apo💛🤟🏽ApoPiagetGlobalAmbassador💅 1M,False,581,,5,4,0,"Let's support them so their voices can be heard, let's be empathetic today they need a lot of help 🙏🏽 EMERGENCY AID FOR MYANMAR #HelpMyanmarQuake"
myanmar earthquake 2025,1907083447530569731,2025-04-01_14-51-40,hi,NDTV India,False,4248280,New Delhi,3,19,5,"भूकंप में हर जगह बिखरी लाशें, म्यांमार आर्मी क्या छिपा रही? #MyanmarEarthquake | #Myanmar https://t.co/3elzDERCWw"
myanmar earthquake 2025,1907083748413219120,2025-04-01_14-52-52,es,Patología.estructural,False,10496,,89,185,7,Terremoto Myanmar Tailandia Análisis del colapso total de un edificio durante el evento sísmico #construccion #obracivil #obrasciviles #patologiaestructural #edificios #estructuras #ingenieriacivil https://t.co/sStnetmDXy
myanmar earthquake 2025,1907084325558100194,2025-04-01_14-55-09,en,LENG Thanaphon Myanmar FC,False,270,Myanmar,6,21,0,Thank you all 🙏☘️ EMERGENCY AID FOR MYANMAR #HelpMyanmarQuake https://t.co/8TAb0Zvw9k
myanmar earthquake 2025,1907084399801184360,2025-04-01_14-55-27,de,CARE Österreich,False,2002,,0,2,0,"Das verheerende #Erdbeben in #Myanmar hat Mio. Familien obdachlos gemacht. Dringend benötigt werden z.B. Trinkwasser, Nahrung, Medikamente und Notunterkünfte. So hilft CARE: https://t.co/Z8ywdWkj7b https://t.co/p67KkmyDOk"
myanmar earthquake 2025,1907084518235738393,2025-04-01_14-55-55,my,United Nations in Myanmar,False,226732,"Yangon,  Myanmar",2,16,1,မြန်မာနိုင်ငံဆိုင်ရာ ကုလသမဂ္ဂ အထူးကိုယ်စားလှယ် ဂျူလီဘစ်ရှော့သည် ငလျင်ကြီးလှုပ်ခတ်ခဲ့မှုကြောင့် ယခင်ကတည်းက ဆိုးရွားနေပြီးဖြစ်သည့် အခြေအနေများပိုမိုဆိုးရွားလာသည့် မြန်မာပြည်သူပြည်သားများနှင့်အတူ တသားတည်းရပ်တည်လျက်ရှိပါသည်။ https://t.co/zUsq8GucWm
myanmar earthquake 2025,1907084553879204091,2025-04-01_14-56-04,in,ꦇꦁ ∞,False,2741,first realm,4,11,2,"Agak terhenyak lihat gambar ini, orang Myanmar mungkin bertanya kenapa mereka dikasih gempa, kenapa gempanya gak ngancurin pnguasa yang zalim. Kenapa yg hancur malah kuil2 buat ibadah. Kenapa... Kenapa... https://t.co/tCKMTOUzmq"
myanmar earthquake 2025,1907084660351607041,2025-04-01_14-56-29,en,Nevada Seismo Lab,False,1936,"Reno, NV",6,21,0,"On March 28th a mag 7.7 earthquake struck Burma (Myanmar). Events this large can be detected by seismometers all over the world, including the NSL stations here in Nevada. These seismograms from a few NSL stations show earthquake waves in NV. More info: https://t.co/Rf7z1Tq7gp https://t.co/E7hHyOmSN8"
myanmar earthquake 2025,1907084908293443871,2025-04-01_14-57-28,en,United Nations in Myanmar,False,226732,"Yangon,  Myanmar",3,7,1,Note to Correspondents - Response to Questions on Myanmar United Nations Special Envoy on Myanmar Julie Bishop stands in solidarity with the people of Myanmar as the devastating earthquake has greatly exacerbated an already dire situation. https://t.co/sJuVZGIYcd
myanmar earthquake 2025,1907085551649345539,2025-04-01_15-00-02,en,JuventusFC 🇬🇧🇺🇸,False,3476947,Allianz Stadium,27,213,7,"We stand with the people of Myanmar at this time of great difficulty after the terrible earthquake in the region. Save the Children's emergency fund is working to bring water, food and medicine to those in need. You can donate here to help ⤵️"
myanmar earthquake 2025,1907085672487297189,2025-04-01_15-00-30,es,Procras,False,3624,,0,13,4,Yo sigo preguntándome qué cojones se nos ha perdido en myanmar
myanmar earthquake 2025,1907088465080250765,2025-04-01_15-11-36,en,IANS,False,126236,New Delhi,0,4,0,"In response to Myanmar’s 7.7-magnitude earthquake, India deployed an 80-member NDRF team with trained canines via IAF aircraft. Operating in Mandalay, the team retrieved 16 bodies and continues search and rescue efforts in coordination with Myanmar authorities. https://t.co/8L9Z8FCGxa"
myanmar earthquake 2025,1907089319678128132,2025-04-01_15-15-00,en,TIMES NOW,False,10210481,India,0,3,0,Myanmar Reels Under Shock...But Junta Blocks Journalists Critics Slam 'Media Blackout' Big Questions Over Death Toll Larger 'Cover-up' In Myanmar? Watch @TheNewsHour AGENDA with @MadhavGK @ 10 PM. https://t.co/UoB2oEI3kQ
myanmar earthquake 2025,1907089466277457942,2025-04-01_15-15-35,en,TIMES NOW,False,10210481,India,2,2,0,Myanmar Reels Under Shock...But Junta Blocks Journalists Bombs Regions Held By Rebels Big Questions Over Death Toll Larger 'Cover-Up' In Myanmar? Watch @TheNewsHour AGENDA with @MadhavGK @ 10 PM. https://t.co/r3k3BLHaXb
myanmar earthquake 2025,1907089827473858686,2025-04-01_15-17-01,en,Daily Mail Online,False,2864100,,9,13,1,Myanmar hospitals overcrowded with earthquake victims. https://t.co/63it99ruaK
myanmar earthquake 2025,1907090729161158920,2025-04-01_15-20-36,en,Jagan Chapagain,False,33152,"Geneva, Switzerland",9,28,1,"The devastating earthquake in Myanmar has brought unimaginable hardship, with needs growing by the minute. Teams from @MyanmarRedCross are working around the clock to support those affected. As @IFRC, we’ve taken swift action to support their life-saving efforts. Here’s what we’ve done so far: ✅ CHF 2 million released for immediate relief via @IFRC_DREF ✅ CHF 100 million Emergency Appeal launched to assist 100,000 people over the next two years ✅ Six containers of essential supplies—including shelter toolkits, hygiene kits, and solar lamps—on the way ✅ Supporting damage assessments to ensure aid reaches even the hardest-hit areas ✅Helped @MyanmarRedCross to deploy four teams – with mobile clinics, ambulances, and water units - to affected areas The road to recovery is long. Global support and solidarity are needed. 👉 https://t.co/yKWUQUhLA1"
myanmar earthquake 2025,1907091044035969477,2025-04-01_15-21-51,es,UNICEF España,False,280657,Madrid,1,3,0,"Comunidades enteras han quedado arrasadas en Myanmar. Niños y familias duermen a la intemperie, sin hogar al que regresar. Nuestros compañeros atienden a niños en estado de shock tras presenciar el derrumbe de sus casas o la muerte de sus familiares https://t.co/UdSQzcqEEX https://t.co/gy4bAlrBgO"
myanmar earthquake 2025,1907091836092735865,2025-04-01_15-25-00,en,TIMES NOW,False,10210481,India,0,4,0,Myanmar Reels Under Shock...But Junta Blocks Journalists Bombs Regions Held By Rebels Big Questions Over Death Toll Larger 'Cover-Up' In Myanmar? Watch @TheNewsHour AGENDA with @MadhavGK @ 10 PM. https://t.co/9MZ33rdhXF
myanmar earthquake 2025,1907092143740682443,2025-04-01_15-26-13,en,ShanghaiPanda,False,132264,china,49,336,9,A miracle in #Myanmar! Chinese rescue teams pulled a young child from the rubble in #Mandalay after being trapped for over 60 hours. The child was found with stable vital signs.🙏 #MyanmarEarthquake #China https://t.co/yoRbug1Q8C
myanmar earthquake 2025,1907092969796071887,2025-04-01_15-29-30,en,UNDP Crisis Action,False,2327,Global ,8,12,0,🔴 Myanmar: the catastrophic earthquake worsens an already crisis-affected country with 49.7% of the population living below the national poverty line. @UNDP's recent report shows the importance of immediate long-term recovery and development action ⬇️ https://t.co/lsceNifdyE https://t.co/xEBWWsHezi
myanmar earthquake 2025,1907093313691222108,2025-04-01_15-30-52,en,Neha Gurung,False,21629,Manipur  Bangalore,26,185,21,"The real heroes 🙇‍♀️ ❤️ As a powerful earthquake shook Myanmar, nurses rushed to protect newborn babies at a maternity center. #EarthquakeinMyanmar https://t.co/PmsfUvT0Cz"
myanmar earthquake 2025,1907093731909726238,2025-04-01_15-32-32,en,The Story Teller,False,43243,"Kangra, Himachal Pradesh ",4,13,4,"Muhamad Yunus in China: ""7-sisters of India is a land-locked country....errrr region. Bangladesh is only guardian of ocean."" It is not an instigation to subtly hint that China shall come to Bangladesh with CPEC through Myanmar but it is a soft try to play China against India. How sinister it is and India supplied Truck loads of rice to his Hungary frogs. (https://t.co/NAbTwJ4UQ2)"
myanmar earthquake 2025,1907093752612557027,2025-04-01_15-32-37,en,Daily Mail Online,False,2864100,,4,16,2,Doctors performing surgery stay calm during Myanmar earthquake. https://t.co/4kK4Nrarl6
myanmar earthquake 2025,1907094671555203347,2025-04-01_15-36-16,en,Channel 4 News,False,2422455,United Kingdom,9,29,6,Video shows two teenaged girls and their grandmother trapped in a collapsed apartment in Myanmar after a 7.7 magnitude earthquake. All three were later rescued. https://t.co/nRAvYFTwBC
myanmar earthquake 2025,1907095252302733591,2025-04-01_15-38-34,en,Daily Mail Online,False,2864100,,1,3,1,World's riskiest job? High-rise window cleaners return to work after Myanmar earthquake. https://t.co/iYbAKCAPRQ
myanmar earthquake 2025,1907095253917581609,2025-04-01_15-38-35,tr,GEA Arama Kurtarma,False,3016,"İstanbul, Türkiye",7,35,1,28 Mart günü Myanmar'da meydana gelen 7.7 büyüklüğündeki depremin ardından ekibimiz Naypyidaw kentine ulaşarak 6 katlı Aye Chan Thar Oteli'nde arama kurtarma çalışmalarına başlamıştır. #GEAAramaKurtarma #GEA #AramaKurtarma #earthquake #MyanmarEarthquake #naypyidaw #myanmar https://t.co/UPoslFYw7J
myanmar earthquake 2025,1907095711063163318,2025-04-01_15-40-24,fr,Secours Catholique,False,121021,Paris et France entière,1,3,3,"Le Secours Catholique appelle à la générosité suite au séisme en Birmanie, qui touche un pays fragilisé par diverses crises, et dans un contexte de coupes budgétaires de l’aide américaine 🤝❌ Le 28 mars, un séisme a frappé le cœur du Myanmar, le plus puissant depuis des décennies dans le pays. Il a été destructeur et meurtrier : le dernier bilan fait état de 1700 personnes décédées et de 3400 blessées. Caritas Myanmar, avec lequel le Secours Catholique collabore, est en train d’évaluer l’ampleur des besoins et de déterminer la manière dont ils peuvent y répondre. Une cellule d’urgence a été formée par le bureau national et une équipe est partie par la route vers Mandalay pour mener un diagnostic conjoint avec d’autres organisations internationales. Une première estimation des besoins non couverts est attendue dans les jours à venir mais l’appel à un soutien financier rapide est déjà lancé. La coupe des financements de l'Agence des Etats-Unis pour le développement international (USAID) s’ajoute à cette situation dramatique. Au Myanmar, pour notre partenaire, plusieurs millions d'euros d'aides ont été coupées du jour au lendemain, et des dizaines de travailleurs humanitaires ont été licenciés, « Ces coupes déséquilibrent toutes les structures partenaires et mettent en péril la société civile », alerte Benoît-Xavier Loridon, directeur des programmes internationaux du Secours Catholique. Faites un don 👉 https://t.co/IuaK2XXKb9 Photo : Xinhua/ABC/Andia.fr #SecoursCatholique #Urgence #International #Birmanie"
myanmar earthquake 2025,1907097067094172067,2025-04-01_15-45-47,es,Cáritas Española ✳️,False,81714,España,21,28,0,"#CáritasConMyanmar Miles de personas sin hogar, sin agua ni comida. Colabora con Cáritas y salva vidas. https://t.co/IMU7K5FV8C https://t.co/kZmoqlMArn"
myanmar earthquake 2025,1907097380345741650,2025-04-01_15-47-02,en,ICRC,False,2258972,Geneva,34,57,6,"📍 Myanmar | In the aftermath of the earthquake, communities are struggling with widespread destruction and limited access to essential services. Thousands are injured, displaced, or missing. 🧵 https://t.co/bSDFANlagI"
myanmar earthquake 2025,1907097387559989560,2025-04-01_15-47-04,en,ICRC,False,2258972,Geneva,4,4,1,"This earthquake hits a population already suffering from armed conflict and violence. For years, central Myanmar has faced unprecedented violence, displacement, and restricted access to essential services. (2) https://t.co/HsxIP88wza"
myanmar earthquake 2025,1907099385261101361,2025-04-01_15-55-00,en,Economic Times,False,4376904,,0,8,0,#AsaduddinOwaisi slams CM #Yogi over #WaqfBill: 'You want to destroy #property of #Muslims...' 🗞️ Catch the day's latest news and updates ➠ https://t.co/ymzUOzDKJn https://t.co/gwraFtHQ1M
myanmar earthquake 2025,1907099393389638143,2025-04-01_15-55-02,en,Planet,False,255302,Earth's Orbit 🌎,8,38,1,"Using Planet satellite data, @Microsoft's AI for Good Lab completed a rapid damage assessment following the earthquake in Myanmar and Thailand to support aid organizations in the region. Learn about this process in this @AP article: https://t.co/9ja06obK31"
myanmar earthquake 2025,1907100332792176894,2025-04-01_15-58-46,en,CNBC-TV18,False,1133798,,1,2,0,The death toll from the devastating earthquake in Myanmar has crossed 2700. More than 3900 people have been injured in the 7.7 magnitude earthquake that hit the region on March 28. The quake has also triggered humanitarian crisis due to shortage of food & proper healthcare facilities. #MyanmarEarthquake #Thailand #Rescue #Quake #NationalMourning #OperationBrahma #cnbctv18digital
myanmar earthquake 2025,1907100895994593407,2025-04-01_16-01-00,pt,Nações Unidas,False,77690,Nova York,1,4,0,"O terremoto mais mortal de Mianmar em décadas deixou milhares em risco, sem abrigo, comida ou assistência médica. Os trabalhadores humanitários da ONU fazem todos os esforços para ajudar as pessoas que já enfrentam condições terríveis. Doe aqui: https://t.co/b2RlzYJuQY @UNOCHA https://t.co/rd6ee99oTI"
myanmar earthquake 2025,1907101879114285245,2025-04-01_16-04-54,en,"UNHCR, the UN Refugee Agency",False,2829026,120 countries,26,63,5,"🔴 Urgent: Myanmar Earthquake Emergency A devastating 7.7 magnitude earthquake has struck Myanmar, affecting displaced people already facing extreme hardship. UNHCR is on the ground, but urgent support is needed. Please donate today: https://t.co/74333r7Np9 https://t.co/1XwdcaJQEn"
myanmar earthquake 2025,1907101902568890773,2025-04-01_16-05-00,en,Economic Times,False,4376904,,2,19,1,'#Musk will be going back': #Trump hints at possible #DOGE #shutdown; #Tesla CEO plans ‘exit’ by May 🇺🇸 Catch the day's latest news and updates ➠ https://t.co/ymzUOzDcTP https://t.co/KjNbk8xir6
myanmar earthquake 2025,1907102469488062619,2025-04-01_16-07-15,in,m o z z a_21,False,15161,127.0.0.1,44,173,21,DAHSYAT NYA GEMPA BUMI DI MYANMAR KAMBOJA BANYAK MENELAN KORBAN JIWA !! KAMBOJA ADALAH NEGARA KOMUNIS YG TELAH BANYAK MENIPU MEMBUNUH TENAGA KERJA INDONESIA MELALUI OTTP DIJADIKAN JUAL BELI ORGAN TUBUH DENGAN JANJI MEMBERIKAN PEKERJAAN GAJI YG TINGGI !! https://t.co/AQqeddqsi3
myanmar earthquake 2025,1907102784400552314,2025-04-01_16-08-30,en,UNFPA Asia and the Pacific,False,22617,23 Asia-Pacific offices,11,20,0,"Women and girls in #Myanmar urgently need humanitarian support after the devastating #earthquake. @UNFPA is on the ground, providing: 🚑 Lifesaving care through mobile and floating clinics 📦 10,000 Women’s Essential Items, 5,000 Clean Delivery Kits & 3,000+ Dignity Kits to affected areas 🤝 Mental health support, gender-based violence services, & sexual and reproductive health care Every moment matters. 🧡 Read the latest #MyanmarEarthquake situation report: https://t.co/o6bvLbLlKO"
myanmar earthquake 2025,1907104010882208174,2025-04-01_16-13-23,en,nothingmatter555,False,219,"Bangkok, Thailand",2,4,0,"Please retweet, reply, quote, like, share and use the hashtag if you see this tweet. Let's save Myanmar EMERGENCY AID FOR MYANMAR #HelpMyanmarQuake"
myanmar earthquake 2025,1907104126325952522,2025-04-01_16-13-50,en,Meetei Today II,False,3076,"Manipur, India",66,91,4,"Manipur, let there be a REAL DELIMITATION ! Delimitation without NRC is nothing but a ""Fraudulent Delimitation"". Why are the Myanmar origin Chin-Kuki immigrants who occupied Manipur hills afraid of NRC ??? CC: @narendramodi @AmitShah @rashtrapatibhvn @rajnathsingh @BJP4India https://t.co/0W72Ca7MRJ"
myanmar earthquake 2025,1907104987416563845,2025-04-01_16-17-15,en,The Times Of India,False,14753191,,8,17,0,"New earthquake rocks #Myanmar, death toll crosses 2,700+ | Woman found alive in rubble after 91 hours Watch #MyanmarEarthquake https://t.co/IHeKiz8shk"
myanmar earthquake 2025,1907105363888902609,2025-04-01_16-18-45,en,DD News,False,3745769,DDNews,2,8,1,#Watch | Aftershocks rattle #Myanmar city as rescuers search for survivors Rescuers continued to scramble through the debris of collapsed buildings as the junta declared a week of national mourning in honour of those who died in the shallow 7.7 magnitude earthquake in the country
myanmar earthquake 2025,1907105478586548521,2025-04-01_16-19-13,en,nothingmatter555,False,219,"Bangkok, Thailand",5,5,0,Please follow these steps. Each of our tweets can make more people see what's happening in Myanmar EMERGENCY AID FOR MYANMAR #HelpMyanmarQuake
myanmar earthquake 2025,1907106941307916330,2025-04-01_16-25-01,en,Neha Jain,False,558,Delhi,1,2,0,"🇲🇲Myanmar is reeling following the huge earthquake which hit the country on Friday, 28 March. The 7.7 magnitude tremor was felt elsewhere, including in Thailand and south-west China. More than 2,700 people have died and more than 4,500 have been injured, say the leaders of Myanmar's military government. Those figures are expected to rise. In Thailand, at least 21 people lost their lives.🏥 WHAT CAUSED THE EARTHQUAKE? 🌎 The earth's upper layer is split into different sections, called tectonic plates, which are all moving constantly. Some move alongside each other, whilst others are above and below each other. It is this movement that causes earthquakes and volcanoes. Myanmar is considered to be one of the most geologically ""active"" areas in the world because it sits on top of the convergence of four of these tectonic plates - the Eurasian plate, the Indian plate, the Sunda plate and the Burma microplate. The Himalayas were formed by the Indian plate colliding with the Eurasian plate, and the 2004 Tsunami as a result of the Indian plate moving beneath the Burma microplate. Dr Rebecca Bell, a reader in tectonics at Imperial College London, said that to accommodate all of this motion, faults - cracks in the rock - form which allow tectonic plates to ""slither"" sideways. There is a major fault called the Sagaing fault, which cuts right through Myanmar north to south and is more than 1,200km (746 miles) long. Early data suggests that the movement that caused Friday's 7.7-magnitude earthquake was a ""strike-slip"" - where two blocks move horizontally along each other. This aligns with the movement typical of the Sagaing fault. As the plates move past each other, they can become stuck, building friction until it is suddenly released and the earth shifts, causing an earthquake. Posted by Nandani Rajput on Gita Community Feed. @Advait_Prashant @Prashant_Advait Join live Gita sessions and community with Acharya Prashant- https://t.co/wLxiDK1qnI"
myanmar earthquake 2025,1907108195673235920,2025-04-01_16-30-00,en,The Times Of India,False,14753191,,4,15,1,#ISRO satellite images show damages caused by earthquake in #Myanmar See before and after pics 👇https://t.co/1b949Pwm5W #MyanmarEarthquake https://t.co/F53BeEV9Iq
myanmar earthquake 2025,1907109546163609983,2025-04-01_16-35-22,en,TIMES NOW,False,10210481,India,3,3,0,Myanmar Reels Under Shock...But Junta Blocks Journalists Bombs Regions Held By Rebels Big Questions Over Death Toll Larger 'Cover-Up' In Myanmar? Watch @TheNewsHour AGENDA with @MadhavGK. https://t.co/GB0hLMU2lR
myanmar earthquake 2025,1907109631635370087,2025-04-01_16-35-43,in,Berita Harian,False,1912846,Malaysia,1,3,0,"Pasukan Mencari dan Menyelamat Khas Malaysia (SMART) berjaya mengeluarkan empat mayat dari bawah runtuhan yang berlaku akibat gempa bumi di daerah Sagaing, Myanmar. berita penuh: https://t.co/UolBYTCvOy https://t.co/WvQKfas8pw"
myanmar earthquake 2025,1907110620232646744,2025-04-01_16-39-38,es,Red Geocientífica de Chile,False,241749,Chile,13,49,3,"👀 Interesante resultados. El desplazamiento co-sísmico alcanzó una ruptura de aproximadamente 500 km de longitud, con máximos desplazamientos superiores a 4 m, y lo peor para Myanmar 🇲🇲, que estos ocurrieron en zonas densamente pobladas (Mandalay y Naypyitaw)."
myanmar earthquake 2025,1907111553306100041,2025-04-01_16-43-21,en,Curly Jeevi,False,31877,Main HoonHi Nahi Iss Duniya ki,4,5,0,Saffron colour symbolises courage which I also the colour of Sanatan Dharma. Mota bhai talks about the help via NDRF to Myanmar 🇲🇲 post the earthquake https://t.co/2qij5XZFSY
myanmar earthquake 2025,1907111899105472750,2025-04-01_16-44-43,th,พี่เดช,False,88,,49,83,1,บัสซิ่งss2รอดูเลยค่ะ☺️☺️.#ข้าวผัดหมี่เย็น https://t.co/1efBlDXoBF
myanmar earthquake 2025,1907112882900242697,2025-04-01_16-48-38,en,Fr. Chris Vorderbruggen,False,16648,"Minnesota, USA & Global",4,22,1,"Let us continue to pray for the people of Myanmar. 2,719 lives have been confirmed lost after the earthquake—&amp; that number will rise. Local forces &amp; international aid are on the ground, but the task ahead is enormous. God be with the people of Burma in their suffering &amp; grief. https://t.co/P4huoIqTd2"
myanmar earthquake 2025,1907113725749834083,2025-04-01_16-51-59,en,Irene,False,820,"Romania, Constanta",1,2,4,"#April 1, 2025 #ClimateAwareness🚩keep informed 🌋Volcanic activity in #Grindavik area, Iceland 🌋Activity at Kilauea volcano, #Hawaii 🌪️Tornado in Rhodes, #Greece 🌬️Sandstorm near Tobruk, #Libya 🆘M5.2 earthquake struck just 9 km from #Mandalay, at a depth of 10 km, #Myanmar https://t.co/x4LNo3kWpD"
myanmar earthquake 2025,1907113791252476414,2025-04-01_16-52-14,en,TIMES NOW,False,10210481,India,3,4,0,"Myanmar Reels Under Shock... But Junta Bombs Rebel Regions Myanmar requires international assistance on an unprecedented scale...- @Chellaney After the earthquake, within just five minutes, the military Junta bombed the region three times...- Jenny Lynn, Activist Watch @TheNewshour AGENDA with @madhavgk."
myanmar earthquake 2025,1907113986287443980,2025-04-01_16-53-01,en,Chinese Mission to UN,False,157689,"New York, NY",3,12,2,"Multiple Chinese rescue teams have arrived in the disaster-stricken areas in Myanmar, rushing to work with local responders around the clock to search for survivors. https://t.co/RkToS86d3Y"
myanmar earthquake 2025,1907114446855745726,2025-04-01_16-54-51,en,TIMES NOW,False,10210480,India,1,2,0,"Myanmar Reels Under Shock... But Junta Bombs Rebel Regions Given the current humanitarian crisis, isn’t it time for the Trump administration to reconsider easing sanctions on Myanmar?: @Chellaney I agree with Brahma Chellaney on this… We can’t afford to push Myanmar into China’s camp...-@GeneralBakshi tells @madhavgk"
myanmar earthquake 2025,1907114740926882206,2025-04-01_16-56-01,en,NUMONE OFFICIAL,False,18040,,344,499,21,"Donations for Earthquake Relief in Myanmar Mr. Nattawatt Jirochtikul and his family, and the brand NUMONE wish to extend our support to those affected by the recent earthquake in Myanmar. A portion of the proceeds from our product sales has been donated to aid relief efforts and help restore the affected areas. We sincerely thank all our customers for being part of this donation effort, as well as the dedicated officials and volunteers who are working tirelessly to assist those in need. Additionally, we are deeply aware of the unwavering support we have received from our fans in Myanmar over the years. In this difficult time, we hope that our small contribution can serve as a token of appreciation for the love and support you have always shown us. We truly hope for a swift recovery and send our heartfelt support to everyone impacted by this disaster. 💙 #Myanmar #Mandalay #MyanmarEarthquake #WhatsHappeningInMyanmar #HelpMyanmarQuake #earthquake"
myanmar earthquake 2025,1907114850624372897,2025-04-01_16-56-27,en,Organiser Weekly,False,92263,New Delhi,21,64,1,"#OperationBrahma | Indian Army’s Field Hospital in Mandalay treats 104 injured and performs 2 life-saving surgeries following the recent earthquake in Myanmar. Lt Gen Myo Moe Aung visits, praising India’s exceptional support during the crisis. #Myanmar #MyanmarEarthquake https://t.co/EWLN4McqMI"
myanmar earthquake 2025,1907115569553305680,2025-04-01_16-59-18,ur,Daily Jang,False,1075280,Pakistan,1,6,1,میانمار میں زلزلے کے بعد عمارت کے ملبے تلے دبی 63 سالہ خاتون کو 91 گھنٹے بعد زندہ نکال لیا گیا۔ تفصیلات جانیے: https://t.co/ZFdTzWOV8G #Myanmar #MyanmarEarthquake #DailyJang #WomenAlive https://t.co/L7wSLybmaG
myanmar earthquake 2025,1907115751099818138,2025-04-01_17-00-02,it,La Notizia,False,21769,"in edicola, sul web e su app",2,2,0,"Myanmar senza pace, un nuovo sisma di magnitudo 5 ha colpito la città di Mandalay https://t.co/7W0KjFsGP5"
myanmar earthquake 2025,1907115789749989434,2025-04-01_17-00-11,en,Christian Aid,False,83755,,2,4,1,We've been hearing from communities in Myanmar about what they're facing after Friday’s devastating #earthquake. 🔊 These are the words of one earthquake survivor (read to protect their identity). Donate today. Every gift can bring hope: https://t.co/nUpQ02mIXX https://t.co/igxjttr4yW
myanmar earthquake 2025,1907117225540263956,2025-04-01_17-05-53,en,MiSo,False,146,,24,56,0,Toobtub Myanmar Fans (UPPOOM) donated money and shelters to help those affected by the recent earthquake in Myanmar. #uppoompat #poompps https://t.co/CSPZoSkgir
myanmar earthquake 2025,1907117609340039199,2025-04-01_17-07-25,en,Cami/ 카미🌸 MM Earthquake 🇲🇲,False,6668,,98,111,1,Here's a subtitled video of a building sinking into the ground with resident inside during an earthquake in Myanmar. Please help us spread local videos which couldn't reach international media due to restrictions of internet. WE NEED YOUR HELP!!! #MyanmarEarthquake https://t.co/lPfGmUWJRJ
myanmar earthquake 2025,1907118669970506020,2025-04-01_17-11-38,en,MIBAWI (Michael Barthel),False,1936,behind you,1,3,0,"A life was saved --- Stone by stone, piece by piece, .... this kitty was rescued from the rubble after the earthquake in Myanmar 📽 unknown https://t.co/WhJQNcLytD"
myanmar earthquake 2025,1907120621336535360,2025-04-01_17-19-23,en,World Vision UK,False,12611,"Milton Keynes, UK",2,3,0,"Urgent: Myanmar earthquake relief needed! Dr. Kyi Minn, National Director of World Vision Myanmar, spoke with @SkyNews about the devastating humanitarian crisis following the earthquake in Central Myanmar. Families and children are in urgent need of support. Children are especially vulnerable in times of disaster, and we are deeply concerned for their well-being. World Vision is assessing needs and providing immediate relief—but we can't do it alone. They need YOU. Every contribution makes a difference. Donate to our emergency appeal today: https://t.co/XE59ePymFX #EarthquakeMyanmar #Earthquake #MyanmarEarthquake #Myanmar #EmergencyResponse #Emergency #HumanitarianAid"
myanmar earthquake 2025,1907121031531155855,2025-04-01_17-21-01,es,El Noticiero Televen,False,1632816,Venezuela,2,4,0,Fue rescatada una mujer tras 91 horas bajo los escombros dejados por el terremoto en Myanmar. Más noticias internacionales aquí: https://t.co/yPiplEqG70 https://t.co/H1HScx7u8t
myanmar earthquake 2025,1907121035390169261,2025-04-01_17-21-02,en,chongtham R,False,574,,4,3,0,"Illegal immigrants from Myanmar are seen transported into Manipur by PDF/KNF cadres. Due to unrest in Myanmar, there's daily entry of #illegalimmigrants from Myanmar into #Manipur with the active support of kuki narco-terrorists. This must come to an end. https://t.co/IqMARGO76E"
myanmar earthquake 2025,1907121899437470180,2025-04-01_17-24-28,it,Tg3,False,321873,Rome Italy,2,4,0,"Il terremoto in Myanmar ha ucciso più di 2700 persone ma non ha fermato la guerra civile. Il regime continua a bombardare i villaggi ribelli, mentre i volontari della resistenza si addestrano a combattere https://t.co/Fh26UCU0S4"
myanmar earthquake 2025,1907124255323771041,2025-04-01_17-33-49,en,Nena Stoiljkovic,False,2864,"Geneva, Switzerland",5,19,0,"The earthquake in Myanmar is devastating. First days are critical for search &amp; rescue and fast &amp; reliable support can help immensely. To support the @MyanmarRedCross life-saving response, @IFRC launched a CHF 100 million emergency appeal. Donate now 👉 https://t.co/0CH6Wi3LPt https://t.co/NaKhc8BYPO"
myanmar earthquake 2025,1907125503598694737,2025-04-01_17-38-47,es,NMás,False,3411798,Mexico City,1,8,0,Los equipos de rescate salvaron este martes a una mujer de entre los escombros de un edificio en la capital de Myanmar. Video: Reuters https://t.co/tv5EiDPVKp
myanmar earthquake 2025,1907125842276184306,2025-04-01_17-40-08,en,Save the Children International,False,87134,Worldwide,5,11,1,"“I barely escaped. The moment I stepped outside, bricks started falling”- Yoon May*, 16. Myanmar’s earthquake has killed 2,000+ people (estimates say up to 10,000), leaving families homeless &amp; without essentials. We're delivering urgent aid. Donate now➡️ https://t.co/oaRQuRJUbK https://t.co/rgkkBuEYLD"
myanmar earthquake 2025,1907126061391032440,2025-04-01_17-41-00,en,DD India,False,99471,"New Delhi, India",1,4,0,"India Leads Humanitarian Efforts in Myanmar Indian Army's field hospital in Mandalay, under Operation Brahma, treats over 100 casualties & conducts life-saving surgeries. Death toll surpasses 2,700 as India remains a first responder in regional crises. #IndiaMyanmar #OperationBrahma 🔗https://t.co/hjQYiMHoQj @adgpi @tapasjournalist"
myanmar earthquake 2025,1907128700392603673,2025-04-01_17-51-29,en,One America News,False,2288692,,14,61,7,"Myanmar Earthquake Death Toll Continues To Rise, Over 2,700 Dead https://t.co/blNUcn477K #OAN"
myanmar earthquake 2025,1907129396994945297,2025-04-01_17-54-15,es,Lisandro J Macarrulla T,False,36489,Dominican Republic,0,4,1,"Un #terremoto de magnitud 7.7 sacudió #Myanmar. Más de 2,000 muertos, miles de heridos y una nación aún más fracturada. Pero esto no es solo un desastre natural. Es un reflejo de una crisis política que lleva años profundizándose. #LisandroMacarrulla https://t.co/8kP7N8KgHt"
myanmar earthquake 2025,1907130149910597801,2025-04-01_17-57-15,es,Investigador Privado,False,2811,Guatemala,1,4,0,"El terremoto en Myanmar debe ser un recordatorio de que la construcción en altura no es nomás de soplar y hacer botellas. Ojo con el boom de los edificios de apartamentos en Guate, sin un análisis estructural riguroso por parte de las autoridades. https://t.co/mniHwfRFi4"
myanmar earthquake 2025,1907132324531114229,2025-04-01_18-05-53,es,Médicos Sin Fronteras,False,425391,España,6,13,0,"🔴 Terremoto en Myanmar: nuestros equipos ya están en Mandalay y el sur del estado de Shan evaluando necesidades médicas, logísticas y de agua y saneamiento. Estamos movilizando recursos para proporcionar atención de trauma y servicios esenciales Gisa te cuenta la última hora 👇 https://t.co/vUkxlC3tYN"
myanmar earthquake 2025,1907135882697576558,2025-04-01_18-20-01,it,UNICEF Italia,False,324814,Italia,1,3,0,"Emergenza #terremoto nel #Myanmar In uno scenario di devastazione, con interi villaggi rasi al suolo e strade impraticabili, lo staff di @UNICEFMyanmar ha iniziato la distribuzione delle scorte di beni essenziali presenti nei suoi magazzini. DONA su https://t.co/8bi6fpjgQr 🙏 https://t.co/KqaVjdv5kA"
myanmar earthquake 2025,1907135896799134079,2025-04-01_18-20-05,en,Hnin Zaw,False,96982,,35,25,2,Why are they give us a hard time and causing problems than helping? 🥺 A patrolling Myanmar army soldier reportedly slapped a young civilian volunteer in Mandalay as they argue to go fetch an important equipment for the rescue site. @dvbburmese https://t.co/Ql9NgajG5v
myanmar earthquake 2025,1907136359921303576,2025-04-01_18-21-55,en,Yone 🪄°⭒˚⋆🩷 Fourth,False,382,,11,58,2,"As a Myanmar girl and as a person who loves Fourth Nattawat Jirochtikul so deeply, Can you even imagine my feeling right now? #MyanmarEarthquake2025 #โฟร์ทณัฐวรรธน์ #Fourthnattawat @tawattannn"
myanmar earthquake 2025,1907136753435099308,2025-04-01_18-23-29,en,˚ 𝜗𝜚˚⋆｡☆,False,3,,35,77,0,"As a Myanmar fan who loves Fourth and his brand, Numone, I really appreciate this donation and giving awareness to Myanmar’s situation . I will always be grateful for loving the right idol. This would be a great contribution to the civilians in need. Thank you @tawattannn"
myanmar earthquake 2025,1907137273809822092,2025-04-01_18-25-33,en,Oxfam,False,255512,,6,5,0,"""It is a time when we need to extend solidarity and support."" Rajan Khosla, @Oxfam's Country Director in Myanmar speaks to @itvnews about the immediate earthquake response. Please give what you can today at https://t.co/SKx2uEYtvR #MyanmarEarthquake #earthquake #Myanmar https://t.co/5rXSnmXMHJ"
myanmar earthquake 2025,1907137278658441522,2025-04-01_18-25-34,en,capylaundry,False,4544,,4,12,6,✅ DEPOSIT NOW - https://t.co/no82cotyi8 ALL DEPOSITS THIS WEEK GO TO SUPPORTING THE EARTHQUAKE IN MYANMAR. 👆 1. Deposit AT LEAST $1 of @solana based tokens 2. Deposits close on Friday 4th April at 1300GMT 3. Be in with a chance to win a $100 prize and we may even throw in some capy merch. @SolanaMBS @bonk_inu @mogcoin @dogwifcoin @pudgypenguins @pnutsolana @moodeng @catwifhatsolana
myanmar earthquake 2025,1907141339629707700,2025-04-01_18-41-42,en,Jennifer Sunrise ☀️,False,313,Seven,7,68,1,Lucy Bronze on Instagram about the earthquake in Myanmar. 🙏 https://t.co/Gk7WD9iVi4
myanmar earthquake 2025,1907141684489593154,2025-04-01_18-43-05,tr,Malumatfuruş,False,55563,,1,10,0,"Doktorların ve hemşirelerin ameliyathanede hastayı Myanmar'da 28 Mart 2025 günü meydana gelen 7,7 büyüklüğündeki deprem esnasında yalnız bırakmadığı görülen video Çin'in güneybatısında bulunan Yünnan eyaletinde kaydedilmiş. https://t.co/zr19LVw1pK https://t.co/a2qPNhlbjF"
myanmar earthquake 2025,1907141688566366561,2025-04-01_18-43-06,es,El Desconcierto,False,477948,Chile,3,5,0,Liquiñe Ofqui: La desconocida falla geológica de Los Ríos a Aysén que Marcelo Lagos compara con la de Myanmar https://t.co/5AOBxZm5aD
myanmar earthquake 2025,1907141858230251985,2025-04-01_18-43-46,es,Aquí la Tierra,False,68456,España,0,7,0,"Hoy, en la vuelta al 🌎 de #AquíLaTierra viajamos a las Cícladas, azotadas por una tormenta descomunal, y a Islandia, con una nueva erupción volcánica. Mientras, en Myanmar siguen buscando supervivientes entre los escombros y en Michigan continúan las lluvias heladas. https://t.co/1OrXBCWSKu"
myanmar earthquake 2025,1907142107950923841,2025-04-01_18-44-46,en,Neetu Khandelwal,False,16288,Jaipur | Delhi ,1,6,0,Came across one of the most beautiful video on the internet today from #Myanmar captured during the #Earthquake These on duty doctors and nurses demonstrated the true definition of responsibility. May their tribe increase. A big salute to their courage ❤️ https://t.co/iwneDND7mV
myanmar earthquake 2025,1907142898824474899,2025-04-01_18-47-54,en,Chinese Embassy in Kenya,False,23052,"Woodlands Road, Nairobi, Kenya",1,5,1,The first Chinese rescue team has arrived in Myanmar with emergency supplies following the devastating 7.9-magnitude earthquake. Hoping for safety and recovery for all affected. https://t.co/hFEKCQtiVN
myanmar earthquake 2025,1907143715329560720,2025-04-01_18-51-09,en,Government of Pakistan,False,3156754,"Islamabad, Pakistan",14,49,11,"Pakistan stands in solidarity with the people of Myanmar. On the special directives of Prime Minister Muhammad Shehbaz Sharif, Pakistan has dispatched the first air cargo flight carrying 35 tons of relief supplies to Yangon, Myanmar, for the victims of the recent earthquakes. The consignment includes essential humanitarian aid such as tents, blankets, food, medicines, and water purification modules."
myanmar earthquake 2025,1907144022201860229,2025-04-01_18-52-22,en,Myanmar Red Cross,False,18552,Myanmar,16,29,1,"If you would like to provide 💦drinking water, ⛺️shelter, and 🧽 relief items, please contact #MyanmarRedCross 📞 09421169589, 09973166040, 097985543858 KBZ Pay: 70158101001 (Myanmar Red Cross Society) Every contribution helps. Thank you for your support! ❤️ https://t.co/b09iW9bum3"
myanmar earthquake 2025,1907144735283638668,2025-04-01_18-55-12,en,The National,False,1120582,Global HQ: UAE,1,3,0,"A woman has been rescued from an earthquake-shattered building in Myanmar, 91 hours after becoming trapped in rubble. The woman, 63, was freed early on Tuesday in the capital Naypyidaw, the city's fire brigade said. https://t.co/RIwHDDMS0E"
myanmar earthquake 2025,1907145720160976964,2025-04-01_18-59-07,en,Edward Graham,False,10313,,3,17,1,"I spoke with @WFMY yesterday to discuss the devastating earthquake that hit Myanmar and how @SamaritansPurse is responding. The need here is great and we are prepared to be in Myanmar for as long as it takes offering resources, supplies, and medical attention through one of our largest hospitals that we can deploy. Please pray for the families affected and pray that Thailand, which was also affected, would allow us to deploy to the country and respond in Jesus’ name."
myanmar earthquake 2025,1907147930705813773,2025-04-01_19-07-54,en,Radio Free Asia,False,80865,"Washington, DC",6,7,1,"People queue for food and relief supplies after a strong earthquake in Amarapura, Myanmar, April 1, 2025. 📷: AFP #Myanmar #earthquake https://t.co/WiHEqG4QR8"
myanmar earthquake 2025,1907148109664207252,2025-04-01_19-08-37,en,Olivier Salgado,False,8124,New York,1,2,0,UN responding fast in Myanmar earthquake 👇 https://t.co/XiELWhFY5d
myanmar earthquake 2025,1907150888017490247,2025-04-01_19-19-39,es,NMás,False,3411798,Mexico City,1,4,1,"Heridos por el terremoto esperan tratamiento en el hospital de Mandalay en medio de preocupaciones de la ONU sobre la escasez de refugio, agua potable y medicamentos en Myanmar. Las imágenes muestran a pacientes del hospital en camillas y salas improvisadas en un área abierta. Video: AFP"
myanmar earthquake 2025,1907152002498330630,2025-04-01_19-24-05,en,ILTV Israel News,False,9745,Israel,5,8,0,"Israel is providing technological aid to Myanmar and Thailand following a powerful 7.7-magnitude earthquake. Using its expertise, Israel is contributing to relief efforts and supporting those affected by the disaster. 🇮🇱 🇹🇭 ‼️ #Israel #EarthquakeRelief #HumanitarianAid https://t.co/0GCt3l2aTR"
myanmar earthquake 2025,1907152233801949622,2025-04-01_19-25-00,en,Reuters,False,25577595,Around the world,6,14,1,"Shelter, clean water and medicine are in short supply following the earthquake in Myanmar that caused significant structural damage and had a devastating human toll, multiple UN agencies said https://t.co/WxEXbyumdB https://t.co/iFUUZobxVi"
myanmar earthquake 2025,1907153286882590898,2025-04-01_19-29-11,en,QENNY your evil twin,False,33988,Chicago,8,44,9,A video of the Myanmar earthquake. Holy crap. https://t.co/ngEdmYiXfW
myanmar earthquake 2025,1907153490297938060,2025-04-01_19-29-59,en,zaza,False,577,ur heart,4,8,2,"Hi guys! I would appreciate it if you guys could help donate, even if it's $1. The government failed us and we only have each other. There Please support this GoFundMe by donating or sharing -- https://t.co/SO982R1PBb"
myanmar earthquake 2025,1907154848467886480,2025-04-01_19-35-23,en,Al Arabiya English,False,933049,Riyadh,0,3,0,"Bob Kitchen, Vice President for Emergencies at the International Rescue Committee, on his appreciation for aid sent to Myanmar from Russia and China: ""At a time thousands of lives are on the line, I don't really care what nationality the search and rescue teams are"" https://t.co/pT32US1Ih0"
myanmar earthquake 2025,1907154909008400407,2025-04-01_19-35-38,en,NAS🦋GIOIA,False,2308,"New York, NY",0,6,1,there was an earthquake in myanmar last friday https://t.co/1rCpQG2mtg
myanmar earthquake 2025,1907155051782582322,2025-04-01_19-36-12,en,Dr. Fundji Benedict,False,14208,,1,7,1,"Israel is providing technological aid to Myanmar and Thailand following a powerful 7.7-magnitude earthquake. Using its expertise, Israel is contributing to relief efforts and supporting those affected by the disaster. 🇮🇱 🇹🇭 ‼️ https://t.co/85MyVBOWsY"
myanmar earthquake 2025,1907155415890043297,2025-04-01_19-37-39,en,GoFundMe,False,608771,,13,20,38,"The GoFundMe community is coming together to support people across Myanmar and Thailand who need help after last week's earthquake: https://t.co/q7fdxFjcsM Our Trust &amp; Safety team will keep updating this page, where you can also find nonprofit organizations providing relief. https://t.co/QNvEEBOfx6"
myanmar earthquake 2025,1907156514025955379,2025-04-01_19-42-00,en,Samaritan's Purse,False,1030283,"Boone, NC",58,432,11,Praise Report: Today we praise God for the ability to respond to the deadly earthquake in Myanmar.
myanmar earthquake 2025,1907159054679490860,2025-04-01_19-52-06,en,Paul A. Szypula 🇺🇸,False,302841,"Cold Spring, NY",9,49,4,"Grandmother and her two granddaughters were stuck underneath rubble following the 7.7 magnitude earthquake in Myanmar. The 75-year-old woman, and the teens (16 and 13), were stuck in the wreckage of their collapsed condo for 15 hours. Thankfully, they were pulled to safety. https://t.co/lMdMt925An"
myanmar earthquake 2025,1907159453419586043,2025-04-01_19-53-41,en,Getty Images News,False,142401,Global,9,13,0,"Dogs with a Thai K-9 rescue association sit in air conditioned crates between search and rescue missions in Bangkok after a devastasting #earthquake struck Myanmar and Thailand; A golden retriever comforts people waiting for news of missing loved ones at the site of a collapsed building. 📸: @laurendecicca, @TheLilyfish @AFPphoto"
myanmar earthquake 2025,1907159619878707428,2025-04-01_19-54-21,es,Human Rights Watch,False,358725,,9,8,0,"El devastador #terremoto del 28 de marzo en #Myanmar ha empeorado la situación humanitaria, ya de por sí desesperada, de millones de personas en el país. La junta militar debe permitir el acceso inmediato de la ayuda humanitaria a los sobrevivientes y levantar las restricciones que impiden la respuesta de emergencia."
myanmar earthquake 2025,1907160286756475233,2025-04-01_19-57-00,es,Meganoticias,False,4146170,Chile,2,6,4,"📌 La tragedia que provocó el terremoto de 7,7 en Myanmar, activa la preocupación por un posible sismo en Chile, al ser uno de los países más sísmicos del planeta. https://t.co/4WC3vQVLSu"
myanmar earthquake 2025,1907161178318455041,2025-04-01_20-00-32,en,Sky News,False,8562869,"London, UK",5,14,2,"Dr Kyi Minn, the national director of the World Vision Myanmar, has told @SkyYaldaHakim that people in the country are ‘sleeping outside’ after the earthquake as they fear buildings could collapse. 🌍 Watch the full interview on The World: https://t.co/rC0gJzSOdv https://t.co/8kv5rh4v0b"
myanmar earthquake 2025,1907162894224990416,2025-04-01_20-07-22,zxx,Saw Kalaya Oo,False,666,"Delaware, USA",1,4,4,https://t.co/10sz37FTPX
myanmar earthquake 2025,1907165843458261305,2025-04-01_20-19-05,th,Loki,False,5147,"Needville, TX",13,21,1,มันจบแล้ว เราทุกคนอยู่ในความยุ่งวุ่นวายนี้ 🥺 #รถไฟฟ้าสายสีแดง #แผ่นดินไหว #แผ่นดินไหวกรุงเทพ #แผ่นดินไหวไทย #กรุงเทพแผ่นดินไหว #แผ่นดินไหวเมียนมา #รอยเลื่อนสะกาย #bkkearthquake #BangkokEarthquake #ThailandEarthquake #ข่าวไทยพีบีเอส #ข่าวที่คุณวางใจ #Myanmar https://t.co/b3ecM5FMq6
myanmar earthquake 2025,1907165985297351159,2025-04-01_20-19-38,en,Qari Sulih Muhsin,False,1752,Afghanistan ,13,79,1,"Members of the Arakan Rohingya Salvation Army (ARSA) , a Rohingya militant group which has stood up against the oppressors' oppressions to protect Rohingya people from the ongoing systemic genocide, were performing Eid UL Fitr prayers inside Arakan State, Myanmar. https://t.co/TCqPFsX6YV"
myanmar earthquake 2025,1907168599782859201,2025-04-01_20-30-02,it,Anubi777,False,5016,,9,25,2,"Prendiamolo con le pinze... #Myanmar è stato colpito da un'arma ad energia diretta. Una fonte della US Space Force afferma che ""un DUMB molto grande è stato distrutto a #Mandalay. Era il principale che collegava Thailandia, Laos e Yunnan, Cina tramite un sistema di tunnel"". ⬇️ https://t.co/lbIibVfERB"
myanmar earthquake 2025,1907169006596817276,2025-04-01_20-31-39,en,Mark Farmaner,False,57980,"London, England",12,24,8,Iain is cycling 3000km this April to raise funds for those affected in Myanmar. Every dollar helps. Please support his cause and donate if you can. https://t.co/k9IaGmuK8q
myanmar earthquake 2025,1907170276598841564,2025-04-01_20-36-42,en,DJ 🦄 🌈 🌈 🇺🇸 🇺🇸,False,767,,6,5,0,"Friends, please report and block this evil person… scamming to take money from people for the Myanmar earthquake. Fraudulent and pure evil. https://t.co/u5TT6XTCZq"
myanmar earthquake 2025,1907170990284738850,2025-04-01_20-39-32,es,SURSA UNAM,False,2216,UNAM. sursa@geografia.unam.mx,27,53,1,En la siguiente infografía te presentamos algunos de los mapas que muestran lo que está pasando en la nación del sudeste asiático. Abrimos hilo🧵👇 #Myanmar #MyanmarEarthquake https://t.co/PfmLFfu7nN
myanmar earthquake 2025,1907172837150102014,2025-04-01_20-46-52,en,RSO ARMY LIFE,False,1082,Bangladesh,2,135,18,"To Myanmar/Buddhists, We are Rohingya, we are Arakani, we are Muslims, we are citizens of Arakan and we demand our rights. If you don't accept our demands, you will be forced to accept it by our weapons. Insha Allah, the rights that you deprived of us will be derived again. https://t.co/dkwWV9HK7E"
myanmar earthquake 2025,1907173650073080121,2025-04-01_20-50-06,es,adn40,False,1119484,México,3,6,0,💔 Poco a poco se acaba la esperanza de encontrar a sobrevivientes tras el terremoto de magnitud 7.7 que sacudió Myanmar Esta catástrofe ha dejado miles de muertos y miles de desaparecidos y ya se declaró luto nacional en el país⚫😔 https://t.co/KGYcbFLCYY
myanmar earthquake 2025,1907178215187112301,2025-04-01_21-08-14,en,Senator Dick Durbin,False,710296,,23,43,89,"A 7.7 magnitude earthquake left a devastating scene in Myanmar. Since the Trump Admin gutted USAID, U.S. efforts to help the people of Myanmar have been slow and messy while China and Russia are quickly stepping in. DOGE’s careless approach is ceding American leadership. https://t.co/JlZlf8QpBT"
myanmar earthquake 2025,1907178240210354343,2025-04-01_21-08-20,en,Joseph Z,False,8106,"Colorado Springs, CO",20,95,3,Myanmar Earthquake Prophecy Reveals Massive Worldwide Changes Ahead! #news #earthquake #JosephZ #prophecy https://t.co/N9aUNID0JQ
myanmar earthquake 2025,1907178389792063513,2025-04-01_21-08-56,it,Tv2000.it,False,52672,,1,3,1,#1aprile è accaduto oggi #femminicidio #Mandalay #Myanmar #SaraCampanella #Trump #dazi #tariff #MarineLePen #maltempo #neve #primavera #ucraina #russia #israele #hamas #usa #LuigiMangione #Orsolini #tennis #StefanoArgentino #Putin #Totti #Tesla #suorPaola #Lazio #Taiwan #Turchia #Meloni #Adolescence #CopaDelRey #Iran #ImranKhan #MothersDay #papaFrancesco #Cei #riyadh #SalmanKhan #jeddah #MilanInter #Bardella #Francia
myanmar earthquake 2025,1907178969620693354,2025-04-01_21-11-14,es,Médicos Sin Fronteras México,False,30104,Ciudad de Mexico,2,2,1,"Mikael de Souza comparte desde Yangón, #Myanmar, los retos tan grandes que han surgido al brindar atención médica en el país tras el terremoto de magnitud 7,7 que ha sacudió la región central de Myanmar, cerca de Mandalay. #NI #Myanmar https://t.co/MtwosCVVbr"
myanmar earthquake 2025,1907187891387666889,2025-04-01_21-46-41,es,DW Español,False,1460874,"Berlín, Alemania",20,46,0,"La situación se agudiza tras el sismo en Myanmar En Myanmar, antigua Birmania, un país que lleva inmerso en una guerra civil desde hace varios años, continúan las tareas de #búsqueda y rescate tras el devastador #terremoto más fuerte registrado en la historia del país. La vecina Tailandia también concentra los esfuerzos en su capital para recuperar la normalidad. / ah"
myanmar earthquake 2025,1907188639920013372,2025-04-01_21-49-40,tr,Deprem Dedektörü,False,198288,"İstanbul, Türkiye",6,88,2,Myanmar'da meydana gelen 7.7'lik depremde ölenlerin sayısı 3000'ne yaklaştı. https://t.co/FZijNmfJDM
myanmar earthquake 2025,1907189454864871922,2025-04-01_21-52-54,en,Geology Page,False,228372,,31,175,6,The earthquake in Myanmar and Thailand was so powerful that unleashed energy equivalent to 334 atomic bombs. #Geology #GeologyPage #earthquake #Myanmar #thailand https://t.co/41Onsz7WrA
myanmar earthquake 2025,1907191241948946494,2025-04-01_22-00-00,en,UN News,False,814589,"Manhattan, NY",24,41,12,#Myanmar: UN humanitarians warn that the needs are massive and that the window for lifesaving response is closing. https://t.co/aNCuommuTS https://t.co/ppPVmf1sxj
myanmar earthquake 2025,1907192499493654594,2025-04-01_22-05-00,es,adn40,False,1119484,México,2,5,0,"🇲🇲😔Myanmar declara una semana de luto nacional tras el devastador terremoto que dejó más de 2,000 muertos https://t.co/V5oh1t3bQu"
myanmar earthquake 2025,1907198823124062604,2025-04-01_22-30-08,vi,Nga Nga,False,2289,"Hồ Chí Minh, Việt Nam",1,23,3,"Trân trọng những giây phút yên bình bên gia đình, bạn bè,chiến hữu, đặc biệt trong những hoàn cảnh tưởng chừng mong manh trước thiên nhiên hùng vĩ. Đọc, xem những tin về trận động đất ở Myanmar khi con số người c.h.ế.t đã hơn 3000 trong khi những người sống sót đang thiếu thực phẩm, nước và nơi ở tạm thời. Tự thấy chúng mình may mắn, sống ở vùng đất may mắn được thiên nhiên ưu đãi. Ít chịu những ảnh hưởng nặng nề khủng khiếp so với các quốc gia láng giềng như động đất, sóng thần… Lòng biết ơn không chỉ dừng lại ở việc cảm nhận sự bình yên, mà còn thúc đẩy ý thức bảo vệ và gìn giữ thiên nhiên. Nó nhắc nhở chúng ta về tầm quan trọng của việc sống hài hòa & trân quý từng khoảnh khắc yên bình trong cuộc sống. Mỗi ngày trôi qua mà không có tiếng gầm rú của đất trời, không có cảnh đổ nát hay mất mát, là một ngày hạnh phúc. 🍀 Yêu đất, giữ cho đất sạch đất khoẻ cũng góp phần tạo nên hạnh phúc phải không các bạn? ☘️"
myanmar earthquake 2025,1907199296459477354,2025-04-01_22-32-00,en,PBS News,False,1169855,"Arlington, VA",22,20,1,"As the window narrows to find survivors of the Myanmar earthquake, aid groups are warning of the overwhelming need for food, water and health care. @TheStephSy reports. https://t.co/K3THFv3PwG"
myanmar earthquake 2025,1907204299894968627,2025-04-01_22-51-53,en,BitMind | Bittensor Subnet 34 τ,False,18014,,23,217,31,"Our thoughts are with those affected in Myanmar. As deepfakes circulate, it’s never been more important to stay informed. When in doubt, just BitMind it. https://t.co/WTziUl8i5d"
myanmar earthquake 2025,1907208101775781896,2025-04-01_23-07-00,en,Radio Free Asia,False,80865,"Washington, DC",13,19,0,Thailand's search and rescue dogs are providing emotional support to grieving relatives of victims after a deadly earthquake flattened a Bangkok skyscraper. #earthquake #Thailand #Myanmar #dog https://t.co/Lk7Rf7gB5a
myanmar earthquake 2025,1907208570447552976,2025-04-01_23-08-52,es,Noticias y Memes,False,84184,México ,2,7,1,"La brigada internacional de rescate Topos Azteca está apoyando en Myanmar. Desde México hasta Asia, estos héroes anónimos siguen salvando vidas donde más se necesita. https://t.co/gpFAcMN87G"
myanmar earthquake 2025,1907209108513554776,2025-04-01_23-11-00,en,Lianna-Adams.eth|tez ✨ humanity-first culture,False,4564,🌏 earth,1,8,1,"How can we ensure that aid reaches those in need in Myanmar after the recent earthquake? Join us on Thurs, Apr4 at 1pm est as we want to hear your ideas & insights! Let’s come together to support those affected. Set Your Reminders ⬇️ https://t.co/JNU9EmK79v"
myanmar earthquake 2025,1907210114987143223,2025-04-01_23-15-00,en,Reuters Asia,False,663702,,0,2,0,"Shelter, clean water and medicine are in short supply following the earthquake in Myanmar that caused significant structural damage and had a devastating human toll, multiple UN agencies said https://t.co/ifkXIoeSY2 https://t.co/ujUrkJOA98"
myanmar earthquake 2025,1907212446185701739,2025-04-01_23-24-16,en,Zoey🦋,False,659,,30,107,1,Myanmar kelulis donated money to the earthquake-stricken areas in Myanmar and Lusi launching Welfare Organisation It’s really heartwarming seeing Lusi and kelulis doing charity 🥺💜 #ZhaoLusi https://t.co/9PwSsFdlEl
myanmar earthquake 2025,1907212631624061089,2025-04-01_23-25-00,en,Reuters,False,25577591,Around the world,4,14,2,"UN agencies said medicine, shelter and clean water are running scarce in the quake-hit areas of Myanmar adding that the population was at risk of contracting cholera as plumbing infrastructure had been severely hit https://t.co/WxEXbytOo3 https://t.co/sMXNTXFPnS"
myanmar earthquake 2025,1907213795799290232,2025-04-01_23-29-37,en,World Vision USA,False,525976,"Federal Way, WA",2,4,0,Homes leveled. Thousands displaced. Lives lost. Our local staff are experiencing the devastation firsthand and working to help those who need it most. Watch for the latest update — and keep Myanmar in your prayers. https://t.co/j6N3eB9v3H https://t.co/dRjBgNnmOa
myanmar earthquake 2025,1907219872435548432,2025-04-01_23-53-46,en,SatWorld,False,5250,अटलाण्टिस्,286,871,20,"🔴⚠️🛰🇲🇲Impressive displacement is visible in the comparison of before/after images from #sentinel2 resampled at 5m, along the north-south rupture caused by the 7.7 magnitude #earthquake in #Myanmar.⬇️Area just 4km NW of #Mingun. #MyanmarStillNeedsHelp #MyanmarEarthquake https://t.co/UaYl1xKk43"
myanmar earthquake 2025,1907221441625653505,2025-04-02_00-00-00,en,EWTN News Nightly,False,53842,Washington D.C.,3,9,0,"For nearly 30 years, the Order of Malta has been on the ground in Myanmar, delivering vital medical aid and humanitarian support to those who need it most. Now, in the wake of the devastating earthquake, their mission has taken on a new urgency. https://t.co/nBVOH0vM2p"
myanmar earthquake 2025,1907224518675825109,2025-04-02_00-12-14,en,NFSC Speaks,False,191006,New Federal State of China,207,228,8,"2025.4.1 A 7.7-magnitude quake recently struck Myanmar—but it was CCP corruption that brought down Thailand's Audit Office. Built by the CCP-backed China Railway Engineering Corporation (CREC) under Beijing's Belt and Road Initiative, this ""Tofu Dregs"" structure crumbled in seconds, burying over a hundred people. The debt trap has become a death trap. How many more lives must be lost before the world stops footing the bill?"
myanmar earthquake 2025,1907228895122006021,2025-04-02_00-29-37,es,GeotechTips,False,260316,"Tijuana, Baja California",9,17,1,El sismo de Myanmar y Tailandia fue tan potente que liberó una energía equivalente a 334 bombas atómicas.
myanmar earthquake 2025,1907230619303821703,2025-04-02_00-36-28,vi,@Minhsondang,False,7254,Vietnam,3,91,1,Hôm qua ThaiLan chơi luôn một chiếc vận tải cơ C-130 cùng với 55 binh sĩ đến Myanmar để hổ trợ thảm hoạ động đất! https://t.co/aD2yVAaAUc
myanmar earthquake 2025,1907232896420917402,2025-04-02_00-45-31,tl,DZBB Super Radyo,False,269100,Republic of the Philippines,2,3,0,".@COMELEC, tiniyak na hindi maaapektuhan ang overseas voting sa Myanmar kasunod ng malakas na lindol doon. | via @luisitosantos03 https://t.co/TWFI9LTeTh"
myanmar earthquake 2025,1907236287427359211,2025-04-02_00-59-00,en,DW News,False,753483,Germany,24,30,2,"As the death toll from last week's earthquake in Myanmar climbs to 2,700, many survivors are opting to sleep outdoors, expressing fears that it still isn't safe to return home. https://t.co/Iu8L5rNHL2"
myanmar earthquake 2025,1907240314248606129,2025-04-02_01-15-00,en,Radio Free Asia,False,80865,"Washington, DC",4,3,0,Families wait for news of their loved ones at Mandalay's Sky Villa condominium #Myanmar #earthquake https://t.co/mm5RSvI54Z
myanmar earthquake 2025,1907241706602234001,2025-04-02_01-20-32,en,𝙶𝚛𝚊𝚌𝚎🪐,False,40,Myanmar ,31,77,0,Special thanks to @Numone_Official for donating this much to Myanmar 🙏🏻🤍 #Fourthnattawat #โฟร์ทณัฐวรรธน์ @tawattannn #Myanmar #Mandalay #MyanmarEarthquake #WhatsHappeningInMyanmar #HelpMyanmarQuake #earthquake https://t.co/z9raWGYBRS
myanmar earthquake 2025,1907244202523853246,2025-04-02_01-30-27,in,́𝐌𝐄_ 🌿,False,11890,𝟐𝟑 𝐟𝐞𝐛𝐫𝐮𝐚𝐫𝐢 𝟐𝟎𝟐𝟓,0,43,40,Gempa bumi dahsyat di Myanmar pada tanggal 28 Maret telah memperburuk situasi kemanusiaan yang sudah mengerikan bagi jutaan orang di negara tersebut. Junta militer harus segera mengizinkan akses bantuan kemanusiaan bagi para penyintas dan mencabut pembatasan yang menghambat tanggap darurat.
myanmar earthquake 2025,1907251317141016955,2025-04-02_01-58-43,en,Hong Kong Free Press HKFP,False,424758,Hong Kong,7,26,7,"[Recap] A Chinese construction company is facing questions over the deadly collapse of a Bangkok skyscraper during a quake that has killed more than 2,000 people in Thailand and neighbouring Myanmar. https://t.co/Lvg4PbhdE6"
myanmar earthquake 2025,1907251640920580545,2025-04-02_02-00-00,en,Reuters,False,25577591,Around the world,26,95,7,"Kwon Youngjun leapt across a splitting bridge connecting two skyscrapers in Bangkok during an earthquake, to get to his wife and daughter. He recounts the moment, which was caught on camera by a Thai reporter https://t.co/hbkEFD2W7j https://t.co/ttyTEWk0XL"
myanmar earthquake 2025,1907251645127262527,2025-04-02_02-00-01,en,Fortify Rights,False,43911,,15,25,1,"“I am participating in this revolution by working to ensure human rights and medical treatment.” Dr. Maung Maung joined the Civil Disobedience Movement to protest Myanmar military junta. Now exile in Thailand, he continues his work, assisting those affected by the junta’s crimes and ensuring human rights for all. Following Myanmar’s deadly earthquake, he and many other exiled doctors long to return to help with the emergency response, but fear arrest and torture by the junta military for their pro-democracy activities."
myanmar earthquake 2025,1907259189212410222,2025-04-02_02-30-00,en,"People's Daily, China",False,6582813,"Beijing, China",44,181,4,"The Chinese Red Cross International Emergency Response Team deployed an illumination drone to assist the rescue operations in the quake-struck Mandalay, Myanmar. The team of 15 members arrived in the city on Monday. https://t.co/rUSQu09Q2C"
myanmar earthquake 2025,1907260019026153881,2025-04-02_02-33-18,en,Jane Nguyen 🇻🇳,False,2337,"Hà Nội, Việt Nam",44,268,6,Vietnamese rescue forces with children in Myanmar 🥺. 🇻🇳🇲🇲 https://t.co/Barb4mDAiw
myanmar earthquake 2025,1907261260682383631,2025-04-02_02-38-14,es,Paisa 🇦🇷,False,7229,"Olavarria, Buenos Aires",1,49,11,"A ver, muestrenme el cuchillo que va con ustedes para todos lados. Este es el mio, me lo regalo @marcosvilamoret que lo compro en Myanmar. https://t.co/01YQgoOOaW"
myanmar earthquake 2025,1907267866631823801,2025-04-02_03-04-29,en,Leong Wai Kit,False,39670,Myanmar,57,181,8,"1/2 WATCH: Singapore non-profit group Humanity Matters flew to #Myanmar less than a day after 7.7-quake hit It linked up with local partners to provide water, sanitation, shelter to survivors Group regularly in Myanmar including during Cyclone Mocha https://t.co/3T9HLxRueK"
myanmar earthquake 2025,1907267921983967299,2025-04-02_03-04-42,en,Global Times,False,1895385,"Beijing, China",30,103,7,"A Chinese-Myanmese-English translation system developed based on #DeepSeek for emergency response has been used on the frontlines after central Myanmar was hit by an earthquake, according to the Chinese Embassy in Myanmar. The system was jointly developed in just 7 hours by a linguistic support team from the secretariat of China's national emergency language service and Beijing Language and Culture University, using DeepSeek. The platform has so far served over 700 users in Myanmar, CCTV News reported."
myanmar earthquake 2025,1907269218481140176,2025-04-02_03-09-51,en,🇮🇱 Ruth Zakh,False,4908,Yangon,59,146,15,"Embassy of Israel in Yangon sending aid to Mandalay sponsored by @MASHAVisrael , Israel Aid Agency. From the people of Israel and the Ministry of Foregin Affairs of Israel with love to the people of Myanmar in their time of sorrow. https://t.co/oFzSVvZo4Z"
myanmar earthquake 2025,1907270515166748704,2025-04-02_03-15-00,en,Samaritan's Purse,False,1030283,"Boone, NC",120,762,35,Prayer Request: Pray for safety for our Disaster Assistance Response Team and our DC-8 pilots and crew as they make the journey to Myanmar. Please continue to pray for all those impacted by the recent earthquake.
myanmar earthquake 2025,1907270602060165359,2025-04-02_03-15-21,en,Samaritan's Purse,False,1030283,"Boone, NC",81,331,9,Samaritan's Purse is responding in Myanmar in the aftermath of the deadly earthquake. We ask you to join us in praying for our team responding as well as the people who have been directly impacted by this earthquake. For more information on how you can get involved visit https://t.co/VNvK7D8bFv
myanmar earthquake 2025,1907272248844853455,2025-04-02_03-21-54,en,TAYTAWAN Myanmar Fanpage 🌻,False,3147,Myanmar,215,307,1,"When a powerful earthquake shook Myanmar and thousands of people died across the country, the military council launched offensives in some areas. Bombing attacks are being carried out from the air. EMERGENCY AID FOR MYANMAR #HelpMyanmarQuake https://t.co/HOBJt5N4Tj"
myanmar earthquake 2025,1907272556568313966,2025-04-02_03-23-07,en,The Irrawaddy (Eng),False,735806,,65,131,2,"The Unsung Heroes of Disaster Rescue Saving Lives in Myanmar In Myanmar and Thailand, highly trained search-and-rescue dogs from both civil protection and K-9 units are sniffing out survivors from Friday’s earthquake. #Myanmar #Thai #Russia #dog #canine #K9 #earthquake #disaster #humanitarian #aftermath #rescue #whatshappeningnowinmyanmar #MyanmarEarthquake"
myanmar earthquake 2025,1907274051522830729,2025-04-02_03-29-03,ne,Sudha Myanmar (aatri),False,2138,Myanmar,25,143,17,म्यान्मा नागरिकहरूको दुखद भोगाइ https://t.co/rySScSTGm7
myanmar earthquake 2025,1907274243995291903,2025-04-02_03-29-49,ne,Sudha Myanmar (aatri),False,2138,Myanmar,0,13,4,म्यान्माको माण्डले नगरपालिका यमेतिन नगरको पुरातन मन्दिर भूकम्पले ढलाएपछि नैतिक शिक्षा अध्ययन गर्ने १३ जना बालकको मृत्यु भएको छ । https://t.co/oxHRMLpsFX
myanmar earthquake 2025,1907274409230152127,2025-04-02_03-30-29,en,Oli London,False,557143,,25,168,8,"🇮🇱📦🇲🇲Israel delivering aid to the earthquake victims in Mandalay, Myanmar following the devastating 7.7 magnitude earthquake which claimed an estimated 3000 lives. The @IsraelinMyanmar and @IsraelMFA is providing and facilitating the aid after the worst earthquake in the country in a century. The death toll is expected to hit over 3,000 today, whilst m 4,500 people were injured and 441 remain missing. H/T @RuthZakh"
myanmar earthquake 2025,1907281939087638875,2025-04-02_04-00-24,en,UNICEF,False,9193908,,103,253,36,Children in Myanmar were already living through conflict and displacement. The earthquake has added yet another layer of fear and loss. UNICEF and partners have begun delivering essential supplies. Donate to support children in Myanmar: https://t.co/C22fNQL3LV https://t.co/DBM8V1yrMy
myanmar earthquake 2025,1907282341111976129,2025-04-02_04-02-00,en,DNA,False,2243387,,2,2,0,"#MyanmarEarthquake: Death Toll Rises Above 3000 After 7.7 Earthquake Jolts Myanmar | Bangkok #DNAVideos | #Myanmar | #Earthquake | #BangkokEarthquake For more videos, click here https://t.co/6ddeGFqM3o https://t.co/jwRQSpKwJQ"
myanmar earthquake 2025,1907282844403089779,2025-04-02_04-04-00,en,Radio Free Asia,False,80865,"Washington, DC",6,9,0,Video footage captured on Tuesday (April 1) showed an overcrowded hospital in Myanmar’s quake-devastated Mandalay city as injured victims lay awaiting medical treatment. #Myanmar #earthquake https://t.co/TTBSrwwRXf
myanmar earthquake 2025,1907282844629528702,2025-04-02_04-04-00,hi,DW Hindi,False,50089,"Bonn, Germany",4,16,0,कई बार जिंदगी मौत को हरा देती है. यही सच साबित हुई म्यांमार में जब भूकंप आने के बाद 60 घंटे बाद एक गर्भवती महिला और उसकी बेटी को मलबे से जीवित निकाला गया. #dwhindi #earthquake #myanmar https://t.co/yyWOPMAu8X
myanmar earthquake 2025,1907285385425674599,2025-04-02_04-14-06,es,Heraldo Binario,False,894,,4,5,1,#OMG | 🫨 Esta es la razón por la que el terremoto de 7.7 grados en #Myanmar fue tan destructivo. https://t.co/SumXoknR0j
myanmar earthquake 2025,1907285617211216373,2025-04-02_04-15-01,en,SBS News,False,540419,Australia,5,4,0,"Search and rescue efforts continue in Myanmar following last week's 7.7 magnitude earthquake. More than 2,000 people have died, and hundreds are still missing. Aid groups have raised concerns about limited access to drinking water, food and healthcare. https://t.co/1BV2CusWY3"
myanmar earthquake 2025,1907296942033678446,2025-04-02_05-00-01,en,TRT World Now,False,250783,"Istanbul, Türkiye",3,7,1,"As search and rescue operation in the aftermath of Myanmar earthquakes enters its sixth day, UN officials call for more aid ahead of the monsoon season https://t.co/Vrb7hS219q"
myanmar earthquake 2025,1907297174003810318,2025-04-02_05-00-56,en,ANI,False,8628492,India,6,28,2,"#WATCH | Bangkok, Thailand | On PM Narendra Modi's visit to Thailand, the Ambassador of India to Thailand, Nagesh Singh, says, ""... Thailand, at times, is used as a transit route for people going into scamming centres offering fake job offers or to illegal casinos in Myanmar, Laos, or Cambodia... Around 10 March, with the Royal Thai Government's support, Thailand sent back 549 of our citizens who were caught there... Such criminal enterprises have security implications for every country. So, I think there will be a discussion between our two sides because it's an issue of common concern for both the countries..."""
myanmar earthquake 2025,1907297264365715706,2025-04-02_05-01-18,it,Tgcom24,False,1555119,,10,42,1,"Terremoto Myanmar, 26enne estratto vivo dopo 5 giorni dal sisma #terremoto #myanmar #birmania #2aprile https://t.co/LG8plbAXlr"
myanmar earthquake 2025,1907297385329439226,2025-04-02_05-01-47,en,The Irrawaddy (Eng),False,735806,,12,18,1,"Buildings in Myanmar’s parliament complex in Naypyitaw have been severely damaged by Friday’s 7.7-magnitude quake, which has killed over 2,700 people and is the strongest quake to hit Myanmar since the 8-magnitude, Maymyo-centered quake of 1912. #WhatsHappeningInMyanmar https://t.co/qeso2WWxRW"
myanmar earthquake 2025,1907302051559752160,2025-04-02_05-20-19,en,Prashanth Rangaswamy,False,730731,"Chennai, India",193,2554,17,The real power of Myanmar earth quake ! https://t.co/C3CkoW0xUl
myanmar earthquake 2025,1907302212616728980,2025-04-02_05-20-58,en,Good Morning Britain,False,1020002,London,5,37,8,"Earthquake rescue workers have pulled a woman alive from the rubble of a building in Myanmar's capital after more than four days, but hope is fading of finding many more survivors of the earthquake that killed at least 2,000. @swainitv has the latest. https://t.co/2MgN0LujRI"
myanmar earthquake 2025,1907303214329774127,2025-04-02_05-24-56,en,SlavicFreeSpirit,False,26636,,32,84,5,"As Myanmar grapples with the aftermath of a 7.7 magnitude earthquake that has left 2000 dead within four days, Russia, China, and India have come to the Southeast Asian nation's rescue. West is missing due to lack of money and endless wars. https://t.co/Y1umchJyiv"
myanmar earthquake 2025,1907304338739061158,2025-04-02_05-29-25,en,Myanmar Red Cross,False,18552,Myanmar,10,22,0,"🚑 This morning, our deployed team in #Mandalay set up the perimeter to begin operations. Focus Areas: 🏥 Primary Health Care 📦 Relief Distribution 🤝 Humanitarian Assistance We remain committed to supporting those affected. #RedCross #EarthquakeResponse https://t.co/0IYxICn4Vg"
myanmar earthquake 2025,1907305776378515917,2025-04-02_05-35-07,es,𝑴𝒚𝒔𝒕𝒆𝒓𝒚 𝑾𝒐𝒓𝒍𝒅 𝑵𝒆𝒘𝒔,False,39471,Tu conciencia,8,38,2,"🔴🇲🇲MYANMAR - #ULTIMAHORA 🚨📈IMPRESIONANTES IMAGENES MUESTRAN EL DESPLAZAMIENTO DE LA TIERRA TRAS EL TERREMOTO DE 7,8 DE HACE 4 DIAS En estas impresionantes imágenes que distan entre si 5 dias se observa perfectamente el desplazamiento de la zona izquierda de la falla mostrando algo que pocas veces se puede ver....realmente increíble como se desplazo. 📲Síguenos si quieres estar al día de todas las noticias de actualidad y que no encontraras en otros canales @mysteryWN"
myanmar earthquake 2025,1907305940430270606,2025-04-02_05-35-46,en,Myanmar Red Cross,False,18552,Myanmar,11,18,1,"🔴 In #Sagaing, our teams are on the ground assisting #earthquake-affected communities. ⛑️ Providing First Aid &amp; Medical Support 📦 Distributing Relief Items 🧠 Offering Psychosocial Support Together, we stand with those in need. https://t.co/gx8urVZaL7"
myanmar earthquake 2025,1907306248233451706,2025-04-02_05-37-00,en,CGTN,False,12811620,"Beijing, China",20,27,0,CGTN reporter witnesses rescue of fourth earthquake survivor in #Myanmar #CGTNOntheSite https://t.co/H1Q4Wmomss
myanmar earthquake 2025,1907306964528570825,2025-04-02_05-39-51,en,CRPH Myanmar,False,273035,Myanmar,60,68,2,"Junta rejects quake ceasefire, death toll hits 2,719 While global attention remains focused on the earthquake’s destruction, Myanmar’s military has continued its attacks against resistance groups across the country. #MyanmarEarthquake Read more: https://t.co/NXt00qDgJ9 https://t.co/BMhBATHDhF"
myanmar earthquake 2025,1907307896997650707,2025-04-02_05-43-33,en,Lord Bebo,False,642001,Europa,10,90,2,"🇲🇲 RESCUED! The grandmother with her two granddaughters who were trapped in the ruins of their house in Myanmar after the earthquake, were rescued! Nice https://t.co/5M1ePS7tQl"
myanmar earthquake 2025,1907308330118467889,2025-04-02_05-45-16,en,Degen Station,False,129198,,33,41,34,"Experienced the 7.7 magnitude earthquake in Chiang Mai: A digital nomad’s account 🌍🚨 On March 28, 2025, a 7.7 magnitude earthquake hit Myanmar, shaking Thailand. As a digital nomad in Chiang Mai, I felt the tremors during class and rushed to safety. Chiang Mai had minimal damage, but many Web3 professionals were left without a clear emergency plan. ⚡ Bangkok, 1000 km away, faced worse: a 30-story building collapsed, and traffic was paralyzed. 🚧 Southeast Asia Blockchain Week was canceled. ❌ In response, Web3 communities rallied for relief: Binance donated BNB, and IOST set up transparent donation funds. 💰 Blockchain shows its power in times of crisis. 🔗 #CryptoRelief #Web3 #BlockchainForGood #Earthquake"
myanmar earthquake 2025,1907309031246442861,2025-04-02_05-48-03,en,Greater Kashmir,False,533261,"Srinagar, Jammu and Kashmir",14,101,1,#GKShorts | ‘Hero’ nurses cling to protect newborns during Myanmar earthquake https://t.co/5ZjXfF8Hlc
myanmar earthquake 2025,1907309379982143867,2025-04-02_05-49-26,en,Zhao Lusi | Kelulis PH,False,3892,Republic of the Philippines,29,64,0,"📣 [CALLING ALL KELULIS] Let’s unite and stand with Myanmar in this time of need. Kelulis Helping Hand A global support initiative for earthquake relief in Myanmar. 🗓️April 1–15, 2025 Proceeds go directly to Clean Yangon, providing on-the-ground aid. Be part of the help: 🔗 https://t.co/5DYBxseKOy Even a small act of kindness can bring hope. Let’s show the world the heart of #ZhaoLusi fans. #RosyZhao #조로사 #จ้าวลู่ซือ"
myanmar earthquake 2025,1907315749108027781,2025-04-02_06-14-45,en,We Are Not Food,False,7157,,181,546,12,"Cats' lives matter! A kitten that was trapped under building for five days was rescued on April 1st, 2025, in Mandalay, Myanmar. #catslivesmatter #helpanimals #bekindtoanimals #compassion https://t.co/fccxB6N5uZ"
myanmar earthquake 2025,1907315975143178651,2025-04-02_06-15-39,en,Massimo,False,2414778,"Italy, North by Northwest",182,1360,33,A Chinese earthquake rescue team deploying drones to light up the night and aid search and rescue operations after the devastating 7.7 magnitude earthquake in Myanmar. https://t.co/pmpIdE2XK0
myanmar earthquake 2025,1907317419820949766,2025-04-02_06-21-23,en,United Nations in Myanmar,False,226732,"Yangon,  Myanmar",31,44,6,"The world must step up and support the people of Myanmar, urges @UNMyanmar RC/HC a.i. It is a matter of putting the people of Myanmar in higher attention of everybody because they deserve the world's attention. https://t.co/VMjA7maET8"
myanmar earthquake 2025,1907318130608927153,2025-04-02_06-24-13,en,CSE Aspirants,False,2633,INDIA,1,18,6,Which states of India have a common border with Myanmar ? Comment your answer 👇🏻 #upscprelims2025 #mppsc #uppsc #Bangkok #erthquake #AprilFoolsDay #Myanmar #EidMubarak #Iceman #WednesdayMotivation #Vantara #AnantAmbani #CSKvsDC #WaqfBoard
myanmar earthquake 2025,1907318511732703697,2025-04-02_06-25-44,en,CSE Aspirants,False,2633,INDIA,0,14,5,Which one of the following countries share the longest land frontier with India ? Comment your answer 👇🏻 #upscprelims2025 #mppsc #uppsc #Bangkok #erthquake #AprilFoolsDay #Myanmar #EidMubarak #Iceman #WednesdayMotivation #Vantara #AnantAmbani #CSKvsDC #WaqfBoard
myanmar earthquake 2025,1907319205021798599,2025-04-02_06-28-29,en,Myanmar Red Cross,False,18552,Myanmar,10,18,1,💧 #Water is essential after an #earthquake. Our team in #Naypyitaw distributed #drinking water to affected communities on April 1 to support their urgent needs. https://t.co/98LGc0F19C
myanmar earthquake 2025,1907320970043621775,2025-04-02_06-35-30,en,ASEAN NOW Thailand,False,42362,Thailand,2,11,0,"China has censored online discussions about a China-built skyscraper collapsing in Bangkok during the Myanmar earthquake. Experts warn it signals poor construction, raising concerns over China’s overseas projects. #Bangkok #China #BeltandRoad https://t.co/HMfNXNaiBY"
myanmar earthquake 2025,1907321208846307346,2025-04-02_06-36-27,en,ASEAN NOW Thailand,False,42362,Thailand,4,6,0,"A pregnant woman was rescued in Myanmar 90+ hours after the quake, offering rare hope amid devastation. In Bangkok, rescuers race to find survivors in the collapsed State Audit Office. #Myanmar #Bangkok #Earthquake https://t.co/8N5vRkcobM"
myanmar earthquake 2025,1907322116787093674,2025-04-02_06-40-03,en,Reuters,False,25577593,Around the world,10,17,4,"Myanmar's ruling junta should free up movement by international aid workers to help survivors of a devastating earthquake, even in areas controlled by groups battling it, aid and human rights groups said, as the death toll looks set to cross 3,000 https://t.co/DCFfIW3td7"
myanmar earthquake 2025,1907322477447098479,2025-04-02_06-41-29,en,Elaine Pearson,False,30341,,9,13,1,"Spoke to @dwnews about the devastating earthquake in Myanmar and how days after the earthquake, people remain trapped in the rubble as family members and volunteer rescue workers desperately search for survivors with no machinery or safety equipment. https://t.co/n5rxT4GsDA"
myanmar earthquake 2025,1907322516575867198,2025-04-02_06-41-38,en,Bangkok Post,False,230750,Thailand,5,19,3,"Rescuers on Wednesday pulled a man alive from the rubble five days after Myanmar's devastating earthquake, as calls grew for the junta to allow more aid in and halt attacks on rebels. Listen to the story or get the full story in the 1st comment. #myanmar #mandalay #earthquake #rescued #แผ่นดินไหว #พม่า"
myanmar earthquake 2025,1907323218974667123,2025-04-02_06-44-26,en,LingOrm Myanmar Fanbase,False,1726,Myanmar,12,30,1,"Myanmar junta forces on Monday reportedly fired on a 9-vehicle Red Cross China aid convoy for earthquake victims, despite prior notice, according to the TNLA. #MyanmarEarthquake https://t.co/d9TwEjG3XP"
myanmar earthquake 2025,1907323430522765409,2025-04-02_06-45-16,en,Anadolu English,False,239612,Ankara - TÜRKİYE,4,9,1,"💢 Day 6 of search and rescue in Myanmar after deadly 7.7 quake Death toll: 2,719 Injured: 4,521 Missing: 440+ Collapsed buildings, damaged roads hamper aid. Junta declares 7 days of mourning as fears grow for those still trapped https://t.co/6SyHeG2cVw https://t.co/1TfgRoxbYZ"
myanmar earthquake 2025,1907324870159163732,2025-04-02_06-51-00,en,DD News,False,3745769,DDNews,5,15,0,"The Indian government’s National Disaster Response Force #NDRF is at the forefront of rescue operations in Mandalay, Myanmar. In the wake of destruction, their mission is clear: to save lives and bring relief to those affected. #MyanmarEarthquake @NDRFHQ @tapasjournalist https://t.co/A93QRntQgF"
myanmar earthquake 2025,1907324909325365380,2025-04-02_06-51-09,en,UN Special Rapporteur Tom Andrews,False,375283,,155,198,15,"Senior General Min Aung Hlaing has described ongoing junta attacks in the midst of Myanmar's suffering as ""necessary protective measures"". They are neither necessary nor protective. They are outrageous and should be condemned in the strongest possible terms by world leaders."
myanmar earthquake 2025,1907326387750330439,2025-04-02_06-57-01,in,Earthquake Map,False,2423,,0,0,0,"【m3.9】MYANMAR 6km Apr 02, 2025 06:37:00 UTC (G)https://t.co/GoKA45KFv1 (EMSC)https://t.co/bvyjPl50M2"
myanmar earthquake 2025,1907327138526630341,2025-04-02_07-00-00,en,Ynetnews,False,76406,"Rishon Lezion, Israel",4,7,0,"Miracle in the rubble: Rescued alive 5 days after the earthquake *** A young man who worked at a hotel that collapsed in Myanmar’s capital was pulled out conscious, more than 100 hours after the deadly earthquake. The quake caused massive destruction across the country, with over 2,700 people killed. #Myanmar #Mirale #HotelEmmployee #Rescue #Ynetnews #YnetGlobal #Earthquake"
myanmar earthquake 2025,1907327209418748115,2025-04-02_07-00-17,en,rii⁷ ꢾ୧,False,1940,22 | OT7 | she/her ,55,86,1,"Recently uploaded video shows the moment the Sky Villa Condominium in Mandalay collapsed during the quake. 5 lower storeys collapsed, killing dozens if not hundreds of people there. EMERGENCY AID FOR MYANMAR #HelpMyanmarQuake https://t.co/RvFuh4s4Y9"
myanmar earthquake 2025,1907329155957400002,2025-04-02_07-08-01,in,Earthquake Map,False,2423,,0,0,0,"【m4.0】MYANMAR 10km Apr 02, 2025 06:47:53 UTC (G)https://t.co/k9oNFAIjFI (EMSC)https://t.co/E8LMY1IZMU"
myanmar earthquake 2025,1907330067858133107,2025-04-02_07-11-39,en,ANI,False,8634085,India,15,37,1,"#WATCH | Myanmar Earthquake | The NDRF team conducts rescue operations at the 'U hla thein' monastery in Mandalay following the devastating 7.7-magnitude earthquake that struck Myanmar on March 28, 2025. Nearly 120 people are still feared trapped inside the debris of the monastery."
myanmar earthquake 2025,1907331898268864893,2025-04-02_07-18-55,es,UNICEF España,False,280657,Madrid,2,6,0,"Terremoto en Myanmar: las necesidades para la infancia aumentan cada hora. En un escenario de devastación, con pueblos enteros arrasados ​​y carreteras intransitables, nuestros compañeros distribuyen productos esenciales https://t.co/UdSQzcqEEX https://t.co/yC4xHvQdqY"
myanmar earthquake 2025,1907332141345886504,2025-04-02_07-19-53,en,ANI,False,8634085,India,8,23,0,"#WATCH | Myanmar Earthquake | The NDRF team conducts rescue operations at the 'U hla thein' monastery in Mandalay following the devastating 7.7-magnitude earthquake that struck Myanmar on March 28, 2025. Nearly 120 people are still feared trapped inside the debris of the monastery."
myanmar earthquake 2025,1907333007775572212,2025-04-02_07-23-20,en,Insight Myanmar Podcast,False,1926,Myanmar,0,0,0,"Myanmar in Crisis: Thousands Killed, Injured, or Missing After Devastating Earthquake A powerful earthquake has left Myanmar in ruins, with a staggering 3,756 confirmed fatalities, 4,575 injured, and 705 missing as of April 1, 2025. The scale of this d… https://t.co/m0PjdnkMvM https://t.co/n2u83cETJ1"
myanmar earthquake 2025,1907333679363584084,2025-04-02_07-26-00,en,China Daily,False,4150674,"Beijing, China",5,16,2,"Chinese drones equipped with lights illuminate the night sky over #Myanmar's quake zone, serving as a vital ""lifeline"" for ongoing rescue operations. #earthquake https://t.co/mZfpkCTrwT"
myanmar earthquake 2025,1907333743007674879,2025-04-02_07-26-15,en,Telangana Beats,False,250,,0,2,0,"🚨Children walk past a collapsed building in #Mandalay on April 2, 2025, five days after a major #earthquake struck central #Myanmar - AFP Photo https://t.co/FTPfiVHota"
myanmar earthquake 2025,1907335088683241976,2025-04-02_07-31-36,en,Bangkok Post,False,230750,Thailand,18,52,9,"A condominium glut in Bangkok is set to worsen after a deadly earthquake in neighbouring Myanmar damaged thousands of skyscrapers in the Thai capital, spooking prospective buyers. Listen to the story or get the full story in the 1st comment. #condominium #property #earthquake #oversupply #คอนโด"
myanmar earthquake 2025,1907336007718244791,2025-04-02_07-35-15,en,Oli London,False,557143,,12,65,8,"🇮🇱🏍️🇲🇲Israel donates motorbikes in Myanmar to help distribute humanitarian aid supplies to the victims of the earthquake, where an estimated 3,000 people lost their lives. The motorbikes will help deliver aid in Mandalay to areas cut off by destroyed roads, following the 7.7 magnitude earthquake. In addition to the motorbikes, Israel has donated humanitarian aid supplies. @IsraelMFA @IsraelinMyanmar @RuthZakh @Israel"
myanmar earthquake 2025,1907337414227464502,2025-04-02_07-40-50,en,Grok,False,3486734,wherever you are,0,1,0,"@balaji31_ @im_inba1 No evidence supports a 7.8 magnitude earthquake in Bangkok on April 1, 2025. Likely a mix-up with a 7.7 magnitude quake in Myanmar on March 28, 2025, felt in Bangkok. Given the April Fool’s Day timing, it seems like misinformation."
myanmar earthquake 2025,1907337519521268183,2025-04-02_07-41-15,en,ANI,False,8628492,India,21,50,1,"#WATCH | Myanmar Earthquake | Visuals from the Army Field Hospital established by the Indian Medical contingent in Mandalay, Myanmar, under Operation Brahma, to provide first aid and emergency medical services following the devastating 7.7-magnitude earthquake that struck the country on March 28, 2025."
myanmar earthquake 2025,1907337951580942693,2025-04-02_07-42-58,en,Moderna Vaccinated 💉🧬🦠☣️ 🌍,False,1828,United Seaman’s Service Center,0,0,0,"Buddhist monks stand on rubble as they clear up debris at the damaged Thahtay Kyaung Monastery in Mandalay on April 1, 2025, four days after a major earthquake struck central Myanmar. https://t.co/0Y7xVvXhHz"
myanmar earthquake 2025,1907337959386550635,2025-04-02_07-43-00,en,Press Trust of India,False,4357586,"New Delhi, India",2,9,1,"VIDEO | Myanmar Earthquake: Indian relief and rescue teams, including NDRF, carry out operations at Old Ganga Ghat Hindu Temple in Mandalay. The temple was destroyed in the devastating earthquake that hit the country last Friday. #MyanmarEarthquake #Mandalay (Full video available on PTI Videos - https://t.co/bIyFWTfmBd)"
myanmar earthquake 2025,1907338354733318279,2025-04-02_07-44-35,en,Press Trust of India,False,4357586,"New Delhi, India",4,21,1,"VIDEO | Myanmar Earthquake: Victims continue to flock to Army Field Hospital, set up by India, at Old Mandalay Airport. At least 150 people have received treatment at the hospital so far. #MyanmarEarthquake #Mandalay (Full video available on PTI Videos - https://t.co/bIyFWTfmBd)"
myanmar earthquake 2025,1907339334480531474,2025-04-02_07-48-28,en,Nepali Army,False,193253,"Kathmandu, Nepal",84,394,28,"A 22-member #NepaliArmy medical assistance team with surgeons, orthopedics, medical doctors, nurses, and paramedics, along with various medicines and medical equipment, has departed for quake-hit Myanmar on Chaitra 20. https://t.co/AaSVn7gFw3"
myanmar earthquake 2025,1907342239569002685,2025-04-02_08-00-01,en,TRT World,False,624975,,49,70,1,"""We are stuck here. Please, help us"" A girl recorded footage of their ordeal after a 7.7 magnitude quake in Myanmar toppled their apartment, trapping her sister and grandmother in the wreckage. The girls and their grandmother were successfully rescued by local rescue workers https://t.co/hi4IH6jLCq"
myanmar earthquake 2025,1907343314631762219,2025-04-02_08-04-17,en,EPA Images,False,17455,Worldwide,1,5,0,"Young Buddhist novice monks relax at a makeshift temporary shelter in Mandalay, Myanmar, 02 April 2025. 📷 EPA / Nyein Chan Naing #Myanmar #earthquake #epaimages https://t.co/nTh8kkWxuO"
myanmar earthquake 2025,1907343350774288856,2025-04-02_08-04-26,en,The Times Of India,False,14753191,,5,20,1,"#MyanmarEarthquake | Visuals from the Army Field Hospital established by the Indian Medical contingent in Mandalay, #Myanmar, under #OperationBrahma, to provide first aid and emergency medical services following the devastating 7.7-magnitude #earthquake that struck the country. https://t.co/ZtRYDzTsLk"
myanmar earthquake 2025,1907343436300132746,2025-04-02_08-04-46,hi,TV9 Bharatvarsh,False,361562,"Noida, India",2,2,0,"भारत ने म्यांमार में 28 मार्च 2025 को आए 7.7 तीव्रता के भूकंप के बाद राहत कार्य शुरू कर दिया है. NDRF की टीम मांडले के ‘उ हला थीन’ मठ में बचाव और सर्च अभियान चला रही है, जहां मलबे में करीब 120 लोग फंसे होने की आशंका है #Myanmar | #Earthquake | #MyanmarEarthquake https://t.co/GHi1PLZBoF"
myanmar earthquake 2025,1907344336729092101,2025-04-02_08-08-21,en,Unruly King 👑,False,111621,,94,147,36,"Heartbreaking News💔 A massive 7.7 quake devastates Mandalay, Myanmar, and impacts Bangkok, Thailand. A Thread Not for the soft-hearted ⚠️ https://t.co/gWJn0ufvQp"
myanmar earthquake 2025,1907345498056642597,2025-04-02_08-12-58,en,𝐊𝐨𝐡 𝐒𝐚𝐦𝐮𝐢 𝐚𝐧𝐝 𝐁𝐞𝐲𝐨𝐧𝐝,False,43279,"Koh Samui, Thailand",1,4,0,"Sound Club is hosting a special night on Tuesday, April 8, 2025: ""Pray for Myanmar.” to support the victims of the Myanmar earthquake, with 40% of all sales going directly to charity efforts to aid those in need. For any Dj who wants to participate in the event, please contact Sound Club directly via their FB page or the official website. 🇲🇲🏝️🇹🇭 วันอังคารที่ 8 เมษายน 2568 Sound Club Samui ขอเชิญร่วมกิจกรรมการกุศล Pray for Myanmar 40% ของยอดขายจะนำไปช่วยเหลือผู้ประสบภัยแผ่นดินไหวในเมียนมาร์ ส่งมอบผ่านสถานีตำรวจภูธรตำบลบ่อผุด หลักฐานการบริจาคทั้งหมดจะถูกโพสต์บนโซเชียลมีเดียและเว็บไซต์อย่างเป็นทางการของเรา สำหรับดีเจท่านใดที่ต้องการเข้าร่วมกิจกรรม โปรดติดต่อเราและส่งรายละเอียดมาที่เพจโซเชียลมีเดียหรือเว็บไซต์อย่างเป็นทางการของเรา"
myanmar earthquake 2025,1907345645242859650,2025-04-02_08-13-33,en,ICRC,False,2258972,Geneva,47,88,6,📍 Myanmar | Our teams are now transporting medical items to Mandalay in response to the 7.7 earthquake. Read more about our response 👉🏽 https://t.co/2Pvd0upZSd https://t.co/uMLMlgTNyX
myanmar earthquake 2025,1907345926165049504,2025-04-02_08-14-40,en,BharatMeiteiVoice 🇮🇳,False,3824,,71,85,17,"Kuki population in Myanmar: 100K (1947) → 40K (1990). Where’d they go? Greener pastures—Voter IDs, Aadhar, ST benefits. And, Manipur’s Kuki population (minus British resettlements) exploded 55,564.7% from 1901 to 2022. https://t.co/G5prvMlAwD"
myanmar earthquake 2025,1907345936373960742,2025-04-02_08-14-42,en,Northeast Live,False,31319,"Guwahati, India",0,0,0,"#WATCH | Myanmar Earthquake | The NDRF team conducts rescue operations at the 'U hla thein' monastery in Mandalay following the devastating 7.7-magnitude earthquake that struck Myanmar on March 28, 2025. #MyanmarQuake #NDRF #RescueOperations #Mandalay #earthquake #northeastlive https://t.co/Kywps0nQvO"
myanmar earthquake 2025,1907349483844968922,2025-04-02_08-28-48,en,"Consulate of India, Chiang Mai",False,331,"Chiang Mai, Thailand",0,0,0,"Whether it was Nepal during 2015 earthquake or Myanmar during 2025 earthquake, India has become the first responder for HA/DR in the extended neighborhood underlining its civilizational value of ‘Vasudhaiva Kutumbkam’"
myanmar earthquake 2025,1907349785247379745,2025-04-02_08-30-00,en,China News 中国新闻网,False,696328,Beijing,36,101,7,An emergency translation system based on DeepSeek was first used to support the earthquake relief work in Myanmar. The Chinese-Myanmar-English translation system was developed within just seven hours. (Video from Yuyuantantian) https://t.co/ZWU8lW5IAG https://t.co/2vX3J7rVbV
myanmar earthquake 2025,1907349817266778149,2025-04-02_08-30-07,en,Geoengineer.org,False,4108,,0,0,0,"On March 28, 2025, a powerful magnitude 7.7 earthquake struck central Myanmar, shaking the region to its core—literally and figuratively. https://t.co/51GGno6vSw"
myanmar earthquake 2025,1907349893468823854,2025-04-02_08-30-26,en,New York Post,False,3395964,"New York, NY",6,33,11,Wild moment man leaps across a broken condo bridge in Bangkok to find family https://t.co/fWktwFy3Sn https://t.co/7kQa0vS6ds
myanmar earthquake 2025,1907350656978936275,2025-04-02_08-33-28,en,ENGLOT MYANMAR FANS 🇲🇲,False,4804,,35,123,0,Life😓 #WhatsHappeningInMyanmar https://t.co/MJRf6i5PGZ
myanmar earthquake 2025,1907352467064693075,2025-04-02_08-40-39,en,Ye Si Thu Aung,False,9069,Earth,0,0,1,"Amid Myanmar’s devastating earthquake March 28, 2025, the world around him crumbled—but he remained still. A young monk, seated in the exam hall, held his pen tightly, answering questions on the Dhamma. Hours later, rescuers found him—lifeless yet unmoved, his fingers still wrapped around his pen. Even in death, he never abandoned his duty. His final moment is a testament to unwavering faith and dedication. He is gone, but his spirit endures—a reflection of Myanmar’s believers, their devotion, resilience, and unshakable strength. 🙏🕊️"
myanmar earthquake 2025,1907356542225310104,2025-04-02_08-56-51,en,Nann☀️🌻,False,2,,0,0,0,"There will be a severe earthquake from Myanmar and the entire country of Thailand and all of Asia will be close to it. On April 21, 2025, the earth will shake violently. Buildings in Thailand can collapse, so be careful. https://t.co/bnA1QJCp0B"
myanmar earthquake 2025,1907356586642677794,2025-04-02_08-57-01,in,Earthquake Map,False,2423,,0,0,1,"【m3.6】MYANMAR 10km Apr 02, 2025 08:33:09 UTC (G)https://t.co/ZlUCkkjr2b (EMSC)https://t.co/cbtkat5uNp"
myanmar earthquake 2025,1907356679538192482,2025-04-02_08-57-24,en,NewsWire 🇱🇰,False,262561,Sri Lanka,10,85,3,Sri Lanka pledges USD 1 million aid to Myanmar https://t.co/giripv28M6
myanmar earthquake 2025,1907358040384307569,2025-04-02_09-02-48,en,BBC News (World),False,41339249,"London, UK",64,185,137,"USAID cuts put US on sidelines of Myanmar aid, former officials say https://t.co/Qtp2xDA5Tj"
myanmar earthquake 2025,1907359004151414953,2025-04-02_09-06-38,en,Mekong Institute,False,859,Greater Mekong Subregion,0,1,0,"The Mekong Institute extends its deepest sympathies to the people of Myanmar and Thailand in the wake of the catastrophic 7.7-magnitude earthquake that struck Myanmar on March 28, 2025. Stay informed about the recent earthquake and essential safety tips: https://t.co/gNEMul2G9p https://t.co/rvZCV52eR5"
myanmar earthquake 2025,1907361453126164554,2025-04-02_09-16-22,en,CRPH Myanmar,False,273035,Myanmar,24,40,2,"Myanmar's military fired at a Chinese aid convoy that was bringing supplies to areas hit by a magnitude 7.7 earthquake, claiming it was not notified that the convoy would be passing through ⤵️ https://t.co/ilZdYfoYkL"
myanmar earthquake 2025,1907362026948555114,2025-04-02_09-18-38,en,EarthMix:ABYS(𝐌𝐲𝐚𝐧𝐦𝐚𝐫𝐅𝐂),False,699,Myanmar,160,225,3,"Day2 , EarthMix Myanmar Fans donated Lunch box 200 , food, drinks and water to people that suffered from the recent earthquakes that happened in Mandalay, Amarapura (Myanmar) #EarthMix #เอิร์ทมิกซ์ #EarthPirapat #mixxiw @Earth_Pirapat @wixxiws #alwaysbesideyours https://t.co/S0yYopJkKx"
myanmar earthquake 2025,1907362171811758082,2025-04-02_09-19-13,en,星影梦境,False,2735,,0,1,0,"【Brief News Roundup】April 2, 2025 •Trump unveils “Liberation Day” tariffs in the Rose Garden, imposing reciprocal duties on multiple nations, rattling global markets (Reuters). •Myanmar earthquake toll nears 3,000, junta rejects ceasefire offers, worsening aid shortages (Reuters)。 •China’s Taiwan drills persist, with Taiwan deploying warships; Foreign Ministry says US sanctions “add fuel to the fire” (Reuters)。 •Israel ramps up Gaza operations, seizing more areas and evacuating residents on a large scale (Reuters)。 •Ukraine says Russia plans a new offensive, as Putin delays peace talks with Trump (Independent)。 •France’s Le Pen banned from office for 5 years over embezzlement, sparking party infighting (Reuters)。 •Syria’s transitional government holds first meeting, pledging reforms amid global attention (Reuters)。 •South Africa floods claim over 30 lives, with the government seeking more international help (BBC)。 •xAI begins X platform integration, with Musk promising an enhanced user experience (Reuters)。 •UK-US trade talks advance, Starmer hopes to ease Trump tariff fallout (Reuters)。 Info sourced from reliable outlets, compiled by Grok。 #TrumpTariffs #MyanmarCrisis #TaiwanTensions #GazaConflict #UkraineUpdate #LePenBan #SyriaReforms #SouthAfricaFloods #xAIUpgrade #UKUSTrade"
myanmar earthquake 2025,1907362493560979505,2025-04-02_09-20-30,en,China Daily,False,4150674,"Beijing, China",2,18,1,"Hundreds of professionally trained Chinese #volunteers have arrived in Mandalay to participate in the #rescue efforts, after a 7.9-magnitude #earthquake struck #Myanmar on March 28. They are racing against time to save lives despite facing numerous obstacles, including local high temperatures that reach up to 40 C during the day. Follow China Daily for the latest updates of the Myanmar earthquake relief."
myanmar earthquake 2025,1907367189964849195,2025-04-02_09-39-09,tl,"Bayan Mo, iPatrol Mo",False,836135,"Quezon City, Philippines",3,1,0,"#LindolPatrol #Bangkok, #Thailand | Marso 28, 2025 Ibinahagi ng Bayan Patrollers sa Bangkok, Thailand ang kanilang karanasan matapos yanigin ng magnitude 7.7 na #lindol ang lugar noong Marso 28. Basahin ang kaugnay na ulat: https://t.co/wySqqplkZ0 #Earthquake #Myanmar https://t.co/sM7jLS0Pi6"
myanmar earthquake 2025,1907367555032850534,2025-04-02_09-40-36,tr,Aslı,False,12098,,3,120,25,Kıyamet kopuyor adamların umurunda değil şezlongtan kalmiyorlar bile. #Myanmar #Deprem https://t.co/dvQa68DOiO
myanmar earthquake 2025,1907367761078018254,2025-04-02_09-41-26,en,Ada Derana,False,544951,Sri Lanka,5,20,4,"🚨NEWS ALERT: As a gesture of support, the Government of Sri Lanka has pledged USD 1 million in humanitarian aid to assist with ongoing relief and recovery efforts in Myanmar. In addition, we are preparing to deploy medical teams and provide health sector assistance to support those affected on the ground - Arun Hemachandra, Deputy Minister of Foreign Affairs - https://t.co/Xmgn6Fy0dA"
myanmar earthquake 2025,1907368877295550970,2025-04-02_09-45-52,en,Grok,False,3486701,wherever you are,1,0,1,"On April 2, 2025, trending world news includes a major Myanmar earthquake killing over 2,700, Israel ordering Gaza evacuations amid ongoing conflict, and a recent Beirut attack from April 1 still making waves. These events highlight natural disasters and geopolitical tensions dominating global headlines today. https://t.co/pqlzSn8SPf"
myanmar earthquake 2025,1907369715216875583,2025-04-02_09-49-11,en,Sudha Myanmar (aatri),False,2138,Myanmar,64,471,15,Support From Nepal🇳🇵to Myanmar People’s 🇲🇲 Earthquake Victims … Thanks to Nepal Government &amp; Nepali People’s…….. ❤️🙏🥺 https://t.co/kAcuoWDjtx
myanmar earthquake 2025,1907372439216025877,2025-04-02_10-00-01,en,"UNHCR, the UN Refugee Agency",False,2829026,120 countries,23,18,3,"Myanmar is shattered. Millions urgently need shelter, safety, and aid after a devastating 7.7 magnitude earthquake. Your support is a lifeline. 🔗https://t.co/74333r7Np9 https://t.co/RIhoPbmQ57"
myanmar earthquake 2025,1907373669665640481,2025-04-02_10-04-54,en,กระทรวงการต่างประเทศ | MFA of Thailand,False,135497,"Bangkok, Thailand",4,8,0,"VFM @RussJalichandra received a phone call from DFM of Albania, expressing her condolences for the earthquake that occurred in Myanmar and Thailand and the Albanian government’s willingness to offer assistance to the Thai government. (31 Mar. 2025) https://t.co/BRbSjSZzq7"
myanmar earthquake 2025,1907375075390587035,2025-04-02_10-10-29,en,Oxfam Bookshop Royal Exchange Square,False,594,"Royal Exchange Square, Glasgow",1,1,1,"1/2: On 28 March 2025, a powerful 7.7 magnitude earthquake struck #Myanmar, &amp; was followed by a 6.4 magnitude 12 minutes aftershock.⁠ ⁠ Myanmar has declared a state of emergency &amp; has appealed for international aid. Countless lives were affected by the earthquake.⁠ https://t.co/2EmukQm5v5"
myanmar earthquake 2025,1907379959426854982,2025-04-02_10-29-54,en,World Vision,False,1067745,,6,10,0,🎥 Communications Officer Joy Maluyo reflects on the 7.7-magnitude earthquake in Myanmar and its impact on children and families. See how World Vision is responding with urgent aid. Watch and support: 👉 https://t.co/P2GQ4oenpL https://t.co/U7ab79QL6D
myanmar earthquake 2025,1907380085348335656,2025-04-02_10-30-24,en,Carol Hsu,False,18,"California, US",0,0,0,"🔥 Top 10 World News of 4/02/2025 🔥 1. 🌍 ""Singapore Steps Up for Myanmar Earthquake Relief!"" After a shocking 7.7 earthquake, Singapore Red Cross collects a whopping $1.5 million to aid Myanmar and Thailand. Dollars more powerful than the quake itself? #CompassionInAction https://t.co/XIWgxAf9K7 2. 🔫 ""US Frustrated with Putin's Holdouts"" The Trump administration is running out of patience with Kremlin's delay tactics. Seems like there's a Putin meeting where no one is bringing cupcakes! 🧁 #DiplomaticTension https://t.co/kIjr1CeWse 3. 📈📉 ""Trump Unleashes Tariff Titans!"" President Trump announces new trade tariffs—grab your popcorn, as global trade drama unfolds with India and Japan in starring roles. 🎭 #TradeWars https://t.co/QtkoOiuQM7 4. 🚨 ""Wrong Turn, USA! Deportation Oops!"" The US deports a man to El Salvador ""by mistake."" Immigration blunder or reality TV plot twist? Stay tuned! 📺 #Whoopsie https://t.co/nskcDmoHFk 5. 🛰️ ""China Flexes Muscles Near Taiwan"" China conducts live ammunition exercises in the East China Sea. Precision strikes included, but wait, no popcorn at this show. 🎇 #TensionsRise https://t.co/5S95ILurG1 6. 🌌 ""Dakota Meets Denmark!"" As Trump eyes Greenland, Danish PM visits the icy realm, aiming to secure Arctic alliances. Time to double-check those ice stock options! ❄️ #GlobalRealEstate https://t.co/Sqx7FZeIXZ 7. 🇳🇴 ""Justice Served: Major Sexual Assault Case in Norway"" A man gets 20 years for one of Norway's largest abuse cases. Karma calls collect! ☎️ #JusticePrevails https://t.co/huh3b7LSun 8. 🎥 ""Faith Climbs Mountains in 'La Madone'"" Watch as spiritual devotion scales new heights in the cinematic journey across Mont-Blanc. Popcorn with a side of perspective, anyone? ⛰️ #CinemaWithSoul https://t.co/4K1rVYHJnA 9. 💔 ""From Rome with Tragedy"" The haunting tale of a missing 22-year-old student found dead. Dark tales from the Eternal City don't always involve gladiators. 🏺 #MournWithRome https://t.co/si3n9oNHQ2 10. 🔫 ""Family Feud in Gaza: A Daylight Tale"" When a Hamas officer faces family vengeance, Victorian melodrama meets modern conflict. #VengeanceDay https://t.co/TVW46uvEuN"
myanmar earthquake 2025,1907380632285818936,2025-04-02_10-32-34,en,UNDP in Asia and the Pacific,False,47317,"Bangkok, Thailand",12,17,0,"On March 28, a powerful earthquake struck the Sagaing Fault, shaking the Sagaing and Mandalay regions of Myanmar. The disaster exposed a landscape already marred by conflict, displacement, and economic instability. UNDP Myanmar's Development Observatory examines the impact of the quake on these vulnerable regions and the urgent need for a localized response: https://t.co/NYQaIfZz9o"
myanmar earthquake 2025,1907381478880682340,2025-04-02_10-35-56,es,Sepa Más,False,39984,,7,20,0,"🚨🇲🇲 Equipos de rescate rusos, ayudados por perros de búsqueda y equipamiento de alta tecnología, registran los escombros en Mandalay, Myanmar, en busca de sobrevivientes. https://t.co/jjWMbMy13Q https://t.co/QS4s6HwQgY"
myanmar earthquake 2025,1907383187954635102,2025-04-02_10-42-44,en,Matthew Tostevin,False,258518,UK,128,127,4,"A village bombed, another attacked with mortars, another burned down. Earthquake or not it is business as usual for Myanmar’s junta. #MyanmarEarthquake #WhatsHappeningInMyanmar https://t.co/gplPOEO2Oi"
myanmar earthquake 2025,1907383233366417460,2025-04-02_10-42-54,in,TRT Afrika Hausa,False,43687,,0,8,0,"""Mun maƙale a nan. Don Allah ku taimake mu"" Wata yarinya ta naɗi bidiyon mummunan yanayin da suka shiga bayan girgizar ƙasar da aka yi a Myanmar ta ruguza gidansu, inda kakarta da 'yar'uwarta suka maƙale a cikin ɓaraguzai. https://t.co/AiSBF3TU4y"
myanmar earthquake 2025,1907383759982215625,2025-04-02_10-45-00,en,Sky News,False,8562869,"London, UK",9,37,1,Cheers and applause ring out as a survivor is lifted from under tonnes of rubble following an earthquake which happened last month in Myanmar. https://t.co/ezH7urAijO
myanmar earthquake 2025,1907383978312511694,2025-04-02_10-45-52,en,Grok,False,3486701,wherever you are,0,0,0,"As of 3:45 AM PDT on April 2, 2025, top news includes Trump’s new tariffs sparking trade war fears, a Myanmar earthquake killing over 2,700, and Israeli strikes in Beirut raising tensions. US health agency layoffs and a Wisconsin judge race win also trend. More news may emerge later today. https://t.co/pqlzSn8SPf"
myanmar earthquake 2025,1907385181989986357,2025-04-02_10-50-39,en,Elizabeth Vstx,False,3038,,15,45,1,"[English] 02/04/2025 ""MAS-01, Myanmar Earthquake V"" April 1st, 2025 MAS-01 Team USAR Operation in Sagaing. This time involving two location (See below). (📸SMART) #แผ่นดินไหว #MyanmarEarthquake [1/5] https://t.co/YEjHurPIUG"
myanmar earthquake 2025,1907386473382384044,2025-04-02_10-55-47,en,DD News,False,3745769,DDNews,9,25,0,"India has once again stepped up in the face of adversity, extending a helping hand to its neighbour, Myanmar. Under #OperationBrahma, the #IndianArmy has set up a fully operational 200-bed field hospital in #Mandalay to assist those affected by the recent earthquake. The hospital has several facilities, from X-ray scans to dental check-ups, and locals in large numbers are receiving aid. @tapasjournalist @MEAIndia @adgpi @IndiainMyanmar #IndiaMyanmar #HumanitarianAid #Myanmar #MyanmarEarthquake #Earthquake"
myanmar earthquake 2025,1907386505267380373,2025-04-02_10-55-55,en,MSF South Asia,False,10890,Sri Lanka,1,4,0,"The 7.7 magnitude earthquake that struck Myanmar and parts of Thailand on March 28th, 2025 have had a devastating impact. MSF teams on the ground have swiftly mobilized to assess and provide relief to the survivors. Mikhael De Souza from MSF in Yangon shares insights from their initial assessment on the ground. Read more about MSF's efforts in Myanmar: https://t.co/saQLROuVCs #MSF #MyanmarEarthquake #MyanmarEarthquake2025 #MSFinMyanmar"
myanmar earthquake 2025,1907386667377250515,2025-04-02_10-56-33,es,Earthquake Monitor,False,57121,,4,6,1,"#Earthquake M5.5 | #Myanmar #(Burma): #Myanmar | 11m ago | Apr 2, 2025 10:45 am (Universal Time): https://t.co/DpsfJDjL68"
myanmar earthquake 2025,1907387031044460601,2025-04-02_10-58-00,it,CGIL Nazionale,False,78909,Roma,14,27,3,"Un devastante #terremoto ha colpito il #Myanmar. La CGIL, in solidarietà con la confederazione sindacale birmana CTUM, ha organizzato una campagna di raccolta fondi. 👉 https://t.co/obMsI0ZhXR https://t.co/cfPvA7YssM"
myanmar earthquake 2025,1907387408686977051,2025-04-02_10-59-30,en,Lamia Khan,False,14036,"Islamabad, Pakistan",5,117,17,"Eid Mubarak 🤍 to Muslims around the world! As we celebrate, let’s remember our brothers and sisters in Gaza, Yemen, Sudan, Syria &amp; Myanmar, where celebrating Eid has become a privilege amid hardship. May Allah ease their struggles and bring them peace. Ameen! #EidMubarak https://t.co/EWdPomQvax"
myanmar earthquake 2025,1907387539817922697,2025-04-02_11-00-01,in,BBC News Indonesia,False,1747123,London - Jakarta,1974,4463,47,"Ini adalah video palsu buatan AI yang viral setelah gempa melanda Myanmar, pekan lalu. Video ini telah ditonton jutaan orang di TikTok. Jadi, bagaimana kita bisa tahu bahwa ini adalah video palsu? Simak selengkapnya. https://t.co/kpdqiPYkHL"
myanmar earthquake 2025,1907387772303729105,2025-04-02_11-00-57,en,FRANCE 24 English,False,423371,"Paris, France",5,12,2,"🇲🇲 Search operations continue after Friday’s #earthquake in #Myanmar killed over 2,700 people. 🇹🇭 At least 20 people died in neighbouring #Thailand. 🚨 The toll is expected to rise as rescuers reach towns and villages cut off by the quake. 🎥 @JanCB99 reports https://t.co/4gdwfV9Qwb"
myanmar earthquake 2025,1907388122134122945,2025-04-02_11-02-20,en,Daily Tribune,False,15723,Makati City,0,0,0,"A view of Metro Manila seen from Quezon City on Wednesday, 2 April 2025, following the deadly earthquake in Myanmar. The Palace urged local government unit (LGU) officials to conduct building inspections and enforce strict permit issuance as a precaution against the Big One. Read more at: https://t.co/y7ZB6xUxot #DailyTribune #MyanmarEarthquake"
myanmar earthquake 2025,1907388494084804981,2025-04-02_11-03-49,in,Earthquake Map,False,2525,,1,0,1,"M4.7 MYANMAR 10.0km Apr 02, 2025 10:45:06 UTC https://t.co/AigHJGdGG3"
myanmar earthquake 2025,1907388547402764532,2025-04-02_11-04-01,in,Earthquake Map,False,2423,,0,0,1,"【mb4.7】MYANMAR 10km Apr 02, 2025 10:45:06 UTC (G)https://t.co/tOIIeMOJnu (EMSC)https://t.co/MH0CmqO9VT"
myanmar earthquake 2025,1907388623789740432,2025-04-02_11-04-20,en,DHM Alerts,False,272,,0,1,1,"M4.7 earthquake auto-minted a new #NFT for @datamuseum M4.7 #earthquake 21 km E of Meiktila, Burma (Myanmar) that occurred at 2025-04-02T11:04:17.266Z. 🔬 https://t.co/1L4USIMzxU 📰 https://t.co/8zO1b1wZJk #algorand #history #seismology https://t.co/JiMpELYEGt"
myanmar earthquake 2025,1907388806040338794,2025-04-02_11-05-03,en,Erudite Risk,False,278,Asia,0,0,0,"Authorities in Bangkok have revoked a Level 2 disaster zone declaration that was issued in response to a powerful earthquake that struck Myanmar on March 28, 2025. https://t.co/wlbL5Q7q38"
myanmar earthquake 2025,1907388943320096804,2025-04-02_11-05-36,en,World EQ Locator,False,771,Earth,0,0,0,"On 2025-04-02, at 10:45:06 (UTC), there was an earthquake around 21 km E of Meiktila, Burma (Myanmar). The depth of the hypocenter is about 10.0km, and the magnitude of the earthquake is estimated to be about 4.7. https://t.co/WZqWhPJ2Yv https://t.co/navl1a5zvv"
myanmar earthquake 2025,1907390202416427131,2025-04-02_11-10-36,en,🐌🐸 mtz (freshwater ecology era) 🌲🦟,False,5777,the Cretaceous Period,20,27,1,"Hello, everyone. I am opening 5 c0mmission slots starting at £20 each to support local hospitals in Mandalay, Myanmar, the epicenter of the 7.7 earthquake on March 28, and my hometown. Reply to this tweet, or DM to claim a slot - first come first serve. More info in 🧵 https://t.co/WmlvnnrZYs"
myanmar earthquake 2025,1907391385738637388,2025-04-02_11-15-18,en,China Daily,False,4150674,"Beijing, China",17,31,2,"#FMsays China has urged all parties in Myanmar to ensure the safety of rescue personnel and supplies from China and other countries, and to ensure rescue routes are unobstructed, after reports said Myanmar's soldiers fired warning shots at a Chinese Red Cross aid convoy meant for earthquake rescue efforts."
myanmar earthquake 2025,1907391518467616939,2025-04-02_11-15-50,en,All India Radio News,False,3333114,"New Delhi, India",13,21,1,"India has once again stepped up in the face of adversity, extending a helping hand to its neighbour, Myanmar. Under #OperationBrahma, the #IndianArmy has set up a fully operational 200-bed field hospital in #Mandalay to assist those affected by the recent earthquake. The hospital has several facilities, from X-ray scans to dental check-ups, and locals in large numbers are receiving aid. @MEAIndia @adgpi @IndiainMyanmar #IndiaMyanmar #HumanitarianAid #Myanmar #MyanmarEarthquake #Earthquake"
myanmar earthquake 2025,1907392285542604982,2025-04-02_11-18-53,en,National Center for Seismology,False,63438,National Center for Seismology,5,28,1,"EQ of M: 4.3, On: 02/04/2025 16:15:06 IST, Lat: 20.70 N, Long: 96.06 E, Depth: 10 Km, Location: Myanmar. For more information Download the BhooKamp App https://t.co/5gCOtjcVGs @DrJitendraSingh @OfficeOfDrJS @Ravi_MoES @Dr_Mishra1966 @ndmaindia https://t.co/Ea14L4I96l"
myanmar earthquake 2025,1907392954064581048,2025-04-02_11-21-32,en,Press Trust of India,False,4357586,"New Delhi, India",0,15,0,VIDEO | Myanmar: Survivors of the earthquake continue to arrive at Army Field Hospital set up at Old Mandalay Airport. (Full video available on PTI Videos - https://t.co/n147TvrpG7) #MyanmarEarthquake https://t.co/GgARTXiEk7
myanmar earthquake 2025,1907393190229164457,2025-04-02_11-22-28,en,Fynzon: All in one Marketplace for Digital India,False,12512,Pune ,0,0,0,"As of April 2nd, 2025 reports indicate that the death toll from the Myanmar earthquake, which struck on March 28th 2025, has risen to 2,886, with 4,639 injured and 373 people missing. . . . . #myanmarearthquake #earthquake #naturaldisaster #emergency #breakingnews #disasterrelief https://t.co/kfPlcZtg1d"
myanmar earthquake 2025,1907393954380710352,2025-04-02_11-25-31,en,Ali Osman Öncel,False,2063,Türkiye,0,0,0,"The Devastating March 28, 2025, Myanmar Earthquake: A Wake-Up Call for Seismically Active Cities. Read my latest post here: @LastQuake https://t.co/XecGo6Vgha #seismology #Myanmar #earthquake https://t.co/GgwRT1zdje"
myanmar earthquake 2025,1907394557597130774,2025-04-02_11-27-54,ro,GDACS DisasterAlerts,False,6970,Global monitoring,1,0,0,"Green #earthquake alert (4.7M,depth:10km) in #Myanmar 02 Apr 2025 10:45 UTC,Pop100km:&lt;10000 - https://t.co/lUEr58XyLn - #GDACSFeedback"
myanmar earthquake 2025,1907396371646132244,2025-04-02_11-35-07,en,Lat Aung,False,4,,0,0,0,"Lao PDR’s S&amp;R team has arrived in Myanmar since March 31, 2025. They actively perform their operations in earthquake affected areas of Myanmar. We really appreciate your efforts and assistance. Thank You, Lao PDR and Lovely people. #MyanmarEarthquake2025 https://t.co/suPTJKf4F1"
myanmar earthquake 2025,1907398111347007601,2025-04-02_11-42-02,en,🌸,False,8,Mark,0,0,0,They say ‘hell’ We say ‘We live in Myanmar’ 2020 - covid 2021 - military coup 2022~till now - civil war 2024 - flood 2025 - earthquake
myanmar earthquake 2025,1907398908352852187,2025-04-02_11-45-12,en,Eselensetv,False,8,Earth,1,3,14,"Rescue workers watch as heavy machinery clears the rubble at the site of an under-construction building collapse in Bangkok on March 30, 2025, two days after an earthquake struck central Myanmar and Thailand. Continue reading https://t.co/w6RWI5Mpf8 https://t.co/G0ZAkJj0TV"
myanmar earthquake 2025,1907399119242482069,2025-04-02_11-46-02,en,Press Trust of India,False,4357586,"New Delhi, India",8,20,2,VIDEO | Myanmar: Rescue operation underway at Historic U hla thein monastery in Mandalay as hundreds are feared trapped under debris following devastating earthquake. (Full video available on PTI Videos - https://t.co/n147TvqRQz) https://t.co/uOkM78iaxd
myanmar earthquake 2025,1907400064424890867,2025-04-02_11-49-47,es,CGTN Español,False,572395,"北京, 中华人民共和国",1,4,0,Equipos de rescate de #China realizan últimos esfuerzos de búsqueda y rescate en Mandalay. #Myanmar #terremoto #xw https://t.co/06YRjRrIfG
myanmar earthquake 2025,1907400383829319739,2025-04-02_11-51-03,en,Grok,False,3486704,wherever you are,0,0,1,"@tamimhasank3 @doamuslimsbn2 Yes, it’s true. A 7.7 magnitude earthquake hit Myanmar in March 2025, killing over 2,000 people, including 700 Muslims during Ramadan prayers. Over 50 mosques were damaged or destroyed, with reports confirming the severe impact on religious sites."
myanmar earthquake 2025,1907401038027805056,2025-04-02_11-53-39,en,WavEline2sHore,False,2204,,0,0,0,"A 7.7-magnitude earthquake struck Myanmar on March 28, 2025, killing over 2,700 people. Rescue efforts face challenges due to civil unrest and aid blockages. Source: Hindustan Times Shared via the Google app https://t.co/ZbNAx4emnL"
myanmar earthquake 2025,1907401437753008630,2025-04-02_11-55-15,en,Disasters Daily,False,10431,,14,37,1,"Impressive displacement is visible in the comparison of before/after images from Sentinel2 resampled at 5m, along the north-south rupture caused by the 7.7 magnitude earthquake in Myanmar. https://t.co/G8v7MbYeDM"
myanmar earthquake 2025,1907401886736523551,2025-04-02_11-57-02,in,Earthquake Map,False,2423,,0,0,0,"【m3.6】MYANMAR 10km Apr 02, 2025 11:36:04 UTC (G)https://t.co/zil6uUaopK (EMSC)https://t.co/wGwTPxquSF"
myanmar earthquake 2025,1907402646308175891,2025-04-02_12-00-03,en,WFP Media,False,69044,WorldWide,24,48,3,"🎙️""People are anxious and afraid."" – WFP’s Melissa Lee briefed journalists at the 𝐍𝐨𝐨𝐧 Press 𝐛𝐫𝐢𝐞𝐟𝐢𝐧𝐠 on the crisis unfolding in Mandalay, Myanmar. She outlined WFP’s urgent response and the 3 critical needs to scale up aid. WATCH this #Update. #Myanmar https://t.co/RfmeaZFDNy"
myanmar earthquake 2025,1907402684434366583,2025-04-02_12-00-12,en,Amnesty International USA,False,4003593,New York,6,17,2,The Trump administration is harming the world’s most vulnerable. A scholarship program designed to safeguard the lives and futures of Myanmar students was among the first on the chopping block. https://t.co/qtIuzRgZdI
myanmar earthquake 2025,1907403108965364098,2025-04-02_12-01-53,en,Open Mapping Hub - Asia Pacific,False,1803,Asia Pacific,5,3,1,"🌏 Solidarity Mapathon: Mapping for Myanmar Earthquake Response 🇲🇲💙 Join us in mapping buildings and roads for Myanmar’s recovery after the devastating earthquakes. 📍💻 Google Meet - register here: https://t.co/bTnQSQXhLh 📆 April 6, 2025 (Sunday) 🕑 2:00 PM Myanmar https://t.co/reGzydjANy"
myanmar earthquake 2025,1907403468844732523,2025-04-02_12-03-19,es,Médicos Sin Fronteras,False,425391,España,2,9,0,"🔴 El terremoto en Myanmar ha dejado un rastro de destrucción. Nuestros equipos están ya en Mandalay y el sur de Shan. La falta de agua, electricidad y atención médica urgente pone a muchas personas en peligro. Nuestra compañera te lo cuenta: https://t.co/TRXUaouuHs"
myanmar earthquake 2025,1907405129403253172,2025-04-02_12-09-55,en,DD News,False,3745769,DDNews,8,20,0,"Under #OperationBrahma, the #IndianArmy’s 60 Parachute Field Hospital set up a communication room to assist people in earthquake-hit Myanmar. @tapasjournalist @MEAIndia @adgpi @IndiainMyanmar #IndiaMyanmar #HumanitarianAid #Myanmar #MyanmarEarthquake #Earthquake https://t.co/V7tFFuCkwv"
myanmar earthquake 2025,1907405147413885131,2025-04-02_12-09-59,en,DD News,False,3745769,DDNews,55,325,7,"Under #OperationBrahma, the #IndianArmy’s has set up a 60-parachute field hospital in #Mandalay to aid earthquake-hit Myanmar. 🇮🇳🤝🇲🇲 Jagneet Gill, Commanding Officer of the 60 Parachute Field Hospital, provides an overview of the facilities to ensure effective assistance for the affected population in Myanmar. @tapasjournalist @MEAIndia @adgpi @IndiainMyanmar #IndiaMyanmar #HumanitarianAid #Myanmar #MyanmarEarthquake #Earthquake"
myanmar earthquake 2025,1907406408946966566,2025-04-02_12-15-00,en,UN Humanitarian,False,746826,,63,101,25,🚨 Time is of the essence to save lives in #Myanmar. We and our partners are delivering urgent support while assessing the full scale of the devastation. But Myanmar remains one of the most critically underfunded crises. Please support humanitarian efforts - give today. ⬇️
myanmar earthquake 2025,1907406431806009662,2025-04-02_12-15-05,en,NBC News,False,9397485,"New York, NY",8,14,2,Myanmar’s junta says that its troops fired warning shots at a Chinese Red Cross aid convoy. https://t.co/AHzrg5hIu8
myanmar earthquake 2025,1907407385133527132,2025-04-02_12-18-53,en,Grok,False,3486704,wherever you are,0,0,0,"Yes, it’s likely true. On March 28, 2025, a 7.7-magnitude earthquake hit Myanmar during Ramadan Friday prayers, killing hundreds of worshippers—possibly around 700—when mosques collapsed. Over 50 mosques were damaged, some destroyed, though exact figures vary. Total deaths exceeded 1,600."
myanmar earthquake 2025,1907407387834662978,2025-04-02_12-18-53,nl,NOS,False,2440126,Hilversum,5,9,4,'Hulpverleners Myanmar beschoten door leger' https://t.co/oM6FtuL2gf
myanmar earthquake 2025,1907408570943148145,2025-04-02_12-23-35,en,Press Trust of India,False,4357586,"New Delhi, India",0,5,1,"VIDEO | Myanmar: NDRF continues search operation across earthquake-hit Mandalay. “Her health is well right now. The operation has been completed. I thank India,"" says a father as her daughter is being treated in a field hospital that has been set up by the Indian Army. ""If we have moved one step towards Myanmar, then the people here are moving two steps towards us. Wherever we are going, they are helping us. There is a good bond between us,"" says Kunal Tiwari, Deputy Commander NDRF. (Full video available on PTI Videos - https://t.co/bIyFWTfmBd)"
myanmar earthquake 2025,1907409013261877585,2025-04-02_12-25-21,en,DD India,False,99471,"New Delhi, India",15,25,0,"WATCH || Under #OperationBrahma, the #IndianArmy has set up a 60 parachute field hospital in #Mandalay to aid earthquake-hit Myanmar. Now fully operational, it provides surgical & in-patient care to those in need. Indian Army Brigadier Naveen says the referral patients are also being treated at Indian hospital. 🇮🇳 🤝🇲🇲 @tapasjournalist @MEAIndia @adgpi @IndiainMyanmar #IndiaMyanmar #HumanitarianAid #Myanmar #MyanmarEarthquake #Earthquake"
myanmar earthquake 2025,1907410291341791486,2025-04-02_12-30-26,en,TAYTAWAN Myanmar Fanpage 🌻,False,3147,Myanmar,474,738,107,"Witnesses report that quake survivors in Myanmar are forced to pay junta authorities just to sleep on the streets, as they are afraid of living in old cracked buildings. This regime has a long history of blocking aid and stealing relief funds. MYANMAR JUNTA BLOCKS AID #MyanmarEarthquakeCrisis"
myanmar earthquake 2025,1907410353170043197,2025-04-02_12-30-40,en,kuu🐿️,False,195,,467,733,48,They say “hell” We say “ We live in Myanmar” MYANMAR JUNTA BLOCKS AID #MyanmarEarthquakeCrisis https://t.co/lquRODLkvF
myanmar earthquake 2025,1907411046005928194,2025-04-02_12-33-26,en,Vote For DOH,False,1449,,384,540,40,"Myanmar’s picturesque Inle Lake was left in ruins after a massive quake.The disaster, one of the strongest quakes in a century, has destroyed traditional bamboo homes and submerging structures. MYANMAR JUNTA BLOCKS AID #MyanmarEarthquakeCrisis https://t.co/K9PVH4tHHQ"
myanmar earthquake 2025,1907411336918598077,2025-04-02_12-34-35,en,National Unity Government Myanmar,False,236929,,35,63,4,"Situation Report (4) of @mohadmNUG on the Impacts of 7.7M Earthquake, 28 March 2025, in Sagaing #Myanmar April 2, 2025 #HelpMyanmarQuake #MyanmarStillNeedsHelp #NUGMyanmar https://t.co/8iLx834pyD"
myanmar earthquake 2025,1907411499489931301,2025-04-02_12-35-14,en,Press Trust of India,False,4357586,"New Delhi, India",1,15,2,"VIDEO | Myanmar: People injured in earthquake are being treated at Indian Army field hospital facility in Mandalay. Here's what Brigadier Naveen said: ""This is a fully functional field hospital which has been sent by India. In the immediate aftermath of the earthquake. This is a 200-bed facility and it is manned by 118 personnel. We are fully self-sufficient for handling all cases."" (Full video available on PTI Videos - https://t.co/bIyFWTeOLF)"
myanmar earthquake 2025,1907412003708154062,2025-04-02_12-37-14,en,EXOL Voting Team Myanmar,False,606,Myanmar,134,189,17,"It’s not like an adventure movie—this is real life. Unfortunately, there isn’t enough equipment and manpower to handle the situation. All we see is the loss of lives and the destruction of buildings. It’s truly heartbreaking. MYANMAR JUNTA BLOCKS AID #MyanmarEarthquakeCrisis https://t.co/qsbHOO7sNu"
myanmar earthquake 2025,1907412650759274916,2025-04-02_12-39-48,en,Reuters,False,25577593,Around the world,10,21,3,"After a 7.7 magnitude earthquake shook Myanmar, killing more than 2,800 people, international rescuers rushed into the devastated country. The most ubiquitous among them have been Chinese relief workers https://t.co/G7bg92lJxY"
myanmar earthquake 2025,1907412700445167673,2025-04-02_12-40-00,en,Reuters,False,25577593,Around the world,8,14,4,"Top 5️⃣ stories you need to know today: Liberal Susan Crawford wins the Wisconsin judicial election in a setback for Donald Trump and Elon Musk, Myanmar's deadly earthquake brings a diplomatic payoff for the junta chief, and more https://t.co/NkgEkOD9ad"
myanmar earthquake 2025,1907412923997098246,2025-04-02_12-40-53,en,Li Zexin,False,81089,Beijing,49,186,5,"Chinese rescue team has pulled out the 9th survivor from the rubble over 120 hours after the earthquake in Myanmar. 💪He's a tough guy as the ""golden window"" for post-quake rescue is only 72 hours. Good luck, man! Whole process of the rescue: https://t.co/D2zx9XsliC"
myanmar earthquake 2025,1907413051860828210,2025-04-02_12-41-24,in,Harian Kompas,False,1046230,"Palmerah, Jakarta",0,2,0,"Rasa pilu menyeruak seusai gempa bermagnitudo 7,7 mengempas Myanmar dan Thailand akhir pekan lalu. Sejumlah gedung, rumah, dan kantor rusak berat, bahkan runtuh. Situasi, terutama di Myanmar, kian membuat prihatin karena, sebelum gempa mengempas, negeri itu telah bertahun-tahun diimpit perang saudara. Rasa pilu menyeruak seusai gempa bermagnitudo 7,7 mengempas Myanmar dan Thailand akhir pekan lalu. Sejumlah gedung, rumah, dan kantor rusak berat, bahkan runtuh. Situasi, terutama di Myanmar, kian membuat prihatin karena, sebelum gempa mengempas, negeri itu telah bertahun-tahun diimpit perang saudara. Akses ke lokasi bencana kian rumit lantaran militer Myanmar tidak mengendalikan semua wilayah. Baca di sini: https://t.co/JAEoR8KDta #HarianKompas #Kompasid #Myanmar"
myanmar earthquake 2025,1907415928268288217,2025-04-02_12-52-50,en,PerthSaintTerritoryMyanmar,False,498,Thailand,233,300,26,"In the regions affected by the earthquake, people are experiencing delays &amp; lack of assistance due to restrictions imposed by military-controlled organizations on public rescue and relief groups from Sagaing and Bago Region. MYANMAR JUNTA BLOCKS AID #myanmarearthquakecrisis https://t.co/HCHs1kLacg"
myanmar earthquake 2025,1907416239645081782,2025-04-02_12-54-04,en,﹏𓊝﹏☼⋆.˚ ᗩᘔᑌᖇᗩᑭO ִֶָ𓂃 ࣪(⁠◕⁠ᴗ⁠◕⁠✿⁠),False,1061,Thailand,171,226,20,This is the proof of Myanmar Junta Blocks Aid. They try to kill people instead of helping and saving lives. MYANMAR JUNTA BLOCKS AID #MyanmarEarthquakeCrisis https://t.co/vmO0ZXbRpa
myanmar earthquake 2025,1907416425473376295,2025-04-02_12-54-48,en,Geo English,False,936052,"Karachi, Pakistan",0,0,0,"Patients lie on beds inside the compound of Sagaing Hospital, following a strong earthquake near its epicentre, in Sagaing, Myanmar on April 2, 2025. Visit our website: https://t.co/Io0cmmEFWw #GeoNews https://t.co/Ox2c7t3ReM"
myanmar earthquake 2025,1907416957785096325,2025-04-02_12-56-55,en,Apo Nattawin Myanmar FC🇲🇲,False,1003,,352,478,49,"Worshipers were on the ground, Pagoda were collapsed on the ground and our lives were also on the ground for five days constant. Yet , junta blocked all the aid and unpitied the civilians lives. We need your helping hands to up. MYANMAR JUNTA BLOCKS AID #MyanmarEarthquakeCrisis https://t.co/9urZ7O50aq"
myanmar earthquake 2025,1907417258978402759,2025-04-02_12-58-07,en,China Xinhua News,False,11860983,"Headquartered in Beijing, PRC",4,9,2,"The first batch of aid supplies from the Red Cross Society of China (RCSC) arrived in Mandalay, the epicenter of Myanmar's recent 7.9-magnitude earthquake, on Wednesday, according to the RCSC. #XinhuaNews https://t.co/STcC2geZMT"
myanmar earthquake 2025,1907418056982196462,2025-04-02_13-01-17,es,NMás,False,3411798,Mexico City,1,10,0,"Los equipos de bomberos rescataron a un hombre que quedó bajo los escombros de un hotel colapsado en Naipyidó, cinco días después del terremoto de 7.7 grados que sacudió a Myanmar, dejando más de 2,700 fallecidos y 4,500 heridos. Video: Facebook Departamento de Bomberos de Myanmar"
myanmar earthquake 2025,1907418270409404421,2025-04-02_13-02-08,en,Massimo,False,2414777,"Italy, North by Northwest",61,443,28,Trained K9 rest time after working hard to find survivors amid the rubbles of the Myanmar earthquake. [📹 moltararom] https://t.co/v6jKAUy7Xa
myanmar earthquake 2025,1907418382921609491,2025-04-02_13-02-35,en,China News 中国新闻网,False,696328,Beijing,25,114,9,#onsite China's rescue team saved another survivor 120 hours after the 7.9-magnitude earthquake struck #Myanmar. #MyanmarEarthquake https://t.co/uhBtPldZEq
myanmar earthquake 2025,1907421816710144129,2025-04-02_13-16-13,en,Grok,False,3486698,wherever you are,0,0,0,"@meshoo_sq4’s post praises someone as a ""legend"" for an elegant response to recent events, possibly the Myanmar earthquake or government layoffs around April 1-2, 2025. The casual image suggests a personal or niche context, but details are unclear without more info. @ilyesaimeur1 seeks clarification."
myanmar earthquake 2025,1907421941918789859,2025-04-02_13-16-43,en,China Xinhua News,False,11860985,"Headquartered in Beijing, PRC",3,15,2,"The Chinese rescue team successfully extricated a male survivor at a hotel on Wednesday afternoon in Mandalay, Myanmar. #XinhuaNews https://t.co/2Jwk5wVTGb"
myanmar earthquake 2025,1907422401803231253,2025-04-02_13-18-33,en,CGTN,False,12811620,"Beijing, China",87,247,9,Just in: Chinese rescuers save earthquake survivor after 120 hours under debris in #Myanmar. https://t.co/byjy5OLu3v
myanmar earthquake 2025,1907422815902667258,2025-04-02_13-20-12,en,OhmNanon Myanmar Family FC💚❤️,False,67,Myanmar,10,29,0,2 Apr 2022 to 2 Apr 2025 3yr anniversary @ohmpawatt @mynameisnanon 💚❤️You two remember CathyDoll10YearsCelebration 💚❤️ I never forget so I help another Earthquake place . Love U na #OhmNanon #CathyDoll10YearCelebration https://t.co/9KDU8E8U2z
myanmar earthquake 2025,1907423204513313198,2025-04-02_13-21-44,und,Saw Mrat Thwee,False,1,,0,0,0,ငလျင်သတင်း မြေပြင်မှာ ဘာတွေထူးခြားသေးလဲ What's special about the Myanmar earthquake news https://t.co/jpFhb57FwP via @YouTube #earthquake #MyanmarEarthquake #2025 #whathappeninginmyanmar
myanmar earthquake 2025,1907424636675248318,2025-04-02_13-27-26,en,초코,False,240,,3,4,0,"The Regime's Air and Artillery Strikes across the country after the Earthquake March 28 - April 2, 2025 Total Attacks - 48 Total Fatalities - 58 Total Injured - 64 MYANMAR JUNTA BLOCKS AID #MyanmarEarthquakeCrisis https://t.co/Hq76jZlv3Y"
myanmar earthquake 2025,1907425286372913200,2025-04-02_13-30-01,en,Reuters,False,25577591,Around the world,12,21,2,"Children across earthquake-stricken Myanmar are at risk of dying due to insufficient aid, UNICEF’s Asia-Pacific advocacy chief, Eliane Luthi, told Reuters https://t.co/DCMPPCtHGx https://t.co/LfSNrQdZBn"
myanmar earthquake 2025,1907425579898736846,2025-04-02_13-31-11,en,DD News,False,3745769,DDNews,23,64,1,"#Exclusive | Under #OperationBrahma, the #IndianArmy’s 50 PARA Brigade has set up a 60-parachute field hospital in #Mandalay to aid earthquake-hit Myanmar. 🇮🇳🤝🇲🇲 Now fully operational, it provides surgical & in-patient care to those in need. @tapasjournalist @MEAIndia @adgpi @IndiainMyanmar #IndiaMyanmar #HumanitarianAid #Myanmar #MyanmarEarthquake #Earthquake"
myanmar earthquake 2025,1907425752745930945,2025-04-02_13-31-52,en,Lat Aung,False,4,,0,0,0,"Myanmar Earthquake Casualties Update (as of April 2, 2025, Morning) The devastating earthquake has claimed 2886 lives, injured 4639 people, and left 373 missing. The number of casualties will be increased. #MyanmarEarthquake2025"
myanmar earthquake 2025,1907426001266597953,2025-04-02_13-32-51,en,Civil Disobedience Movement,False,209248,Myanmar,74,146,7,Myanmar army: making sure no bricks left behind. https://t.co/VGdNBbCdI9
myanmar earthquake 2025,1907426341630468319,2025-04-02_13-34-12,en,EarthMix Home - VN With Love,False,857,,49,92,8,"Thank you Vietnam for always having the blood of loving people. Myanmar, I hope you are safe, the Vietnamese rescue force will come to save you 🙇 #MyanmarEarthquakeCrisis https://t.co/pFDpvWOXNm"
myanmar earthquake 2025,1907427919216927154,2025-04-02_13-40-28,en,WHAT’S CURRENTLY,False,1,,0,1,0,"🔮 These Prophecies Of Baba Vanga Came True In 2025. Here's What She Predicted As Myanmar's earthquake toll crosses 1,700, Baba Vanga's 2025 predictions gain renewed attention. #BabaVanga #Prophecy #Breaking"
myanmar earthquake 2025,1907428034279297420,2025-04-02_13-40-56,en,FRANCE 24 English,False,423371,"Paris, France",4,17,1,"🇲🇲🇹🇭 Rescue efforts continue in #Bangkok after Friday’s #earthquake that struck #Thailand and #Myanmar, causing a building to collapse. 🐕🤖 Dogs and robots have taken centre stage, working alongside teams to locate survivors trapped under the rubble https://t.co/be3737RKEo"
myanmar earthquake 2025,1907429222051688733,2025-04-02_13-45-39,en,Ro Nay San Lwin,False,126609,,19,74,8,"BREAKING: Following a declaration of a one-month ceasefire by revolutionary armed resistance groups, the Myanmar military has announced a temporary ceasefire today, effective immediately until April 22, 2025, to support earthquake rescue efforts. https://t.co/HxhDUg8lj8"
myanmar earthquake 2025,1907429615666135298,2025-04-02_13-47-13,en,Daily Mail Online,False,2864100,,625,6178,110,Heroic father jumped across a gap 600 feet in the air to save his wife and child during the Myanmar earthquake. https://t.co/oaBotzig85
myanmar earthquake 2025,1907429890141700167,2025-04-02_13-48-18,en,Alice,False,39,,0,4,0,"A migrant worker from Myanmar reacts while he waits for news about his brother, as search and rescue operations continue, following a strong earthquake, in Bangkok, Thailand, April 1, 2025. MYANMAR JUNTA BLOCKS AID #MyanmarEarthquakeCrisis #Thailand #Myanmar https://t.co/g5UwBEQWtj"
myanmar earthquake 2025,1907430237970808918,2025-04-02_13-49-41,en,Grok,False,3486698,wherever you are,0,0,0,"The last time it ""rained"" on X, with tons of activity, was likely March 29, 2025. A partial solar eclipse across North America and Europe, a 7.7-magnitude earthquake in Myanmar, and IPL 2025 matches like CSK vs RCB drove huge engagement. These global events turned X into a buzzing hub of posts and trends! https://t.co/pqlzSn8SPf"
myanmar earthquake 2025,1907430970287939917,2025-04-02_13-52-36,en,Clash Report,False,495974,,11,73,1,"BREAKING: Following a declaration of a one-month ceasefire by revolutionary armed resistance groups, the Myanmar military has announced a temporary ceasefire today, effective immediately until April 22, 2025, to support earthquake rescue efforts. https://t.co/uRo57nuoKk"
myanmar earthquake 2025,1907431105617154223,2025-04-02_13-53-08,en,Nassim Chalhoub,False,1258,"New York, USA",0,0,0,"Following a declaration of a one-month ceasefire by revolutionary armed resistance groups, the Myanmar military has announced a temporary ceasefire today, effective immediately until April 22, 2025, to support earthquake rescue efforts."
myanmar earthquake 2025,1907432516253847610,2025-04-02_13-58-44,en,RT,False,3269554,,8,18,2,"Myanmar military announces a temporary ceasefire with rebel groups, effective immediately until April 22, 2025, to aid earthquake rescue operations https://t.co/5uvy9uBviB"
myanmar earthquake 2025,1907432733061660910,2025-04-02_13-59-36,en,The World War,False,2855,,0,0,0,"BREAKING: Following a declaration of a one-month ceasefire by revolutionary armed resistance groups, the Myanmar military has announced a temporary ceasefire today, effective immediately until April 22, 2025, to support earthquake rescue efforts. https://t.co/GbHr6412St"
myanmar earthquake 2025,1907432962649636993,2025-04-02_14-00-31,en,🍊𝐌𝐞𝐞 𝐋𝐚𝐲𝐲🍊,False,509,,1,3,0,"April 2, 2025 | Myanmar Earthquake Death Toll Surpasses 3,000. Deaths: 3866 Injured: 5455 Missing: 719 we still need more help🙏🏻 . Mee MYANMAR JUNTA BLOCKS AID #MyanmarEarthquakeCrisis https://t.co/yhcuEpCTlT"
myanmar earthquake 2025,1907433105553519074,2025-04-02_14-01-05,en,Global South News,False,15,Global South,0,0,0,"JUST IN: 🇲🇲 Myanmar military announces a temporary ceasefire with rebel groups, effective immediately until April 22, 2025, to aid earthquake rescue operations. #Myanmar https://t.co/UIbr5vFvYz"
myanmar earthquake 2025,1907433188840136838,2025-04-02_14-01-25,en,Insight Myanmar Podcast,False,1926,Myanmar,12,13,3,"Myanmar’s military regime escalates attacks, even after the earthquake. From March 28 to April 2, 2025, air and artillery strikes continue to devastate communities already struggling. Stand with Myanmar—help those in need. Donate: https://t.co/tC0TFxO1h1 Photo Credit: DVB News https://t.co/jFGGQLuI2r"
myanmar earthquake 2025,1907433278358831126,2025-04-02_14-01-46,en,India Strikes YT 🇮🇳,False,413,Earth,0,0,0,"Earthquake In Myanmar Might Have Just Brought Peace, Evenif Temporary Myanmar military announces a temporary ceasefire with rebel groups, effective immediately until April 22, 2025, to aid earthquake rescue operations"
myanmar earthquake 2025,1907433523327156455,2025-04-02_14-02-45,en,Science News,False,5332448,"Washington, DC",3,15,3,"As rescue and recovery efforts continue to ramp-up in earthquake-ravaged Myanmar, new details about how the geologic setting amplified the disaster are beginning to emerge. https://t.co/xDrVCngHlM"
myanmar earthquake 2025,1907435348172370321,2025-04-02_14-10-00,en,@LeadersOfIndia,False,4379,,0,0,1,"India Myanmar Earthquake Survivors Treated: Indian Army field hospitals in Mandalay, Myanmar, are treating earthquake survivors, with reports confirming patients’ stable health as of April 2, 2025."
myanmar earthquake 2025,1907435424827506742,2025-04-02_14-10-18,en,@LeadersOfIndia,False,4379,,0,0,0,"Myanmar Earthquake Survivors in Field Hospital: Indian Army field hospitals are actively treating survivors of a recent earthquake in Myanmar, with efforts focused on Mandalay as of April 2, 2025."
myanmar earthquake 2025,1907435443097903548,2025-04-02_14-10-22,en,Radio Free Asia,False,80964,"Washington, DC",43,57,3,"People bathe in the Irrawaddy River in front of the collapsed Ava Bridge, also known as the Inwa Bridge, in Sagaing on April 2, 2025, as residential areas remain without electricity or running water five days after a major earthquake struck Myanmar. 📷: AFP #Myanmar #earthquake https://t.co/34Sg2XU9lz"
myanmar earthquake 2025,1907436768237855210,2025-04-02_14-15-38,en,LingOrm Myanmar Fanbase,False,1747,Myanmar,37,46,1,"April 2, 2025 | Myanmar Earthquake Death Toll Surpasses 3,000. Deaths: 3866 Injured: 5455 Missing: 719 A 7.7 magnitude earthquake that can cause so much destruction and death in just three minutes is truly horrifying😔😔💔 MYANMAR JUNTA BLOCKS AID #MyanmarEarthquakeCrisis https://t.co/fphp71fEoR"
myanmar earthquake 2025,1907437958140977510,2025-04-02_14-20-22,en,Grok,False,3486698,wherever you are,0,0,0,"A 7.7 magnitude earthquake hit Myanmar on March 28, 2025, causing over 140 deaths and building collapses. It triggered a tsunami threat in Thailand, leading to beach evacuations like the one likely shown in the X post. Rescue efforts continue in both regions, with international aid supporting the response. https://t.co/pqlzSn8SPf"
myanmar earthquake 2025,1907438499600470368,2025-04-02_14-22-31,en,Cape Diamond,False,95234,Myanmar,8,12,0,"#MYANMAR: Myanmar junta announces a temporary ceasefire April 2-22, 2025, due to the recent earthquake and ongoing relief efforts. Armed groups are warned against disruptive activities, according to the statement. #MyanmarEarthquake"
myanmar earthquake 2025,1907439709678395490,2025-04-02_14-27-19,en,Myanmar Red Cross,False,18552,Myanmar,12,35,1,"💬 ""When the #earthquake struck #Sagaing, I was terrified. My home was also affected, but as an RCV, I found strength in helping others. Seeing the resilience of my community gave me the courage to keep going."" – Ma Nilar Sein, a Red Cross Volunteer https://t.co/xx3PJO2N1S"
myanmar earthquake 2025,1907443114626646107,2025-04-02_14-40-51,en,⚡️🌎 World News 🌐⚡️,False,9101, Aotearoa ,0,0,0,"Myanmar military announces a temporary #ceasefire with rebel groups, effective immediately until April 22, 2025, to aid earthquake rescue operations #Myanmar #Earthquake https://t.co/iKEWTZIzGc"
myanmar earthquake 2025,1907444041760858262,2025-04-02_14-44-32,en,Amnesty International,False,2123161,Global,33,47,2,"Myanmar’s military, along with all other actors involved in earthquake relief efforts, must ensure that human rights principles are fully respected and that the humanitarian needs of survivors are the top priority. https://t.co/mtCn25xtet"
myanmar earthquake 2025,1907444499879485603,2025-04-02_14-46-22,en,CNN Breaking News,False,63783594,Everywhere,95,260,225,Myanmar's ruling military announces a temporary ceasefire against armed opponents following last week's deadly earthquake https://t.co/8r6990CSVj
myanmar earthquake 2025,1907444548227224043,2025-04-02_14-46-33,en,CNN,False,63345499,,57,161,79,Myanmar's ruling military announces a temporary ceasefire against armed opponents following last week's deadly earthquake https://t.co/qeRJ5uIn5P
myanmar earthquake 2025,1907444567911354615,2025-04-02_14-46-38,en,"Embassy of Nepal, Yangon",False,27,,0,0,1,The Government of Nepal sent a medical team of the Nepal Army for humanitarian assistance and support to Myanmar in the aftermath of massive earthquake that struck central Myanmar on 28 March 2025. https://t.co/YnV8AirzMh
myanmar earthquake 2025,1907444584348537161,2025-04-02_14-46-42,tr,Aykırı,False,1046297,Türkiye,3,138,4,"Myanmar’da meydana gelen depreme, ameliyat sırasında yakalanan doktorlar, hastanın güvenliğini sağlamak için büyük çaba sarf etti. https://t.co/DIcKXAph0F"
myanmar earthquake 2025,1907444593345409521,2025-04-02_14-46-44,en,CNN International,False,15029535,Everywhere,8,27,12,Myanmar's ruling military announces a temporary ceasefire against armed opponents following last week's deadly earthquake https://t.co/yPvXPztXnS
myanmar earthquake 2025,1907445121689264482,2025-04-02_14-48-50,en,Economic Times,False,4376904,,4,4,0,'#JFK' film director #OliverStone calls on #Congress for 1963 #Kennedy #assassination #reinvestigation 🇺🇸 Catch the day's latest news and updates ➠ https://t.co/czKybfUsSk https://t.co/xqXlSpB0kH
myanmar earthquake 2025,1907445347422462039,2025-04-02_14-49-44,en,Jay Jerah,False,4,,0,0,0,"April 2, 2025 | Myanmar Earthquake Death Toll Surpasses 3,000. Deaths: 3866 Injured: 5455 Missing: 719 A 7.7 magnitude earthquake that can cause so much destruction and death in just three minutes is truly horrifying😔😔💔 MYANMAR JUNTA BLOCKS AID #MyanmarEarthquakeCrisis"
myanmar earthquake 2025,1907446096064098420,2025-04-02_14-52-42,en,Juck,False,88,United States,1,0,0,"@TayTawanMyanmar April 2, 2025 | Myanmar Earthquake Death Toll Surpasses 3,000. Deaths: 3866 Injured: 5455 Missing: 719 we still need more help🙏🏻 MYANMAR JUNTA BLOCKS AID #MyanmarEarthquakeCrisis"
myanmar earthquake 2025,1907446357411189116,2025-04-02_14-53-44,en,Juck,False,88,United States,0,1,0,"@ps_territory April 2, 2025 | Myanmar Earthquake Death Toll Surpasses 3,000. Deaths: 3866 Injured: 5455 Missing: 719 we still need more help🙏🏻. MYANMAR JUNTA BLOCKS AID #MyanmarEarthquakeCrisis"
myanmar earthquake 2025,1907446569164841438,2025-04-02_14-54-35,en,Juck,False,88,United States,1,1,0,"@Build_MyanmarFC April 2, 2025 | Myanmar Earthquake Death Toll Surpasses 3,000. Deaths: 3866 Injured: 5455 Missing: 719 we still need more help🙏🏻 MYANMAR JUNTA BLOCKS AID #MyanmarEarthquakeCrisis"
myanmar earthquake 2025,1907446673921724587,2025-04-02_14-55-00,en,DW News,False,753483,Germany,13,23,1,"As the death toll from last week's earthquake in Myanmar crosses 2,800, many survivors are opting to sleep outdoors, expressing fears that it still isn't safe to return home. https://t.co/yBfuUVmsz2"
myanmar earthquake 2025,1907446950225383920,2025-04-02_14-56-06,en,Internet Favourite,False,88655,,23,83,0,CCTV footage from the recent earthquake in Myanmar/Thailand https://t.co/Al0INJpdB6
myanmar earthquake 2025,1907447388555661767,2025-04-02_14-57-50,en,International Crisis Room 360,False,865,Singapore / New York / London,0,0,0,"⚡️Myanmar's military has declared a temporary ceasefire from April 2 to 22, 2025, to assist in earthquake relief efforts. Several rebel groups have also paused operations to support humanitarian aid. #ceasefire #earthquake #military #rebelgroups #Myanmar"
myanmar earthquake 2025,1907447529030975701,2025-04-02_14-58-24,en,Organiser Weekly,False,92263,New Delhi,5,16,0,"#OperationBrahma | Myanmar: A local from Mandalay, Hussain, says, “It is a big relief that the NDRF team is here... They are hard working... It is greatly benefiting us...” #MyanmarEarthquake #Myanmar https://t.co/dF9psEElf5"
myanmar earthquake 2025,1907447635642089499,2025-04-02_14-58-49,en,Juck,False,88,United States,1,1,0,"@Reuters April 2, 2025 | Myanmar Earthquake Death Toll Surpasses 3,000. Deaths: 3866 Injured: 5455 Missing: 719 we still need more help🙏🏻 MYANMAR JUNTA BLOCKS AID #MyanmarEarthquakeCrisis"
myanmar earthquake 2025,1907448126132105319,2025-04-02_15-00-46,en,Save the Children US,False,2652413,"Fairfield, CT USA",20,46,12,"Over 1M children in Myanmar need urgent support. In crises, kids face hunger, disease and exploitation. We're racing to provide food, water, shelter &amp; mental health care. Donate now to aid children in Myanmar, Thailand and beyond ➡️ https://t.co/oorJc8BM6f https://t.co/aBbhpvcHH2"
myanmar earthquake 2025,1907449766331728216,2025-04-02_15-07-17,en,Elizabeth Vstx,False,3038,,15,36,2,"[English] 02/04/2025 ""MAS-01, Myanmar Earthquake VI"" April 2nd. Congratulations to MAS-01 Team that successfully locating, rescuing and extracting one of earthquake victim who's still alive after more than 72 hours trapped. (📸SMART) #แผ่นดินไหว #MyanmarEarthquake [1/5] https://t.co/lHSNwiz79u"
myanmar earthquake 2025,1907449952927699100,2025-04-02_15-08-02,in,Earthquake Map,False,2423,,0,0,1,"【m3.7】MYANMAR 10km Apr 02, 2025 14:54:48 UTC (G)https://t.co/NKLeTmIc8D (EMSC)https://t.co/0OsQazklu6"
myanmar earthquake 2025,1907450748851679591,2025-04-02_15-11-11,en,TAYTAWAN Myanmar Fanpage 🌻,False,3147,Myanmar,110,259,5,"Under the name of Tay Tawan Myanmar Family, we have donated 3,000,000 MMK to support urgent needs in Sagaing, Tada-U, and Mandalay, areas severely affected by the earthquake caused on 28th March in Myanmar. We are deeply sorry for every loss and damage. We plan to continue donating to other affected areas and are still accepting contributions for our fundraising efforts. Thank you so much to those who give a hand to earthquake victims. 🙏🫂 MYANMAR JUNTA BLOCKS AID #MyanmarEarthquakeCrisis #Tawan_V #MyanmarChaobaan"
myanmar earthquake 2025,1907451144018039076,2025-04-02_15-12-46,en,Heung Min Son,False,2587,Myanmar,2,3,1,"People bathe in Irrawaddy River in front of the collapsed Ava Bridge, also known as the Inwa Bridge, in Sagaing on April 2, 2025, as residential areas remain without electricity or running water five days after a major earthquake struck central Myanmar. #MyanmarEarthquake https://t.co/232jq31E0h"
myanmar earthquake 2025,1907451735297183930,2025-04-02_15-15-07,en,Md Rofique,False,241,,0,0,0,"Breaking: Following a one-month ceasefire declared by revolutionary armed resistance groups, the Myanmar military has announced a temporary ceasefire until April 22, 2025, to support earthquake rescue efforts. #Myanmar #Ceasefire #EarthquakeRelief https://t.co/hb1j4CdCS6"
myanmar earthquake 2025,1907452449838821739,2025-04-02_15-17-57,en,Nahel Belgherze,False,63456,France,1409,3075,28,"Newly available high-resolution satellite imagery collected by Maxar reveals sections of the surface rupture near the zone of maximum surface displacement of last week’s Mw 7.7 earthquake in Myanmar. Rupture is ~500 km long, with up to 5 meters of fault slip. https://t.co/GmhxKtZ8ht"
myanmar earthquake 2025,1907452591279136989,2025-04-02_15-18-31,ta,BBC News Tamil,False,1112776,India,20,124,1,மியான்மரில் 100 மணி நேரத்துக்கு பிறகு உயிருடன் மீட்கப்பட்ட நபர் #Myanmar #Earthquake #Life https://t.co/og7hiT3JsG
myanmar earthquake 2025,1907452752546193734,2025-04-02_15-19-09,in,m o z z a_21,False,15161,127.0.0.1,46,249,63,Ma'af baru di update . Setelah Myanmar kini Thailand negara penjual organ² tubuh manusia kebanyakan dari tenaga kerja Indonesia yg di tipu melalui OTTP telah terjadi gempa bumi yg dahsyat tgl 28 maret 2025 !! Sunatullah azab dari Allah swt itu nyata !!. https://t.co/EJF1pLeAWz
myanmar earthquake 2025,1907453479213515041,2025-04-02_15-22-02,en,Banjjag Banjjag Bogummy,False,283,Myanmar 🇲🇲,8,26,0,"Emergency Fundraising for Myanmar Earthquake Victims – March 28, 2025 Park Bo Gum Myanmar Fans have collectively donated 2,000,000 MMK to the earthquake-affected regions in Myanmar. Thank you for your generosity and compassion. 🩵🙏 #MyanmarEarthquakeCrisis https://t.co/DryAhOMi7E"
myanmar earthquake 2025,1907454611272950173,2025-04-02_15-26-32,en,ANI,False,8634023,India,12,180,1,"India launched Operation Brahma to provide necessary support, including Search and Rescue (SAR), humanitarian aid, disaster relief and medical assistance, following the devastating earthquake that struck Myanmar on 28th March 2025. Images from Op Brahma and activities undertaken by EoI Yangon and CGI Mandalay. Source - MEA XP Division"
myanmar earthquake 2025,1907455482572497181,2025-04-02_15-30-00,es,DEF,False,5585,Argentina,13,57,3,"📍 Myanmar sufre un devastador terremoto de 7,7 grados con más de 1700 muertos y miles de heridos. La tragedia golpea a un país ya sumido en la pobreza y los conflictos. Desde la ONU advierten: ""No puede permitirse otro desastre"". https://t.co/wae7qnw9J4 https://t.co/J9bJbT3Tpd"
myanmar earthquake 2025,1907455653184262341,2025-04-02_15-30-41,en,Economic Times,False,4376040,,0,10,0,"India launched Operation Brahma to provide necessary support, including Search and Rescue (SAR), humanitarian aid, disaster relief and medical assistance, following the devastating earthquake that struck Myanmar on 28th March 2025. Images from Op Brahma and activities undertaken by EoI Yangon and CGI Mandalay. Source - MEA XP Division 🔴 Catch the day's latest news here ➠ https://t.co/TyX7x3XkTx 🗞️"
myanmar earthquake 2025,1907456081107829209,2025-04-02_15-32-23,en,The Weather Channel,False,5262861,"Atlanta, GA",8,41,3,"Caught on camera by terrified onlookers, his daring jump became a symbol of desperation and bravery amid the powerful quake. https://t.co/7tEwbqzLh6 https://t.co/xYpHrz1ybH"
myanmar earthquake 2025,1907456889962528973,2025-04-02_15-35-36,en,Philippine Air Force,False,26589,"Villamor Air Base, Pasay City",4,29,1,"PH AID FOR #Myanmar | The Philippine Inter-Agency Humanitarian Contingent (PIAHC) was deployed in two batches on April 1 and 2, 2025 to provide humanitarian and disaster relief in #Myanmar, following the devastating earthquake that struck the region. #FocusPAF #AFPyoucanTRUST https://t.co/HelmedsmSU"
myanmar earthquake 2025,1907457076638765266,2025-04-02_15-36-20,en,muffin,False,820,Stayville | 🇲🇲🇹🇭,3,9,1,"GMMTV artists send the video messages through Royal Thai Embassy, Yangon to encourage Myanmar people affected by the Earthquake on 28 March 2025 Today's video is from Dew Jirawat #MyanmarEarthquake #MyanmarEarthquakeCrisis #WhatsHappeningInMyanmar https://t.co/d744bKUGi7"
myanmar earthquake 2025,1907457717637087733,2025-04-02_15-38-53,en,Gulistan News,False,75227,Jammu And Kashmir,0,2,0,"India launched Operation Brahma to provide necessary support, including Search and Rescue (SAR), humanitarian aid, disaster relief and medical assistance, following the devastating earthquake that struck Myanmar on 28th March 2025. Images from Op Brahma and activities undertaken by EoI Yangon and CGI Mandalay."
myanmar earthquake 2025,1907457982322913376,2025-04-02_15-39-56,en,JK24x7 News,False,19276,India,0,0,0,"India launched Operation Brahma to provide necessary support, including Search and Rescue (SAR), humanitarian aid, disaster relief and medical assistance, following the devastating earthquake that struck Myanmar on 28th March 2025. Images from Op Brahma and activities undertaken by EoI Yangon and CGI Mandalay."
myanmar earthquake 2025,1907459316333850646,2025-04-02_15-45-14,en,The Statesman,False,32643,"New Delhi, Delhi",1,5,0,"📷 | India launched #OperationBrahma to provide necessary support, including Search and Rescue (SAR), humanitarian aid, disaster relief and medical assistance, following the devastating earthquake that struck Myanmar on 28th March 2025. #Myanmar #India #NewsUpdate #TheStatesman https://t.co/oaNaM5Gqft"
myanmar earthquake 2025,1907461429084786904,2025-04-02_15-53-38,en,Yoeyoe,False,54,Myanmar,0,0,0,"People bathe in the Irrawaddy River in front of the collapsed Ava Bridge, also known as the Inwa Bridge, in Sagaing on April 2, 2025, as residential areas remain without electricity or running water five days after a major earthquake struck central Myanmar. #MyanmarEarthquake https://t.co/Qir02Fqm8B"
myanmar earthquake 2025,1907461921021874207,2025-04-02_15-55-35,en,Sprinter Observer,False,620497, 💞,6,20,0,"Myanmar's military today announced a temporary ceasefire, effective immediately and until April 22, 2025, to support earthquake relief efforts https://t.co/JvbQmtRIx4"
myanmar earthquake 2025,1907463396695449775,2025-04-02_16-01-27,en,Humanity First International,False,13180,"Kingston upon Thames, London",31,65,2,Our local volunteers in #Myanmar and #Thailand are responding with emergency aid to the worst affected regions after the recent #earthquake Donate: https://t.co/1d0LGTS6t7 https://t.co/9fICLRFrn7
myanmar earthquake 2025,1907464039405355467,2025-04-02_16-04-00,en,MSF International,False,229436,(Doctors Without Borders),14,17,0,"Update from Myanmar: five days after the devastating earthquake, people are lacking: 🚰 clean water ⚡️ electricity 📱 phone connection From Yangon, Mikhael De Souza explains the situation 👇 https://t.co/mTqxfSMrZR"
myanmar earthquake 2025,1907464039527027131,2025-04-02_16-04-00,en,United Nations,False,16463851,"New York, NY",68,166,42,"Myanmar: Entire communities have been flattened and the death toll continues to rise after Friday's devastating earthquake. The UN is providing critical aid to severely deprived victims. As the needs rise by the hour, greater global support is crucial to save lives. https://t.co/HZ1ZscSEJZ"
myanmar earthquake 2025,1907465420665204998,2025-04-02_16-09-29,es,CNN en Español,False,22565581,En todas partes,19,51,1,Video muestra el rescate de una abuela y sus nietas de entre los escombros del terremoto en Myanmar https://t.co/yBaht5Ke91
myanmar earthquake 2025,1907465886790758871,2025-04-02_16-11-21,en,Rotary International,False,334296,"Evanston, IL USA",33,64,3,"We are deeply saddened by the destruction caused by the earthquake in Myanmar and Thailand. As we continue to monitor the situation and support relief efforts, you can help by donating to the Disaster Response Fund at: https://t.co/7PNqayFko2 #RotaryResponds 💛 https://t.co/IfrGSA2OxY"
myanmar earthquake 2025,1907466465177174268,2025-04-02_16-13-38,en,Banyar Oo,False,1,,0,0,0,"April 2, 2025 :Reuters Myanmar’s junta said Wednesday that its troops fired warning shots at a Chinese Red Cross aid convoy, underlining the challenge of delivering relief amid a civil war as aid groups called for better access to help survivors of a devastating earthquake."
myanmar earthquake 2025,1907466807163629813,2025-04-02_16-15-00,en,Al Jazeera English,False,8915695,"Doha, Qatar",37,103,4,"Frustration is rising among many of Myanmar’s earthquake survivors as they face shortages of clean water, food, medicine and shelter ⤵️ https://t.co/rUx3WCiRos"
myanmar earthquake 2025,1907467216582488320,2025-04-02_16-16-38,en,China Daily,False,4150674,"Beijing, China",23,63,5,"Watch the footage from the scene as Chinese rescuers pull the 9th survivor from the rubble in #earthquake-hit Mandalay, #Myanmar. https://t.co/j04upreuLC https://t.co/RLV1LGKMlB"
myanmar earthquake 2025,1907468188021055882,2025-04-02_16-20-29,en,Lau Hon Meng,False,226,,1,0,0,"Due to the strong earthquake hit in #Myanmar on 28 March, 2025, devastation occurred in various regions and states. Terrorists are brutally attacking relief teams #MyanmarStillNeedsHelp #MyanmarFactCheck @MayWongCNA @TostevinM @ASEAN @antonioguterres https://t.co/k2MDsMKemY"
myanmar earthquake 2025,1907470301715419537,2025-04-02_16-28-53,en,Lau Hon Meng,False,226,,0,2,0,"MANILA, PHILIPPINES (1 April 2025) — The Asian Development Bank (ADB) is preparing a $3 million grant to support emergency and humanitarian needs of the people of #Myanmar affected by the 7.7 magnitude #earthquake on 28 March. #MyanmarStillNeedsHelp https://t.co/L36d4TOBLb… https://t.co/dvtFOlRgrI"
myanmar earthquake 2025,1907472910903816426,2025-04-02_16-39-15,en,Earthquake Monitor,False,57121,,8,16,0,"#Earthquake M5.1 | #Myanmar #(Burma): #Near #South #Coast of #Myanmar | 12m ago | Apr 2, 2025 10:57 pm (GMT 6:30): https://t.co/tDnJpi2WpC"
myanmar earthquake 2025,1907473170744942974,2025-04-02_16-40-17,en,Early Warning,False,933,Mars,0,0,0,🌍 Earthquake Alert 🌍 📍 Location: NEAR SOUTH COAST OF MYANMAR 📏 Magnitude (m): 5.1 🔽 Depth: 35.00 km ⏰ Time: 2025-04-02 16:27:16 UTC 🔗 Source: EMSC Stay safe! https://t.co/BcI9fsOX5E
myanmar earthquake 2025,1907473192475832650,2025-04-02_16-40-22,ro,IIGEA A.C.,False,47154,México,1,7,0,"#IIGEA #SISMO #EARTHQUAKE MAGNITUDE: 5.1Mw #NEAR #SOUTH #COAST #MYANMAR 2025-04-02, 16:40 UTC COORDS: 15.48°N, 95.78°E DEPTH: -35.0 km. https://t.co/3IwIYwO7E9 https://t.co/oCTYjp1lmU"
myanmar earthquake 2025,1907473356313493544,2025-04-02_16-41-01,en,Earthquake Map,False,2423,,0,0,0,"【m5.1】NEAR SOUTH COAST OF MYANMAR 35km Apr 02, 2025 16:27:16 UTC (G)https://t.co/tOwzvKnCci (EMSC)https://t.co/wLmUGJpHVj"
myanmar earthquake 2025,1907474154594664784,2025-04-02_16-44-12,en,National Center for Seismology,False,63438,National Center for Seismology,3,17,1,"EQ of M: 4.8, On: 02/04/2025 21:57:20 IST, Lat: 16.06 N, Long: 95.23 E, Depth: 25 Km, Location: Myanmar. For more information Download the BhooKamp App https://t.co/5gCOtjdtw0 @DrJitendraSingh @OfficeOfDrJS @Ravi_MoES @Dr_Mishra1966 @ndmaindia https://t.co/2P4jb4uiYN"
myanmar earthquake 2025,1907474677410455891,2025-04-02_16-46-16,en,Costanza R.d'O.,False,18151,Wherever Milo is now,0,7,0,"It’s not up to me, but I wish a percentage of the sales of my Milo’s books at the Thai Book Fair 2025 could be donated to the #earthquake relief in #Thailand and #Myanmar. Praying for you all 🙏🏻"
myanmar earthquake 2025,1907474744883966414,2025-04-02_16-46-33,en,TheEducator,False,117,"Noida, India ",4,7,1,"India launched #OperationBrahma to provide necessary support, including Search and Rescue (SAR), humanitarian aid, disaster relief and medical. assistance, following the devastating earthquake that struck Myanmar on 28th March 2025. #Myanmar #India #earthquake #earthquakemyanmar"
myanmar earthquake 2025,1907475378874318866,2025-04-02_16-49-04,tl,Earthquake Monitor,False,57121,,19,47,0,"Significant 5.6 #quake hits near Pyapon, Pyapon District, Ayeyarwady, Myanmar (Burma) - info, user reports and updates | Apr 2, 2025 ...: https://t.co/KX0L0Y64iK"
myanmar earthquake 2025,1907477060433436896,2025-04-02_16-55-45,en,Earthquake Map,False,2525,,1,0,0,"M5.0 NEAR THE SOUTH COAST OF MYANMAR 10.0km Apr 02, 2025 16:27:12 UTC https://t.co/t6mZugDFZF"
myanmar earthquake 2025,1907477216856002681,2025-04-02_16-56-22,en,DHM Alerts,False,272,,0,3,0,"M5.0 earthquake auto-minted a new #NFT for @datamuseum M5.0 #earthquake 86 km S of Pyapon, Burma (Myanmar) that occurred at 2025-04-02T16:56:17.044Z. 🔬 https://t.co/BQ3X3dWHSU 📰 https://t.co/lXyM6Aa3D7 #algorand #history #seismology https://t.co/wChBdb8yMY"
myanmar earthquake 2025,1907477481642405987,2025-04-02_16-57-25,en,World EQ Locator,False,771,Earth,0,0,0,"On 2025-04-02, at 16:27:12 (UTC), there was an earthquake around 86 km S of Pyapon, Burma (Myanmar). The depth of the hypocenter is about 10.0km, and the magnitude of the earthquake is estimated to be about 5.0. https://t.co/pvWcMUyhNt https://t.co/bJhOg1zQkO"
myanmar earthquake 2025,1907477497077268857,2025-04-02_16-57-29,en,Channel 4 News,False,2422455,United Kingdom,1,18,1,A survivor has been found in the rubble of a hotel more than 5 days after a devastating earthquake in Myanmar. https://t.co/RXnLzrhHHg
myanmar earthquake 2025,1907478135160877385,2025-04-02_17-00-01,en,Erick Stakelbeck,False,21636,DFW/Philly/Jerusalem,90,445,25,"It’s total devastation. At least 2,700 people are dead and over 400 are still missing after the massive 7.7 magnitude earthquake that struck Myanmar and Thailand last Friday. Myanmar suffered the brunt of the damage and there’s a desperate effort right now to get aid into the affected areas. @SamaritansPurse has jumped right into action, sending a field hospital and more to Myanmar and showing the face of Jesus to those affected. Samaritan’s Purse President and CEO @Franklin_Graham joined me to to share how you can help. Watch the full episode of “Stakelbeck Tonight” on @TBN"
myanmar earthquake 2025,1907478290937319535,2025-04-02_17-00-38,en,Oxfam International,False,810619,,9,10,0,"After the devastating 7.7 magnitude earthquake, Oxfam team in Myanmar in collaboration with our local partners, is actively responding to the widespread impacts in several affected areas. We have already begun dispatching first-response supplies, including hygiene kits, dignity kits, and family kits, with distribution underway in the worst-hit areas to address immediate needs and support survivors. Donate today Myanmar Earthquake Appeal | Oxfam International"
myanmar earthquake 2025,1907479385701044595,2025-04-02_17-04-59,en,Daily Mail Online,False,2864100,,5,9,0,Myanmar earthquake shakes products from shelves inside beauty store. https://t.co/pHoA9cmFen
myanmar earthquake 2025,1907480622819364890,2025-04-02_17-09-54,ro,GDACS DisasterAlerts,False,6970,Global monitoring,1,0,0,"Green #earthquake alert (5M,depth:10km) in #Myanmar 02 Apr 2025 16:27 UTC,Pop100km:200000 - https://t.co/lUEr58XyLn - #GDACSFeedback"
myanmar earthquake 2025,1907481299712946377,2025-04-02_17-12-35,en,KNU Digital Media 🇰🇪 🇺🇸,False,772,"Nairobi, Kenya",0,0,0,"Myanmar military announces a temporary ceasefire with rebel groups, effective immediately until April 22, 2025, to aid earthquake rescue operations https://t.co/7toly97m3z"
myanmar earthquake 2025,1907482157632635132,2025-04-02_17-16-00,en,Tehran Times,False,93529,Islamic Republic of Iran,37,143,5,"The death toll from the 7.7 magnitude earthquake in Myanmar has risen to 2,719, with approximately 4,521 people injured and 441 others still missing, said the country’s Prime Minister Min Aung Hlaing. https://t.co/q2roq5W5IR"
myanmar earthquake 2025,1907483508907364410,2025-04-02_17-21-22,en,Raspberry Shake Earthquake Channel,False,6554,"Boquete, Panama",6,7,0,"Preliminary M5.1 #Earthquake ID: #rs2025gmhuus 81km from #Pyapon, #Myanmar 2025-04-02 16:27 UTC Source: #GFZ @raspishake Join the largest #CitizenScience EQ community ➡ https://t.co/Y5O0dgJqJF EVENT ➡ https://t.co/eCLEmJEaei https://t.co/wFhYG4Wj1c"
myanmar earthquake 2025,1907483678034293149,2025-04-02_17-22-02,in,Earthquake Map,False,2423,,0,0,1,"【m3.5】MYANMAR 10km Apr 02, 2025 17:01:04 UTC (G)https://t.co/0LcHwymhm9 (EMSC)https://t.co/ukpJgt3Sa0"
myanmar earthquake 2025,1907484249512419682,2025-04-02_17-24-19,en,Raspberry Shake Earthquake Channel,False,6554,"Boquete, Panama",6,6,0,Preliminary M5.1 #Earthquake ID: #rs2025gmhuus Near South Coast of Myanmar 2025-04-02 16:27 UTC @raspishake - Learn more about us at https://t.co/ojzht2DDAL - EVENT: https://t.co/eCLEmJEaei https://t.co/a0qgdlKTLC
myanmar earthquake 2025,1907489864444162496,2025-04-02_17-46-37,en,British Red Cross 🧡,False,241135,UK,9,17,8,"People in Myanmar need us right now, and in the weeks and months ahead. In a country already facing severe humanitarian challenges, this #earthquake will only make things more dire for people. Please help by donating to our Myanmar Earthquake Appeal: https://t.co/k3XDtHlzFa https://t.co/hFE1ttowkl"
myanmar earthquake 2025,1907496923508125792,2025-04-02_18-14-40,en,CSB News USA,False,120,"5143 Langston,  Virginia, USA",0,0,0,"Myanmar's Devastating Earthquake: International Cooperation and Diplomatic Advantages for the Military Regime Myanmar, April 2, 2025 — Following Myanmar's deadliest natural disaster, the position of junta leader Min Aung Hlaing has been strengthened, as diplomatic channels that had been closed for over a year have been reopened after the earthquake. Following the 7.7 magnitude earthquake last Friday, which killed over 2,700 people, Min Aung Hlaing has found a new diplomatic opportunity amidst Myanmar’s crisis. After the earthquake, Min Aung Hlaing was preparing to attend a regional summit in Thailand, where he was contacting leaders of other countries by phone to meet with them. While it is still unclear whether Min Aung Hlaing will attend the BIMSTEC (Bay of Bengal Initiative for Multi-Sectoral Technical and Economic Cooperation) summit, the disaster has helped end his diplomatic isolation. Analyst Angshuman Chowdhury says, ""This is an opportunity for Myanmar’s regional powers, such as India, China, and Russia, who would want to increase their influence."" He further stated, ""Min Aung Hlaing can use this opportunity to solidify his leadership as indispensable in Myanmar."" In the past week, Min Aung Hlaing has spoken with Chinese President Xi Jinping, Indian Prime Minister Narendra Modi, and Malaysian Prime Minister Anwar Ibrahim, resulting in international aid starting to flow. Prior to this, due to the pressure of the war and defeats faced by the junta government, Min Aung Hlaing had become isolated on the international stage. Analysts suggest that this earthquake could complicate Myanmar’s battlefield and make it harder to maintain support among local populations, intensifying the resistance struggle. Meanwhile, Myanmar’s junta government is trying to seize the opportunity to receive aid, but it is facing obstacles in reaching opposition groups and the general public. China, India, Russia, and Southeast Asian countries have sent aid to Myanmar, but military operations by the junta continue. Additionally, if Min Aung Hlaing participates in the BIMSTEC summit, his international legitimacy could increase further, especially as his relationship with India strengthens. India has already quickly sent aid following the earthquake. Min Aung Hlaing may also get an opportunity to meet with regional leaders, including Malaysian Prime Minister Anwar Ibrahim and Thai politician Thaksin Shinawatra. However, Thailand is taking a cautious stance as it shares a long border with Myanmar and faces significant economic and security risks. Analyst Thitinan Pongsudhirak states, ""Thailand has to work very carefully because they have a lot at stake in their relationship with Myanmar."" This situation has opened up a new diplomatic opportunity for Myanmar’s junta government, although internal conflicts and violence within the country continue."
myanmar earthquake 2025,1907499168144470018,2025-04-02_18-23-35,en,AAMIJ (Burma),False,175,Myanmar/Thailand,1,2,0,"#BREAKING: The Kachin Independence Organisation (KIO), one of Myanmar's main ethnic armed groups battling the junta, announces a short unilateral ceasefire from April 2-22, 2025, in response to the Myanmar military's earthquake aid ceasefire."
myanmar earthquake 2025,1907499373103296999,2025-04-02_18-24-24,en,Cape Diamond,False,95234,Myanmar,12,22,1,"JUST IN: The Kachin Independence Organization (KIO), one of the key ethnic armed orgs against the junta in #Myanmar, announces a temporary unilateral ceasefire from April 2-22, 2025, in response to the Myanmar military's ceasefire for earthquake aid. KIO will only engage in defensive actions. #WhatsHappeninglnMyanmar"
myanmar earthquake 2025,1907500894091973022,2025-04-02_18-30-27,en,TKTL1,False,483,Little #Honeypot ...,0,0,0,02 April 2025 19:17 #Myanmar Army Agrees 20-Day #Ceasefire With Rebels Starting April 2 to Tackle Earthquake Aftermath - Statement
myanmar earthquake 2025,1907504404716011967,2025-04-02_18-44-24,en,Grok,False,3486694,wherever you are,0,0,0,"@ImHari97 @im_inba1 No evidence supports a 7.8 magnitude earthquake in Bangkok on April 1, 2025. A 7.7 magnitude quake hit Myanmar on March 28, 2025, affecting Thailand. The April Fools' Day timing suggests a hoax."
myanmar earthquake 2025,1907504924163780806,2025-04-02_18-46-28,en,Grok,False,3486694,wherever you are,0,0,0,"@ericnguyedward @dannamviet No evidence supports *The Simpsons* predicting the 7.7 magnitude Myanmar earthquake on March 28, 2025. The event caused over 1,600 deaths, but claims of a prediction lack backing from episodes or credible sources. Likely a rumor or misinterpretation amplified on social media."
myanmar earthquake 2025,1907506979783823632,2025-04-02_18-54-38,en,paoder,False,2,,0,0,0,"Declaration of $2 Million for Humanitarian Needs in the Aftermath of the Myanmar Earthquake March 30, 2025 As an immediate response to the March 28 Sagaing earthquake, the United States will provide up to USD 2 million through Myanmar-based humanitarian assistance organizations."
myanmar earthquake 2025,1907507365395431582,2025-04-02_18-56-10,ro,A.Pushkin,False,120,Almaty,0,0,0,Magnitude 7.7 Earthquake in Myanmar &amp; Thailand 2025 COMPILATION (PART 3) https://t.co/qT7WlcukCz @YouTube aracılığıyla #deprem #earthquake
myanmar earthquake 2025,1907508339719753777,2025-04-02_19-00-02,en,Humanity First USA,False,11935,United States of America,20,39,2,"More than 2,700 people have lost their lives, and the toll continues to rise after a devastating 7.7 earthquake struck #Myanmar and #Thailand. Our hearts go out to all those affected. A local Humanity First team brought supplies from #Yangon to #Mandalay. What is normally an 8-hour drive took 15 hours. Boxes of food, over the counter medications, and hygiene products were given to people in Mandalay. Now the team is in #Sagaing region, which is an area with significant damage and fewer responders. For more information and to support efforts: https://t.co/AeAwfjyD4C"
myanmar earthquake 2025,1907508548122087685,2025-04-02_19-00-52,en,Wikipedia Feed,False,13,Earth,0,0,0,"In The News - 2025 Myanmar earthquake https://t.co/0Bqyby8oub On 28 March 2025 at 12:50:52 MMT, a Mw 7.7 earthquake struck the Sagaing Region of Myanmar, with an epicenter close to Mandalay, the country's second-largest city. The strike-slip sh... https://t.co/CTjpArd1Df"
myanmar earthquake 2025,1907508589436059991,2025-04-02_19-01-02,en,Earthquake Map,False,2423,,0,0,2,"【m3.8】NEAR SOUTH COAST OF MYANMAR 10km Apr 02, 2025 18:49:36 UTC (G)https://t.co/6eFowwWjRm (EMSC)https://t.co/YuX7yygTP9"
myanmar earthquake 2025,1907509736653680950,2025-04-02_19-05-35,en,Franklin Graham,False,2965662,,40,227,15,I hope you’ll watch Stakelbeck Tonight on @TBN this evening at 7:30pm ET as @ErickStakelbeck and I talk about how @SamaritansPurse is responding to help in Myanmar following the deadly earthquake there. https://t.co/y8fMrxG9ym
myanmar earthquake 2025,1907510594640417046,2025-04-02_19-09-00,en,Louise Hemphill-Nolan,False,970,,0,0,0,"Tironianae 🍊 🍊 Z. - Ultra Verbum Vincet, [Apr 2, 2025 at 2:19 PM] Strong 5.0 Magnitude earthquake hits S of Pyapon, Myanmar 🇲🇲 (02.04.2025) Source: USGS TELEGRAM JOIN 👉 https://t.co/2hD0rfF0yA https://t.co/SzaVYHnEun https://t.co/wd6LC0mtXq"
myanmar earthquake 2025,1907513363556622723,2025-04-02_19-20-00,es,Paola Rojas,False,2162225,CDMX,12,150,3,"🌍 Más de 2,700 personas han perdido la vida tras el sismo en el sudeste asiático. Pero entre la tragedia, surgen historias de esperanza. @PisayCorreTV @ImagenTVMex @ImagenNoticias_ #Myanmar #Sismo #Terremoto #RescateMilagroso #NoticiasInternacionales #AyudaHumanitaria https://t.co/zLybP4pRff"
myanmar earthquake 2025,1907520005295550601,2025-04-02_19-46-23,en,Lirana,False,58,Ot7,0,0,0,"On March 28, 2025, a major earthquake with a magnitude of 7.7, along with several aftershocks struck Myanmar and neighboring countries, resulting in significant loss of life and destruction of homes and properties #EarthquakeinMyanmar #rebuildingtogether#whatishappeninginmyamar https://t.co/r3qemTtxmp"
myanmar earthquake 2025,1907520331394461834,2025-04-02_19-47-41,en,Times Always,False,29,India,0,0,0,"🚨 BREAKING: A 4.8 magnitude earthquake hit Myanmar on April 2, 2025, just days after a deadly 7.7 quake on March 28, 2025. 💔 Rescue efforts continue, but damaged roads & conflict make aid harder. 🆘 #Earthquake #Maynmar"
myanmar earthquake 2025,1907523740700983520,2025-04-02_20-01-14,en,Build Myanmar,False,145,Myanmar,0,2,1,"🇲🇲 A devastating 7.7 earthquake hit Myanmar on March 28, 2025. Lives, homes, and cities were lost. To support those on the ground, Build Myanmar is hosting FREE 2-day training for earthquake relief volunteers this week. 🧵Details below: https://t.co/wNTa8mVmQZ"
myanmar earthquake 2025,1907526984738943188,2025-04-02_20-14-07,en,Grok,False,3486685,wherever you are,0,1,0,"It's unclear if the hotel remains habitable post-earthquake without a professional inspection. The 7.7 magnitude quake on March 28, 2025, near Mandalay, Myanmar, led to evacuations and safety checks of Bangkok hotels. Some buildings may be unsafe, but specific details on this hotel are lacking. Thailand’s government is proactively inspecting over 700 structures, including hotels, to ensure safety. https://t.co/pqlzSn8SPf"
myanmar earthquake 2025,1907529540618039544,2025-04-02_20-24-17,en,Matthew Tostevin,False,258518,UK,164,228,8,"As aid workers rush to help after Myanmar’s devastating earthquake, they are being stretched way too thin. Even in In Wa and Tada-U close to Mandalay people are desperate for more support let alone in still more remote areas. #WhatsHappeninglnMyanmar #MyanmarEarthquake https://t.co/vsZoLzepEK"
myanmar earthquake 2025,1907530436563390808,2025-04-02_20-27-50,en,Lee Golden,False,764,,0,0,0,"BREAKING Myanmar's military today announced a temporary ceasefire, effective immediately and until April 22, 2025, to support earthquake relief efforts israel has launched a new offensive in Gaza, targeting large areas that will be added to its security zones. FYI land grabs https://t.co/lklibyTBea"
myanmar earthquake 2025,1907531302045163716,2025-04-02_20-31-17,en,nyeinkyaw865,False,18,"Hartford, CT",0,1,0,"🛸Please,help us 7.7 Magnitude earthquake in Myanmar (Burma) 29 march 2025🛸 China rescue team using life detector🛸 @TinaYu18837417 🛸 https://t.co/jg0hqd1Wtj🛸 https://t.co/iWwfYwLTpW🛸"
myanmar earthquake 2025,1907531947565297951,2025-04-02_20-33-51,en,Belarus MFA 🇧🇾,False,48115,Minsk,17,76,5,"Special squad ZUBR of the Ministry for Emergency Situations of Belarus continues search @ rescue operation in #Myanmar #earthquake The work is being carried out 24/7 in 30-degree heat, in difficult conditions under the threat of new tremors and further collapse of buildings. The death toll from the Myanmar earthquake has reached 2.900 and the numbers continue to rise. More than 4.500 people have been injured."
myanmar earthquake 2025,1907534292986552758,2025-04-02_20-43-10,en,IFRC,False,237737,"Geneva, Switzerland",14,29,1,"The powerful 7.7 magnitude earthquake that struck central Myanmar on 28 March 2025 caused heavy casualties and widespread damage to roads, bridges and other infrastructure. Teams from the @MyanmarRedCross responded immediately, providing search and rescue teams, first aid, health and other emergency relief. The @IFRC immediately released two million Swiss francs for immediate relief through @IFRC_DREF – and has launched an appeal for 100 million Swiss francs. With Farah Atiqah, @IFRC Myanmar Delegation."
myanmar earthquake 2025,1907535885320503518,2025-04-02_20-49-30,en,nyeinkyaw865,False,18,"Hartford, CT",1,1,0,"🛸 Please,help us 7.7 Magnitude earthquake in Myanmar (Burma) 29 march 2025🛸 China rescue team using life detector🛸 @TinaYu18837417 🛸 https://t.co/jg0hqd1Wtj🛸 https://t.co/lwVb066jeo🛸 https://t.co/je4kIzbS9s"
myanmar earthquake 2025,1907536359767576712,2025-04-02_20-51-23,cs,🅰️kciový GURU,False,27339,Česká republika,8,213,32,"🔥 Tohle je takový sci-fi, že s klidnou hlavou vypínám a počkám si, jak to bude do konce týdne všechno ještě třikrát jinak. Měli by ho zavřít do klece. 🤣🤦 1. Cambodia - 49% 2. Laos - 48% 3. Madagascar - 47% 4. Vietnam - 46% 5. Myanmar (Burma) - 44% 6. Sri Lanka - 44% 7. Bangladesh - 37% 8. Serbia - 37% 9. Botswana - 37% 10. Thailand - 36% 11. China - 34% 12. Taiwan - 32% 13. Indonesia - 32% 14. Switzerland - 31% 15. South Africa - 30% 16. Pakistan - 29% 17. Tunisia - 28% 18. Kazakhstan - 27% 19. India - 26% 20. South Korea - 25% 21. Japan - 24% 22. Malaysia - 24% 23. Côte d'Ivoire - 21% 24. European Union - 20% 25. Jordan - 20% 26. Nicaragua - 18% 27. Philippines - 17% 28. Israel - 17% 29. Norway - 15% 30. Turkey - 10% 31. Peru - 10% 32. Costa Rica - 10% 33. Dominican Republic - 10% 34. United Arab Emirates - 10% 35. New Zealand - 10% 36. Argentina - 10% 37. Ecuador - 10% 38. Guatemala - 10% 39. Honduras - 10% 40. Egypt - 10% 41. Saudi Arabia - 10% 42. El Salvador - 10% 43. Morocco - 10% 44. Trinidad and Tobago - 10% 45. Brazil - 10% 46. Singapore - 10% 47. Chile - 10% 48. Australia - 10% 49. Colombia - 10% 50. United Kingdom - 10%"
myanmar earthquake 2025,1907537121373471044,2025-04-02_20-54-24,en,Dušan Drašković,False,1058,"New York, NY",0,0,0,Clairvoyant Baba Vanga predicted the recent earthquake in Myanmar and Thailand: 🔗 https://t.co/B0GsEKnHVf Her other chilling predictions for 2025 include a war in Europe and a global economic collapse. According to her prophecies: 👁 2025: A conflict in Europe will devastate the population 👁 2028: Venus will begin to be colonized 👁 2033: Melting ice caps will cause sea levels to rise 👁 2076: Communism will spread across the world 👁 2130: Humans will make contact with aliens 👁 2170: A global drought will strike 👁 3005: War with a Martian civilization 👁 3797: Humanity will leave Earth 👁 5079: The end of the world #BabaVanga #Prophecies #2025Predictions #Earthquake #Myanmar #Thailand #EuropeConflict #GlobalCollapse #FutureVisions #Aliens #VenusColonization #Doomsday #PsychicPredictions #EndOfTheWorld
myanmar earthquake 2025,1907537355973763468,2025-04-02_20-55-20,en,EarthRumbles 🇺🇲🇹🇭,False,392,Thailand & Kazakhstan,0,4,0,"M5.0 earthquake (#aftershock?) offshore #Myanmar on 02 April 2025 at 16:27 UTC recorded by Station R0ED0 in #Uttaradit, #Thailand. There have been hundreds of aftershocks since the 28 March earthquake but they have been on land at, near to, and surrounding the M7.7 epicenter. However, this recent seismic event is off the southern coast. So, is it an aftershock or it's own seismic event? I want to say it's an aftershock. Why? Because it is still located near the fault of the M7.7 earthquake. It is not usual for aftershocks to occur on or near the fault line hundreds of kilometers from the epicenter of a major earthquake. @raspishakEQ @raspishake @EarthScope_sci @EarthquakeTMD https://t.co/Sm0tbXqCMm"
myanmar earthquake 2025,1907537519333494997,2025-04-02_20-55-59,en,USGS Earthquakes,False,300465,Planet Earth,117,515,2,"Our hearts go out to those affected by the devastating M7.7 earthquake on the Sagaing fault in Burma (Myanmar). Since the earthquake, USGS scientists continue to remotely analyze data and provide technical support to our partners. https://t.co/4SuFfQ4A7N"
myanmar earthquake 2025,1907538762860736594,2025-04-02_21-00-56,en,OSZ,False,32741,,54,216,8,FULL LIST OF PRESIDENT TRUMP'S RECIPROCAL TARIFFS: 1. Cambodia - 49% 2. Laos - 48% 3. Madagascar - 47% 4. Vietnam - 46% 5. Myanmar (Burma) - 44% 6. Sri Lanka - 44% 7. Bangladesh - 37% 8. Serbia - 37% 9. Botswana - 37% 10. Thailand - 36% 11. China - 34% 12. Taiwan - 32% 13. Indonesia - 32% 14. Switzerland - 31% 15. South Africa - 30% 16. Pakistan - 29% 17. Tunisia - 28% 18. Kazakhstan - 27% 19. India - 26% 20. South Korea - 25% 21. Japan - 24% 22. Malaysia - 24% 23. Côte d'Ivoire - 21% 24. European Union - 20% 25. Jordan - 20% 26. Nicaragua - 18% 27. Philippines - 17% 28. Israel - 17% 29. Norway - 15% 30. Turkey - 10% 31. Peru - 10% 32. Costa Rica - 10% 33. Dominican Republic - 10% 34. United Arab Emirates - 10% 35. New Zealand - 10% 36. Argentina - 10% 37. Ecuador - 10% 38. Guatemala - 10% 39. Honduras - 10% 40. Egypt - 10% 41. Saudi Arabia - 10% 42. El Salvador - 10% 43. Morocco - 10% 44. Trinidad and Tobago - 10% 45. Brazil - 10% 46. Singapore - 10% 47. Chile - 10% 48. Australia - 10% 49. Colombia - 10% 50. United Kingdom - 10%
myanmar earthquake 2025,1907539004897030350,2025-04-02_21-01-53,en,nyeinkyaw865,False,18,"Hartford, CT",1,1,0,"🛸 Please, help us 7.7 Magnitude earthquake in Myanmar (Burma)🛸 30 march 2025🛸 China rescue team using life detector🛸 @TinaYu18837417 🛸 https://t.co/jg0hqd1Wtj🛸 https://t.co/KMEJhnUZXX🛸 https://t.co/0FCuRxqyTq"
myanmar earthquake 2025,1907541184689688978,2025-04-02_21-10-33,en,Mohammed Rezuwan Khan,False,1500,Here and There ,0,2,0,"BREAKING: Following a declaration of a one-month ceasefire by revolutionary armed resistance groups, the Myanmar military has announced a temporary ceasefire today, effective immediately until April 22, 2025, to support earthquake rescue efforts. https://t.co/wLUzFXzEL2"
myanmar earthquake 2025,1907541651163328859,2025-04-02_21-12-24,en,Proud Elephant 🇺🇸🦅,False,496563,Kansas City,245,980,108,🚨 BREAKING NEWS — FULL LIST OF PRESIDENT TRUMP'S RECIPROCAL TARIFFS: 1. Cambodia - 49% 2. Laos - 48% 3. Madagascar - 47% 4. Vietnam - 46% 5. Myanmar (Burma) - 44% 6. Sri Lanka - 44% 7. Bangladesh - 37% 8. Serbia - 37% 9. Botswana - 37% 10. Thailand - 36% 11. China - 34% 12. Taiwan - 32% 13. Indonesia - 32% 14. Switzerland - 31% 15. South Africa - 30% 16. Pakistan - 29% 17. Tunisia - 28% 18. Kazakhstan - 27% 19. India - 26% 20. South Korea - 25% 21. Japan - 24% 22. Malaysia - 24% 23. Côte d'Ivoire - 21% 24. European Union - 20% 25. Jordan - 20% 26. Nicaragua - 18% 27. Philippines - 17% 28. Israel - 17% 29. Norway - 15% 30. Turkey - 10% 31. Peru - 10% 32. Costa Rica - 10% 33. Dominican Republic - 10% 34. United Arab Emirates - 10% 35. New Zealand - 10% 36. Argentina - 10% 37. Ecuador - 10% 38. Guatemala - 10% 39. Honduras - 10% 40. Egypt - 10% 41. Saudi Arabia - 10% 42. El Salvador - 10% 43. Morocco - 10% 44. Trinidad and Tobago - 10% 45. Brazil - 10% 46. Singapore - 10% 47. Chile - 10% 48. Australia - 10% 49. Colombia - 10% 50. United Kingdom - 10% DO YOU SUPPORT THIS?
myanmar earthquake 2025,1907543563090509825,2025-04-02_21-20-00,en,Reuters,False,25577591,Around the world,15,34,2,"After a 7.7 magnitude earthquake shook Myanmar, international rescuers rushed into the devastated country. The most ubiquitous among them have been Chinese relief workers, whose blue and orange uniforms appear across videos circulating on social media https://t.co/eGmsCieatt https://t.co/mmKBXWGijF"
myanmar earthquake 2025,1907546086308282528,2025-04-02_21-30-02,en,Grok,False,3486685,wherever you are,0,0,0,"The US has pledged up to $2M in aid and sent 3 USAID experts to assess Myanmar's earthquake damage from March 28, 2025, but no teams are on the ground yet. Delays may stem from recent USAID budget cuts, slowing the response compared to past disasters and other nations like China and India."
myanmar earthquake 2025,1907546501762658776,2025-04-02_21-31-41,es,Alerta Mundial / Terremotos y Desastres,False,243143,Global,103,430,8,🌍 ¡Aviso de sismo detectado! 🌍 📍 Región: Cerca de la costa sur de Myanmar 🇲🇲 📊 Magnitud: 5.0 📏 Profundidad: 10 km 📌 Ubicación: 91 km SSE de Bogale 🕰️ Hora local: 22:57:12 🗓️ Fecha local: 2 de abril de 2025 🔍 #Sismo #Terremoto #Myanmar #AlertaSísmica https://t.co/iCHWL0FDeF
myanmar earthquake 2025,1907548065327878318,2025-04-02_21-37-53,en,Church News,False,186523,"Salt Lake City, Utah",9,100,1,"In Church News Today this Wednesday, April 2: The Asia Area presidency of the Church has issued a statement following the 7.7 magnitude earthquake in Myanmar that also impacted Thailand. They say they are deeply saddened by the recent earthquakes and that they stand united with all affected communities. They also say they are extending assistance to those in need. The First Presidency has released a site location and exterior rendering for a temple in Guatemala. This will be the sixth house of the Lord in that country with three dedicated, one under construction and another announced. The Church enlists 143 language teams worldwide and 57 in Salt Lake City alone who work on translations during general conference. A behind-the-scenes video from the Church gives viewers a glimpse into the preparation, faith and efforts to translate talks every six months. Learn more about these and other stories from The Church of Jesus Christ of Latter-day Saints at https://t.co/B1pkIb5smK or on the Church News app."
myanmar earthquake 2025,1907550688344727669,2025-04-02_21-48-19,en,Mg Lay,False,26,,0,0,0,Myanmar earthquake 28.3.2025 Mandalay https://t.co/GmRd3XlDSl
myanmar earthquake 2025,1907551461141024920,2025-04-02_21-51-23,en,Mg Lay,False,26,,0,0,0,Myanmar earthquake 2025 https://t.co/XYZGOkKPOh
myanmar earthquake 2025,1907551889316856180,2025-04-02_21-53-05,en,GNLM News,False,182,Myanmar,0,1,0,"Nippon Foundation rushes US$3M in food, meds to quake-hit Myanmar The Nippon Foundation wishes to extend sincere condolences to everyone affected by the major earthquake that struck Myanmar and surrounding areas on 28 March 2025. https://t.co/IOQ8MpwWtm"
myanmar earthquake 2025,1907552755180503092,2025-04-02_21-56-32,en,GNLM News,False,182,Myanmar,0,0,0,"Alert: Terror Threats Amid Quake Relief Efforts On 28 March 2025, a powerful earthquake hit Myanmar causing severe damage to the public and loss of life and property. The members of Tatmadaw, https://t.co/lRMYfUVHNZ"
myanmar earthquake 2025,1907553720302293145,2025-04-02_22-00-22,en,BBC News (World),False,41339254,"London, UK",16,39,6,How aid becomes a weapon in Myanmar's war zone https://t.co/t1KSfY41rV
myanmar earthquake 2025,1907556281688478157,2025-04-02_22-10-32,in,JRT,False,34617,"Beverly Hills, California",244,159,9,ประกาศ Tariifs... 1.🇰🇭 Cambodia: 49% 2.🇱🇦 Laos: 48% 3.🇲🇬 Madagascar: 47% 4.🇻🇳 Vietnam: 46% 5.🇲🇲 Myanmar (Burma): 44% 6.🇱🇰 Sri Lanka: 44% 7.🇧🇩 Bangladesh: 37% 8.🇷🇸 Serbia: 37% 9.🇧🇼 Botswana: 37% 10.🇹🇭 Thailand: 36% 11.🇨🇳 China: 34% 12.🇹🇼 Taiwan: 32% 13.🇮🇩 Indonesia: 32% 14.🇨🇭 Switzerland: 31% 15.🇿🇦 South Africa: 30% 16.🇵🇰 Pakistan: 29% 17.🇹🇳 Tunisia: 28% 18.🇰🇿 Kazakhstan: 27% 19.🇮🇳 India: 26% 20.🇰🇷 South Korea: 25% 21.🇯🇵 Japan: 24% 22.🇲🇾 Malaysia: 24% 23.🇨🇮 Côte d’Ivoire: 21% 24.🇪🇺 European Union: 20% 25.🇯🇴 Jordan: 20% 26.🇳🇮 Nicaragua: 18% 27.🇵🇭 Philippines: 17% 28.🇮🇱 Israel: 17% 29.🇳🇴 Norway: 15% 30.🇹🇷 Turkey: 10% 31.🇵🇪 Peru: 10% 32.🇨🇷 Costa Rica: 10% 33.🇩🇴 Dominican Republic: 10% 34. 🇦🇪 United Arab Emirates: 10% 35.🇳🇿 New Zealand: 10% 36.🇦🇷 Argentina: 10% 37.🇪🇨 Ecuador: 10% 38.🇬🇹 Guatemala: 10% 39.🇭🇳 Honduras: 10% 40. 🇪🇬 Egypt: 10% 41.🇸🇦 Saudi Arabia: 10% 42.🇸🇻 El Salvador: 10% 43. 🇲🇦 Morocco: 10% 44. 🇹🇹 Trinidad and Tobago: 10% 45. 🇧🇷 Brazil: 10% 46. 🇸🇬 Singapore: 10% 47.🇨🇱 Chile: 10% 48. 🇦🇺 Australia: 10% 49.🇨🇴 Colombia: 10% 50. 🇬🇧 United Kingdom: 10%
myanmar earthquake 2025,1907558276591443999,2025-04-02_22-18-28,es,MΛRC VIDΛL,False,257339,Madrid & 𝕏,272,800,151,Clasificación final: 🇰🇭 Camboya: 49% 🇱🇦 Laos: 48% 🇲🇬 Madagascar: 47% 🇻🇳 Vietnam: 46% 🇲🇲 Myanmar: 44% 🇱🇰 Sri Lanka: 44% 🇮🇶 Irak: 39% 🇧🇩 Bangladesh: 37% 🇷🇸 Serbia: 37% 🇧🇼 Botsuana: 37% 🇹🇭 Tailandia: 36% 🇨🇳 China: 34% 🇮🇩 Indonesia: 32% 🇹🇼 Taiwán: 32% 🇨🇭 Suiza: 31% 🇱🇾 Libia: 31% 🇿🇦 Sudáfrica: 30% 🇵🇰 Pakistán: 29% 🇹🇳 Túnez: 28% 🇰🇿 Kazajistán: 27% 🇮🇳 India: 26% 🇰🇷 Corea del Sur: 25% 🇯🇵 Japón: 24% 🇲🇾 Malasia: 24% 🇨🇮 Costa de Marfil: 21% 🇪🇺 Unión Europea: 20% 🇯🇴 Jordania: 20% 🇳🇮 Nicaragua: 18% 🇮🇱 Israel: 17% 🇵🇭 Filipinas: 17% 🇳🇴 Noruega: 15% 🇻🇪 Venezuela: 15% 🇳🇬 Nigeria: 14% 🇬🇧 Reino Unido: 10% 🇧🇷 Brasil: 10% 🇸🇬 Singapur: 10% 🇨🇱 Chile: 10% 🇦🇺 Australia: 10% 🇹🇷 Turquía: 10% 🇨🇴 Colombia: 10% 🇵🇪 Perú: 10% 🇨🇷 Costa Rica: 10% 🇩🇴 República Dominicana: 10% 🇦🇪 Emiratos Árabes Unidos: 10% 🇳🇿 Nueva Zelanda: 10% 🇦🇷 Argentina: 10% 🇪🇨 Ecuador: 10% 🇬🇹 Guatemala: 10% 🇭🇳 Honduras: 10% 🇪🇬 Egipto: 10% 🇸🇦 Arabia Saudí: 10% 🇸🇻 El Salvador: 10% 🇹🇹 Trinidad y Tobago: 10% 🇲🇦 Marruecos: 10% 🇺🇾 Uruguay: 10% 🇺🇦 Ucrania: 10% 🇶🇦 Qatar: 10% 🇭🇹 Haití: 10% 🇧🇴 Bolivia: 10% 🇵🇦 Panamá: 10% 🇵🇾 Paraguay: 10% 🇸🇳 Senegal: 10% 🇪🇹 Etiopia: 10% 🇯🇲 Jamaica: 10% 🇺🇬 Uganda: 10% 🇳🇵 Nepal: 10% 🇦🇫 Afganistán: 10% 🇧🇧 Barbados: 10% 🇽🇰 Kosovo: 10% 🇲🇳 Mongolia: 10% 🇸🇩 Sudán: 10% 🇦🇼 Aruba: 10% 🇾🇪 Yemen: 10% 🇮🇷 Irán: 10% 🇨🇻 Cabo Verde: 10% 🇹🇴 Tonga: 10% 🇦🇩 Andorra: 10% 🇦🇮 Anguilla: 10% 🇸🇸 Sudán del Sur: 10% 🇬🇮 Gibraltar: 10% 🇹🇻 Tuvalu: 10% #DonaldTrump #Aranceles
myanmar earthquake 2025,1907560321205579867,2025-04-02_22-26-35,en,Zambia High Commission London,False,584,London,0,0,0,"The Deputy Head of Mission Mrs Lubu Chibwe Nxumalo signs the Book of Condolence opened at the Embassy of the Republic of the Union of Myanmar in honour of 1002 lives lost in a devastating earthquake on March 28, 2025. 2,376 other people sustained injuries. https://t.co/y04GXVGzA9"
myanmar earthquake 2025,1907561800247251429,2025-04-02_22-32-28,en,Global Connections,False,2,UK,0,0,0,"https://t.co/OSvgnBQXHA - Global Connections 🌎 WORLD NEWS #43 🌍 In this video, we share details about the devastating earthquake that struck Myanmar in 2025. This earthquake caused significant loss of life and property 🇲🇲 | https://t.co/gH0ktoGy3S 🇬🇧 https://t.co/umjwif1oNR"
myanmar earthquake 2025,1907572311344984080,2025-04-02_23-14-14,en,Shahriyar Gourgi,False,1618,Norway,0,1,0,"(📷: VCG/Getty Images.) Members from a Chinese rescue team observe a minute of silence at a quake site on April 1, 2025, in Mandalay city, Myanmar. Myanmar held a minute's silence on April 1 in tribute to victims of a catastrophic earthquake that has killed more than 2,000 people https://t.co/Xcr0rjOjGH"
myanmar earthquake 2025,1907572566027280610,2025-04-02_23-15-15,en,Burma Canada Association Ontario,False,15,,4,3,1,"Help Myanmar Rebuild: 🇲🇲Earthquake Relief Today, our students are the voices of those who can’t speak. On March 28, 2025, a catastrophic 7.7-magnitude earthquake shattered lives near Mandalay, Sagaing and along with many rural area. Countless families left homeless and https://t.co/vvoMMkYiA0"
myanmar earthquake 2025,1907573139740967337,2025-04-02_23-17-32,es,Mario Silva,False,75596,Curico/ Chile,14,30,6,"El terremoto Myanmar provocó un desplazamiento de 4.5 metros 😲 Los satélites Maxar han detectado una falla en la superficie creada por un terremoto de magnitud 7,7 en Myanmar. La longitud de la grieta es de más de 500 kilómetros. https://t.co/cglp2N9ohC"
myanmar earthquake 2025,1907576032896462956,2025-04-02_23-29-01,in,Earthquake Map,False,2423,,0,0,1,"【m3.9】MYANMAR 10km Apr 02, 2025 23:13:14 UTC (G)https://t.co/3bKjmUpCME (EMSC)https://t.co/DZlq24DXd1"
myanmar earthquake 2025,1907576667070939526,2025-04-02_23-31-33,en,Chris Paxton,False,15236,"Pittsburgh, PA",6,57,3,Chinese earthquake response team using a drone to illuminate a collapsed building in Myanmar https://t.co/5F4HgNUEQJ
myanmar earthquake 2025,1907577371236118774,2025-04-02_23-34-21,en,Jose_Arturo Perez_Sanchez,False,23,"Arima 3 chome, Kawasaki-shi",0,0,0,8:33 AM 4/3/2025 Japan Standard Time Japan Earthquake BREAKING | 6.2 Magnitude Quake Hits Japan Days After Deadly Myanmar Earthquake https://t.co/ZfI2E9XjNj
myanmar earthquake 2025,1907577638455283908,2025-04-02_23-35-24,en,José Arturo Pérez Sánchez,False,16,Arima 3-chome Miyamae Kanagawa,0,0,0,8:35 AM 4/3/2025 Japan Standard Time Japan Earthquake BREAKING | 6.2 Magnitude Quake Hits Japan Days After Deadly Myanmar Earthquake https://t.co/ntgA0QjG2R
myanmar earthquake 2025,1907582325229232330,2025-04-02_23-54-02,en,Edward Graham,False,10313,,22,109,2,"I spoke on @WNCN yesterday to share how @SamaritansPurse is responding to the devastating earthquake that took place in Myanmar. We are sending the largest hospital that we can deploy, along with water filtration systems, and other essential disaster relief supplies. Our Disaster Assistance Relief Team (DART) will compose of doctors, surgeons, nurses, water and sanitation specialists, electricians, and logisticians, and they will assist those hurting for the weeks to come. Please pray for this country and the many families impacted by this horrific disaster."
myanmar earthquake 2025,1907582787223433533,2025-04-02_23-55-52,en,Bridget Welsh,False,15062,malaysia,98,182,14,"When April 2/3 becomes April Fool's Day. Just sickening. Trump's Reciprocal tariffs hit Southeast Asia countries hard, especially poorer countries. Cambodia (49%), Laos (48%), Myanmar (44%) Vietnam (46%), Indonesia (32%), Malaysia (24%), Philippines (17%) &amp; Singapore (10%) https://t.co/QJHPFn8wTw"
myanmar earthquake 2025,1907584578094797106,2025-04-03_00-02-59,en,"Richard Gage, AIA, Architect",False,78801,United States,19,39,9,"[Reposting w/corrections] Myanmar Earthquake Provides 9/11 Lesson for Critical Thinkers By now, we are all familiar with the catastrophic high-rise collapse in Bangkok following the powerful 7.7-magnitude earthquake in Myanmar. It has become almost as iconic as the images of the destruction of each of the Twin Towers on 9/11/01. But have you actually watched their destruction side by side? We learn something very revealing when we do. What do YOU notice? See the startling details if you haven't figured it out already: https://t.co/d7jkyJmL6q (Thx to Gene Laratonda for the great side-by-side comparison vid! His readily apparent 9/11 truth lesson has reached nearly 7 million views on X!) Check it out:"
myanmar earthquake 2025,1907592538485055739,2025-04-03_00-34-37,en,Grok,False,3486683,wherever you are,2,2,0,"The video likely shows water surging in a rooftop pool due to the 7.7 magnitude earthquake that hit Myanmar on March 28, 2025. The seismic waves caused violent shaking, felt in Thailand and Vietnam, leading to pool surges in high-rises, consistent with reports of water spilling in Bangkok. The quake caused over 3,840 deaths and extensive damage. https://t.co/pqlzSn8SPf"
myanmar earthquake 2025,1907595969979449537,2025-04-03_00-48-15,en,Nico,False,80,,1,0,0,"Bulgarian Baba Vanga's 2025 prophecy was that there would be earthquakes, war would break out in Europe and there would be an economic disaster worldwide, the earthquake prophecy for 2025 came true, earthquakes occurred in Myanmar and Tongo, https://t.co/hKzCGyiW05"
myanmar earthquake 2025,1907596879606477029,2025-04-03_00-51-52,en,endtimesprophecyc,False,744,,0,0,0,Magnitude 7.7 Earthquake in Myanmar &amp; Thailand 2025 COMPILATION (PART 3) https://t.co/CNqBT9jk4G via @YouTube
myanmar earthquake 2025,1907598932152119445,2025-04-03_01-00-01,en,Panay News,False,4853,"Brgy. Mali-ao, Pavia, Iloilo",0,0,0,"Major Stories (April 4, 2025) Long before the recent Myanmar earthquake shook the region’s consciousness, Western Visayas had already witnessed one of the most powerful tremors in Philippine history: the 1948 “Lady Caycay” earthquake. https://t.co/Fp3MoOZpE2"
myanmar earthquake 2025,1907605549010587814,2025-04-03_01-26-19,es,La Jornada,False,2832162,México,15,50,0,"Cinco días después de un terremoto de magnitud 7,7 que dejó más de 3 mil muertos, equipos de rescate sacaron con vida a dos hombres de las ruinas de un hotel en la capital de Myanmar y a un tercero de una casa de huéspedes en otra ciudad. https://t.co/TaivZjVcEc"
myanmar earthquake 2025,1907606478808105078,2025-04-03_01-30-00,en,Reuters,False,25577591,Around the world,9,40,3,"After a powerful earthquake rocked Myanmar, killing over 2,800 people, China’s rapidly deployed relief workers have made an impact https://t.co/eGmsCieatt https://t.co/PxcxMJN98p"
myanmar earthquake 2025,1907609759739482414,2025-04-03_01-43-03,in,Earthquake Map,False,2423,,1,0,0,"【m3.9】MYANMAR 10km Apr 03, 2025 01:25:54 UTC (G)https://t.co/1E7RSrLUqu (EMSC)https://t.co/DLAeT2m6Q9"
myanmar earthquake 2025,1907610294429585599,2025-04-03_01-45-10,en,Xnew,False,3,,0,0,0,Unreleased video update: earthquake Myanmar And Thailand And China https://t.co/b1Tm1O56jp
myanmar earthquake 2025,1907613278567547240,2025-04-03_01-57-02,in,Earthquake Map,False,2423,,0,0,0,"【m3.5】MYANMAR 5km Apr 03, 2025 01:38:14 UTC (G)https://t.co/XdfdA0G53B (EMSC)https://t.co/nfGfgka2lq"
myanmar earthquake 2025,1907613550064910434,2025-04-03_01-58-06,en,AHA Centre,False,4999,"Jakarta, Indonesia",1,1,0,SITUATION UPDATE No. 3 – M7.7 Earthquake in Myanmar and Thailand – 2 April 2025 - https://t.co/dlka8PAmRF https://t.co/lsnKBWVx5o
myanmar earthquake 2025,1907613570667303310,2025-04-03_01-58-11,en,AHA Centre,False,4999,"Jakarta, Indonesia",3,1,0,SITUATION UPDATE No. 3 – M7.7 Earthquake in Myanmar and Thailand – 2 April 2025 https://t.co/h35nWTKvIB
myanmar earthquake 2025,1907614385167827247,2025-04-03_02-01-25,en,Thai News Reports,False,59957,Thailand,9,5,0,"🇹🇭 THAI NEWS REPORTS: The Thai Meteorological Department has reported a total of 288 aftershocks following the Myanmar earthquake. 📅 Update: 3 April 2025, 7:00 a.m. 📌 More details: https://t.co/yqk1Gry6av https://t.co/6QocQ5xnrE"
myanmar earthquake 2025,1907622659812372817,2025-04-03_02-34-18,en,香 ·(smol hiatus),False,138,@tawattannn ✨,0,0,1,"#MyanmarEarthquake #MyanmarStillNeedsHelp Myanmar ppl are living a life that’s only live no life and now even living couldn’t be sure. From 2019-2025 , Covid-19, Coup , Floods and now earthquake with the civil war still ongoing. We’ve been trying 100 times harder than others"
myanmar earthquake 2025,1907625698950566320,2025-04-03_02-46-23,en,CRPH Myanmar,False,273035,Myanmar,65,84,3,"Military junta has no capacity or sympathy to respond the disaster. This clearly demonstrate junta loves power, not people. States and Int'l organizations must increase their support to save lives in #Myanmar. #HelpMyanmarRecover ⤵️ https://t.co/gKuu9okY2B"
myanmar earthquake 2025,1907629212191612929,2025-04-03_03-00-20,en,Samaritan's Purse,False,1030283,"Boone, NC",89,423,17,"Our Disaster Assistance Response Team (DART) is currently airborne and en route on the long journey to Myanmar, traveling across the globe to bring hope to those in the heart of devastation. As they go, we’re asking for your prayers. Pray for strength and protection for the team. But most of all, pray for the families who are hurting, grieving, and searching for help in the wake of the earthquake. Lift them up with us. Ask God to move—bringing peace in the chaos, comfort in the sorrow, and help where it’s needed most. To learn more, visit https://t.co/uxL5W499fC."
myanmar earthquake 2025,1907632180701876446,2025-04-03_03-12-08,en,pye aungthet,False,28,,0,0,0,@elonmusk Now the best place for establishing communication is Myanmar where 7.7 earthquake ( aftershocks still) took place on 28th March 2025.
myanmar earthquake 2025,1907635384475091181,2025-04-03_03-24-52,in,Maudy Asmara,False,277061,Indonesia ,28,75,13,Ngeri banget situasi di Myanmar https://t.co/ZGoFdCJARi
myanmar earthquake 2025,1907637297631420566,2025-04-03_03-32-28,en,Scarlett·Waverly,False,10403,Hong Kong,0,0,0,"As of April 2, 2025, a 7.9-magnitude earthquake in central Myanmar has caused at least 3003 deaths, 4515 injuries, and 351 missing persons. This earthquake is one of the most severe natural disasters in Myanmar in nearly a century https://t.co/d97U2aA68G"
myanmar earthquake 2025,1907637345702002807,2025-04-03_03-32-40,en,Scarlett·Waverly,False,10403,Hong Kong,0,2,0,"As of April 2, 2025, a 7.9-magnitude earthquake in central Myanmar has caused at least 3003 deaths, 4515 injuries, and 351 missing persons. This earthquake is one of the most severe natural disasters in Myanmar in nearly a century!. https://t.co/RH1jhLIODE"
myanmar earthquake 2025,1907639292190666784,2025-04-03_03-40-24,en,GISTDA_Space,False,3888,Thailand,0,2,1,"(1) GISTDA released satellite imagery from THEOS-1, acquired on April 1, 2025, showing damage to the Sinthay Lelway dam in Tatkon, Naypyidaw, following a 7.7 magnitude earthquake centered near Mandalay, Myanmar, on March 28. https://t.co/Af6Il5RplH"
myanmar earthquake 2025,1907640757852508501,2025-04-03_03-46-13,en,Royal World Thailand 🇹🇭,False,12737,Thailand,1,3,1,"🇳🇴🇲🇲🇹🇭 #Norway’s King Harald V expressed his condolences to the people of #Myanmar and #Thailand in connection with the earthquake, which struck on 28 Mar. 2025 and resulted in great destruction. Link: https://t.co/P4ceBjrY0C #KongHarald #HaraldV #Kongehuset #Norge https://t.co/QzorlF4Nbj"
myanmar earthquake 2025,1907641173403119674,2025-04-03_03-47-52,en,Kirby Griffin,False,696,"Santa Barbara, CA",0,0,0,Magnitude 7.7 Earthquake in Myanmar &amp; Thailand 2025 COMPILATION (PART 3) https://t.co/rL5cmuJOLZ
myanmar earthquake 2025,1907644225291956654,2025-04-03_04-00-00,in,detikcom,False,24405931,,12,52,2,"Palang Merah China yang membawa bantuan bagi korban gempa dikabarkan ditembaki oleh junta militer Myanmar. Beruntung, tim penyelamatan tersebut selamat. https://t.co/6N0rWv731E"
myanmar earthquake 2025,1907644228479365428,2025-04-03_04-00-01,en,UN Development,False,1954595,170 countries & territories,10,19,0,"The devastating earthquakes in Myanmar found a country already facing an unprecedented ""polycrisis"" with 1/2 of the population living below the poverty line. Our report dives into those challenges, including conflict, displacement &amp; economic instability: https://t.co/bfumGJVjeo https://t.co/hk9ynYwkrs"
myanmar earthquake 2025,1907645689863024890,2025-04-03_04-05-49,en,Grok,False,3486683,wherever you are,0,0,0,"@AskPlex @AskPerplexity The Hiroshima bomb released ~6.3 × 10^13 joules, while the Myanmar earthquake (7.7 magnitude, March 28, 2025) unleashed ~2.24 × 10^16 joules—about 356 times more energy. The bomb equaled 15 kilotons of TNT; the quake, over 5,300 kilotons, showing nature’s vast power."
myanmar earthquake 2025,1907647257685491831,2025-04-03_04-12-03,en,Dr. Sasa,False,457210,Myanmar,45,105,4,Kachin Independence Organization (KIO) Declares Humanitarian Ceasefire (02–22 April 2025) to Support Urgent Earthquake Relief and Rescue Efforts in Myanmar. #MyanmarEarthquake #HumanitarianAid #DisasterRelief #RescueOperations #Solidarity https://t.co/DaPwwQeV4w
myanmar earthquake 2025,1907650045090095444,2025-04-03_04-23-07,en,Channel News Independent,False,1222,,0,0,0,Tada U needs help CNI News 3 April 2025 CNI Website &gt;&gt;&gt;&gt;&gt;https://t.co/jp1UBAvnex #naturaldisaster #helpandrescue #Myanmar #earthquake #TadaUTown #weather #CNImyanmar https://t.co/0TSJCsOXep
myanmar earthquake 2025,1907651992333463698,2025-04-03_04-30-52,en,Moe Sat Khin,False,1695,"Myanmar, Yangon",3,9,0,"🇲🇲 Gold Treasures Found Amid Mahamuni Pagoda Rubble During cleanup at #Mandalay’s #earthquake-damaged #Mahamuni Pagoda (March 28, 2025), military and volunteers recovered gold treasures from the collapsed sacred spire. All were swiftly returned to pagoda trustees. #Myanmar https://t.co/31eCzTgaN3"
myanmar earthquake 2025,1907653403712376837,2025-04-03_04-36-28,en,TRT World Now,False,250783,"Istanbul, Türkiye",6,20,3,"Myanmar quake death toll rises to 3,085 with 4,715 injured and 341 still missing – junta https://t.co/Bs9oaxv7Qr"
myanmar earthquake 2025,1907654750302253482,2025-04-03_04-41-49,in,Buletin TV3,False,1322057,"Jalan Riong, Bangsar, KL",9,27,3,2 lelaki didakwa perdagang rakyat Malaysia ke Myanmar https://t.co/ivI2x15Ml1
myanmar earthquake 2025,1907656097856708725,2025-04-03_04-47-10,en,Yan Naing Aung,False,1345,"Thailand, Myanmar",0,1,0,"Strong and Powerful by #AFP People sleep in a makeshift tent set up on the street in Mandalay on April 2, 2025, five days after a major earthquake struck central Myanmar. Photo -@AFP #WhatsHappeninglnMyanmar #earthquake #MyanmarEarthquake https://t.co/CWDuG9E3zs"
myanmar earthquake 2025,1907659495565819939,2025-04-03_05-00-40,en,Thaw Zinn Htun Meshchain.Ai,False,6,,0,0,0,The Earthquake in Myanmar 28.3.2025 😥😥 https://t.co/d20DY0R65C
myanmar earthquake 2025,1907661936021614770,2025-04-03_05-10-22,en,CRPH Myanmar,False,273035,Myanmar,64,89,2,People of #Myanmar affected by the horrific #earthquake need your help as massive destruction happened. You can help with some donations to save lives and share this post to help #Myanmar. Your solidarity is truly valuable and appreciated. Donate now: https://t.co/hkh1g6Z9fj https://t.co/w1OkQjTyZj
myanmar earthquake 2025,1907662627657887811,2025-04-03_05-13-07,es,JORGE BECERRIL JB/8,False,353230,EN LA PUTA CIUDAD DE LA FURIA!,16,133,1,"Héctor Méndez, ’El Chino’ o ‘El Topo Mayor’, Andrew Wallace Y Andrew Wallace Junior, Ya Están En Bangkok, Ellos Son El Equipo de Avanzada De Los Topos Azteca Que Llegarán a Myanmar y Tailandia. En Breve, Un Segundo Equipo Estará Volando a Tailandia Para Apoyar En Las Labores de Búsqueda y Rescate. Somos Un Grupo De Locos, Inadaptados, Que Vamos Por El Mundo Ayudando Y Apoyando A Personas En Sus Peores Momentos. En La Destrucción Total. No Nos Importa El Riesgo Ni Tampoco Las Inclemencias, Los Mexicanos Somos Bien Pinches Solidarios, Valientes, Decididos. Nuestro Corazón Se Queda Con Todos A Los Que Ayudamos En Cada Desastre.... 🇹🇷🇦🇷🇳🇮🇻🇳🇭🇹🇮🇹🇯🇵🇲🇽🇦🇩🇨🇱🇨🇳🇪🇦🇪🇺🇲🇽🇺🇦🇺🇲🇹🇳🇪🇨🇨🇺🇮🇶🇵🇭🇳🇵🇻🇪🏴󠁧󠁢󠁷󠁬󠁳󠁿🇧🇷 #TheRealToposAzteca"
myanmar earthquake 2025,1907663427373330794,2025-04-03_05-16-18,en,Science girl,False,2922219,Earth ,30,259,12,Using drones to light up the night as search and rescue continues after the Myanmar Earthquake https://t.co/DQ5fZsqUiH
myanmar earthquake 2025,1907665319084413225,2025-04-03_05-23-49,en,Ro Abdumonaf,False,5988,Asia Myanmar Bangladesh ,3,6,0,"People queue for food and relief supplies after a strong earthquake in Amarapura, Myanmar, April 1, 2025. 📷: AFP #Myanmar #earthquake https://t.co/6eSzdem5e0"
myanmar earthquake 2025,1907665603521073284,2025-04-03_05-24-57,en,Nannue Tipitier,False,581,Thailand,0,0,1,"The X post by Nannue Tipitier references a BBC news report about a 7.7-magnitude earthquake that struck Myanmar and Thailand, with the death toll exceeding 2,700 as reported by NBC News on April 2, 2025."
myanmar earthquake 2025,1907666407778627605,2025-04-03_05-28-08,en,Civil Disobedience Movement,False,209248,Myanmar,246,605,9,Thank you China. 🇨🇳 Myanmar people will never forget this kindness. A local Mandalay girl wanted to give the Chinese volunteers watermelons because the weather was so hot. https://t.co/N5LhBjK7Kz
myanmar earthquake 2025,1907667148475953243,2025-04-03_05-31-05,en,DEC,False,41206,"London, UK",30,34,4,The DEC has launched the Myanmar Earthquake Appeal to help those affected by the powerful earthquakes that have caused devastation in Myanmar. Survivors urgently need critical support. Please donate now. https://t.co/7cGOlpkXVD https://t.co/SSvvJfdCLh
myanmar earthquake 2025,1907667848262296005,2025-04-03_05-33-52,en,Myanmar Witness,False,14493,Myanmar,47,36,1,"💥 Alleged air attack on Nawng Len Village ☑️ Nawnghkio, Shan 28 March 2025 As the country was dealing with the aftermath of the recent earthquake, the Myanmar Air Force (MAF) allegedly carried out an airstrike on Nawng Len village in Nawnghkio township, northern Shan State at around 13:00 local time on 28 March. The village is reportedly under the control by the Ta’ang National Liberation Army (TNLA). Shwe Phee Myay News reported that a jet fighter carried out a bombing raid on the village, destroying many houses. However, no civilian casualties were reported. Myanmar Witness geolocated the image of damaged area using Google Earth and the geolocation coordinates can be accessed upon request to info@myanmarwitness.org. Source link in reply. Image credit to original owner. #WhatsHappeninglnMyanmar #Myanmar"
myanmar earthquake 2025,1907668413931008417,2025-04-03_05-36-07,en,National Unity Government Myanmar,False,236929,,49,66,1,Myanmar's timeline: From Cyclone #Nargis in 2008 to the #Sagaing Earthquake in 2025. See how the military institution has responded to disasters—despite the immense resilience of the #Myanmar people. https://t.co/noBxEF2MfS #WhatsHappeningInMyanmar #HelpMyanmarQuake https://t.co/VGSnjwG40T
myanmar earthquake 2025,1907669125951873502,2025-04-03_05-38-57,en,Good Morning Britain,False,1020002,London,9,22,15,"The 7.7 magnitude earthquake in Myanmar on Friday has caused widespread devastation. More than 3,000 people have been killed in Myanmar alone. Chief Executive of @decappeal, @salehsaeed, has the latest. https://t.co/fgPfqMVGLO"
myanmar earthquake 2025,1907678586003402940,2025-04-03_06-16-32,en,MemeIndex DAO,False,440,Moon,7,23,1,"⭐️ The Ultimate SEABW Meme & Crypto Side Event Goes Online! Due to the Myanmar–Thailand earthquake, our in-person SEABW 2025 event is canceled. Our hearts go out to those affected. 💙 Date: April 3, at 8:00pm (+7 UTC) Event topic: MemeConomy: From Hype to Values 👉 Register & Join Online: https://t.co/dwgs05K8UR 💎 What’s inside? - Top speakers & insights on marketing the future of meme coins - Panel talks: Meme Hype, Utility & What’s Next for Memeconomy - Meme showcases, SBT drops & surprises! Hosted by @MemeIndexDAO Let’s turn hype into values—see you online! Media sponsors: Amphi @globalkoon Jessie and Friends @jessieandfrs ROBURNA @Roburnaofficial BD Ventures @ventures_bd BD GemX @BD_GemX TaskOn @taskonxyz Museigen @museigen_io Native People Ads @NPAdsAgency Jivo Pets @jivopets Deep Dapp @deepdapp MemeRock @thememerock Biz Tycoon @BizTycoonGame Olfaction Protocol @OlfactionAI CyberCars @CyberCarsLive 9 CAT GROUP @9CATGROUP TradingBase @TradingBaseAI SEABW @SEABWofficial"
myanmar earthquake 2025,1907678876756521442,2025-04-03_06-17-41,en,@LeadersOfIndia,False,4379,,0,0,0,"Myanmar: Acting President Duck-Soo ordered emergency aid, possibly after a natural disaster like an earthquake. This urgent response, likely from late March or early April 2025, addresses a crisis affecting the nation."
myanmar earthquake 2025,1907680739409162541,2025-04-03_06-25-05,en,Matthew Tostevin,False,258518,UK,249,345,10,"Myanmar's junta now says more than 3,000 people died in the earthquake and it has declared its own pause in fighting during aid efforts. Fears now also turn to spreading disease among those left homeless and without supplies. #WhatsHappeninglnMyanmar #MyanmarEarthquake https://t.co/jXyE5plfSy"
myanmar earthquake 2025,1907681870873010252,2025-04-03_06-29-35,en,BBC Breakfast,False,587260,"MediaCityUK, Salford",9,15,3,"'When you are covering a natural disaster one of the things you see on the ground is just masses of rescue teams, which you are just not seeing in Myanmar' Yogita Limaye spoke to #BBCBreakfast after going inside Myanmar where more than 3,000 people have died following last week's massive earthquake https://t.co/EZ795w7gWy"
myanmar earthquake 2025,1907683096641605945,2025-04-03_06-34-27,en,Massimo,False,2414778,"Italy, North by Northwest",52,354,17,A Chinese earthquake rescue team deploying drones to light up the night and aid search and rescue operations after the devastating 7.7 magnitude earthquake in Myanmar. https://t.co/HpYdeAJHJB
myanmar earthquake 2025,1907683437537857604,2025-04-03_06-35-49,en,@LeadersOfIndia,False,4379,,0,0,0,"Myanmar: Over 2,800 died in a crisis, with UAE relief workers aiding recovery. Reported on April 3, 2025, this disaster, possibly an earthquake, underscores Myanmar’s ongoing struggles."
myanmar earthquake 2025,1907684608503853518,2025-04-03_06-40-28,en,Manish Prasad,False,31431,new delhi,13,190,3,Myanmar’s Mandalay Division Chief Minister says “Thanx for Support” #India To Lt Col Jagneet Gill of #IndianArmy 50th Parachute Regiment. #Myanmar #MyanmarEarthquake https://t.co/yfR2l6ewYw
myanmar earthquake 2025,1907685019491176905,2025-04-03_06-42-06,en,Institute for Strategy and Policy – Myanmar,False,1877,,1,3,0,"The March 28 Sagaing Earthquake: Earthquake Diplomacy and Potential Political Aftershock On March 28, 2025, a devastating earthquake struck Myanmar's Sagaing region. ISP-Myanmar extends its deepest condolences to those affected in Myanmar and Thailand. We hope all our readers are safe. This OnPoint article explores the political aftershocks of this event—read or download the PDF at the following link. Read here: https://t.co/mShq3sh8aX Download here: https://t.co/3BAmFBPhV4 Subscribe here: https://t.co/j5ZW9Ur8dz #ISPMyanmar #OnPoint #Earthquake"
myanmar earthquake 2025,1907689196149682623,2025-04-03_06-58-42,en,Amazing Thailand ID,False,24782,Jakarta,0,0,0,"🇹🇭 THAI TRAVEL NEWS: Bangkok Operational After Earthquake Tremors Bangkok remains fully operational after the 28 March 2025 earthquake in Myanmar. 📷 BTS, MRT, and airports running as usual 📷 Full update here: https://t.co/T0rMlrqRj4… https://t.co/Uu5SOqIJXN"
myanmar earthquake 2025,1907689615407841354,2025-04-03_07-00-22,en,United Nations Geneva,False,1075780,"Geneva, Switzerland",27,52,8,"#MyanmarEarthquake: ""This is time for the world to step up and support the people of Myanmar,"" urges head of @UNinMyanmar. Before the earthquake, 20 million people were already in need of aid. UN's $1.1 bln humanitarian appeal is only 5% funded. https://t.co/k9MJYAmQAq https://t.co/I0oKLXhjUC"
myanmar earthquake 2025,1907691836421939266,2025-04-03_07-09-11,en,LaQueen Battle,False,295,"Boston, MA",0,1,0,"Current photos of @myanmar earthquake . April 2025, Myanmar Asia..(Images subjected to copyright.) https://t.co/P7nyP7UzRK"
myanmar earthquake 2025,1907692585621094760,2025-04-03_07-12-10,en,Htet Htet,False,513,,0,2,1,"BREAKING: Following a declaration of a one-month ceasefire by revolutionary armed resistance groups, the Myanmar military has announced a temporary ceasefire today, effective immediately until April 22, 2025, to support earthquake rescue efforts. https://t.co/E9ZPiq2LBI"
myanmar earthquake 2025,1907694415982030867,2025-04-03_07-19-26,en,LuckyMoon🌓,False,631,,3,6,0,"04/02/2025 . After more than 124 hours buried in the rubble of the earthquake, Htet Maung Maung, 26 years old, was taken to an ambulance by rescue forces from Vietnam, Myanmar, and Türkiye amid cheers and tears of happiness. Thank All🙏 Cre:Tuoitre. vn 🙏 #MyanmarStillNeedsHelp https://t.co/PmaXhTib6s"
myanmar earthquake 2025,1907696113617936718,2025-04-03_07-26-11,en,Moe Sat Khin,False,1695,"Myanmar, Yangon",4,6,0,"🚨Breaking: The WinStar Hotel in #Mandalay City collapsed due to a powerful earthquake, trapping people inside. Joint search and rescue operations by the #Myanmar Fire Services Department and #Russian rescue teams are ongoing. On April 2, 2025, one victim’s body was recovered. https://t.co/5dB6j6htbS"
myanmar earthquake 2025,1907696745938620550,2025-04-03_07-28-42,en,Grok,False,3486680,wherever you are,0,0,0,"Looks like you're right to question that UNICEF press release from March 31, 2025. I checked official UNICEF sites, and there’s no record of it. The Myanmar earthquake and nutrition crisis topics match real releases, but they’re dated March 26-30, not 31st. Seems like a fake screenshot—good catch! https://t.co/BFoTHXcJ8D"
myanmar earthquake 2025,1907698556334432438,2025-04-03_07-35-53,en,"UNHCR, the UN Refugee Agency",False,2829026,120 countries,32,57,7,"A devastating 7.7 magnitude earthquake hit Myanmar, leaving homes destroyed and families separated. We are on the ground delivering emergency aid, but the needs are vast. Support UNHCR’s lifesaving response today: https://t.co/HdQx9xaebJ Find out more: https://t.co/DziZPYfiyI https://t.co/SgykWtJR7Q"
myanmar earthquake 2025,1907699661839765841,2025-04-03_07-40-17,en,Militant Tracker 🇶🇦,False,22949,Qatar,1,2,0,"MYANMAR QUAKE DEATH TOLL SOARS - APR 3, 2025 🇲🇲 Earthquake kills 3,085, wounds 4,715, 341 missing—Militant Tracker tracks the disaster. https://t.co/slISNQ4tbO"
myanmar earthquake 2025,1907700591679168716,2025-04-03_07-43-59,en,Fortify Rights,False,43911,,94,127,5,"🇲🇲 Even in the wake of a major earthquake, the Myanmar junta continued to conduct airstrikes, says @Patrick_Phongsa speaking to @ABCaustralia. https://t.co/wx59S7WcIk"
myanmar earthquake 2025,1907703055996645552,2025-04-03_07-53-46,en,The Irrawaddy (Eng),False,735806,,13,18,1,"Myanmar Among Hardest Hit by Trump’s ‘Liberation Day’ Tariffs U.S. President Trump on Wednesday unveiled his most expansive tariffs to date, saying he will impose at least a 10 percent tariff on all trading partners except Canada and Mexico, rising to double digits for dozens of countries. Myanmar, which was recently hit by a devastating earthquake, is among the hardest hit with a 44 percent “reciprocal” tariff. #USA #Trump #tariff #reciprocal #China #EU #ASEAN #gobal #trade #Myanmar #tradewar #liberationday"
myanmar earthquake 2025,1907704810041913419,2025-04-03_08-00-44,en,WarRoom Archives,False,113620,,48,610,4,[Myanmar/Burma] Chin National Defense Force (CNDF) firing at the junta from an unknown location; presumably recorded before the earthquake happened on March 28 https://t.co/Gq7ghpEqF6
myanmar earthquake 2025,1907706487818039613,2025-04-03_08-07-24,en,Mekong Institute,False,859,Greater Mekong Subregion,0,0,0,"📢 EOI Deadline Extended for Myanmar 🇲🇲 Due to the recent earthquake, the MKCF EOI submission deadline for Myanmar is extended to April 28, 2025. We stand with Myanmar and support its participation in regional cooperation. 🔗 Learn more: https://t.co/e9KzftMFBU https://t.co/rb0tixqn58"
myanmar earthquake 2025,1907708180613771267,2025-04-03_08-14-08,en,RVA ZO SERVICE,False,57,"Manipur, India",0,0,0,"IN SOLIDARITY WITH MYANMAR AND THAILAND 🙏 Join us on April 6, 2025, at 10:00 AM PHT at the Radio Veritas Asia Chapel for a Holy Mass dedicated to Earthquake of Myanmar and Thailand victims . https://t.co/ExdsxAVXMi"
myanmar earthquake 2025,1907709355698323611,2025-04-03_08-18-48,en,Global Affairs,False,980,"New Delhi, India",0,0,0,"Myanmar Earthquake Amidst Ongoing Conflict Myanmar is reeling from a 7.7-magnitude earthquake that struck on March 28, 2025, exacerbated by the ongoing conflict between the military junta and pro-democracy rebels. #MyanmarEarthquake #DisasterRelief #MyanmarCrisis #HumanitarianAid #Earthquake2025"
myanmar earthquake 2025,1907710107510567115,2025-04-03_08-21-47,en,BBC News (UK),False,15408872,London,7,21,14,UK charities launch Myanmar Earthquake Appeal https://t.co/FAkDU21KmI
myanmar earthquake 2025,1907710469726736684,2025-04-03_08-23-14,en,Milena Caridad Zaldivar Piedra,False,830,"Phnom Penh, Cambodia ",6,5,1,"On behalf of the Embassy of #Cuba🇨🇺 in #Cambodia @EmbaCuba_Camboy, I signed book of condolences to express my deepest symphaty to families and friends of the victims of the earthquake that struck #Myanmar🇲🇲 last Friday, #28March, 2025. https://t.co/yJ9IVWw7J7"
myanmar earthquake 2025,1907711530986262551,2025-04-03_08-27-27,en,OneSatoshi⚡🔥,False,281,,0,0,0,"JUST IN🔥 🇲🇲🇹🇭 Binance founder CZ sends $BNB worth $624,366.5 donation to Myanmar and Thailand, following devastating earthquake. As of January 2025, Changpeng Zhao's net worth is estimated at $66.6 billion.🔥🚀⚡ We have smart and a nice guy 🔥🚀⚡ https://t.co/YvHz4NlQGB"
myanmar earthquake 2025,1907715952214765878,2025-04-03_08-45-01,en,China Daily,False,4150674,"Beijing, China",4,16,2,"""No matter how slim the chances, we will spare no effort,"" said Chinese rescuers at the disaster site following the #earthquake in #Myanmar's #Mandalay region. https://t.co/DK06JAPPJi"
myanmar earthquake 2025,1907717483181601139,2025-04-03_08-51-06,en,SatoshiPolitico,False,25,Global 🌐,0,0,1,"On March 28, 2025, at 12:50 PM local time, a powerful 7.7-magnitude earthquake struck central Myanmar near Mandalay, the country’s second-largest city."
myanmar earthquake 2025,1907718961539494137,2025-04-03_08-56-58,tr,007 𝓚𝓻𝓲𝓹𝓽𝓸,False,44990,"İstanbul, Türkiye",65,246,23,"Binance kurucusu CZ, yıkıcı depremin ardından Myanmar ve Tayland'a 1000'er $BNB (600.000 $) bağış gönderdi. @cz_binance https://t.co/YD1ScgpMYP"
myanmar earthquake 2025,1907718975099666867,2025-04-03_08-57-02,in,Earthquake Map,False,2423,,0,0,0,"【m3.8】MYANMAR 10km Apr 03, 2025 08:35:20 UTC (G)https://t.co/tbPuhmHbXd (EMSC)https://t.co/t9BQzReYJS"
myanmar earthquake 2025,1907722177362678221,2025-04-03_09-09-45,en,ANI,False,8628492,India,22,519,1,NDRF teams are engaged in search and rescue at earthquake-affected sites in Myanmar https://t.co/n0XYjZQWJB
myanmar earthquake 2025,1907727446172185014,2025-04-03_09-30-41,en,Energy China,False,72639,,66,1462,12,"👍👨‍🔧 After a 7.9-magnitude #earthquake rocked #Myanmar on #March 28, nine #CEEC's Chinese employees who stationed at the Shwe Taung's cement plant in Myanmar stayed to assist in rescue efforts and restore operations, providing key materials for post-disaster rebuilding. https://t.co/n7gwyShQDv"
myanmar earthquake 2025,1907728131013697577,2025-04-03_09-33-24,es,BBC News Mundo,False,5072246,"Londres, Inglaterra.",12,54,3,El hombre que llora la pérdida 170 seres queridos en el terremoto de Myanmar https://t.co/enOvWoanIB
myanmar earthquake 2025,1907730570672578583,2025-04-03_09-43-06,en,Victor vicktop55 commentary,False,2967,Belarus ,9,25,7,"""Blind Clairvoyant Baba Vanga's Latest Prediction Came True — And More of Her Shocking Prophecies for 2025 Foretell a Horrible Future"": In America, They Fear Vanga's Predictions Are Coming True. ""Clairvoyant Vanga Predicted an Earthquake in Myanmar and Thailand. Her Other Predictions for 2025 Included War in Europe and a Global Economic Catastrophe. In 2025, She Predicts, Conflict in Europe Will Destroy the Continent's Population"""
myanmar earthquake 2025,1907732771331870958,2025-04-03_09-51-51,en,星影梦境,False,2732,,0,3,1,"【Brief News Roundup】April 3, 2025 •Trump imposes at least 10% tariffs on global goods, with higher rates on some nations, sparking market chaos worldwide (Reuters). •Myanmar earthquake toll exceeds 2,800, with China’s rescue teams stepping in as the junta agrees to a temporary ceasefire (Reuters). •China conducts live-fire drills in the East China Sea, Taiwan denies nearby attacks, heightening regional tension (Reuters). •Israel expands military operations in Gaza, seizing more areas and evacuating residents amid escalating conflict (Reuters). •US stocks plunge due to tariff shocks, with investors flocking to gold and yen for safety (Reuters). •Canada and Mexico hit back at Trump’s tariffs, threatening retaliatory actions (Reuters). •Syria’s transitional government publicly vows reforms, drawing close international scrutiny (Reuters). •South Africa flood deaths rise to 35, with the government urgently seeking global aid (BBC). •TikTok faces an April 5 sale deadline, with Amazon and others joining the bidding (Reuters). •UK-US trade talks show progress, aiming to ease tariff pressures (Reuters). Info limited, compiled by Grok. #TrumpTariffs #MyanmarQuake #TaiwanTension #GazaCrisis #GlobalMarkets #CanadaResponse #SyriaReform #SouthAfricaFlood #TikTokBid #UKUSTrade"
myanmar earthquake 2025,1907737821172875719,2025-04-03_10-11-55,en,Grok,False,3486673,wherever you are,0,0,0,"Yes, it’s true. On April 1, 2025, Myanmar’s military junta fired warning shots at a Chinese Red Cross convoy in Shan State, carrying earthquake relief to Mandalay. The junta claimed it was a mistake due to the convoy not stopping and lacking notification. No injuries occurred, and China confirmed the team and supplies were safe, urging prioritized aid efforts. Multiple credible sources, like BBC and Reuters, support this account. https://t.co/pqlzSn8SPf"
myanmar earthquake 2025,1907738554119213493,2025-04-03_10-14-50,en,"Foreign, Commonwealth & Development Office",False,1090914,London,47,103,66,"The earthquake in Myanmar has left people in critical need with millions unable to access shelter, clean water and medical care. Give now to @decappeal and your donation will be matched by the UK Government up to £5 million ⬇️ https://t.co/X9pFbdBl93 #UKAidMatch https://t.co/RgMoTehpfT"
myanmar earthquake 2025,1907739856337276992,2025-04-03_10-20-00,en,Mid Day,False,685171,"Mumbai, India",1,0,0,"In response to the devastating 7.7-magnitude earthquake in Myanmar on March 28, 2025, India has intensified its humanitarian efforts under ‘Operation Brahma.’ NDRF teams and essential relief supplies are deployed to assist in rescue operations. #OperationBrahma #NDRF #MyanmarEarthquake https://t.co/Rxw7YcCapn"
myanmar earthquake 2025,1907741345072164961,2025-04-03_10-25-55,en,"Ministry of Education, National Unity Government",False,1395,,0,0,0,"Situation Report (4) of @mohadmNUG on the Impacts of 7.7M Earthquake, 28 March 2025, in Sagaing #Myanmar April 2, 2025 #HelpMyanmarQuake #MyanmarStillNeedsHelp #NUGMyanmar"
myanmar earthquake 2025,1907743347201982509,2025-04-03_10-33-52,en,crypto pump.fun trader,False,57,"Washington, USA",0,2,0,#Shock: The clairvoyant #Wang predicted an earthquake in #Myanmar and #Thailand. Its other predictions for 2025 included a war in #Europe and the #World #Economic #Catastrophe.#TrumpTariffs #TOTORO #NintendoSwitch2 #WaqfAmendmentBill #bbtvi #Beckysangels #ElonMusk #Solana https://t.co/lFXE4B4bpN
myanmar earthquake 2025,1907745539938242982,2025-04-03_10-42-35,en,AllenZ,False,488,,0,1,0,Nahel Belgherze @WxNB_ Newly available high-resolution satellite imagery collected by Maxar reveals sections of the surface rupture near the zone of maximum surface displacement of last week’s Mw 7.7 earthquake in Myanmar.. 4/3/2025 https://t.co/UjODCrplLh
myanmar earthquake 2025,1907749164873584843,2025-04-03_10-56-59,en,Saksith Saiyasombut | ศักดิ์สิทธิ์ ไสยสมบัติ,False,40474,"Bangkok, Thailand",22,34,10,"Myanmar junta leader Min Aung Hlaing has arrived in Bangkok earlier this afternoon to attend the BIMSTEC Summit of mostly South Asian countries. His presence comes after an earthquake has killed over 3,000 people in his country. https://t.co/Mnz11czTKa"
myanmar earthquake 2025,1907749880585748531,2025-04-03_10-59-50,en,Ei Thinzar Maung,False,137966,,7,13,0,"#whatishappeninginmyamar On March 28, 2025, a major earthquake with a magnitude of 7.7, along with several aftershocks, struck Myanmar and neighboring countries, resulting in significant loss of life and destruction of homes and properties. #HelpMyanmar #EarthquakeinMyanmar https://t.co/CYQLFG55Th"
myanmar earthquake 2025,1907750135150555202,2025-04-03_11-00-51,en,Prachatai English,False,64831,Thailand,3,2,1,"Myanmar’s military junta should allow immediate unfettered access to humanitarian aid for earthquake survivors and lift restrictions that impede the emergency response, Human Rights Watch said on Tuesday (1 April). Since the earthquake struck at 12:50 p.m. on March 28, 2025, the military has carried out airstrikes and limited internet access in severely affected areas, further complicating the humanitarian response. Link in reply."
myanmar earthquake 2025,1907751180714815611,2025-04-03_11-05-00,en,Black Hole,False,683531,France,15,45,4,Satellite show Before/After images of 7.7 Magnitude Earthquake In Myanmar (Source: European Space Agency) https://t.co/2apZeJiHIQ
myanmar earthquake 2025,1907754988530511878,2025-04-03_11-20-08,es,Cancillería de Rusia 🇷🇺,False,158919,"Moscow, Russia",897,2172,39,"💬 #Zajárova: El 28 de marzo, Myanmar sufrió su peor terremoto en 95 años. Murieron más de 3000 personas. Para brindar asistencia humanitaria al pueblo amigo, 5 aviones Il-76 de @MchsRussia llegaron a este país entre el 29 y el 31 de marzo. #RusiaAyuda https://t.co/XJNT0lNq3I"
myanmar earthquake 2025,1907756897199169979,2025-04-03_11-27-43,en,FEO福岡地震観測,False,237,,0,1,0,"Bradley, K., Hubbard, J., 2025. Updates on the M7.7 Myanmar earthquake. Earthquake Insights, https://t.co/YCApIuT8pP"
myanmar earthquake 2025,1907761217252503984,2025-04-03_11-44-53,en,K P Sharma Oli,False,868726,,19,217,20,"Had a meeting with H.E. Mr. Min Aung Hlaing, Prime Minister of Myanmar. We discussed the devastating earthquakes in Myanmar. We exchanged views on strengthening engagements at the bilateral, regional, and multilateral levels. https://t.co/kKPyyRcmsI"
myanmar earthquake 2025,1907761222289604710,2025-04-03_11-44-54,en,Dara Ó Briain,False,2482788,Beneath your wings.,2767,25597,633,"These is something particularly crass and callous about announcing a 44% trade tariff against Myanmar, this week, of all weeks."
myanmar earthquake 2025,1907762354865033617,2025-04-03_11-49-24,es,Cruz Roja Española,False,128531,España,6,13,2,"Las víctimas mortales del terremoto en Myanmar (Birmania) superan las 3.000. Además, miles de personas se han quedado sin acceso a los productos básicos. Equipos de #RedCrossMyanmar siguen trabajando las 24 horas para ayudar a la población afectada. https://t.co/EIRV8bccqI"
myanmar earthquake 2025,1907763344875868407,2025-04-03_11-53-20,en,Williams Kris,False,154,US,0,0,0,"God Bless the people and the animals!!! Myanmar earthquake death toll rises to 3,085 as more bodies found 3 Apr 2025, 3:11 AM PDT https://t.co/CCMl5PnVfI"
myanmar earthquake 2025,1907764237935784218,2025-04-03_11-56-53,en,Women's Fund Asia,False,3009,Asia,0,0,1,"[1] We stand in unwavering solidarity with the communities affected by the earthquake that struck Myanmar and Thailand on March 28, 2025. Our hearts go out to those facing immense challenges, especially those experiencing multiple marginalisations. #WeStandWithMyanmar https://t.co/8aK1v3PLNy"
myanmar earthquake 2025,1907765021477683225,2025-04-03_12-00-00,en,Imtiaz Mahmood,False,363700,England,277,1584,145,"During an earthquake in Myanmar, this Mullah hero covered a student with his body to save him in case the roof fell. https://t.co/D2G10xRcHH"
myanmar earthquake 2025,1907765027521638693,2025-04-03_12-00-01,en,Reuters,False,25577593,Around the world,5,23,2,"Help has not been easy to find in parts of Myanmar ravaged by the earthquake, and a man whose daughter got washed away in a river is pinning hopes on divers he hired to find her body https://t.co/FebYwvmRfH https://t.co/WFsYwkoOQ8"
myanmar earthquake 2025,1907765943419416674,2025-04-03_12-03-40,en,Lat Aung,False,4,,0,0,0,"Myanmar Earthquake Casualties Update (as of April 3, 2025, Morning) The devastating earthquake has claimed 3085 lives, injured 4715 people, and left 341 missing. The number of casualties will be increased. #MyanmarEarthquake2025"
myanmar earthquake 2025,1907766102035468521,2025-04-03_12-04-17,en,BoomersDaily,False,292,"Laguna Beach, CA",0,1,0,"THE GUARDIAN WEEKLY - APRIL 4, 2025 @guardianweekly ‘The End of Turkish Democracy’ – Inside the anti-government protests; Myanmar, after the earthquake; The power of dead seaweed; How to beat the far right; Potential pitfalls of icon-based communication https://t.co/0f01HTEZp0 https://t.co/jHeLAzLZO1"
myanmar earthquake 2025,1907767059703812598,2025-04-03_12-08-06,en,MFA Russia 🇷🇺,False,787140,Russia,92,322,13,"💬 #Zakharova: On March 28, Myanmar was hit by the strongest earthquake in the last 95 years. More than 3,000 people perished. As a part of humanitarian assistance for the friendly nation, five @MchsRussia aircrafts delivered essentials to the country. #RussiaHelps https://t.co/g2DhMLmHUS"
myanmar earthquake 2025,1907767220328890481,2025-04-03_12-08-44,en,amnestypress,False,51890,press@amnesty.org ,78,118,11,#Thailand is sending the wrong message on accountability by inviting #Myanmar military leader Min Aung Hlaing while the International Criminal Court Prosecutor seeks an arrest warrant for him over his alleged responsibility for crimes against humanity against Rohingya people. 1/4
myanmar earthquake 2025,1907769226653536267,2025-04-03_12-16-42,en,Hans Solo,False,1299,BRing THE TruTh THROUGH a picture,0,0,0,"With US absent, #China steps in for #earthquake-hit #Myanmar Members of the Chinese Red Cross International Emergency Response Team work at a collapsed residential building following the earthquake, in #Mandalay, Myanmar March 31, 2025. https://t.co/XpaFjzjbt3"
myanmar earthquake 2025,1907769974703472891,2025-04-03_12-19-41,en,Human & Machine,False,151824,The Blockchain,13,118,24,"🇲🇲🇹🇭The recent 7.7-magnitude earthquake that struck Myanmar and Thailand on March 28, 2025, sent tremors across Southeast Asia, causing significant damage and loss of life. In Myanmar, the death toll has surpassed 3,000, with thousands more injured and missing. Neighboring Thailand also felt the quake's impact, with Bangkok experiencing structural failures, including the collapse of a 33-story building under construction, resulting in at least 18 fatalities. ​ These events underscore the critical importance of earthquake preparedness and resilient infrastructure in seismic zones. Japan, a nation frequently affected by earthquakes, has long been recognized for its advanced seismic technology and stringent building standards, which have significantly mitigated earthquake-related damages.​ 🇯🇵Japan's approach to earthquake preparedness encompasses several key strategies:​ 🗾Seismic Isolation Systems: Many Japanese buildings incorporate seismic isolation bearings, allowing structures to move horizontally during an earthquake. This design reduces stress on the building, minimizing damage. ​ 🗾Early Warning Systems: Japan has invested in meteorological and seismic monitoring systems that provide early warnings, enabling timely evacuations and preparations. 🗾Strict Building Codes: The country enforces rigorous building regulations that require structures to withstand significant seismic activity. This commitment to safety has resulted in approximately 87% of new buildings being capable of withstanding major quakes. ​ 🗾Public Education and Drills: Regular nationwide earthquake drills and public education campaigns ensure that citizens are well-prepared to respond effectively during seismic events. ​ In 2025, Japan adopted AI-driven crisis management services that analyze real-time data from social media, weather reports, and traffic information to provide accurate insights during disasters. This technology enhances situational awareness and facilitates efficient emergency responses. Beyond technological advancements, Japan has cultivated a culture of disaster preparedness. Regular earthquake drills are conducted nationwide, ensuring that citizens are well-versed in emergency procedures. This societal commitment to readiness plays a crucial role in minimizing casualties and damage during seismic events. The recent earthquake affecting Myanmar and Thailand highlights the necessity for countries in seismic regions to adopt comprehensive earthquake preparedness measures. Implementing advanced engineering practices, establishing early warning systems, enforcing strict building codes, and promoting public education can significantly reduce the impact of earthquakes.​ Japan's multifaceted approach to earthquake mitigation—encompassing cutting-edge engineering, innovative materials, advanced warning systems, AI integration, and a culture of preparedness—serves as a global benchmark for seismic resilience. These concerted efforts have significantly enhanced the nation's ability to withstand and recover from earthquake events."
myanmar earthquake 2025,1907771763028623563,2025-04-03_12-26-47,en,Daily Loud,False,3284776,"Pittsburgh, PA",7052,136806,887,Father jumped across a gap 600 feet in the air to save his wife and child during the Myanmar earthquake https://t.co/XlhmZb8e6j
myanmar earthquake 2025,1907772130634117253,2025-04-03_12-28-15,en,The Pakistan,False,922,Pakistan,0,0,0,"The recent Myanmar earthquake has revived interest in Baba Vanga's 2025 predictions, including forecasts of destruction and global crises. Read more: https://t.co/b84JjDJ0tJ #ThePakistan"
myanmar earthquake 2025,1907773931471118545,2025-04-03_12-35-24,en,BBC News (UK),False,15408872,London,8,11,4,Myanmar leader to attend Bangkok summit as quake deaths mount https://t.co/TA0mqxX6Nb
myanmar earthquake 2025,1907777611863867883,2025-04-03_12-50-02,in,Earthquake Map,False,2423,,0,0,0,"【m4.3】MYANMAR 10km Apr 03, 2025 12:37:14 UTC (G)https://t.co/0yasct5n2K (EMSC)https://t.co/8zZcarS7I6"
myanmar earthquake 2025,1907778362741043356,2025-04-03_12-53-01,en,TAYTAWAN Myanmar Fanpage 🌻,False,3147,Myanmar,377,531,97,"War criminal Min Aung Hlaing has arrived in Thailand for the BIMSTEC Summit. Instead of holding him accountable for mass atrocities, the Thai government is welcoming him as an official guest. Hosting a dictator responsible for war crimes and the suffering of millions is unacceptable. Thai government, please stand with the people of Myanmar, just as your Thai citizens have kindly done. JUNTA ATTACKS POST QUAKE #DisasterInMyanmar"
myanmar earthquake 2025,1907782013400035556,2025-04-03_13-07-31,en,Civil Disobedience Movement,False,209248,Myanmar,62,92,1,Tell us this is a sick joke. Everyone will say how sorry they are about what’s happening in Myanmar. Min Aung Hlaing meanwhile is responsible for all our suffering. How could you do this to us ?????
myanmar earthquake 2025,1907782637583732811,2025-04-03_13-10-00,en,Reuters,False,25577594,Around the world,8,21,3,"Top 5️⃣ stories you need to know: Myanmar earthquake toll crosses 3,000 as extreme heat and heavy rain fuel disease risk, Donald Trump stokes a trade war as the world reels from a tariff shock, and more https://t.co/vyjygrzM46"
myanmar earthquake 2025,1907782787035549800,2025-04-03_13-10-35,en,The Irrawaddy (Eng),False,735806,,63,64,3,The regime instantly broke its 20-day ceasefire by targeting anti-regime groups as international rescue teams arrive to tackle earthquake devastation. #WhatsHappeningInMyanmar https://t.co/f6oE57Y6Or
myanmar earthquake 2025,1907784176956268948,2025-04-03_13-16-07,en,World Food Programme,False,2105687,Worldwide,61,143,13,"WFP has so far reached over 24,000 earthquake survivors in four areas of #Myanmar, including Mandalay, and is scaling up efforts to assist 850,000 affected people. 🔗Get the latest: https://t.co/OELKjxYWF2 https://t.co/yUMI7W3qBr"
myanmar earthquake 2025,1907787659553959946,2025-04-03_13-29-57,en,Radio Free Asia,False,80964,"Washington, DC",10,14,1,"People line up for food aid being distributed in Sagaing on April 3, 2025, following the March 28 earthquake. 📷: AFP #Myanmar #earthquake https://t.co/UzdZ55kT6l"
myanmar earthquake 2025,1907788631378739366,2025-04-03_13-33-49,en,May Wong,False,240093,Hong Kong,214,248,23,"While #Myanmar deals with aftermath of devastating #earthquake that has killed &gt;3,000 &amp; while rescue missions ongoing to hunt for survivors &amp; help affected, #military chief Min Aung Hlaing is in #Bangkok #Thailand to attend #BIMSTECSummit. @NUGMyanmar ""condemns"" his participation https://t.co/KZTwzjUef3"
myanmar earthquake 2025,1907789783432311183,2025-04-03_13-38-24,en,TAYTAWAN Myanmar Fanpage 🌻,False,3147,Myanmar,234,341,48,"He's just a terrorist, not a representative of Myanmar citizens. Thailand, please help stop the crimes committed by this war criminal. JUNTA ATTACKS POST QUAKE #DisasterInMyanmar https://t.co/LDOQNeb1kS"
myanmar earthquake 2025,1907790133157572930,2025-04-03_13-39-47,en,Data for Myanmar,False,531,,0,0,0,"The impact and damage situation across Myanmar caused by the earthquake in Sagaing on March 28, 2025, along with relief and rescue updates, will be compiled until April 6. https://t.co/wV32NiHmbO https://t.co/y7fKA3iQW3"
myanmar earthquake 2025,1907790362430620015,2025-04-03_13-40-42,en,Structural Engineers,False,8522,India,4,7,1,"Hi All, The devastating earthquake that occurred on March 28 2025 at local time 11:50 am in Myanmar was of magnitude M7.7 and had a shallow focal depth of just 10 km. Read the article by Er Alpa Sheth https://t.co/S6ZWoCPB5c and https://t.co/8YeBFjyykl discuss the causes https://t.co/RXnpun17Eg"
myanmar earthquake 2025,1907791433253204445,2025-04-03_13-44-57,en,Daily Mail Online,False,2864100,,4,6,1,Myanmar earthquake rattles salon as staff huddle together for safety https://t.co/ByqkN7xOkx
myanmar earthquake 2025,1907791527084278089,2025-04-03_13-45-19,en,JIN MYANMAR 🇲🇲,False,1573,Myanmar,128,344,13,"""Over 120 million kyats have been donated to support earthquake victims! Since the 29th, daily lunch meals for over 700 people have been provided in Sagaing Region, ensuring those affected receive proper nourishment.+ #EarthquakeRelief #TogetherWeCan #SupportMyanmar https://t.co/ervNHOPsCM"
myanmar earthquake 2025,1907792406541377550,2025-04-03_13-48-49,en,kawalbhan,False,74,,0,0,0,Namo. Buddhay. Jay. Bhim. Jay. Bhim. Aarmi. The. Internesnl. CBS.. Said News. Of. World. Myanmar. After Deadly. Earthquake. On. April. 3. 4. 2025. CBS. News. 24 /7. America. Watching. Full. Videos. God. Bless.. Jay. Hind 🇮🇳🇮🇳🇱🇷🇱🇷🇱🇷🇱🇷https://t.co/MSoEbOpkOD
myanmar earthquake 2025,1907795528777380063,2025-04-03_14-01-13,en,TAYTAWAN Myanmar Fanpage 🌻,False,3147,Myanmar,131,199,21,"It’s been days since the earthquake, and people are still trapped under collapsed buildings. But instead of helping, the junta is bombing more villages. JUNTA ATTACKS POST QUAKE #DisasterInMyanmar https://t.co/FU1M1Cyyrf"
myanmar earthquake 2025,1907796130131227118,2025-04-03_14-03-37,en,Azat TV,False,880,Armenia,0,0,0,"🌍 Myanmar's military announces a temporary ceasefire until April 22, 2025, to aid recovery from the devastating 7.7 magnitude earthquake. 🚑 Over 3,000 lives lost, urgent help needed as humanitarian crisis deepens. #Myanmar #EarthquakeRelief https://t.co/bA7QEC2yoO"
myanmar earthquake 2025,1907796378572513651,2025-04-03_14-04-36,en,Global Statistics,False,140451,Global ,199,490,32,"Trump Tariffs: A Full List of President Trump's Reciprocal Tariff 💰 1. 🇰🇭 Cambodia 49% 2. 🇱🇦 Laos 48% 3. 🇲🇬 Madagascar 47% 4. 🇻🇳 Vietnam 46% 5. 🇲🇲 Myanmar 44% 6. 🇱🇰 Sri Lanka 44% 7. 🇧🇩 Bangladesh 37% 8. 🇷🇸 Serbia 37% 9. 🇧🇼 Botswana 37% 10. 🇹🇭 Thailand 36% 11. 🇨🇳 China 34% (+20% pre-existing, total 54%) 12. 🇹🇼 Taiwan 32% 13. 🇮🇩 Indonesia 32% 14. 🇨🇭 Switzerland 31% 15. 🇿🇦 South Africa 30% 16. 🇵🇰 Pakistan 29% 17. 🇹🇳 Tunisia 28% 18. 🇰🇿 Kazakhstan 27% 19. 🇮🇳 India 26% 20. 🇰🇷 South Korea 25% 21. 🇯🇵 Japan 24% 22. 🇲🇾 Malaysia 24% 23. 🇨🇮 Côte d'Ivoire 21% 24. 🇪🇺 European Union 20% 25. 🇯🇴 Jordan 20% 26. 🇳🇮 Nicaragua 18% 27. 🇵🇭 Philippines 17% 28. 🇮🇱 Israel 17% 29. 🇳🇴 Norway 15% 30. 🇹🇷 Turkey 10% 31. 🇵🇪 Peru 10% 32. 🇨🇷 Costa Rica 10% 33. 🇩🇴 Dominican Republic 10% 34. 🇦🇪 UAE 10% 35. 🇳🇿 New Zealand 10% 36. 🇦🇷 Argentina 10% 37. 🇪🇨 Ecuador 10% 38. 🇬🇹 Guatemala 10% 39. 🇭🇳 Honduras 10% 40. 🇪🇬 Egypt 10% 41. 🇸🇦 Saudi Arabia 10% 42. 🇸🇻 El Salvador 10% 43. 🇲🇦 Morocco 10% 44. 🇹🇹 Trinidad and Tobago 10% 45. 🇧🇷 Brazil 10% 46. 🇸🇬 Singapore 10% 47. 🇨🇱 Chile 10% 48. 🇦🇺 Australia 10% 49. 🇨🇴 Colombia 10% 50. 🇬🇧 United Kingdom 10%"
myanmar earthquake 2025,1907797472145191409,2025-04-03_14-08-57,en,Burma News International,False,4151,Thailand,1,0,0,"Myanmar Suffers Earthquake Aftershocks The 28 March 2025 earthquake with its epicentre under Sagaing Town had been followed by 56 aftershocks as of the morning of 2 April, according to the junta’s Department of Meteorology and Hydrology (DMH) under the Ministry of Transportation and Communication. It reported that there were 12 aftershocks on the day of the earthquake, 28 March. This was followed by 11 aftershocks on 29 March, 10 on 30 March, 13 on 31 March, seven on 1 April and three on the morning of 2 April. https://t.co/tY4jUzZ2pf"
myanmar earthquake 2025,1907798201236599286,2025-04-03_14-11-51,en,The News God,False,86,Ghana,0,0,0,"https://t.co/moU0Yi4hx7 A 7.7-magnitude earthquake struck central Myanmar on March 28, 2025, killing over 3,000 people and injuring thousands more. The hardest-hit areas include Mandalay, Sagaing, and Naypyidaw. Survivors are facing extreme heat and heavy rains, raising concerns about the spread of diseases like cholera and malaria. Tap on the YouTube link for more details! 📷 #MyanmarEarthquake #DisasterRelief #HumanitarianCrisis #Myanmar #shattawale #blacksheriff #sarkodie #shattawale"
myanmar earthquake 2025,1907800000555348329,2025-04-03_14-18-59,en,Combat Footage,False,33657,,154,3780,5,"PDF guerillas carrying out an attack on junta forces in Monywa, Myanmar☠️ https://t.co/A171BEvRr0"
myanmar earthquake 2025,1907801511096107289,2025-04-03_14-25-00,en,YabaLeftOnline,False,4804245,Nigeria,92,565,40,Brave Father jumped across a gap 600 feet in the air to save his wife and child during the Myanmar earthquake. https://t.co/UnZDSuUyGt
myanmar earthquake 2025,1907801529060327687,2025-04-03_14-25-04,en,Para-Intelligence from Intuitive Ella Shelby,False,374,London United Kingdom,0,0,0,"https://t.co/DPLPoy9pbU Understanding the Causes of the Myanmar Earthquake: A Constructive Exploration. On 28 March 2025, a powerful M 7.7 earthquake struck Myanmar, with its epicentre located near Mandalay, the country's second-largest city. This was the strongest earthquake to hit Myanmar since 1912. The quake resulted in extensive damage across Myanmar and significantly impacted neighbouring Thailand. Additionally, hundreds of homes sustained damage in Yunnan, China, and apartments were affected in Vietnam. #ParaIntelligence #6Senses #Predictions #Political #Commodities #StockMarkets #Media #CurrentAffairs #InternationalAffairs #UnexplainedPhenomena. #FinancialMarkets #Markets #Crypto #CryptoInsights #PoliticalInsights #RemoteViewing #RemoteViewingYesNo #RemoteViewingBodyScanning #RemoteViewingCareeerandPersonal #Intutive #PsychicTarotReadings #Tarot #PsychicDevelopment #Mediumship #Medium #FinancialPersonalGuidedMeditaton #Markets #StockMarket #Markets #Crypto #CryptoInsights #PoliticalInsights #UFO #InternationalPsychic #HousingMarket #HouseMarketPredictions #psychic #psychicInsights #PsychicReadings #PsychicMedium #PsychicAdvisor #PsychicAbilities #PsychicPowers #PsychicHealing"
myanmar earthquake 2025,1907802199616532840,2025-04-03_14-27-44,en,Manish Prasad,False,31431,new delhi,25,235,7,"After setting up proper Hospital in #Myanmar by 50th #Parachute Brigade troops,Sig Det of Indian Medical Contingent being led by Maj Varchasava established a #Telemedicine Centre over a long range radio link between Myanmar and India & a Satellite Terminal grid for providing 24/7 remote medical support from doctors at R&R, Delhi. So now real time medical consultation started between Myanmar and #India. @adgpi @indiatvnews #OperationBrahma"
myanmar earthquake 2025,1907805010080993656,2025-04-03_14-38-54,en,The Daily Dose+,False,654,Pipeline,0,1,0,"A 7.7 magnitude earthquake hit Myanmar on March 28, 2025, causing over 2,800 deaths and 4,600 injuries. Rescue teams are still finding survivors, but military conflicts in the region are making relief efforts difficult. China, India, and Russia are stepping in to provide aid, while the U.S. remains absent from the response. Meanwhile, a 6.3 magnitude earthquake was also recorded in the Pacific Antarctic Ridge within the last 24 hours. Source: https://t.co/ZjAFz5pkuS"
myanmar earthquake 2025,1907805206517264771,2025-04-03_14-39-41,en,TAYTAWAN Myanmar Fanpage 🌻,False,3147,Myanmar,211,277,24,"Thailand’s PM Paetongtarn Shinawatra hosted a welcome dinner for BIMSTEC leaders, including war criminal Min Aung Hlaing, ahead of tomorrow’s summit. While Myanmar struggles with the earthquake crisis, he’s in Bangkok seeking legitimacy. Girllllll Use your brain. He's just a terrorist. You're endorsing his crimes. JUNTA ATTACKS POST QUAKE #DisasterInMyanmar"
myanmar earthquake 2025,1907805607442215385,2025-04-03_14-41-16,en,TNT Sports,False,1172460,United Kingdom,0,14,6,"Here at TNT Sports, we are supporting the Disasters Emergency Committee’s Myanmar Earthquake Appeal, please text TNTSPORTS to 70727, to donate ten (£10) pounds, with the whole ten (£10) pounds going to the appeal. Millions of people across the region are in urgent need of food, shelter and medical care. Please do donate if you are able to."
myanmar earthquake 2025,1907805727688986873,2025-04-03_14-41-45,en,Fortify Rights,False,43911,,24,32,1,"🇲🇲 Last week’s deadly earthquakes hit regions of Myanmar already suffering from the military junta’s brutal attacks. Despite the junta’s claims, aid workers on the ground face obstacles in their response. The international community must support local rescue efforts and ensure aid reaches those in need."
myanmar earthquake 2025,1907806227595153789,2025-04-03_14-43-44,en,Shoonoher,False,247,"Gimhae-si, Republic of Korea",0,1,0,"For Myanmar ppl, since the military coup in 2021 up until the current year of 2025. Excluding those who died due to the earthquake, the ppl who survived still struggle with feelings of guilt, thinking ""we couldn't do anything to help,"" and we can't seem to be mentally at peace."
myanmar earthquake 2025,1907810008877707673,2025-04-03_14-58-46,nl,NOS,False,2440126,Hilversum,3,8,5,"Staakt-het-vuren Myanmar meteen geschonden, gevechten in aardbevingsgebied https://t.co/yEi3l7TmbA"
myanmar earthquake 2025,1907812501695152276,2025-04-03_15-08-40,en,Xie Feng 谢锋,False,35882,,31,149,11,"The ninth survivor! After being trapped for over 120 hours, the man was extricated by Chinese rescuers in Mandalay, #Myanmar. A big thumbs-up to our heroes who keep racing against the time and never give up on a single life, and also to the survivor for his incredible resilience! 👍"
myanmar earthquake 2025,1907814102749077574,2025-04-03_15-15-02,in,Earthquake Map,False,2423,,0,0,0,"【m4.2】MYANMAR 10km Apr 03, 2025 15:00:00 UTC (G)https://t.co/Z3ehN9YEQp (EMSC)https://t.co/6m7gQ46ZFC"
myanmar earthquake 2025,1907815504628085099,2025-04-03_15-20-36,en,Lev,False,296,OZARKS,0,0,0,"Thailand,Myanmar is still experiencing a difficult situation: hospitals are overflowing with victims,and the number of victims of the devastating earthquake exceeded 3 thousand Baba Vanga's terrible prediction for 2025 came true Russia sent portable hospitals and teams of doctors https://t.co/oxL9hUll5g"
myanmar earthquake 2025,1907818163712225666,2025-04-03_15-31-10,en,Heath Ahrens,False,8168,Puerto Rico,0,5,1,"On March 28, 2025, a massive 7.7-magnitude earthquake struck Myanmar. The quake ruptured along 400 km of the Sagaing Fault, causing unprecedented damage. Over 3,600 people died, with thousands more injured. But something revolutionary happened in the response: https://t.co/LBuuLMR3VC"
myanmar earthquake 2025,1907820386475192717,2025-04-03_15-40-00,en,AFP News Agency,False,2439359,Around The World,5,9,1,"🇲🇲 VIDEO: Hundreds of people in Myanmar's Sagaing line up for vital aid after the city was ravaged six days ago by a deadly earthquake. Sagaing lies just 14 kilometres (8.6 miles) from the epicentre of the quake, which killed at least 3,000 people. https://t.co/l1Ub1QIrsd"
myanmar earthquake 2025,1907825426971636106,2025-04-03_16-00-02,en,Reuters,False,25577593,Around the world,2,13,4,"Tin and his daughter were thrown into a river when a bridge collapsed in the massive earthquake in Myanmar. Days later, he is still paying for divers to find her body https://t.co/FebYwvnp5f https://t.co/xUlPN9oD6Y"
myanmar earthquake 2025,1907829565885464771,2025-04-03_16-16-28,en,News v2,False,57,127.0.0.1,0,0,0,"Top News for April 03, 2025 Afternoon Update • Myanmar earthquake death toll now tops 3,000 with hundreds still missing, intensifying concerns over a deepening humanitarian crisis. • Israeli leader Netanyahu announces a new strategy to divide Gaza, expanding military control and prompting large-scale evacuations amid escalating conflict. • The current president, Donald Trump, faces internal turmoil as three National Security Council staffers are fired following a contentious Oval Office meeting with far-right activist Laura Loomer. • Violent storms, including deadly tornadoes, have struck the Midwest and South, leaving a path of destruction, casualties, and significant infrastructure damage. • Trump's tariffs, calculated with remarkably simple math, are driving up costs for companies and hampering exports, triggering market sell-offs and wider economic uncertainty. • In Capitol Hill developments, Senate Republicans push a controversial budget plan featuring further tax cuts and potential Medicaid cuts, aligning closely with the president's policy agenda. • The Department of Health and Human Services has significantly reduced its public records teams, resulting in thousands of job losses and raising serious concerns about governmental transparency. • Amid European alarm over US policy direction, Senator Rubio visits NATO, urging European allies to increase their defense spending while reaffirming US commitment under President Trump. • Hungary has announced its withdrawal from the International Criminal Court during a visit by Netanyahu, a move stirring debates over international law and geopolitical alliances. • New York City Mayor Eric Adams declares his run for reelection as an independent, opting out of the Democratic primary and setting the stage for a dramatic local political contest. #BreakingNews #PoliticalUpdate #EconomicImpact #GlobalAffairs #WeatherAlert"
myanmar earthquake 2025,1907830046255100302,2025-04-03_16-18-23,en,PEOPLEACTIVISMFORUM,False,26,,0,0,0,"Earthquakes in #Myanmar are not new. Six strong earthquakes of 7.0 magnitude or more struck Myanmar between 1930 and 1956 along the Sagaing fault. The devastation caused by the 7.7 magnitude earthquake of 28.03.2025 was concentrated in the southern areas of the Sagaing fault because of a thicker pile of alluvium amplifying the seismic energy as compared to the northern parts that escaped earthquake-induced damage. The neighbouring eastern parts of #India escaped damage as earthquake energy dispersed in the north-south direction. South Asia, due to its proximity to the complex assemblage of some of the largest tectonic features on earth, including the Himalayas, the Shillong Plateau, the Southern Indo-Burman range and the Andaman-Nicobar subduction zone is highly prone to earthquakes. The 2025 #Mandalay earthquake serves as a warning to India and it should introduce scientifically tested safety measures and procedures to mitigate the impact of earthquakes; @nidmmhaindia @PIBHomeAffairs @PMOIndia"
myanmar earthquake 2025,1907832263221625074,2025-04-03_16-27-12,en,Hnin Zaw,False,96982,,90,135,1,"Watch: A scene from #Mandalay where remaining family members offer alms to the monks dedicated to the deceased victim So far, the deadly earthquake’s death toll hits 3,085 according to latest update by Myanmar’s military administration. #MyanmarEarthquake Video: Eaint Htun https://t.co/KoqO6HP3xn"
myanmar earthquake 2025,1907832461926740370,2025-04-03_16-27-59,en,Arakan Bay News,False,3624,United States,9,15,0,"Military Junta Launches Heavy Bombing in Rakhine and Kachin Despite Humanitarian Ceasefire for Earthquake Relief AB News – April 3, 2025 Despite a humanitarian ceasefire declared in Rakhine and Kachin states due to the recent earthquake, Myanmar’s military junta has been carrying out heavy bombing operations in these areas. As of today, April 3, at around 11:40 AM, the junta has dropped at least 33 bombs in Kyaukphyu Township, Rakhine and has fired over 30 rounds of heavy artillery in continuous attacks, according to military sources. In Kachin State, the junta has launched an offensive against KIA bases near La Myan Village in Waingmaw Township, including airstrikes. KIO Vice Chairman Lt. Gen. Gun Maw confirmed the attacks on his social media. Additionally, on April 2, at around 1:15 PM, the military junta carried out repeated airstrikes using jet fighters on Kanpetlet Township in southern Chin State, as confirmed by the township’s People's Administration. The bombing of Kanpetlet Township reportedly destroyed about 20 buildings, including residential homes and government offices. The military junta declared a unilateral ceasefire from April 2 to April 22, 2025, citing earthquake relief efforts as the reason. Similarly, the Northern Alliance—including the Arakan Army (AA), the Ta’ang National Liberation Army (TNLA), and the Myanmar National Democratic Alliance Army (MNDAA)—as well as the Kachin Independence Organization (KIO) and the National Unity Government (NUG) have also declared a humanitarian ceasefire. However, despite the junta’s announcement of a ceasefire, it has continued its relentless bombing campaigns in several states and regions. On March 28, a powerful earthquake struck Myanmar, and according to estimates by the United States Geological Survey (USGS), the death toll could range from 10,000 to 100,000 people. Reports from domestic and international media indicate that over 3,000 people have been confirmed dead, and approximately 4,500 have been injured across Myanmar. #Myanmar"
myanmar earthquake 2025,1907833321922433351,2025-04-03_16-31-24,en,Pavan Patel,False,11564,India,1,4,0,"Big Breaking - Myanmar’s military has declared a temporary ceasefire amid the civil war to aid rescue efforts after last week’s devastating earthquake. State TV reports the death toll has crossed 3,000. KHABAR Aaj ki... 03/04/2025 https://t.co/MI2bQ009Uy"
myanmar earthquake 2025,1907837184042008760,2025-04-03_16-46-45,en,Pro Abdullah,False,1533,Myanmar refugee in Bangladesh ,5,5,0,"It's raining again in Mandalay tonight💔😭 If it rains for a while like this, will there be any place to stay🙏🙏 3 ~4~2025 #Earthquake #MyanmarEarthquake https://t.co/bVWcmGGqpy"
myanmar earthquake 2025,1907838310099345901,2025-04-03_16-51-13,en,Augustine Anthuvan,False,295,Singapore,0,0,0,"Myanmar: Public Health Situation Analysis (Sagaing earthquake in #Myanmar, April 2025) https://t.co/3TJBLE74XJ"
myanmar earthquake 2025,1907838827697172570,2025-04-03_16-53-17,en,António Guterres,False,2397146,,102,354,94,"Even before the earthquake, Myanmar was beset by political, human rights & humanitarian crises. The disaster has supercharged the suffering. I appeal to the international community to immediately step up vitally needed funding. I appeal for rapid, safe, sustained & unimpeded humanitarian access to reach those most in need. And I appeal for every effort to transform this tragic moment into an opportunity for the people of Myanmar, paving the way for peace & democracy."
myanmar earthquake 2025,1907840333003514253,2025-04-03_16-59-16,en,Mother Jones,False,741880,,12,19,3,"While international aid rushes to help Myanmar in the wake of a 7.7 magnitude earthquake, the US is nowhere to be seen. Chris Milligan, former director of the United States Agency for International Development (USAID) mission in Myanmar, spoke about how inadequate the United States response is."
myanmar earthquake 2025,1907840728841019748,2025-04-03_17-00-50,en,ICRC,False,2258972,Geneva,39,53,1,"According to the Landmine Report, Myanmar currently has the highest number of civilian landmine casualties in the world. After the earthquake, some communities are moving into potentially contaminated areas. We are working with our partners to raise awareness &amp; mitigate risks👇🏼 https://t.co/56vz8HTt0N"
myanmar earthquake 2025,1907840951428477289,2025-04-03_17-01-43,en,BBC,False,2387580,TV. Radio. Online,5,22,13,The Disasters Emergency Committee is appealing for funds to help those affected by the earthquake in Myanmar. Give via the DEC website 👉 https://t.co/LX5sVLtaFO https://t.co/LmEkshNBKx
myanmar earthquake 2025,1907846282107846982,2025-04-03_17-22-54,en,Grok,False,3486680,wherever you are,0,0,0,"@Nomi12477Ansar @Hpolitics18Plus Sorry, I couldn’t find a video of the incident with Hlu Hsan shielding students during the Myanmar earthquake on March 28, 2025. Reports confirm her heroic act at a preschool, but no footage seems to be publicly available yet. Search efforts continue as the story develops."
myanmar earthquake 2025,1907848603650920688,2025-04-03_17-32-07,en,Louis Theroux,False,2112116,London,7,43,7,Hey friends! I've just donated to the DEC Myanmar Earthquake Appeal to help provide lifesaving aid. Can you help? https://t.co/sy52bQ5sQp
myanmar earthquake 2025,1907849528281289072,2025-04-03_17-35-48,en,Imad,False,944,Indonesia,0,0,1,Magnitude 7.7 Earthquake in Myanmar &amp; Thailand 2025 COMPILATION (PART 1) https://t.co/WZmb7HeoFC
myanmar earthquake 2025,1907849690844176737,2025-04-03_17-36-27,en,Imad,False,944,Indonesia,0,0,1,Magnitude 7.7 Earthquake in Myanmar &amp; Thailand 2025 COMPILATION (PART 2) https://t.co/lOhiRfz4Lf
myanmar earthquake 2025,1907849894506688710,2025-04-03_17-37-15,en,Al Jazeera English,False,8915695,"Doha, Qatar",57,96,9,"A magnitude 7.7 earthquake hit Myanmar, killing thousands of people. Emergency services are overwhelmed, and survivors face extreme conditions. Al Jazeera's Tony Cheng reports from the epicentre ⤵️ https://t.co/yF27SPGPHm"
myanmar earthquake 2025,1907850626178179199,2025-04-03_17-40-10,en,Imad,False,944,Indonesia,0,0,1,Magnitude 7.7 Earthquake in Myanmar &amp; Thailand 2025 COMPILATION (PART 3) https://t.co/wczQMlI2kl
myanmar earthquake 2025,1907850730708644206,2025-04-03_17-40-35,en,Imad,False,944,Indonesia,0,0,0,Magnitude 7.7 Earthquake in Myanmar &amp; Thailand 2025 COMPILATION (PART 4) https://t.co/Z1AfC4XZ79
myanmar earthquake 2025,1907853401288765500,2025-04-03_17-51-11,en,DEC,False,41206,"London, UK",12,15,0,This evening before the 6pm news the BBC broadcast our appeal film. A huge thank you to @BBCNews and to Hugh Dennis for presenting the film. DEC member charities are responding in Myanmar now but the needs are huge. Please donate today. https://t.co/7cGOlpkXVD https://t.co/2ZEpYKOVQK
myanmar earthquake 2025,1907860587695972698,2025-04-03_18-19-45,en,The Sentinel Current,False,1843,"Tyne & Wear, England",4,2,0,The Guardian Weekly on 4 April 2025 probes “Is this the end of Turkish democracy?” with a focus on anti-government protests. It also covers Myanmar post-earthquake and the Black Panthers’ children. #TomorrowsPapersToday https://t.co/nqkw61y4GD https://t.co/J1LHap9iCD
myanmar earthquake 2025,1907870790021775751,2025-04-03_19-00-17,en,United Nations Geneva,False,1075780,"Geneva, Switzerland",26,49,25,"Within 48 hours of the powerful earthquake that struck central #Myanmar, the United Nations World Food Programme @WFP began emergency food distributions to affected communities. https://t.co/2l9g96qVYn"
myanmar earthquake 2025,1907878983347134799,2025-04-03_19-32-50,en,Sky News,False,8562869,"London, UK",8,25,5,"An emergency appeal has been launched after the 7.7 magnitude earthquake which struck Myanmar last week. More than 2,800 people were killed by the quake and its aftershocks on Friday, with thousands more injured Donate online ➡️ https://t.co/fb5OeRtIi0"
myanmar earthquake 2025,1907881342454452503,2025-04-03_19-42-13,en,António Guterres,False,2397146,,232,935,287,Now is the time to stand in solidarity with the long-suffering people of Myanmar. The @UN will keep pushing for peace &amp; international solidarity to provide lifesaving support for those in need. https://t.co/b90oMV2KZy https://t.co/i9Nbs47jVZ
myanmar earthquake 2025,1907884743091433969,2025-04-03_19-55-44,en,John Swinney,False,113704,Edinburgh,52,133,68,Please support the @DECScotland @decappeal for Myanmar to help deliver vital aid to millions of people after the catastrophic earthquake. Every donation can help to save lives. 💻 Visit https://t.co/RLHjSUiMMN 📲 Or text HOPE to 70727 to donate £10. https://t.co/yCaA5AYXTz
myanmar earthquake 2025,1907894451948617742,2025-04-03_20-34-18,en,UN News,False,814589,"Manhattan, NY",58,97,33,"“Utter devastation and desperation,” UN chief calls for immediate, unrestricted aid access to #Myanmar, where last week’s earthquakes have claimed over 3,000 lives and left millions in urgent need https://t.co/3O4AfGk7LS https://t.co/eGZw7gW7qX"
myanmar earthquake 2025,1907896687517118716,2025-04-03_20-43-11,en,Diabetic Dad,False,10232,"Leicester, England",0,0,0,"From @Action4Diabetes on Facebook: https://t.co/obQ9rFm3jS #T1D #DOC #GBDoc As a result of the devastating earthquake of 28 March 2025, once again the people of Myanmar are suffering unimaginable hardship due to the catastrophic damage particularly in the Central Region of Myanmar affecting the areas of Mandalay, Nay Pyi Taw and Sagaing. Numbers of fatalities inch closer to 3,000 at this moment and the number is expected to rise in the days ahead. Relief efforts are severely hampered due to damaged roads and bridges, destroyed communications networks and infrastructure. Tens of thousands of people are living and sleeping outdoors exposed to high temperatures, with a lack of water and food. Hospitals are damaged or inundated with casualties and people live in fear of aftershocks and in severe deprivation. A4D staff are on the ground and actively assessing the situation with our partners. The immediate priority is ensuring all people with Type 1 Diabetes (T1D) have access to insulin supplies (many supplies have been destroyed or are inaccessible). A4D supports close to 150 young people in those areas, however we estimate over 200 young people living in the region with Type 1 Diabetes are facing imminent danger if they cannot access insulin, without which, they will surely die. There will be multiple additional challenges over the coming weeks and months, which A4D are committed to address in order that these T1Ds can survive this immediate existential crisis. By donating to A4D you will help us save the lives of many young people with T1D and we urge you to help us secure their futures at this critical moment in time. Please give generously and share with others in your network so that we can raise enough to procure and deliver all necessary medical and humanitarian supplies. We are now on 2 different platforms to facilitate donations coming in from Asia through https://t.co/efjsySnpqp, and on JustGiving for those in other parts of the world. JustGiving: https://t.co/rnYHDn3fG5 https://t.co/kgQ32dMCLN: https://t.co/0HR35l2AKo"
myanmar earthquake 2025,1907897955677515823,2025-04-03_20-48-14,en,ZoneCrypto,False,1140,linktr.ee/zonecrypto,0,0,1,"✦ Crypto donations surpass $1B in 2024, gaining momentum after Myanmar and Thailand earthquake relief efforts: In 2025, crypto donations are projected to reach $2.5B, fueled by increasing crypto wealth and a favorable political environment. Binance co-founder Changpeng Zhao made headlines by contributing over $500,000 in crypto to support earthquake relief in Thailand and Myanmar. His donation of 1,000 $BNB tokens, valued at nearly $600,000, underscores the effectiveness of blockchain in facilitating emergency charitable initiatives."
myanmar earthquake 2025,1907901309946310899,2025-04-03_21-01-34,en,Darius Mitchell_ Hip-Hop Republicans 2025🇺🇸,False,1201,"Lowell, MA",0,0,0,"You never did hear anyone from the Trump Administration offer help to earthquake victim. Unlike the TRADITIONAL AMERICAN 🇺🇸 LEADERSHIP? 🤔 “Tariffs will fall heavily on some of the world’s poorest countries, with nations in south-east Asia, including Myanmar, among the most affected.” “GUESS WHO TWEETED THIS?” @guardian -Global markets in turmoil as Trump tariffs wipe $2.5tn off Wall Street Economists say levies of between 10% and 50% have dramatically added to the risk of a worldwide downturn Global financial markets have been plunged into turmoil as Donald Trump’s escalating trade war knocked trillions of dollars off the value of the world’s biggest companies and heightened fears of a US recession. As world leaders reacted to the US president’s “liberation day” tariff policies demolishing the international trading order, about $2.5tn (£1.9tn) was wiped off Wall Street and share prices in other financial centres across the globe. Experts said Trump’s sweeping border taxes of between 10% and 50% on the US’s traditional allies and enemies alike had dramatically added to the risk of a steep global downturn and a recession in the world’s biggest economy. World leaders from Brussels to Beijing rounded on Trump. China condemned “unilateral bullying” practices and the EU said it was drawing up countermeasures. While Trump timed his Wednesday evening Rose Garden address to avoid live tickers of crashing stock markets, that fate arrived when Asian exchanges opened hours later. Drawing comparisons with the market crashes at the height of the coronavirus pandemic and the 2008 financial collapse, the sell-off swept the globe, sending exchanges plunging in Asia and Europe. The UK’s FTSE 100 index of blue-chip companies closed the day down 133 points, or 1.5%, to 8,474 after suffering its worst day since August. All three major US stock markets were down at the end of trading in their worst day since June 2020, during the Covid pandemic. The tech-heavy Nasdaq fell 5.97%, while the S&P 500 and the Dow dropped 4.8% and 3.9%, respectively. Apple and Nvidia, two of the US’s largest companies by market value, lost a combined $470bn in value by midday. Libby Cantrill, the head of US public policy at Pimco, one of the world’s largest bond fund managers, said investors were growing increasingly concerned as Trump appeared to be unwilling to soften his stance in the face of market turmoil, although hope remained that he would ultimately strike deals with US trading partners. “There is likely a limit to how much pain he and his administration are willing to endure in order to rebalance the economy, but when that is or what that looks like remains to be seen,” she said. “For now, we should assume that his pain tolerance is pretty high and that tariffs stick around for a while.” The US dollar hit a six-month low, falling 2.2% on Thursday morning, amid a growing loss of confidence in a currency previously considered the safest in the world for most of the past century. #fitn #hiphop #ncpol #mapoli #bospoli #nhpolitics #gapol #scpol https://t.co/1FlYa8QsyN"
myanmar earthquake 2025,1907906432529527018,2025-04-03_21-21-55,en,Vach_says,False,1199,,1,4,0,"As of April 4, 2025, the latest figures from the #Myanmar earthquake, based on recent updates, report a death toll of around 3,085, with approximately 4,715 injured and 341 missing. #MyanmarEarthquake"
myanmar earthquake 2025,1907908564951445717,2025-04-03_21-30-23,en,GNLM News,False,182,Myanmar,0,0,0,"Pakistani aid arrives for quake victims and affected areas In the aftermath of the devastating earthquake that struck Myanmar on 28 March 2025, Pakistan under the direction of Prime Minister Muhammad Shahbaz Sharif has sent humanitarian assistance... https://t.co/aPyydQEPCH"
myanmar earthquake 2025,1907911746012029365,2025-04-03_21-43-02,in,Earthquake Map,False,2423,,0,0,0,"【m3.7】MYANMAR 5km Apr 03, 2025 21:29:03 UTC (G)https://t.co/8MfkFvs3Wg (EMSC)https://t.co/6llCMvZT59"
myanmar earthquake 2025,1907921833124344188,2025-04-03_22-23-07,en,UN Development,False,1954595,170 countries & territories,12,21,1,"Catastrophic earthquakes in Myanmar have exacerbated an already dire situation of conflict, displacement and economic instability. Together with the @UN and partners, @UNDP_Myanmar is on the ground to help those in need. Find out more at: https://t.co/PMCQw6uGri https://t.co/XIAiUmOVSd"
myanmar earthquake 2025,1907922469178192194,2025-04-03_22-25-38,en,Yusuef Waheeda,False,22,,0,0,2,"People Have NO IDEA What’s REALLY Happening: Myanmar-Thailand Earthquake. On March 28, 2025, a powerful 7.7 earthquake struck Southeast Asia, shaking both Myanmar and Thailand, leaving destruction in its path. https://t.co/1x4rIzmbNV via @YouTube"
myanmar earthquake 2025,1907927727207829949,2025-04-03_22-46-32,en,KYAW HTUT,False,309,"London, England",0,0,0,"Death Toll from Myanmar’s Earthquake surpassed 3,901 on 03.04.2025. Praying for MYANMAR release from the disaster and the Brutal Junta. #WhatsHappeninglnMyanmar #MyanmarEarthquake #MyanmarEarthquakeCrisis https://t.co/vuUhUzNO7V"
myanmar earthquake 2025,1907932019386102098,2025-04-03_23-03-35,en,良き知らせ大学,False,941,日本,0,3,0,"&lt;Vatican News (English)&gt; (2025/04/02) Myanmar quake death toll passes 3,000 as rescuers race against time As the death toll from Myanmar's recent devastating earthquake rises, Fr. Girish Santiago, the Jesuit Regional Superior, visits the Mandalay... https://t.co/UuD88E3PR4"
myanmar earthquake 2025,1907942594056986928,2025-04-03_23-45-36,en,Myanmar Now,False,445877,Myanmar,36,45,5,Myanmar junta leader confirms no change in election schedule despite earthquake https://t.co/4h6g238Koh https://t.co/nO9Y4F5Rnj
myanmar earthquake 2025,1907942917228081446,2025-04-03_23-46-53,en,Zhang Meifang,False,171438,"Beijing, China",9,53,6,#onsite China's rescue team saved another survivor 120 hours after the 7.9-magnitude earthquake struck #Myanmar. #MyanmarEarthquake https://t.co/S9nbuWUukC
myanmar earthquake 2025,1907947474129658095,2025-04-04_00-05-00,en,Reuters,False,25577591,Around the world,13,45,5,"Rescue workers in Myanmar said that they had recovered the bodies of at least 30 monks who were buried under the rubble of a monastery, as the death toll from last week's powerful earthquake surpassed 3,000 https://t.co/YAYc0ulXMA https://t.co/julBYCKEWA"
myanmar earthquake 2025,1907959075297759607,2025-04-04_00-51-06,en,Aey Sahattaya,False,4251,Bangkok,861,685,8,"A bold message greeted Myanmar junta leader Min Aung Hlaing today near Bangkok’s Shangri-La Hotel, where he is expected to attend the #BIMSTEC. https://t.co/cVZhoty3JK"
myanmar earthquake 2025,1907959536297898417,2025-04-04_00-52-56,en,Lin Jian 林剑,False,43829,,85,371,40,"Actions speak for friendship. After the Myanmar earthquake, China was the first country to announce emergency aid, the first to dispatch rescue teams, the first to rescue survivors, and the first to establish a post-quake international relief shelter. With over 500 rescuers, China has sent the largest teams for local disaster relief."
myanmar earthquake 2025,1907968235787739484,2025-04-04_01-27-30,en,Hiro's gallery,False,26998,Okinotorishima Ogasawara Tokyo,1,1,0,"Joint Statement by the Quad Partners on Myanmar Earthquake Response Media Note Office of the Spokesperson April 3, 2025 The following is a joint statement from the Governments of the United States of America, Australia, India, and Japan. Begin Text: We extend our deepest sympathies and condolences to the peoples of Myanmar and Thailand following the earthquake that struck central Myanmar on March 28, 2025. The significant loss of life, injuries, and widespread destruction of infrastructure worsen an already-dire humanitarian situation in Myanmar. We welcome recent commitments to temporary, partial ceasefires and call on all parties to implement, extend and broaden these measures, to provide a safe and conducive environment to facilitate timely delivery of life-saving humanitarian assistance throughout Myanmar. We welcome the ASEAN Foreign Ministers’ statements of 29 and 30 March, and the support provided by ASEAN and countries in the region to the communities affected. We, the Quad partners, have so far committed humanitarian assistance estimated at a combined value of over USD 20 million. Through our funding and bilateral efforts, we are delivering relief supplies and deploying emergency medical teams and supporting humanitarian partners working in Myanmar to provide care for those affected by the earthquake. The Quad is coordinating efforts to ensure that our response effectively and efficiently distributes assistance and meets the needs of the communities affected. The Quad’s Humanitarian Assistance and Disaster Relief Partnership has established a coordination group that is collaborating closely with other partners, including the ASEAN Coordinating Centre for Humanitarian Assistance on disaster management. Quad cooperation traces its origin to our response to the 2004 Indian Ocean earthquake and tsunami, and since then we have provided practical and effective humanitarian assistance and disaster relief in moments of need across the Indo-Pacific. We affirm the Quad’s commitment to working together in response to natural disasters and broader challenges to regional stability and security, as part of our shared vision for a free and open Indo-Pacific. End Text. https://t.co/YgNDjbI8fs"
myanmar earthquake 2025,1907969613532377351,2025-04-04_01-32-58,en,Civil Disobedience Movement,False,209248,Myanmar,535,820,7,"A bold message greeted Myanmar junta leader Min Aung Hlaing today near Bangkok’s Shangri-La Hotel, where he is expected to attend the BIMSTEC. “We Do Not Welcome Murderer Min Aung Hlaing !” Thank you, Thai people. 🇹🇭🙏 https://t.co/EgEvViCDA9"
myanmar earthquake 2025,1907972144845197354,2025-04-04_01-43-02,in,Earthquake Map,False,2423,,0,0,0,"【m3.7】MYANMAR 10km Apr 04, 2025 01:26:27 UTC (G)https://t.co/1qw7Nb6wbB (EMSC)https://t.co/Y6vcJnmGQX"
myanmar earthquake 2025,1907972317998887373,2025-04-04_01-43-43,en,CHOEAEDOL : Kpop ranking and community app,False,74958,"Seoul, Korea",3444,2836,177,"⛑️CHOEAEDOL's Donation Project #StanWithValue Together for Myanmar 🔁 10 KRW will be donated per retweet (up to 1 million KRW) 🗓️ Until April 11 (Fri) 00:00 KST ✅Retweet this post! The more RTs, the more donations. 🗳 10 KRW will be donated per Themed Pick vote (up to 5 million KRW) 🗓️ April 8 (Tue) ~ April 10 (Thu) ✅ Vote in CHOEAEDOL App → One Pick → Themed Pick [CHOEAEDOL's Donation Project] *1 vote per day allowed Your participation can help Myanmar. Let's share warmth and solidarity. #CHOEAEDOL #최애돌 #StanWithValue #가치덕질 #Donation #기부 #미얀마 #Myanmar #PrayForMyanmar #HelpMyanmarRecover #TogetherForMyanmar"
myanmar earthquake 2025,1907978381544612066,2025-04-04_02-07-49,en,Grok,False,3486675,wherever you are,0,1,0,"Yes, a 7.7-mag earthquake hit Myanmar on March 28, 2025, killing 3,085, injuring over 4,715, and leaving 341 missing as of April 3. Mandalay, Sagaing, and Naypyitaw are devastated, with over 10,000 buildings damaged. Heavy rains expected April 6-11 could worsen conditions, raising risks of cholera and dengue amid a humanitarian crisis. Aid is arriving, but challenges persist. https://t.co/pqlzSn8SPf"
myanmar earthquake 2025,1907986914722107589,2025-04-04_02-41-43,en,Dipanjan R Chaudhury,False,6043,"New Delhi, India",1,2,0,"Joint Statement by Quad Partners on Myanmar Earthquake Response (April 04, 2025) https://t.co/pvpjcYayty"
myanmar earthquake 2025,1907987250979418188,2025-04-04_02-43-03,en,War Noir,False,172632,,279,3463,43,#Myanmar (#Burma) 🇲🇲: A new photo posted by an Anti-Junta Rebel with a very rare weapon. The Anti-Junta fighter shows a historic #USA-made 🇺🇸 .45 ACP Thompson M1928A1 Submachine gun. Definetely a very interesting piece.
myanmar earthquake 2025,1907989014251983335,2025-04-04_02-50-04,in,🦅 Golden Eagle 🦅,False,21658,"Dunder Mifflin, Scranton",20,324,7,""" 🇻🇳 dan 🇲🇲 Bersaudara ❤️❤️❤️"" Momen mengharukan terjadi saat Kontingen Tentara Vietnam yang ditugaskan untuk membantu Korban Gempa Myanmar hendak membeli buah dari seorang Ibu-Ibu Pedagang. sang Pedagang hendak menggratiskan buahnya sebagai rasa terimakasih pada Tentara Vietnam https://t.co/cq0yI4cQFc"
myanmar earthquake 2025,1907996054269681726,2025-04-04_03-18-02,en,LiVEARTH,False,156,地球,0,1,0,"[Overview the Earth] No.2300: Sen(U.K.)’s 4K video camera from #ISS captured southern #Myanmar. on On March 28, 2025, M7.7 earthquake struck the central part of the country which has claimed over 3,000 lives. Our hearts are with all who are affected by this tragedy. https://t.co/O9iRK12xqZ"
myanmar earthquake 2025,1908000573619581311,2025-04-04_03-36-00,en,Black Hole,False,683531,France,7,52,5,Satellite show Before/After images of 7.7 Magnitude Earthquake In Myanmar (Source: European Space Agency) https://t.co/YjtlXcMh1K
myanmar earthquake 2025,1908000665315557636,2025-04-04_03-36-22,en,Grok,False,3486675,wherever you are,0,0,0,"It’s unlikely to be true. A 7.7 magnitude earthquake hit Myanmar on March 28, 2025, impacting Bangkok, but no credible sources report a father jumping 600 feet to save his family. That’s physically impossible—human long jump record is ~29 feet. The story, from outlets like Daily Mail, seems sensationalized, possibly from a staged video. https://t.co/BFoTHXcJ8D"
myanmar earthquake 2025,1908005326089236926,2025-04-04_03-54-53,en,Uncensored News,False,2304,newyork,0,0,0,"""Blind mystic Vanga's final prophecy has come true - and her other shocking predictions for 2025 foretell a terrible future"" In the US, people are fearful of Vanga's fulfilled prophecies. ""The mystic Vanga predicted an earthquake in Myanmar and Thailand. Her other predictions for 2025 include war in Europe and global economic disaster. According to her, in 2025, conflicts in Europe will depopulate the continent; by 2028, humans will begin exploring Venus as an energy source. In 2033, the polar ice caps will melt, leading to a dramatic rise in sea levels around the world. In 2170, drought will devastate much of the world. By 3797, humanity will be forced to leave Earth because it has become uninhabitable."" Add us on telegram : https://t.co/TP9fVPrnUJ Add us on X : https://t.co/UBHZVfRYk4"
myanmar earthquake 2025,1908005661209993620,2025-04-04_03-56-13,en,Thet Zaw,False,894,"Yangon, Myanmar",0,0,0,"After the Mandalay earthquake, Sky Villa in Aung Myay Thazan collapsed, trapping people. On April 4, 2025, Myanmar Fire Services &amp; China’s BSR team continued joint search &amp; rescue efforts with local authorities. #MyanmarEarthquake #MyanmarFactCheck https://t.co/QhvGPqmvkC"
myanmar earthquake 2025,1908010239846396105,2025-04-04_04-14-24,en,Moon🌙,False,646,Thailand ,3,7,1,"Myanmar, my hometown, was hit by a 7.7 earthquake on March 28, 2025. Many lost their homes and loved ones. I’m in Bangkok and can only help through donations. Grateful for international support. Wishing everyone safety and strength.🙏🏻✨ https://t.co/aRSRsmZ0RU"
myanmar earthquake 2025,1908012767279460805,2025-04-04_04-24-27,en,China Xinhua News,False,11860983,"Headquartered in Beijing, PRC",6,11,4,"The Chinese Embassy in Myanmar confirmed that as of 11:00 Beijing time (0300 GMT) on Friday, the powerful earthquake in Myanmar has resulted in the deaths of five Chinese citizens. #XinhuaNews https://t.co/6ybbLIrzul"
myanmar earthquake 2025,1908014987743793322,2025-04-04_04-33-16,en,DD News,False,3745769,DDNews,10,18,1,"🇮🇳🤝🇲🇲 India stands with Myanmar! Indian Ambassador Abhay Thakur highlights India’s swift response to the Myanmar earthquake—medical aid, NDRF rescue efforts & a field hospital helping thousands. India remains committed to supporting future rehabilitation. #IndiaForMyanmar #HumanitarianAid 📺 Report by @tapasjournalist from Myanmar"
myanmar earthquake 2025,1908016193723654570,2025-04-04_04-38-04,ro,Channel News Independent,False,1222,,0,0,0,Myanmar Tatmadaw announces temporary ceasefire until April 22 CNI News 4 April 2025 CNI Website &gt;&gt;&gt;&gt;&gt;https://t.co/eqOe3hz1cE #MyanmarTatmadaw #temporaryceasefire #earthquake #Myanmar #armed #politics #CNImyanmar https://t.co/UR8nCIljRB
myanmar earthquake 2025,1908016489459781767,2025-04-04_04-39-14,en,Grok,False,3486675,wherever you are,0,1,0,"On March 28, 2025, a 7.7 magnitude earthquake hit near Myanmar, shaking Bangkok, Thailand, 600 miles away. Kwan Young Joon, a dad from Seoul, heroically leaped across a collapsing 600ft-high walkway at Park Origin condo in Bangkok to save his wife and child on the 30th floor. He made it with minor scratches, reuniting with his evacuated family after walking down 40+ floors. The quake caused widespread damage, killing many in both regions. https://t.co/pqlzSn8SPf"
myanmar earthquake 2025,1908016616589390184,2025-04-04_04-39-45,en,Sangbad Prabhakar Times,False,4,"Naihati, WestBengal,India",0,1,0,"Situation Update on the impact of the tremor in Bangkok as a result of an Earthquake in Myanmar on 28 March 2025 #Thailand #thailandtravel চালু আছে ব্যাংকক, পর্যটকদের জন্য দিল আপডেট https://t.co/GvmJRjNxwh"
myanmar earthquake 2025,1908018505422643449,2025-04-04_04-47-15,it,Channel News Independent,False,1222,,0,0,0,Russia opens hospital in Mandalay CNI News 4 April 2025 CNI Website &gt;&gt;&gt;&gt;&gt;https://t.co/Iazn5xKBXi #hospital #Russia #Myanmar #naturaldisaster #earthquake #weather #CNImyanmar https://t.co/In8IYoyBo7
myanmar earthquake 2025,1908023226531459436,2025-04-04_05-06-01,en,Chindwin News Agency,False,7577,Australia,54,76,4,"UPDATE: This building was demolised despite the surrounding people run and shouted it loud due to the building being unsafe for occupancy as it was impacted by the earthquake in Mandalay city, Myanmar. Several people with direct knowledge of the building have confirmed to Chindwin and has updated it. Video/Rashmi"
myanmar earthquake 2025,1908023808977678700,2025-04-04_05-08-20,en,"AuntyAlias - Artist, Astrologer, Author",False,3878,"San Francisco, CA, USA",0,0,0,Earthquake Compilations - 2025 MYANMAR &amp; THAILAND EARTHQUAKE 7.7 COMPILATION (PART 3) / ငလျင် เทอร์เรโมโต Terremoto Birmania https://t.co/1dAQLg6rtR via @YouTube
myanmar earthquake 2025,1908025096117403973,2025-04-04_05-13-26,en,Embassy of Belarus in Indonesia,False,1728,"Jakarta, Indonesia",4,8,0,"On 4 April 2025, Ambassador of Belarus to Indonesia Raman Ramanouski conveyed his deepest and most sincere condolences over the massive loss of life and devastation caused by the earthquake in Myanmar on 28 March https://t.co/2AzDSTc6Yt"
myanmar earthquake 2025,1908025747132002470,2025-04-04_05-16-02,in,Divisi Humas Polri,False,2153822,,4,217,34,"Dalam upaya membantu korban terdampak gempa bumi dahsyat berkekuatan magnitudo 7,7 di Myanmar, Unit K9 Direktorat Polisi Satwa Korps Sabhara Baharkam Polri diterjunkan dalam misi kemanusiaan. Misi ini bertujuan untuk mendukung pencarian dan penyelamatan korban yang masih tertimbun reruntuhan atau hilang pascabencana. Tim yang diberangkatkan terdiri dari empat personel terlatih, yakni satu K9 officer, dua pawang, dan satu dokter hewan dengan dua K9 Polri Gizi dan Walet. Misi ini merupakan wujud komitmen Polri dalam membantu penanganan bencana internasional."
myanmar earthquake 2025,1908026474730520752,2025-04-04_05-18-55,in,Divisi Humas Polri,False,2153822,,7,233,27,"Gempa berkekuatan magnitudo 7,7 mengguncang Myanmar pada 28 Maret 2025 telah menyebabkan ribuan korban jiwa dan kerusakan parah. Kepolisian menurunkan Unit K9 Ditpolsatwa Korps Sabhara Baharkam Polri melakukan pencarian korban yang terkubur di beberapa lokasi. Tim K9 INASAR 1, yang terdiri dari empat personel yaitu seorang K9 officer, dua pawang, dan seorang dokter hewan dengan dua anjing pelacak, gizi dan walet, terlibat dalam pencarian korban di permukiman yang terdampak."
myanmar earthquake 2025,1908026567399276698,2025-04-04_05-19-17,en,777TEWA@THE PRESENTMOMENT.,False,271,,1,1,0,"Large Magnitude 7.7 Earthquake Hits Myanmar, March 28th, 2025 https://t.co/EZNUY5PpgK via @YouTube"
myanmar earthquake 2025,1908029720668541223,2025-04-04_05-31-49,en,Dr. Sasa,False,456750,Myanmar,40,72,2,"Death toll from Myanmar's #earthquake on March 28 reaches 3,901 on April 3 evening. Take a look at the interactive data dashboard: https://t.co/ZcpidMeRH3 (Desktop Version) https://t.co/CFgLCXczrx (Phone Version) #WhatsHappeningInMyanmar https://t.co/fk8KyamJZp"
myanmar earthquake 2025,1908031412000928090,2025-04-04_05-38-32,en,Dr. Shahid Siddiqui,False,1658,India,0,5,0,"PM Modi’s Address at #BIMSTEC Summit 2025 – Key Highlights Opening Remarks: •Thanked Thai PM Paetongtarn Shinawatra for hosting the summit. •Expressed condolences to Myanmar and Thailand for the loss caused by the recent earthquake. •Commended BIMSTEC’s growing role as a bridge between South and Southeast Asia. Strategic Vision: •Welcomed the implementation of the BIMSTEC Charter and adoption of Bangkok Vision 2030. •Called for expanding BIMSTEC’s capacity and functional areas to strengthen regional cooperation. Key Proposals & Announcements: https://t.co/plnwyq56HM & Counter-Terrorism: •Institutionalize the Home Ministers’ Mechanism. •India to host the first meeting on cybercrime, cybersecurity, and counter-narcotics. 2.Connectivity: •Emphasized the importance of digital, physical, and energy connectivity. •Urged faster work on electric grid interconnection. •Proposed sharing India’s Digital Public Infrastructure (DPI) model and conducting a pilot study. •Suggested linking India’s UPI with BIMSTEC payment systems. https://t.co/IqpG11pSvf & Economy: •Proposed establishing a BIMSTEC Chamber of Commerce and holding an annual Business Summit. •Called for a feasibility study on trade in local currencies. 4.Maritime Cooperation: •Welcomed the new Maritime Transport Agreement. •Proposed a Sustainable Maritime Transport Centre in India. 5.Disaster Management: •Proposed a Centre of Excellence for Disaster Management in India. •Announced the 4th joint disaster response exercise to be hosted by India this year. 6.Public Health & Agriculture: •Offered training in cancer care and traditional medicine research. •Proposed a Centre of Excellence for Agriculture for knowledge exchange. https://t.co/5W5LQ5vf6S & Technology: •Offered training in satellite technology, nano-satellite launch support, and remote sensing to BIMSTEC nations. 8.Youth & Skill Development: •Launched the BODHI initiative to skill 300 BIMSTEC youth annually in India. •Scholarships to be extended at Nalanda University and Forestry Research Institute. •Annual training for young diplomats proposed. 9.Culture & Sports: •Announced first BIMSTEC Traditional Music Festival in India. •Proposed a Young Leaders’ Summit, Hackathon, and Athletics Meet in 2025. •Declared that India will host the first BIMSTEC Games in 2027. Other highlights: •BIMSTEC is not just a regional bloc, but a model for inclusive growth and shared security. •Reaffirmed India’s commitment to the principle of “Sabka Saath, Sabka Vikas, Sabka Prayas.” •Welcomed Bangladesh as the incoming Chair of BIMSTEC and extended best wishes. @BIMSTEC @MEAIndia @MFAThai #f1jp #stockmarketcrash #stockmarketcrash"
myanmar earthquake 2025,1908032396647346293,2025-04-04_05-42-27,in,Divisi Humas Polri,False,2153822,,11,239,29,"Polri melalui Direktorat Polisi Satwa Korps Sabhara Baharkam Polri mengirimkan tim K9 untuk terlibat dalam operasi kemanusiaan di Myanmar, setelah gempa bumi berkekuatan magnitudo 7,7 mengguncang negara tersebut. Tim K9 yang terdiri dari 4 personel, termasuk 1 K9 officer, 2 pawang, dan 1 dokter hewan, dikerahkan bersama dua anjing pelacak, Gizi dan Walet, untuk membantu pencarian korban. tim K9 melaksanakan persiapan dan apel sebelum melakukan pencarian di lokasi bencana. Dalam pencarian pertama, K9 Walet berhasil menemukan jenazah seorang perempuan, dan pencarian dilanjutkan dengan menemukan jenazah lainnya. Tim K9 terus berkolaborasi dengan tim evakuasi INASAR, memastikan penyelamatan korban seoptimal mungkin. Hingga kini, jumlah korban tewas di Myanmar telah mencapai 2.719 orang, dengan angka tersebut diperkirakan masih akan meningkat. Operasi ini adalah bagian dari upaya kemanusiaan Polri untuk memberikan bantuan dalam bencana internasional serta menunjukkan solidaritas terhadap negara sahabat."
myanmar earthquake 2025,1908034749626736761,2025-04-04_05-51-48,en,The Irrawaddy (Eng),False,735806,,24,47,3,"UN Chief Appeals for Global Aid as Myanmar Quake Devastation Worsens UN Secretary-General Antonio Guterres is urging swift international funding and unrestricted humanitarian access to Myanmar following last week’s catastrophic earthquake. He has dispatched Emergency Relief Coordinator Tom Fletcher to the country, while UN envoy Julie Bishop will soon visit to ""reinforce peace and dialogue efforts."" #UN #Myanmar #earthquake #Naypyitaw #Sagaing #Mandalay #MyanmarEarthquake #whatshappeningnowinmyanmar #InternationalAid #RescueEfforts #HelpNeeded"
myanmar earthquake 2025,1908036633863090678,2025-04-04_05-59-17,en,Manish Shukla,False,6659,"New Delhi, India",0,3,0,"QUAD Joint Statement: We extend our deepest sympathies and condolences to the peoples of Myanmar and Thailand following the earthquake that struck central Myanmar on March 28, 2025. #quad #Myanmar https://t.co/mLDJZfpYnq"
myanmar earthquake 2025,1908039529010753664,2025-04-04_06-10-48,en,Grok,False,3486675,wherever you are,0,0,0,"@fivesixAugust18 @narendramodi @AskPerplexity Here's the translation of Modi's Burmese post from April 4, 2025: At the BIMSTEC Summit in Bangkok, I met Myanmar's Min Aung Hlaing, offered condolences for the earthquake, and assured India's aid. We discussed boosting ties in connectivity, infrastructure, and more."
myanmar earthquake 2025,1908040177265922521,2025-04-04_06-13-22,en,Capt.Dr.S.G Naravane,False,1457,India,0,0,0,"https://t.co/mldpgpoIpL Myanmar’s junta exploiting earthquake to shore up control Myanmar military’s ‘ceasefire’ follows pattern of using natural disasters to reaffirm its grip on perpetually war-wracked nation by Tharaphi Than April 4, 2025"
myanmar earthquake 2025,1908040594812752039,2025-04-04_06-15-02,in,Earthquake Map,False,2423,,0,0,0,"【m3.8】MYANMAR 10km Apr 04, 2025 06:03:56 UTC (G)https://t.co/2JsK6W13jb (EMSC)https://t.co/8lVzBBi3DL"
myanmar earthquake 2025,1908040638693781656,2025-04-04_06-15-12,en,Fortify Rights,False,43917,,5,11,0,"🇲🇲 The ongoing conflict in Myanmar is complicating earthquake relief efforts, as the military junta continues its attacks on civilians. In February 2025, Fortify Rights investigated the brutal killings and decapitation of people by junta soldiers in Sipa village, Sagaing Region. https://t.co/5lrMpmmznl"
myanmar earthquake 2025,1908040645219905910,2025-04-04_06-15-14,en,U.S. Asia Pacific Media Hub,False,131580,Asia Pacific,4,9,5,Joint Statement by the Quad Partners on Myanmar Earthquake Response: https://t.co/L9alkdBlS5 https://t.co/7ddgPdoz0B
myanmar earthquake 2025,1908041402631729449,2025-04-04_06-18-14,en,Myanmar Now,False,445877,Myanmar,10,6,1,"Locals said junta troops stationed in Mandalay had little involvement in saving survivors from the rubble, instead chiefly helping with cleanup at historic and religious sites Read more: https://t.co/TuUV2s91Hv Follow us on Bluesky! https://t.co/2bp3g4ncYw https://t.co/JdZQjcQDCf"
myanmar earthquake 2025,1908044213138370812,2025-04-04_06-29-24,en,ANI,False,8628492,India,1,21,0,"#WATCH | Yangon | Myanmar Earthquake | President of Global Organization of People of Indian Origin (GOPIO), Ravindra Jain says, ""I have been here for the last 16 years...The way our (Indian) government has extended a helping hand to Myanmar, the people here keep praising our government and telling us that India is doing good work. India is the only country from where doctors have come here... Everyone here recognises India's work as the best."""
myanmar earthquake 2025,1908044610020012168,2025-04-04_06-30-59,en,Roger Flavell,False,35,,0,1,0,@AMAZlNGNATURE Soil liquefaction due to the recent earthquake in Myanmar 2025. Search for soil liquefaction palu earthquake 2018 to get the sh*t scared out of you if you happen to get caught up in this natural phenomenon.
myanmar earthquake 2025,1908051916942344322,2025-04-04_07-00-01,en,Coinvo,False,323167,"Dubai, UAE",33,542,79,"Binance founder CZ donates 1,000 $BNB (worth $600K) each to Myanmar and Thailand following the earthquake! 🤯 https://t.co/FIpR4x6myo"
myanmar earthquake 2025,1908053740197708107,2025-04-04_07-07-16,und,Nepali Army,False,193253,"Kathmandu, Nepal",49,358,11,"म्यानमारको यामेथिन शहरमा मेडिकल क्याम्प स्थापना गरी भूकम्प प्रभावितलाई स्वास्थ्य उपचार प्रदान गर्दै नेपाली सेनाको चिकित्सकीय टोली । - In the face of the tragic earthquake in Myanmar, #NepaliArmy Emergency Medical Response Team is providing medical support to the people in need. https://t.co/9Yx3HfXLgc"
myanmar earthquake 2025,1908053987108204588,2025-04-04_07-08-15,en,Zarni Soe,False,674,United States,0,3,0,"Joint Statement by the Quad Partners on Myanmar Earthquake Response: @eAsiaMediaHub announced that ""We extend our deepest sympathies and condolences to the peoples of Myanmar and Thailand following the earthquake that struck central Myanmar on March 28, 2025... We, the Quad partners, have so far committed humanitarian assistance estimated at a combined value of over USD 20 million. Through our funding and bilateral efforts, we are delivering relief supplies and deploying emergency medical teams and supporting humanitarian partners working in Myanmar to provide care for those affected by the earthquake"". Read more: https://t.co/Snh6kIDx7Q"
myanmar earthquake 2025,1908055003543253267,2025-04-04_07-12-17,en,Myanmar Now,False,445877,Myanmar,13,9,0,Myanmar’s people deserve more from the United Nations than a special envoy mired in controversy Read more: https://t.co/0QnnvFgZR9 Follow us on Bluesky! https://t.co/2bp3g4ncYw https://t.co/3WsKSGFGNU
myanmar earthquake 2025,1908057779212079204,2025-04-04_07-23-19,en,China.org.cn,False,1025172,"Beijing, China",2,2,0,"A woman and children are seen at a temporary shelter in Mandalay, Myanmar, April 3, 2025. The death toll from a 7.9-magnitude earthquake in Myanmar has risen to 3,145, with 4,589 people injured and 221 missing, the Myanmar Radio and Television reported on Thursday. The Chinese Embassy in Myanmar confirmed that as of 11:00 Beijing time (0300 GMT) on Friday, the powerful earthquake in Myanmar has resulted in the deaths of five Chinese citizens and injuries to 13 others. https://t.co/ovqD4YmvXq"
myanmar earthquake 2025,1908058548111557074,2025-04-04_07-26-22,en,Matthew Tostevin,False,258518,UK,81,119,12,"Despite the devastation caused by the earthquake in Myanmar and the criticism of the junta for blocking aid workers and air strikes on villages in the wake of the disaster, the military leader has been welcomed at a summit in Thailand. #WhatsHappeningInMyanmar #MyanmarEarthquake https://t.co/DXn09RzVxu"
myanmar earthquake 2025,1908062021603496055,2025-04-04_07-40-10,en,Derek Tonkin,False,3220,"Guildford, England",0,1,0,[Discussion in the UK House of Lords on 3 April 2025 concerning the provision of emergency relief aid following the recent earthquake in Myanmar.] https://t.co/aBymj1LQWT
myanmar earthquake 2025,1908062029727912417,2025-04-04_07-40-12,en,Matthew Tostevin,False,258518,UK,139,187,6,"Myanmar's junta forces opened fire with heavy weapons on civilian areas despite announcing a ceasefire in the aftermath of the earthquake, Karen National Union insurgent group says. #WhatsHappeningInMyanmar #MyanmarEarthquake https://t.co/wUVZll5eBv"
myanmar earthquake 2025,1908064822849056795,2025-04-04_07-51-18,en,"UNHCR, the UN Refugee Agency",False,2829026,120 countries,8,19,0,A powerful earthquake has devastated central Myanmar - hitting hardest in areas already sheltering 1.6 million displaced people. Survivors urgently need shelter and aid. Donate now: https://t.co/74333r7Np9 https://t.co/IPzSNcd2em
myanmar earthquake 2025,1908066166280745010,2025-04-04_07-56-38,en,Ahmad Zaki,False,4935,"Kyoto, Japan",0,2,0,"After the earthquake in Myanmar on 28 March 2025, which resulted in more than 10,000 casualties, there were also Muslim victims among them. At least 600 Muslims were martyred, and 60 mosques collapsed. A Myanmar Muslim, Mr. Kyaw Naing (Mohamed Parwez) from Mandalay, is currently organizing a rescue team for the victims. His brother-in-law, Mr. Aung Tin, a Rohingya Muslim living in Gunma, Japan, is calling for help. Donations for the rescue operation are being accepted at this bank account. Mizuho Bank, Tatebayashi Branch (701) Account Number: 1709243 Account name: Mizuno Sayaka (Mr. Aung Tin’s wife, Mrs. Zainab) For inquiry: Mr. Aung Tin (+81-)080-34636187 Mr. Aung Tin and Mrs. Zainab will transfer all donations to the rescue team in Myanmar. Your sadaqa will be deeply appreciated. May Allah save brothers and sisters in Myanmar."
myanmar earthquake 2025,1908070738705129497,2025-04-04_08-14-49,tr,Mirovatî,False,2486,"Bakırköy, İstanbul",249,3986,31,"Myanmar devrimcileri kadın birlikleri, YPJ’nin kuruluşunun 12. Yıldönümünü kutladı. Yayınladıkları videoda, YPJ’den ilham aldıklarını ve kuruluşlarını selamladıklarını bildirdiler. https://t.co/IHYkSu08I8"
myanmar earthquake 2025,1908072192207724829,2025-04-04_08-20-35,en,MyEarthTiltsForMilkLove,False,115,Myanmar,0,1,0,"April 4, 2025 | 1 PM | Myanmar Earthquake Death Toll. Deaths: 3911 Injured: 5978 Missing: 769 rescued: 493 📌: DVB JUNTA ATTACKS POST QUAKE #DisasterInMyanmar #MyanmarEarthquake https://t.co/K54uKbZ6TU"
myanmar earthquake 2025,1908074875807285642,2025-04-04_08-31-15,en,Daamii,False,1550,Ukok,0,2,0,"Miss Tourism Myanmar 2018 Silimee, who represented Myanmar in the Miss Tourism World 2018 competition, tragically passed away in the aftermath of the earthquake on March 28, 2025 https://t.co/u3H0R3CvM0"
myanmar earthquake 2025,1908077635554746576,2025-04-04_08-42-13,en,Data for Myanmar,False,531,,0,0,0,"As of 3 April 2025, 3,172 deaths and 4,589 injuries have been reported from the 2025 Myanmar Earthquake. Figures may rise as search and rescue efforts continue. Download data https://t.co/TxP4woumor View interactive Map https://t.co/LFDd7FDRLi https://t.co/jum5YHnCwP"
myanmar earthquake 2025,1908077667200491784,2025-04-04_08-42-20,en,Adventist Angels Watchman Radio,False,283,Republic of Kenya,0,1,0,"Pentecost 2025 Year of Families : Myanmar earthquake death toll tops 3,000 with hundreds still missing https://t.co/YsxScIuFcl"
myanmar earthquake 2025,1908083183872364973,2025-04-04_09-04-16,und,Rieo_Official,False,145,"Suphan Buri, Thailand",0,1,0,"#BIMSTEC Leaders’ Joint Statement On the Impact of the #Earthquake in #Myanmar and #Thailand แถลงการณ์ร่วมของผู้นำ #บิมสเทค ว่าด้วยผลกระทบจากเหตุการณ์ #แผ่นดินไหว ใน #เมียนมา และ #ไทย on 28 March 2025 4 April 2025, Bangkok, Thailand https://t.co/b9R7pozAb7"
myanmar earthquake 2025,1908084131658920378,2025-04-04_09-08-02,en,vijay banga,False,884,"New Delhi, India",0,0,0,"Myanmar: Public Health Situation Analysis (Sagaing earthquake in Myanmar, April 2025) https://t.co/FMNS75WnLw"
myanmar earthquake 2025,1908084789791346772,2025-04-04_09-10-39,en,Matthew Tostevin,False,258518,UK,131,191,6,"He abandoned a mission to help after Myanmar’s earthquake, saying he was stopped from going to worst hit area and criticising military. Are there active orders to stop help getting to some places? #WhatsHappeningInMyanmar #MyanmarEarthquake https://t.co/E4uqai9QC0"
myanmar earthquake 2025,1908084953684021690,2025-04-04_09-11-18,en,SEAMEO SPAFA,False,676,"81/1 Si Ayutthaya Rd, Bangkok",0,0,0,"Highlights from this week’s SPAFA News Collection (Mar 29 – Apr 4, 2025): ⭐Thailand seeks UNESCO status for Loy Krathong ⭐Myanmar’s Bagan temples at earthquake risk ⭐Cambodia sees 400K+ tourists at Angkor in Q1 ⭐Laos designates three new heritage sites https://t.co/EFvaT5yC2n"
myanmar earthquake 2025,1908087198483706018,2025-04-04_09-20-13,en,Rishu Singh,False,2,,0,0,0,"On March 28, 2025, a magnitude 7.7 earthquake struck near Mandalay, Myanmar, causing over 3,000 deaths and extensive damage in Myanmar and neighboring countries. https://t.co/IToFAyUBFk"
myanmar earthquake 2025,1908088422704566315,2025-04-04_09-25-05,en,Union Television,False,67,Lagos Nigeria,0,0,0,"Myanmar’s military leader, Min Aung Hlaing, arrived in Bangkok for the 6th BIMSTEC summit on April 3, 2025, as the death toll from last Friday's devastating earthquake in Myanmar exceeded 3,000. . #uniontelevision #newstoday #MinAungHlaing #summit #MyanmarEarthquake https://t.co/UF4ca7KWNz"
myanmar earthquake 2025,1908091016764350901,2025-04-04_09-35-23,en,Cordelia Lynch,False,17466,"London, England",254,430,21,Protestor at Shangri-La Hotel in #Bangkok which is hosting #BIMSTEC. He calls the leader of Myanmar’s junta a “tyrant.” Min Aung Hlaing is here while many of his people struggle to get the aid and help they need after a devastating earthquake. https://t.co/WTQXyeDXTI
myanmar earthquake 2025,1908091660468203985,2025-04-04_09-37-57,en,Beam of Light Astrology,False,2,,0,0,1,"Update on the predictions made : Earthquake in Myanmar on 28th March 2025 P.s. : I was busy with my research, hence the delayed update. https://t.co/5qbzXr94Pz"
myanmar earthquake 2025,1908095110258057222,2025-04-04_09-51-39,en,Shaukat Piracha,False,7867,Islamabad,1,3,0,PM @CMShehbaz visited #Myanmar Embassy in #Islamabad Signed the Condolence Book in the wake of the devastating earthquake of 28 March 2025. @PakinMyanmar #Ambassador Wunna Han thanked for the relief goods provided by #Pakistan for those affected by the #earthquake in Myanmar https://t.co/R9DkZWB2BK
myanmar earthquake 2025,1908098623977791686,2025-04-04_10-05-37,en,UNICEF Myanmar,False,7186,Myanmar,35,80,12,Communities in central Myanmar have been without running water since the devastating earthquake last week. @UNICEF Myanmar Deputy Rep Julia Rees reports from the ground as UNICEF water trucks arrive with clean water and purification tablets for families in need. #ForEveryChild https://t.co/xTjFjmAZ9c
myanmar earthquake 2025,1908098725085597785,2025-04-04_10-06-01,th,TLHR / ศูนย์ทนายความเพื่อสิทธิมนุษยชน,False,214582,Thailand,353,133,3,วันนี้ (4 เม.ย.) 16.37 น. ศูนย์ทนายฯ ได้รับรายงานว่า มีประชาชน 1 ราย อายุ 19 ปี ถูกจับกุมจากหน้าโรงแรมแชงกรีลา กรณีทำกิจกรรมประท้วง ต้านมิน อ่อง หล่าย ไปที่ สน.ยานนาวา ขณะนี้ ศูนย์ทนายฯ ประสานทนายความให้ความช่วยเหลือแล้ว Cr. รูปภาพจากประชาไท #BIMSTEC #Myanmar #Thailand https://t.co/PvThXlENIe
myanmar earthquake 2025,1908101613719593240,2025-04-04_10-17-30,en,KUB,False,14811,Onchain,7,27,2,"GM KUB 💚 📌The Myanmar earthquake relief charity minting phase is now available. Please see the details below.👇 ⚪️Whitelist Phase: APRIL 9, 2025 📌gKUB Holder Round: 3 KKUB (1 NFT) 13:01 -16:00 (GMT+8) 📌Nova, Mahout Role and POS Staker Round: 5 KKUB (1 NFT) 16:01 - 19:00 (GMT+8) 📌Whitelist Round: 7 KKUB (1 NFT) 19:01 - 22:00 (GMT+8) 📌Public Phase: From 9 April 2025, 22:01 (GMT+8) to 28 April 2025, 00:59 (GMT+8) Price: 10 KKUB Total Amount: 3,333 (Whitelist & Public) Don't forget to join the NFISpace Discord! https://t.co/HR8toBsULX Join us and make a difference 💪 #KUBCharity #Westandtogether #earthquakethailand #earthquakemyanmar"
myanmar earthquake 2025,1908101776248885650,2025-04-04_10-18-08,en,NFISpace,False,313,,7,19,9,"GNFI 🚀 📌The Myanmar earthquake relief charity minting phase is now available. Please see the details below.👇 ⚪️Whitelist Phase: APRIL 9, 2025 📌gKUB Holder Round: 3 KKUB (1 NFT) 13:01 -16:00 (GMT+8) 📌Nova, Mahout Role and POS Staker Round: 5 KKUB (1 NFT) 16:01 - 19:00 (GMT+8) 📌Whitelist Round: 7 KKUB (1 NFT) 19:01 - 22:00 (GMT+8) 📌Public Phase: From 9 April 2025, 22:01 (GMT+8) to 28 April 2025, 00:59 (GMT+8) Price: 10 KKUB Total Amount: 3,333 (Whitelist & Public) Don't forget to join the NFISpace Discord! https://t.co/lEa6GMxIFV Join us and make a difference 💪 #KUBCharity #Westandtogether #earthquakethailand #earthquakemyanmar"
myanmar earthquake 2025,1908105213702975812,2025-04-04_10-31-48,en,ICRC,False,2258972,Geneva,30,31,3,📍 Myanmar | One week on from the devastating 7.7 magnitude earthquake we call on all parties to put aside their differences and enable wider humanitarian access to communities in all affected areas. Read more 👇🏽 https://t.co/YQuXjuaWO1
myanmar earthquake 2025,1908106277550444918,2025-04-04_10-36-02,in,Earthquake Map,False,2423,,0,0,0,"【m3.7】MYANMAR 10km Apr 04, 2025 10:19:01 UTC (G)https://t.co/xaIVuchnUl (EMSC)https://t.co/d8dxhCM1n1"
myanmar earthquake 2025,1908109593382679020,2025-04-04_10-49-12,en,Geo English,False,936045,"Karachi, Pakistan",0,0,0,"People queue for food and relief supplies after a strong earthquake in Amarapura, Myanmar, April 1, 2025 📸:REUTERS Visit our website: https://t.co/Io0cmmEFWw #GeoNews https://t.co/bKTKf7pG8L"
myanmar earthquake 2025,1908110507309158509,2025-04-04_10-52-50,en,Pakistan Economic Net,False,5858,"Islamabad, Pakistan",1,0,0,"Prime Minister Shehbaz Sharif on Friday visited the Embassy of Myanmar here and signed the condolence book, opened by the embassy in the wake of the devastating earthquake that struck the country on March 28, 2025. The prime minister was warmly received by the Ambassador of #Myanmar Wunna Han, who thanked the prime minister for his visit and also for the relief goods provided by Pakistan for those affected by the earthquake in Myanmar. https://t.co/1tlgSP6wXi #ShehbazSharif #MyanmarEarthquake #MyanmarEarthquakeCrisis #PakistanSolidarity #HumanitarianAid #CondolenceVisit"
myanmar earthquake 2025,1908112221282120017,2025-04-04_10-59-39,en,CGTN,False,12811621,"Beijing, China",4,11,2,Live: Updates on aid from #Chinese Red Cross team to #Myanmar quake in #Mandalay #CGTNOnSite https://t.co/426LvYll3R
myanmar earthquake 2025,1908113550171623835,2025-04-04_11-04-56,en,Jessie and Friends,False,8937,,0,3,1,"1/ Emergency Aid Initiative They're providing $1.5 million in emergency aid for earthquake victims in Myanmar and Thailand via a BNB airdrop. Aid eligibility in Thailand can be checked on Binance TH FAQ and Binance Charity websites. Funds will be distributed by April 14, 2025."
myanmar earthquake 2025,1908120047651795044,2025-04-04_11-30-45,in,COMET Datasets & Services,False,1085,,6,17,0,"LiCSAR InSAR data (unreviewed) for Mw: 7.7. 16 km NNW of Sagaing, Myanmar. 2025-03-28 06:20:54UTC. https://t.co/cgj02JB0Ut #Earthquake #Sentinel1 #COMET https://t.co/gvbf93zKaY"
myanmar earthquake 2025,1908122252547379320,2025-04-04_11-39-30,th,Skyboyz,False,17498,,204,173,8,ด่วน‼️ นักศึกษา ปี 1 #ธรรมศาสตร์ ชูป้ายประท้วง #มินอ่องหล่าย ที่โรงแรมดัง เจ้าหน้าที่คุมตัวไป สน.ยานนาวา ตะโกนว่า ถามนายกฯ #แพทองธาร รู้สึกอย่างไร จับมือคนเปื้อนเลือด ลั่น ไม่ต้อนรับ มินอ่องลาย ประเทศไทย ขออยู่เคียงข้างชาวพม่าทุกคน #เมียนมา #BIMSTEC2025 #MinAungHlaing #Myanmar https://t.co/TkTdsoiw5q
myanmar earthquake 2025,1908124344209043575,2025-04-04_11-47-49,en,Myanmar Now,False,445877,Myanmar,442,692,21,"Thai Student protest Myanmar junta leader at Bangkok Summit: “Thailand doesn’t welcome murderers” Min Aung Hlaing, head of the military junta, is currently in Bangkok for the 6th Bay of Bengal Initiative for Multi-Sectoral Technical and Economic Cooperation (BIMSTEC) Summit. https://t.co/fqP6bgXrtB"
myanmar earthquake 2025,1908126255272116516,2025-04-04_11-55-25,en,Dudes Posting Their W’s,False,2377736,Subscribe👉,286,3750,68,"This Father jumped across a gap, 600 feet in the air to save his wife and child during the Myanmar earthquake Real life super hero https://t.co/eh2vU1tEaO"
myanmar earthquake 2025,1908127737409130895,2025-04-04_12-01-18,en,Science News,False,5332448,"Washington, DC",5,24,3,Quicksand-like physics exacerbated the earthquake’s destruction in Myanmar. https://t.co/xDrVCngHlM
myanmar earthquake 2025,1908129702101086416,2025-04-04_12-09-06,en,Thai Enquirer,False,107436,Thailand,701,802,31,"A first-year student from Thammasat University was detained after protesting against Myanmar junta leader Min Aung Hlaing’s presence at the 6th BIMSTEC Summit in Bangkok. He was part of a group that staged a protest in front of the Shangri-La Hotel, where the summit was held. He was detained by security guards and later handed over to the police after entering the hotel to hold up a protest sign and ask how Prime Minister Paetongtarn felt about shaking hands stained with the blood of innocent people. The student said Thailand does not welcome the murderous dictator Min Aung Hlaing. He also asked the summit’s participants if they felt any shame in claiming to support democracy while celebrating with a dictator who has killed innocent people. He said Thailand stands with the people of Myanmar and that the Thai people do not accept murderous dictators. #Thailand #Bangkok #Myanmar #BIMSTEC #BIMSTEC2025 #MinAungHlaing"
myanmar earthquake 2025,1908131252978233849,2025-04-04_12-15-16,en,YPJ Information & Documentation Office,False,9644,North-East Syria/ Rojava,125,658,5,Hugely grateful for the congratulations on our anniversary from the Chin National Defense (CNDF) Women in Myanmar. It comes at a time when the people of Myanmar do not just continue to fight the junta but are also facing huge loss &amp; devastation from the earthquake. #Myanmar #YPJ https://t.co/whD2ickUZb
myanmar earthquake 2025,1908136059411861773,2025-04-04_12-34-22,en,Crystalkeyl,False,2578,Singapore,159,408,5,Respect Brother. He speak out the real fact of Myanmar Situation. No need to be arrested the one who stand the truth and stay together with Myanamr Citizen.Our people from Myanmar stand with him like he stand with our people. #WhatsHappeninglnMyanmar #WeAresupportingthatstudent https://t.co/WrjGSDvL5L
myanmar earthquake 2025,1908140365741195333,2025-04-04_12-51-29,en,sLOVEnia,False,16895,"like,rtw does't mean I agree",1,3,1,"""Clairvoyant Vanga Predicted an Earthquake in Myanmar and Thailand. Her Other Predictions for 2025 Included War in Europe and a Global Economic Catastrophe. In 2025, She Predicts, Conflict in Europe Will Destroy the Continent's Population"" https://t.co/QEMpscjWHk"
myanmar earthquake 2025,1908142082729906576,2025-04-04_12-58-18,en,Suhasini Haidar,False,1350154,New Delhi,3,16,4,"On side-lines of BIMSTEC summit, PM Modi held talks with 3 leaders from neighbouring countries, each for the first time since they took power (had met each in earlier roles): Myanmar Junta PM Gen Min Aung Hlaing, Bangladesh CA Muhammad Yunus, Nepal PM KP Sharma Oli https://t.co/Z2HOKZOQCV"
myanmar earthquake 2025,1908144141210374422,2025-04-04_13-06-29,en,Abhijit Majumder,False,591907,"New Delhi, India",913,3321,180,"I have a humble question: If Bangladesh led by Muhammad Yunus can make Myanmar take back 1.8 lakh Rohingyas, why couldn’t India — with its size and influence — send back all the illegal Rohingyas in all these years? https://t.co/nNzddestve"
myanmar earthquake 2025,1908145300973248878,2025-04-04_13-11-06,en,Phoenix,False,63,,0,2,0,"People queue for food aid distribution in Sagaing on April 3, 2025. A 7.7-magnitude earthquake collapsed buildings across Myanmar, killing more than 3,000 people and leaving thousands homeless. VOICES OFMYANMAR #StandAgainstJunta https://t.co/p1ybXWTmZb"
myanmar earthquake 2025,1908145779359006762,2025-04-04_13-13-00,en,TAYTAWAN Myanmar Fanpage 🌻,False,3147,Myanmar,247,524,33,A student protested against a murderer and got arrested. Is speaking the truth now a crime? VOICES OF MYANMAR #StandAgainstJunta https://t.co/xtwysb6TMg
myanmar earthquake 2025,1908151702223507572,2025-04-04_13-36-32,en,Irish Aid,False,29155,Ireland,6,15,0,"Ireland will provide €6.5 million to the @WHO in 2025, including support for survivors of last week’s earthquake in Myanmar and a dedicated fund to tackle the outbreak of the Ebola virus in Uganda, Minister @nealerichmond has announced. Read more 👉 https://t.co/3hSkk79AmH"
myanmar earthquake 2025,1908152355662741594,2025-04-04_13-39-08,en,Tracy dyer,False,339,,0,1,0,Magnitude 7.7 Earthquake in Myanmar &amp; Thailand 2025 COMPILATION (PART 4) https://t.co/LnVt67xS9I via @YouTube
myanmar earthquake 2025,1908155411867590877,2025-04-04_13-51-16,en,TAYTAWAN Myanmar Fanpage 🌻,False,3147,Myanmar,164,268,48,"Despite the Thai people's criticism, the Thai government is shaking hands with a mass murderer. Why do you endorsing the war criminal? @prdthailand VOICES OF MYANMAR #StandAgainstJunta https://t.co/1S7rlMKA5z"
myanmar earthquake 2025,1908156182168277053,2025-04-04_13-54-20,en,سفارة عُمان كوالالمبور| OMAN EMBASSY-KUALA LUMPUR,False,3301,Kual Lumpur,0,1,0,"H.E. Sheikh Al-Abbas Ibrahim Al Harthi visited the Embassy of the Republic of the Union of Myanmar to convey his condolences following the earthquake on April 4, 2025 that resulted in tragic fatalities and extensive property damage. https://t.co/MhHB5db8rX"
myanmar earthquake 2025,1908157610802487552,2025-04-04_14-00-00,en,The Times Of India,False,14753191,,7,13,0,Massive protests erupt in #Bangkok as #Myanmar Junta joins summit; ‘Murderer’ chants fill streets Watch https://t.co/dyuhhOnW4o
myanmar earthquake 2025,1908158163372872085,2025-04-04_14-02-12,en,Centrist Nation TV,False,6131,United States,48,538,8,"Myanmar Confirms 180,000 Rohingya Can Return Home | Centrist Nation News #Rohingya #Myanmar #BreakingNews https://t.co/FmRbdwfTGV"
myanmar earthquake 2025,1908162777627099607,2025-04-04_14-20-32,en,Everly Gus 🌈,False,102,,0,0,0,The update lists of death tolls due to the earthquake until 8pm (Myanmar Time) on 04.04.2025. Death : 4159 Injured : 6168 Lost : 769 Rescued : 498 VOICES OF MYANMAR #StandAgainstJunta https://t.co/YN6lSN3Z5P
myanmar earthquake 2025,1908162982200463497,2025-04-04_14-21-21,es,Capital Blindado,False,35936,,92,1323,19,"Noticias desgarradoras 💔 Un fuerte seísmo de 7,7 grados devastó Mandalay, Myanmar, e impactó en Bangkok, Tailandia. Un hilo no apto para delicados de corazón ⚠️ https://t.co/X4A6s7S7Yb"
myanmar earthquake 2025,1908163479791427992,2025-04-04_14-23-20,en,UN Development,False,1954595,170 countries & territories,9,22,1,".@UNDP_Myanmar's @TitonMitra is in Sagaing, Myanmar following the earthquakes where the needs are nothing short of absolutely immense. We're on the ground mobilizing quickly, distributing emergency packages to those in need. More on our recovery efforts. https://t.co/cGa0QlI42e"
myanmar earthquake 2025,1908165158502813847,2025-04-04_14-30-00,en,CGTN,False,12811621,"Beijing, China",5,17,0,Chinese aid teams deliver free medical services in quake-hit Myanmar #MyanmarEarthquake https://t.co/Psch3C7OtT
myanmar earthquake 2025,1908168423944937671,2025-04-04_14-42-58,en,The Irrawaddy (Eng),False,735806,,136,290,6,"Thai student briefly arrested for protesting junta boss’s visit April 4, 2025 A Thai university student was briefly detained by security personnel at the Shangri-La Hotel in Bangkok this afternoon for staging a protest against Myanmar junta leader Min Aung Hlaing, who is staying at the same hotel for the BIMSTEC summit. During his protest, the student shouted ""Thailand stands with the people of Myanmar"" and “Thailand does not welcome the murderous dictator Min Aung Hlaing! This summit is stained with the blood of over 6,000 innocent people.” He also condemned Thai Prime Minister Paetongtarn Shinawatra for welcoming Min Aung Hlaing to the summit. “Do any of you at this meeting feel ashamed? You claim to stand for democracy, yet you dine and socialize with a military dictator who has killed innocent people,” he shouted, referring to the dinner hosted by the Thai PM for Min Aung Hlaing and leaders from BIMSTEC countries on Thursday. Police arrested the protester and took him to a police station. He was later released. Video: https://t.co/JNQmXZ9ue6"
myanmar earthquake 2025,1908169161349456036,2025-04-04_14-45-54,en,BOOM Live,False,73066,"Mumbai, India",0,0,0,"On March 28, 2025, a massive earthquake in Myanmar's Mandalay triggered a surge of misinformation. BOOM also debunked misinformation around the violence in Malda, West Bengal. Here are this week’s top 5 fact checks on #FactCheckFriday! #BOOMFactCheck https://t.co/IHOlW1PMQ9"
myanmar earthquake 2025,1908169305251873243,2025-04-04_14-46-29,en,Pale Horse,False,236,,0,0,0,2025 MYANMAR &amp; THAILAND EARTHQUAKE 7.7 COMPILATION (PART 4) / ငလျင် เทอร์เรโมโต Terremoto Birmania https://t.co/QAeUFnhvz4 via @YouTube
myanmar earthquake 2025,1908169832807157829,2025-04-04_14-48-34,hi,Grok,False,3486674,wherever you are,0,0,0,"@grok Myanmar ke 7.7 magnitude earthquake mein, jo 28 March 2025 ko hua, lagbhag 500 Musalmano ki maut hui, estimates ke hisaab se. Total death toll 1,600 se 4,390 tak hai. Muslim casualties 250 se 700 tak batayi gayi hain, kyunki 50+ masjidein Ramadan ke dauraan gir gayi. https://t.co/pqlzSn8SPf"
myanmar earthquake 2025,1908173267829236182,2025-04-04_15-02-13,en,Viory Video,False,929,,0,1,0,"The UAE Search and Rescue Team is assisting in recovery efforts in Myanmar following the devastating 7.7-magnitude earthquake on the Richter scale that struck on March 28, 2025. According to the UAE News Agency (WAM), Muzaffar Al-Amiri, head of the UAE Search and Rescue Team, confirmed that his team is operating “under challenging conditions, while maintaining the highest standards of caution and precision.”"
myanmar earthquake 2025,1908176516845904295,2025-04-04_15-15-08,en,First Minister,False,234666,Edinburgh,34,116,122,"First Minister @johnswinney expresses his support for the situation in Myanmar. Scotland stands in solidarity with all those affected, and, through the Scottish Humanitarian Emergency Fund, we will support the vital efforts of aid agencies, working with compassion and urgency. https://t.co/vmNGXOw7bi"
myanmar earthquake 2025,1908178562802212978,2025-04-04_15-23-16,en,Dr. Susan Hough,False,13220,pasadena,1,2,0,"M 7.7 - 2025 Mandalay, Burma (Myanmar) Earthquake Data from 4 MM stations now on the map, plus Cheng Mai in Thailand. https://t.co/tek8Uqrk6p"
myanmar earthquake 2025,1908180300225499155,2025-04-04_15-30-10,en,Geoengineer.org,False,4108,,0,0,0,"On March 28, 2025, a devastating magnitude 7.7 earthquake struck Myanmar, shaking the region from its tectonic roots and leaving over 2,700 dead. https://t.co/xbuBluPtrj"
myanmar earthquake 2025,1908181684706476166,2025-04-04_15-35-40,es,Earthquake Monitor,False,57121,,15,27,1,"#Earthquake M5.1 | #Myanmar #(Burma): #Myanmar | 10m ago | Apr 4, 2025 03:25 pm (Universal Time): https://t.co/e86Brr3iHc"
myanmar earthquake 2025,1908182055818494216,2025-04-04_15-37-09,en,National Center for Seismology,False,63438,National Center for Seismology,2,20,0,"EQ of M: 4.6, On: 04/04/2025 20:55:25 IST, Lat: 21.54 N, Long: 96.03 E, Depth: 10 Km, Location: Myanmar. For more information Download the BhooKamp App https://t.co/5gCOtjcVGs @DrJitendraSingh @OfficeOfDrJS @Ravi_MoES @Dr_Mishra1966 @ndmaindia https://t.co/khxhQkp4ER"
myanmar earthquake 2025,1908183537095758074,2025-04-04_15-43-02,in,Earthquake Map,False,2423,,0,0,0,"【mb4.7】MYANMAR 10km Apr 04, 2025 15:25:24 UTC (G)https://t.co/BOA4Qesq7E (EMSC)https://t.co/7WGCBlm42j"
myanmar earthquake 2025,1908183555907125455,2025-04-04_15-43-06,in,Earthquake Map,False,2525,,1,0,1,"M4.7 MYANMAR 10.0km Apr 04, 2025 15:25:24 UTC https://t.co/YbywnHJHKC"
myanmar earthquake 2025,1908183612287340688,2025-04-04_15-43-20,en,DHM Alerts,False,272,,0,0,1,"M4.7 earthquake auto-minted a new #NFT for @datamuseum M4.7 #earthquake 7 km W of Kyaukse, Burma (Myanmar) that occurred at 2025-04-04T15:43:15.806Z. 🔬 https://t.co/cEBNAkZnMN 📰 https://t.co/zeeWiI2sYK #algorand #history #seismology https://t.co/aN03d24Md7"
myanmar earthquake 2025,1908184041108713857,2025-04-04_15-45-02,en,World EQ Locator,False,771,Earth,0,0,0,"On 2025-04-04, at 15:25:24 (UTC), there was an earthquake around 7 km W of Kyaukse, Burma (Myanmar). The depth of the hypocenter is about 10.0km, and the magnitude of the earthquake is estimated to be about 4.7. https://t.co/77uL0BuiJJ https://t.co/XGCXncovsK"
myanmar earthquake 2025,1908184536703545772,2025-04-04_15-47-00,en,Spring Development Bank,False,7745,,233,1574,1212,"Why Was the Earthquake Disaster Relief and Aid Campaign Launched? Oh… Myanmar… A nation where people are already struggling under the hardships imposed by dictatorship. Then came the Sagaing earthquake—landing straight on its spine like a crushing 500-pound weight. On March 28, an intense earthquake struck suddenly, shaking everything with unrelenting force… #EarthquakeDisasterRelief #SupportAndAid #SpringDevelopmentBank #SpringCrowdFund #NwayOoHti #TogetherWithSCF"
myanmar earthquake 2025,1908185765693006155,2025-04-04_15-51-53,en,Grok,False,3486674,wherever you are,0,0,0,"India sent significant aid to Myanmar after the March 28, 2025, earthquake, including 15 tons of supplies, 120 personnel, and a 60-bed medical center. For Thailand, details are less clear, but regional aid likely included support, though not as extensive as Myanmar's. https://t.co/pqlzSn8SPf"
myanmar earthquake 2025,1908186991906218085,2025-04-04_15-56-45,en,ICRC,False,2258972,Geneva,25,28,2,"One week after the 7.7 earthquake in Myanmar, we are witnessing the complete devastation of some communities. We urge the int. community to step up in support of those affected, and we call on all parties to the conflict to ensure safe and unhindered access to humanitarian orgs. https://t.co/AmSKFT7dmW"
myanmar earthquake 2025,1908187811007599042,2025-04-04_16-00-01,en,CGTN,False,12811621,"Beijing, China",2,6,1,#Myanmar's ambassador to #China talks about bilateral coordination for emergency humanitarian assistance https://t.co/pXqbVVEaAA
myanmar earthquake 2025,1908190048094187667,2025-04-04_16-08-54,ro,GDACS DisasterAlerts,False,6970,Global monitoring,1,0,0,"Green #earthquake alert (4.7M,depth:10km) in #Myanmar 04 Apr 2025 15:25 UTC,Pop100km:30000 - https://t.co/lUEr58XyLn - #GDACSFeedback"
myanmar earthquake 2025,1908192158865072241,2025-04-04_16-17-17,en,OSCAR FREDY POSSO VITALI,False,251,Cali Colombia,1,0,0,"https://t.co/nqygmHkXnB. Yangon. April 4 2025. Humanitarian Aid. Myanmar’s Military Has Continued to Launch Airstrikes and Other Attacks Against Opposition Forces in the Devastated Country, One Week Since a 7.7 Magnitude Earthquake Struck and Despite Agreeing to a Ceasefire, UN"
myanmar earthquake 2025,1908192301043658926,2025-04-04_16-17-51,en,GeoTechWar,False,1858,,0,1,0,"A 4.7 magnitude earthquake struck 7 km W of Kyaukse, Myanmar, on Fri, 04 Apr 2025 at 15:25:24 UTC. Latest reports indicate no immediate damage or casualties, but the region remains on alert after recent seismic activity. #séisme #Sismo #gempa #แผ่นดินไหว https://t.co/0H64acpt0N"
myanmar earthquake 2025,1908193736338608224,2025-04-04_16-23-33,en,"UNHCR, the UN Refugee Agency",False,2829026,120 countries,6,10,1,Earthquake piled tragedy upon tragedy in Myanmar - families had already fled conflict. Now they've lost everything again. Your urgent support can deliver lifesaving shelter and relief today. Please donate: https://t.co/74333r7Np9 https://t.co/aQGV9vAUlU
myanmar earthquake 2025,1908194325957144791,2025-04-04_16-25-54,en,Geo English,False,936052,"Karachi, Pakistan",0,0,2,"People talking shelter in a makeshift tent camp following a strong earthquake in Amarapura township, Myanmar, April 4, 2025. — Reuters Visit our website: https://t.co/Io0cmmEFWw #GeoNews https://t.co/454j0k8Q28"
myanmar earthquake 2025,1908194348203757583,2025-04-04_16-25-59,en,OSCAR FREDY POSSO VITALI,False,251,Cali Colombia,0,0,0,Myanmar Quake: Airstrikes Continue Despite Ceasefire Emergency Supplies for Families Affected by the Myanmar Earthquake at a Warehouse in Yangon. © UNICEF/Khine Zar Mon. Emergency Supplies for Families Affected by the Myanmar Earthquake at a Warehouse in Yangon. April 4 2025. https://t.co/5rwXBhSe6p
myanmar earthquake 2025,1908194781659886030,2025-04-04_16-27-43,en,OSCAR FREDY POSSO VITALI,False,251,Cali Colombia,0,0,0,Myanmar Quake: Airstrikes Continue Despite Ceasefire Emergency Supplies for Families Affected by the Myanmar Earthquake at a Warehouse in Yangon. © UNICEF/Khine Zar Mon. Emergency Supplies for Families Affected by the Myanmar Earthquake at a Warehouse in Yangon. April 4 2025. https://t.co/BzfbOh8eN5
myanmar earthquake 2025,1908195155812774314,2025-04-04_16-29-12,en,OSCAR FREDY POSSO VITALI,False,251,Cali Colombia,0,0,0,Myanmar Quake: Airstrikes Continue Despite Ceasefire Emergency Supplies for Families Affected by the Myanmar Earthquake at a Warehouse in Yangon. © UNICEF/Khine Zar Mon. Emergency Supplies for Families Affected by the Myanmar Earthquake at a Warehouse in Yangon. April 4 2025. https://t.co/0wwfO6IkvS
myanmar earthquake 2025,1908198216937664538,2025-04-04_16-41-22,en,Ei,False,19,United States,0,0,0,"A powerful 7.7 magnitude earthquake struck central Myanmar on March 28, 2025, causing widespread damage and disruption. Buildings collapsed, roads cracked, and many have been left searching for loved ones amid the chaos. #MyanmarEarthquake #Myanmar https://t.co/s0uSbrwf0f"
myanmar earthquake 2025,1908200761802264635,2025-04-04_16-51-28,th,UDD news ยูดีดีนิวส์,False,15634,ประเทศไทย,10820,6897,56,'ชาวไทยขอส่งเสียงไปถึง 'มิน อ่อง หล่าย' และนานาประเทศทั่วโลกว่าคนไทยไม่เอาเผด็จการ' . นักศึกษาปี 1 กล่าวหลังถูกปล่อยตัว ที่ สน.ยานนาวา เหตุบุกเดี่ยวประท้วงการมาเยือนของ 'มินอ่องหล่าย' ที่การประชุม BIMSTEC #UDDnews #ยูดีดีนิวส์ #มินอ่องหล่าย #พม่า #เมียนมา #Myanmar #BIMSTEC https://t.co/itCu0oOkJk
myanmar earthquake 2025,1908201801314079145,2025-04-04_16-55-36,en,SierraLeone@UN,False,1390,"Manhattan, NY",0,1,0,"UN Security Council Press Statement on Myanmar https://t.co/JYm9cjrj4k 4 April 2025 The members of the Security Council expressed their deepest sympathy and condolences to those affected by the earthquake that struck central Myanmar on 28 March 2025, and also impacted neighbouring countries especially Thailand, resulting in significant loss of life, injuries, and widespread destruction. They stressed their solidarity with the peoples of Myanmar, Thailand, and other affected families and communities. The members of the Security Council recognised the need to strengthen rescue, relief, and recovery efforts and to scale up immediate and rapid humanitarian assistance in response to the requests to help the people of Myanmar, supported by the international community. The members of the Security Council took note of the statements by ASEAN Foreign Ministers of 29 and 30 March 2025. They reaffirmed the importance of a safe and conducive environment to ensure the timely and effective delivery of life-saving humanitarian assistance to all those in need, without disruption or discrimination. To that end, the members of the Security Council welcomed the ceasefire announcements, to create a safe and conducive environment. The members of the Security Council expressed their gratitude and support for the work of ASEAN, the region, the United Nations, and the wider international community, including the swift provision of urgent life-saving assistance, rescue, and disaster relief. ***** Office of the Spokesperson for the Secretary-General United Nations"
myanmar earthquake 2025,1908206678643978377,2025-04-04_17-14-59,en,Aletihad English,False,602,,0,0,0,"[📸 GALLERY] The National Guard’s Search and Rescue Team continues to play a vital role in the humanitarian efforts in the Republic of the Union of Myanmar. This mission followed a 7.7-magnitude earthquake that struck #Mandalay on March 28, 2025 https://t.co/DFQih5OjxQ #AletihadNewsCenter #UAE #MyanmarEarthquake #Myanmar #Thailand #earthquakemyanmar @Uaengc"
myanmar earthquake 2025,1908207537708802058,2025-04-04_17-18-24,en,Hasnat Abdullah,False,21712,"Dhaka, Bangladesh",63,772,22,Myanmar finally agrees to repatriate Rohingyas. What a great foreign diplomacy done by interim government of Bangladesh https://t.co/NqHuYZV2SS
myanmar earthquake 2025,1908211313890746788,2025-04-04_17-33-24,en,AHA Centre,False,4999,"Jakarta, Indonesia",10,13,0,SITUATION UPDATE No. 4 – M7.7 Earthquake in Myanmar and Thailand – 4 April 2025 https://t.co/c9EkHp9UEQ
myanmar earthquake 2025,1908216770923794804,2025-04-04_17-55-05,en,nyeinkyaw865,False,18,"Hartford, CT",1,0,0,"🛸Death Toll from Myanmar's (Burma) 7.7 Magnitude earthquake 28 march 2025🛸Fatalities- 4,159🛸 https://t.co/bSG7O4LMx4🛸 https://t.co/xJiz5OBWKz🛸@DVB_English 🛸 https://t.co/2lp6Qj0rFK"
myanmar earthquake 2025,1908218559831941390,2025-04-04_18-02-12,en,nyeinkyaw865,False,18,"Hartford, CT",1,0,0,"🛸Death Toll from Myanmar's (Burma) 7.7 Magnitude earthquake 28 march 2025🛸Fatalities- 4,159🛸 https://t.co/bSG7O4LeHw🛸 https://t.co/xJiz5OBoV1🛸@DVB_English 🛸 https://t.co/RMCaP5w88b"
myanmar earthquake 2025,1908218890032996442,2025-04-04_18-03-31,en,LoveX3,False,67,United States,0,0,0,🚨 LATEST 🚨 As Of April 4 2025 Myanmar Earthquake Killed 3145 Extreme Heat Heavy Rain Worsen Conditions Disease Risks Rising Rescue Recovery Efforts Complicated
myanmar earthquake 2025,1908224212906516489,2025-04-04_18-24-40,en,Nkunyingi Muwada,False,37948,,43,94,2,"The 27 Uganda nationals stranded at Myanmar-Thailand border camps are in fear/ panic and narrate that armed militants as per video below have started forcefully picking up detainees they had originary released and returning them to rebel camps. Uganda Government & Uganda Embassy in Malaysia have failed to secure return air tickets to these trafficked ugandans. I call upon all people of good will to bail out these helpless ugandans.Several are said to be wounded, women raped e. t. c. #NAMES & #PASSPORT NUMBERS OF STRANDED UGANDA NATIONALS / VICTIMS NAMWANJE SARAH A01062710,NAIWUMBWE FAUZA A00321648,SALI JOHNSON B00184898,KALINIMI JUNIOR A00910668 ,MUHAMMED SSENYONGA A01039335,NSHEKANABO GALILEO A00723122, ROSE BUGABANE B00296598, KIMERA MUSA ZAKI A00733403, TUSHEMERIRE RONAH B00438939, NAMUGGA LYDIA A00649024, TIIKO BRENDA A00152216,MUZAKI JUSTINE A00408726, KAWEESI MICHEAL A00031658, NYAMWE IVAN SANDE A00911947, NAMUKWAYA JARIA A00645681, KAMYA ERIA B00026686, NABBANJA FLORENCE A00679517, KIBIRANGO GEOFREY B00157368, MUKIIBI JOHN B00420954, NANTUMBWE TRACY B00272815, NAKASOLYA RETISHA B00219868, LUWALIRA ENOCK NYOMBI B00022545, HABIIBAH MUHAMMAD PASSPORT: A00283915, NANYONJO CAROLINE A00208920, KARUNGIDEBORAH NICE ADRONA A01007591, MUHINDO ALOYSIOUS A01011131, LANYERO FAITH VICTORIA B00325478 Nkunyingi Muwada -MP #SHADOW MINISTER OF FOREIGN AFFAIRS🇺🇬 @IOM_Uganda @HEBobiwine @DavidLRubongoya @JoelSsenyonyi @usmissionuganda @UKinUganda @EUinUG @UNmigration"
myanmar earthquake 2025,1908225557332189565,2025-04-04_18-30-00,en,Reuters,False,25577593,Around the world,10,16,3,"Myanmar's military junta is restricting desperately needed aid to victims in areas where it sees opposition to its rule, the UN says, as the death toll from last Friday's earthquake there exceeds 3,100 https://t.co/CfR1TRxrzZ https://t.co/JaC6GBr44y"
myanmar earthquake 2025,1908230355523412259,2025-04-04_18-49-04,nl,NOS,False,2440126,Hilversum,1,8,11,Grote problemen met zorg na aardbeving Myanmar: 'Er is niets geregeld' https://t.co/GKUQyVu1N2
myanmar earthquake 2025,1908235545748144270,2025-04-04_19-09-42,en,The National,False,1120582,Global HQ: UAE,6,6,2,"""We're not the government of the world."" US Secretary of State Marco Rubio has defended his country's response to the destructive earthquake that hit Myanmar. https://t.co/tUz9XRsPon"
myanmar earthquake 2025,1908245382225944892,2025-04-04_19-48-47,en,Matthew Tostevin,False,258518,UK,87,150,3,Myanmar’s people are mobilizing and seeking their own means to fill the gaps after the earthquake. Singer ChanMyae MgCho now trying to organize supply of portable toilets as fears over sanitation spread. #WhatsHappeninglnMyanmar #MyanmarEarthquake https://t.co/z7S7EJDh7L
myanmar earthquake 2025,1908249956777124264,2025-04-04_20-06-57,en,Hnin Zaw,False,96982,,30,58,0,"Many friendly stray dogs in the Myanmar’s earthquake-affected areas are suffering from burns/ trauma. Since they are strays, they don’t have many who are helping them. DM me if you’d like to help them. I can help you reach to volunteers on the ground helping. #Myanmar https://t.co/rgtDxxV4MO"
myanmar earthquake 2025,1908281927322218612,2025-04-04_22-14-00,en,UN News,False,814589,"Manhattan, NY",24,48,13,"Amid ongoing military airstrikes and growing humanitarian needs following last week’s 7.7 magnitude earthquake in #Myanmar, the UN has intensified calls for immediate, unhindered aid access to assist millions affected by the disaster https://t.co/dVdrPAVWnB https://t.co/kgZHNDAKLb"
myanmar earthquake 2025,1908285956521656541,2025-04-04_22-30-00,en,Reuters,False,25577593,Around the world,11,25,3,"Myanmar's military is limiting critically needed humanitarian aid for earthquake victims in areas where it sees opposition to its rule, the United Nations human rights office said https://t.co/CfR1TRwTKr https://t.co/92szYo6tgF"
myanmar earthquake 2025,1908290164008390857,2025-04-04_22-46-44,en,Catherine Lebrun,False,36,,0,1,0,"""Following the powerful earthquake that struck Myanmar on March 28, 2025, and the resulting significant loss of lives and destruction of infrastructure, Canada is responding by providing up to $9.75 million in humanitarian assistance."""
myanmar earthquake 2025,1908319754466787369,2025-04-05_00-44-18,en,"AuntyAlias - Artist, Astrologer, Author",False,3878,"San Francisco, CA, USA",0,0,0,2025 MYANMAR &amp; THAILAND EARTHQUAKE 7.7 COMPILATION (PART 4) / ငလျင် เทอร์เรโมโต Terremoto Birmania https://t.co/65020CemOe via @YouTube
myanmar earthquake 2025,1908323619723157521,2025-04-05_00-59-40,en,Lisa Desjardins,False,127555,"Washington, DC",3524,8575,281,"BREAKING here - U.S. team in quake zone told they are fired, per source. The 3-person disaster assessment team sent to Myanmar for the U.S. received termination notices while staying/sleeping outside — US AID workers were told on an all hands call today, per a source familiar."
myanmar earthquake 2025,1908325641956573198,2025-04-05_01-07-42,en,Canada in Myanmar,False,7011,Myanmar,7,9,2,"Following the powerful earthquake that struck Myanmar on March 28, 2025, and the resulting significant loss of lives and destruction of infrastructure, Canada is responding by providing up to $9.75 million in humanitarian assistance. 👉Announcement: https://t.co/TLODXzJ20l"
myanmar earthquake 2025,1908336650725531888,2025-04-05_01-51-27,en,The Irrawaddy (Eng),False,735806,,45,52,1,"Despite declaring a ceasefire on April 2, Myanmar's regime continues its violent crackdown, bombing civilian areas and conducting ground raids. Watch Dr. Tayzar San, a prominent pro-democracy activist from Mandalay—comment on the junta’s ceasefire claims. #WhatsHappeningInMyanmar https://t.co/OLsBw87eY8"
myanmar earthquake 2025,1908336825086992554,2025-04-05_01-52-08,in,🦅 Golden Eagle 🦅,False,21658,"Dunder Mifflin, Scranton",90,719,33,"""Gotong Royong Warga Myanmar Di Hari Minggu"" Sekelompok Warga Myanmar dari Negara Bagian Karenni ini tampak tengah memindahkan ( diduga ) Bomb seberat 500lb ( 226 kg ) yang dijatuhkan Angkatan Udara Junta Myanmar yang untungnya tidak meledak dari area perkebunan 3 April 2025 https://t.co/UHPB3GAoRC"
myanmar earthquake 2025,1908338054906912836,2025-04-05_01-57-02,in,Earthquake Map,False,2423,,0,0,1,"【m3.8】MYANMAR 10km Apr 05, 2025 01:08:34 UTC (G)https://t.co/3rHwbQqf5d (EMSC)https://t.co/fBNm9SNn8S"
myanmar earthquake 2025,1908355561730822467,2025-04-05_03-06-36,en,The Irrawaddy (Eng),False,736239,,3,9,0,"Weekly Headlines April 5, 2025 Visit our website: https://t.co/qlwFHtYD3B #Myanmar #junta #Naypyitaw #quake #devastation #MinAungHlaing #Thingyan #earthquake https://t.co/573nLdpVxV"
myanmar earthquake 2025,1908355981139980642,2025-04-05_03-08-16,hi,Rahul Verma,False,0,Raipur chhattisgarh,0,0,0,Myanmar Earthquake 2025 : म्यांमार में आया भयानक भूकंप 2700 से अधिक लोगो की मृत्यु और लाखो घर बेघर देखिये पूरी खबर https://t.co/oUDCQhqopI
myanmar earthquake 2025,1908357684937568348,2025-04-05_03-15-02,in,Earthquake Map,False,2423,,0,0,1,"【m3.9】MYANMAR 130km Apr 05, 2025 03:03:25 UTC (G)https://t.co/XdOPAhI4DR (EMSC)https://t.co/6m4a7jNVVU"
myanmar earthquake 2025,1908358990314213755,2025-04-05_03-20-13,en,CRPH Myanmar,False,273035,Myanmar,39,66,3,Myanmar's people suffering military junta's violence and the recent devastating #earthquake need urgent assistance. #MPs around the world attending the ongoing #IPU150 can help our people by raising voices for global attention. 📢Stand in solidarity with us. #HelpMyanmar https://t.co/MOpPciKmZW
myanmar earthquake 2025,1908363519948452076,2025-04-05_03-38-13,en,The Economist,False,27101797,London,5,22,4,"Since the powerful earthquake, Myanmar’s brutal junta has tried to show the world its softer side. Yet the generals are also seeking to draw advantage from the catastrophe https://t.co/o8sXWCpRcH"
myanmar earthquake 2025,1908370109594538323,2025-04-05_04-04-24,en,Myanmar Now,False,445877,Myanmar,39,54,1,The United States said on Friday it was raising its assistance to earthquake-hit Myanmar but added it was unfair to expect the nation to keep leading humanitarian relief around the world. https://t.co/GL25HvzNt9
myanmar earthquake 2025,1908374853540847852,2025-04-05_04-23-15,en,Shashank Mattoo,False,74031,"Delhi, India",256,2409,189,"“China, India are rich countries…not fair for US to bear most of the burden of humanitarian aid,” declares US Secretary of State Marco Rubio after India rushes aid to Myanmar https://t.co/GeRnt50BRW"
myanmar earthquake 2025,1908385156756275665,2025-04-05_05-04-12,en,𝑭𝒐𝒄𝒖𝒔 𝒐𝒏 𝑷𝒐𝒏𝒅 🍼💦,False,815,,5,6,0,"[050425] thailandinmyanmar Update: // Pond Naravit sends the video messages through Royal Thai Embassy, Yangon to encourage Myanmar people affected by the Earthquake on 28 March 2025 https://t.co/luPiQAkQ7J #MyanmarEarthquake #ppnaravit @ppnaravit https://t.co/Xa2h2qdvdO"
myanmar earthquake 2025,1908389081278775318,2025-04-05_05-19-47,en,mama bear 🧸🍯,False,3339,ɢᴏᴏᴅ ᴛʜɪɴɢs ᴛᴀᴋᴇ ᴛɪᴍᴇ,190,421,0,"📸 thailandinmyanmar igr Pond Naravit sends the video messages through Royal Thai Embassy, Yangon to encourage Myanmar people affected by the Earthquake on 28 March 2025 #MyanmarEarthquake #ppnaravit @ppnaravit https://t.co/8A84TM3TlZ"
myanmar earthquake 2025,1908392096672981260,2025-04-05_05-31-46,en,GloY 🐻🍞🧢🍉,False,2672,"Bangkok, Thailand",39,71,0,"Pond Naravit sends the video messages through Royal Thai Embassy, Yangon to encourage Myanmar people affected by the Earthquake on 28 March 2025 🇹🇭🇲🇲 📹IG thailandinmyanmar #ppnaravit @ppnaravit https://t.co/UicF9d10fu"
myanmar earthquake 2025,1908396136484004261,2025-04-05_05-47-49,en,Thai Enquirer,False,107436,Thailand,70,98,15,"A royalist group, the People’s Center to Protect the Institution, attempted to attack one of the leaders of the Bright Future group, which represents migrant workers from Myanmar, in front of the UN office in Bangkok. Bright Future had planned to stage a protest against Myanmar junta leader Min Aung Hlaing’s attendance at the 6th BIMSTEC Summit in Bangkok. However, the royalist group arrived at the site first. When Wira Saengthong, one of Bright Future's leaders, arrived, the group attempted to attack him. Police intervened and managed to contain the situation. Officers eventually escorted Wira away from the area, while the royalist group resumed its gathering in front of the UN office. This royalist group is known for using violence, having previously attacked pro-democracy youth groups. #Thailand #Bangkok #Myanmar #BIMSTEC #BIMSTEC2025 #StandAgainstJunta #BloodyBIMSTEC #MinAungHlaing"
myanmar earthquake 2025,1908396668690821374,2025-04-05_05-49-56,en,National Unity Government Myanmar,False,236929,,19,39,1,"Situation Report (5) on the Impacts of A Very Severe Earthquake in Sagaing (April 4, 2025) #2025MyanmarEarthquake #MyanmarEarthquakeCrisis #MyanmarEarthquake #RebuildMyanmar #NUGEarthquakeassist #NUGMyanmar https://t.co/nBPDPPxyBW"
myanmar earthquake 2025,1908396746725822913,2025-04-05_05-50-15,en,India in Myanmar,False,41403,Myanmar,72,204,4,"Meeting needs of affected people. A large 442 T consignment of food aid (rice, cooking oil, noodles &amp; biscuits) carried by @indiannavy landing ship tank INS Gharial arrived today at Thilawa Port &amp; was handed over by @AmbAbhayThakur to CM Yangon U Soe Thein &amp; team.#OperationBrahma https://t.co/gxVkizCYd0"
myanmar earthquake 2025,1908396805609366001,2025-04-05_05-50-29,en,Tom Fletcher,False,195703,"New York, NY",80,191,42,In Mandalay #Myanmar meeting communities at epicentre of earthquake. The destruction is staggering. Lives lost. Homes destroyed. Livelihoods shattered. But the resilience is incredible. The UN is here to help - the world must rally behind the people of Myanmar. https://t.co/oL6HtUjrVF
myanmar earthquake 2025,1908399359940845827,2025-04-05_06-00-38,en,The Irrawaddy (Eng),False,736239,,2,7,0,"Weekly Opinions April 5, 2025 Visit our website: https://t.co/qlwFHtYD3B #Myanmar #earthquake #aid #criminals #airstrikes #devastate #junta #military #disaster #security #ChineseForce https://t.co/npOw3KxSRw"
myanmar earthquake 2025,1908402711277469757,2025-04-05_06-13-57,en,Homer_Alt,False,4710,Manipur ,166,196,16,"🚨BREAKING | Aadhaar Card Recovered from Armed CDF Militant Killed in Myanmar’s Tonzang In a significant development, an Aadhaar card was recovered from a Chin Defence Force (CDF) militant who was neutralized in Tonzang, Chin State, Myanmar. Address on the card: TUAITENGPHAI, Churachandpur — a known hotspot that has become a breeding ground for illegal immigrants, refugees, and Kuki terrorist elements operating on both sides of the India-Myanmar border. There is every reason to rigorously scrutinize any Aadhaar card or government-issued ID originating from Churachandpur and its surrounding districts — including Kangpokpi, Chandeland Tengnoupal https://t.co/bYGjBH1Sxo @gpsinghips @BhallaAjay26 @RajBhavManipur @kartikeya_1975 @joyincal09 @vijaygajera @ARanganathan72 @JournoAshutosh @AbhijitChavda @ArchanaRajdharm @AnirudhaBhakat @kuldiep86 @NBirenSingh @AnchorAnandN @LamaPrawesh @manipur_police @ajaykraina @colhunnybakshi"
myanmar earthquake 2025,1908411791148802237,2025-04-05_06-50-02,in,Earthquake Map,False,2423,,2,2,1,"【m4.1】MYANMAR 10km Apr 05, 2025 06:39:44 UTC (G)https://t.co/ipe40NK63f (EMSC)https://t.co/s1S3Rfcu5e"
myanmar earthquake 2025,1908421850973020429,2025-04-05_07-30-00,en,theisland.lk,False,395,,0,0,0,https://t.co/BQf9MtMA5V - Joint statement by BIMSTEC leaders on the Impact of the Earthquake in Myanmar and Thailand on 28 March 2025 #TheIsland #TheIslandnewspaper #BIMSTEC https://t.co/3AJMpkRrpM
myanmar earthquake 2025,1908422726064226787,2025-04-05_07-33-29,en,Insight Myanmar Podcast,False,1926,Myanmar,1,0,0,"Myanmar Earthquake Update - April 5, 2025, 1:00 PM The death toll from the recent earthquake in Myanmar continues to increase. Updated figures on fatalities, injuries, missing individuals, and rescue efforts can be found in the infographics below. You… https://t.co/6UuzBG7KXJ https://t.co/J4eggy2ybK"
myanmar earthquake 2025,1908424617032888584,2025-04-05_07-41-00,en,UPDATES,False,2505,,21,35,2,"IG || 05.04.2025 ©️ thailandinmyanmar “GMMTV artists send video messages through Royal Thai Embassy, Yangon to encourage Myanmar people affected by the earthquake on 28 March 2025.” #skywongravee #ก้อนเมฆของสกาย #mycloudy https://t.co/pQP353cIiE"
myanmar earthquake 2025,1908425685775114746,2025-04-05_07-45-14,en,📸,False,13916,,313,683,1,"250405 thailandinmyanmar instagram GMMTV artists send the video messages through Royal Thai Embassy, Yangon to encourage Myanmar people affected by the Earthquake on 28 March 2025 Today’s video is from Sky Wongravee ! ꒰ #skywongravee #ก้อนเมฆของสกาย ꒱ https://t.co/GAedmpF1WR"
myanmar earthquake 2025,1908428652649250850,2025-04-05_07-57-02,in,Earthquake Map,False,2423,,0,0,1,"【m3.7】MYANMAR 10km Apr 05, 2025 07:42:44 UTC (G)https://t.co/x4nnDOpnbQ (EMSC)https://t.co/Gwfi4uq8Xx"
myanmar earthquake 2025,1908429398895698388,2025-04-05_08-00-00,en,Insight Myanmar Podcast,False,1926,Myanmar,2,1,0,"Myanmar Earthquake Update - April 5, 2025, 1:00 PM The death toll from the recent earthquake in Myanmar continues to rise. Current statistics on fatalities, injuries, missing persons, and rescues are available in the infographics below. 📸 @DVB_English https://t.co/2RLORwXex8 https://t.co/lzXj6I4iwQ"
myanmar earthquake 2025,1908433491957629409,2025-04-05_08-16-16,en,Bloom Pakistan,False,306,,1,1,0,"PM Shehbaz Sharif visited the Embassy of Myanmar in Islamabad today, where he signed the Condolence Book in memory of the victims of the devastating earthquake that struck Myanmar on March 28, 2025 #PMShehbaz #VisitMyanmarEmbassy #signedCondolenceBook https://t.co/qNHQSbbk71 https://t.co/kEzpDoXGdg"
myanmar earthquake 2025,1908445275963961507,2025-04-05_09-03-05,en,NorthwestNomad,False,476,,0,0,0,OMG you've got to watch this. 😱 Magnitude 7.7 Earthquake in Myanmar &amp; Thailand 2025 COMPILATION (PART 3) https://t.co/r0CCaoycCs via @YouTube
myanmar earthquake 2025,1908447027572113793,2025-04-05_09-10-03,en,Sidhant Sibal,False,309655,"Helsinki, Finland",173,1255,2,"India Aid Quake Hit Myanmar Indian landing ship tank INS Gharial reaches Myanmar's Thilawa Port with 442 T consignment of food aid -rice, cooking oil, noodles &amp; biscuits. https://t.co/vTPUzRPgoJ"
myanmar earthquake 2025,1908448263726129564,2025-04-05_09-14-57,en,Binance Customer Support,False,207393,International,0,1,0,"Hello Aung Kyaw Hein, Yes, Binance is supporting earthquake relief efforts in Myanmar. Binance Charity, together with CZ, is distributing up to $1.5 million in BNB to affected users in Myanmar and Thailand. Eligible users who have completed KYC or POA before March 31, 2025, will receive BNB token vouchers in their Reward Hub. For more details, please refer to the official blog and post: 1) Binance Charity Post on Myanmar Earthquake Relief: https://t.co/GvYZwmC11D​ 2) Binance Blog on Joint Donation Effort: https://t.co/rI7QnAlH7H - FL"
myanmar earthquake 2025,1908448936886522328,2025-04-05_09-17-38,en,Grok,False,3486676,wherever you are,0,0,0,"The recent earthquake you felt in Bangalore wasn’t 7.7 magnitude. Magnitude measures energy at the epicenter, like the 7.7 event in Myanmar on March 28, 2025. Bangalore, over 2,200 km away, would only feel a much weaker intensity, if anything. Seismographs calculate magnitude from wave amplitude at the source, while intensity drops with distance. No significant quake hit Bangalore itself; any shaking was likely from Myanmar’s event, but too faint to be 7.7 there."
myanmar earthquake 2025,1908449076137328755,2025-04-05_09-18-11,en,Weather Monitor,False,15433,The Weather Room ,89,216,4,"Update: A powerful 7.7-magnitude earthquake struck Myanmar leaving a trail of destruction and loss of life. - Death Toll: 3,354 confirmed deaths in Myanmar. - Injuries: 4,850 people injured . - Missing Persons: 220 people still missing . https://t.co/3rSHcs9qvW"
myanmar earthquake 2025,1908455328070402241,2025-04-05_09-43-02,in,Earthquake Map,False,2423,,0,0,1,"【m3.9】MYANMAR 10km Apr 05, 2025 09:33:07 UTC (G)https://t.co/020paHE5Lf (EMSC)https://t.co/tHBCN5RAsk"
myanmar earthquake 2025,1908459305881252079,2025-04-05_09-58-50,en,Earth Observatory SG,False,5530,Singapore,1,3,0,"On 28 March 2025, #Myanmar was hit by a M7.7 earthquake that caused significant damage across the region. Read this #EOSsg post to gain insights into the event and understand the Damage Proxy Maps generated by @eos_rs that depict likely damaged areas: https://t.co/MDga96ryGB"
myanmar earthquake 2025,1908460464436019644,2025-04-05_10-03-26,en,Lat Aung,False,4,,0,0,0,"India has sent an additional 442 tons of food assistance to the victims of the Myanmar earthquake, delivered by INS Gharial, which arrived in Yangon on April 5, 2025. Heartfelt thanks to the Government of India and the kind people of India. Jai Hind. #MyanmarEarthquake2025 https://t.co/53ELW1M4CQ"
myanmar earthquake 2025,1908462255735529553,2025-04-05_10-10-33,en,Japan Defense Brief,False,458,Japan,0,0,1,"Following a devastating 7.7-magnitude earthquake in central Myanmar on 28 March 2025, resulting in over 3,000 deaths, the Japan Self-Defense Forces have deployed a survey team to assess damage and determine support needs. Japan has also dispatched a 32-member medical team and pledged JPY 900 million (USD 6.8 million) in emergency aid. Future deployment of additional forces will depend on the survey team’s findings and evolving circumstances. The Quad nations have urged a ceasefire to facilitate safe humanitarian assistance."
myanmar earthquake 2025,1908462260533825956,2025-04-05_10-10-35,en,Japan Defense Brief,False,458,Japan,0,0,0,"Japan Self-Defense Forces Dispatch Survey Team to Myanmar for Earthquake Assessment - 4 April 2025 Tokyo Shimbun, 4 April 2025; NHK, 3 April 2025; FNN, 4 April 2025; TV Asahi, 4 April 2025; Nikkei, 4 April 2025. JSDF Dispatches Survey Team to Myanmar On 4 April 2025, Defense Minister Gen Nakatani (中谷元) announced during a press conference following a Cabinet meeting that the Japan Self-Defense Forces (JSDF, 自衛隊) had deployed a survey team to Myanmar to assess the impact of a recent major earthquake and identify support needs. The team, comprising approximately 10 members, arrived in Yangon, Myanmar’s largest city, on 3 April 2025 and has already begun information-gathering activities. Earthquake Details and Casualty Figures The earthquake, which struck central Myanmar on 28 March 2025 with a magnitude of 7.7, has resulted in over 3,000 deaths according to Myanmar’s ruling military. The government has issued an international appeal for assistance, emphasizing the severe shortages of water, food, and medical supplies. Objectives of the JSDF Survey Team The JSDF survey team aims to evaluate local requirements related to: •Medical Assistance •Infrastructure Restoration •Logistics Support Japan’s Ministry of Defense is considering the deployment of the International Emergency Assistance Force based on the survey team’s findings and the evolving situation. Statements from Defense Minister Nakatani During the press conference, Nakatani stated: “Appropriate decisions will be made based on the information gathered by the survey team and in response to the evolving situation.” The decision to deploy the International Emergency Assistance Force remains pending as assessments continue. Additional Japanese Aid Efforts In addition to the JSDF deployment, the Japanese government has announced: •Emergency Grant Aid: Approximately JPY 900 million (USD 6.8 million) to be provided through international organizations for humanitarian assistance, including water, food, and medical supplies. •Medical Team Dispatch: A 32-member International Emergency Assistance Force medical team, comprising doctors and nurses, is already operating in Myanmar to provide immediate medical support. Quad Coordination Efforts The Quad nations (Japan, the United States, Australia, and India) held vice-ministerial-level telephone consultations. In their joint statement, they urged: •Implementation and extension of a ceasefire •Establishment of a secure environment for the provision of humanitarian aid #Japan #JSDF #MyanmarEarthquake #DisasterRelief #NationalSecurity #IndoPacific #自衛隊 #ミャンマー #HumanitarianAid #Quad #医療支援 Tokyo Shimbun. “自衛隊がミャンマーに調査隊派遣 大地震被害や支援ニーズを把握” [Japan Self-Defense Forces Dispatch Survey Team to Myanmar for Earthquake Assessment]. 4 April 2025. https://t.co/NL7wOLVydg. Accessed 5 April 2025. NHK. “ミャンマー大地震 自衛隊調査チームが現地での活動を開始” [Myanmar Earthquake: JSDF Survey Team Begins Activities On-Site]. 3 April 2025. https://t.co/axpySQSs4r. Accessed 5 April 2025. FNN. “ミャンマー大地震 自衛隊の調査チームを派遣 中谷防衛相が明らかに” [Myanmar Earthquake: JSDF Survey Team Dispatched, Minister Nakatani Confirms]. 4 April 2025. https://t.co/nMOu7dlX8a. Accessed 5 April 2025. TV Asahi. “ミャンマー地震で自衛隊の調査チームを派遣 被害状況や現地ニーズなどを情報収集” [JSDF Dispatches Survey Team to Myanmar for Earthquake Damage and Needs Assessment]. 4 April 2025. https://t.co/lKQrrUwi3d. Accessed 5 April 2025. Nikkei. “自衛隊調査チーム、ミャンマーで活動開始 地震情報収集” [JSDF Survey Team Begins Operations in Myanmar, Gathers Earthquake Information]. 4 April 2025. https://t.co/Fg8v4R4PFj. Accessed 5 April 2025."
myanmar earthquake 2025,1908463991497904494,2025-04-05_10-17-27,en,Khaosod English,False,92833,"Bangkok, Thailand",0,4,0,"Sound Club Samui will deduct 40 of their income on Tuesday, April 8, 2025, to help people in Myanmar who are affected by the deadly quake. If you happened to be in Koh Samui, please help them help those affected. #Thailand #Samui #earthquake #Myanmar https://t.co/cgTuPezbKO"
myanmar earthquake 2025,1908465448548753456,2025-04-05_10-23-15,en,🚨GlobalX,False,8829,,18,125,62,"BIMSTEC Countries: Total Population: ~1.79 Billion Share of 🗺️ Population: ~22% Total GDP: ~$5.5 Trillion GDP per capita for 2024: 🇧🇩 Bangladesh – $2,529 🇧🇹 Bhutan – $3,704 🇮🇳 India – $2,485 🇲🇲 Myanmar – $1,179 🇳🇵 Nepal – $1,324 🇱🇰 Sri Lanka – $4,516 🇹🇭 Thailand – $7,336 https://t.co/CjeyWmMdqa"
myanmar earthquake 2025,1908466791346552896,2025-04-05_10-28-35,en,Elizabeth Vstx,False,3038,,6,54,0,"[English] 05/04/2025 ""MAS-01, Myanmar Earthquake VII"" 1 - BRAVO team of MAS-01 received hero's welcome at MAS-01 Base of Operation after successful USAR operation (See Quote) 2- Fried rice cooking at MAS-01 Base of Operation (📸SMART) #แผ่นดินไหว #MyanmarEarthquake https://t.co/PlF5qxiLMI"
myanmar earthquake 2025,1908467263440908360,2025-04-05_10-30-27,en,Lat Aung,False,4,,0,0,0,"Samaritan’s Purse, a Christian humanitarian aid organization from the USA, arrived in Yangon, Myanmar, on April 5, 2025. They will establish three temporary hospital to provide medical treatment for victims of the Myanmar earthquake. Heartfelt thanks to Samaritan’s Purse and US. https://t.co/QbriaGT2rV"
myanmar earthquake 2025,1908468146203156911,2025-04-05_10-33-58,en,The Jerusalem Post,False,807517,Israel,8,21,7,"Three US aid workers were laid off while in Myanmar helping the rescue and recovery from the country's massive earthquake, a former senior staffer said, as the Trump administration's dismantling of foreign aid affects its disaster response. https://t.co/g1eiP1EgdL"
myanmar earthquake 2025,1908468888473305345,2025-04-05_10-36-55,en,MDN NEWS,False,291362,South Africa,6,23,2,"South African killed in Myanmar earthquake, DIRCO confirms The Department of International Relations and Cooperation (DIRCO) confirmed on Friday, April 4, 2025, that a South African citizen has died following the devastating 7.7-magnitude earthquake that struck central Myanmar? Asia on March 28. The victim, an English teacher, was among 11 South Africans affected by the disaster, which has so far claimed over 3,000 lives in Myanmar and more than 20 in neighboring Thailand. DIRCO’s Head of Public Diplomacy, Clayson Monyela, stated that the woman’s body was recovered from the rubble and that the department is offering consular support to her family while facilitating the repatriation of her remains. Minister Ronald Lamola extended condolences to the governments and people of Myanmar and Thailand, praising emergency services for their response under challenging conditions. The quake, which struck near Mandalay, has left thousands injured or missing, compounding the humanitarian crisis in an already conflict-affected region."
myanmar earthquake 2025,1908474727779148272,2025-04-05_11-00-07,en,Utsav S. 🇺🇸,False,16603,"Washington, DC",7,30,2,"Respectfully, America shouldn’t be in the humanitarian aid business. Let BRICS handle it. If we really want to help Myanmar—start with sanctions relief, not handouts. https://t.co/lQGi5omndE"
myanmar earthquake 2025,1908476039287746853,2025-04-05_11-05-20,en,Volcaholic 🌋,False,137361,,199,952,13,"One moment there was laughter, conversation, routine. The next there was panic, fear, survival. Inside this Myanmar beauty salon, a normal day shattered as the M7.7 earthquake struck without warning. CCTV captures the raw human instinct to hold on to anything, to anyone, when the world falls apart."
myanmar earthquake 2025,1908479606564200598,2025-04-05_11-19-30,en,Soumik Mallick,False,16,Paris,0,2,0,"Helping each other and being kind is the best way to save people. A 7.7-magnitude earthquake struck central Myanmar on 28 March 2025, killing more than 3,000 people, destroying infrastructure and reverberating through neighbouring countries. If you want, you can also help. https://t.co/fiJq5AqTLo"
myanmar earthquake 2025,1908483618109903106,2025-04-05_11-35-27,en,OCHA Myanmar,False,39404,Myanmar,49,55,1,"An estimated 17M people across nearly 60 townships in #Myanmar were affected by last week’s devastating #earthquakes. Millions lack electricity, clean water, food &amp; health care. Humanitarians are responding—but urgent support is still needed. 📄 Update: https://t.co/C4PST6988a https://t.co/2PlDlwr573"
myanmar earthquake 2025,1908489779399864789,2025-04-05_11-59-56,en,Morgan Steele,False,820,On the battlefield,0,1,0,"Death Toll Rises in Myanmar-Thailand Earthquake Amid Ongoing Rescue Efforts Date: March 28, 2025 (event); April 5, 2025 (report) Summary: A 7.7-magnitude earthquake that struck Myanmar and Thailand on March 28 has resulted in a rising death toll, with rescue efforts hampered by regional instability. Details: The quake, among the region’s strongest, has displaced thousands and destroyed infrastructure. In Myanmar, military bombings in the affected area have complicated relief operations. International aid is being deployed, though access remains limited. Statistics: Over 1,500 deaths confirmed, with more expected. Source: ABC News International, April 5, 2025; X post by@TheWorld"
myanmar earthquake 2025,1908492809432338606,2025-04-05_12-11-58,en,China Xinhua News,False,11860986,"Headquartered in Beijing, PRC",14,13,2,"As of Saturday, Myanmar has experienced 81 aftershocks ranging in magnitude from 2.8 to 7.5, according to the country's Department of Meteorology and Hydrology. #XinhuaNews https://t.co/Y853FD6qB9"
myanmar earthquake 2025,1908497324134793623,2025-04-05_12-29-54,en,MFA Russia 🇷🇺,False,787140,Russia,109,306,34,"#RussiaHelps In #Myanmar, @MchsRussia rescuers surveyed 12,000+ sq. meters of 10 buildings in a day Despite 40°C heat and aftershocks, they keep working, using drones &amp; heavy gear to save lives ✅ Russian doctors treated 137 people and performed 43 surgeries in field hospitals https://t.co/bTuIAI0vEo"
myanmar earthquake 2025,1908509109386961025,2025-04-05_13-16-44,en,The Irrawaddy (Eng),False,735806,,36,41,2,The Political Prisoners Network Myanmar said at least six female Obo political prisoners died in the earthquake. #WhatsHappeningInMyanmar #Myanmar https://t.co/mzoPub6Vlo
myanmar earthquake 2025,1908513556452040944,2025-04-05_13-34-24,en,UPDATES,False,2505,,110,172,1,"IG || 05.04.2025 ©️ thailandinmyanmar “GMMTV artists send video messages through Royal Thai Embassy, Yangon to encourage Myanmar people affected by the earthquake on 28 March 2025.” #hirunkit_ #kotae https://t.co/ha3gzPXPbS"
myanmar earthquake 2025,1908516516368380131,2025-04-05_13-46-10,en,Thet Zaw,False,894,"Yangon, Myanmar",2,9,0,"On April 5, 2025, Foreign Ministers of Malaysia and Thailand visited Myanmar to show ASEAN solidarity with those affected by the deadly earthquake. They met with U Than Shwe to discuss humanitarian aid, coordination,+ reconstruction efforts. #MyanmarEarthquake #MyanmarFactCheck https://t.co/nE2G04Gdvw"
myanmar earthquake 2025,1908517894658412630,2025-04-05_13-51-39,en,NAFED India,False,11871,"New Delhi, India",1,1,0,"In response to the devastating earthquake in South-East Asia on 28 March 2025, the Government of India is extending humanitarian aid to Myanmar. NAFED swiftly supplied 280 MT of Non-Basmati White Rice via Indian Naval Ship from Visakhapatnam Port and facilitated the airlifting of 17 MT from Hindon Air Base for immediate relief. NAFED has further pledged to supply an additional 5,000 MT of Rice in the coming days. #NAFED #NAFEDIndia #SupportToMyanmar"
myanmar earthquake 2025,1908519226479976858,2025-04-05_13-56-56,en,Manish Prasad,False,31431,new delhi,15,261,3,Indian Army 50th Parachute Brigade troops helping #Myanmar day and night. They are real “Saviours” . 🇮🇳🇲🇲 #IndianArmy https://t.co/oTAKsYqUBK
myanmar earthquake 2025,1908519997443629418,2025-04-05_14-00-00,en,CGTN,False,12811620,"Beijing, China",10,23,0,The third batch of emergency humanitarian aid from #China arrives in #Myanmar https://t.co/5wOrl430MZ
myanmar earthquake 2025,1908520188162560344,2025-04-05_14-00-46,en,Science News,False,5332448,"Washington, DC",8,26,6,"The March 28 magnitude 7.7 earthquake that rocked through Southeast Asia collapsed buildings, dams and bridges, and killed at least 2,700 people. The rupture occurred along several hundred kilometers of the roughly 1,400-kilometer-long Sagaing Fault. https://t.co/xDrVCngHlM"
myanmar earthquake 2025,1908521908166930660,2025-04-05_14-07-36,en,Citizen TV Kenya,False,6718083,"Nairobi, Kenya",433,1091,42,"“No pay, sleeping for less than 2 hours, constant punishments…,” Myanmar returnees share tales of horror from scam camps https://t.co/WbAKRM2Oy9"
myanmar earthquake 2025,1908522022386233808,2025-04-05_14-08-03,in,Earthquake Map,False,2423,,0,1,1,"【m4.3】MYANMAR 10km Apr 05, 2025 13:54:18 UTC (G)https://t.co/DHYeJz4pZ5 (EMSC)https://t.co/V3deENZXSk"
myanmar earthquake 2025,1908524571508302237,2025-04-05_14-18-11,en,Tan Seng Giaw,False,9888,,0,0,0,Myanmar 7.7 earthquake on 28.3.2025 caused extensive destruction and over 1600 deaths. Condolences. Many countries and United Nations send aids and rescue teams https://t.co/EKMjPuGLCt
myanmar earthquake 2025,1908527091911455216,2025-04-05_14-28-12,en,Shubham Sharma,False,70451,New Delhi,330,766,61,"Bangladesh to kick 1,80,000 Rohingyas back to Myanmar Rohingyas are producing more kids and creating a challenge to the resources of Bangladesh Why isn't India even starting anything like this? What needs to do this? https://t.co/0VUYPzz5UH"
myanmar earthquake 2025,1908529693260763136,2025-04-05_14-38-32,en,Mahalaxmi Ramanathan,False,1534,Pune,0,0,0,"Clairvoyant #Vanga Predicted an Earthquake in #Myanmar 🇲🇲 and Thailand 🇹🇭 Her Other Predictions for 2025 Included War in #Europe &amp; a #GlobalEconomic Catastrophe. In 2025, She Predicts, Conflict in #Europe Will Destroy the Continent's Population https://t.co/ynIk6HSn5X"
myanmar earthquake 2025,1908533829788459441,2025-04-05_14-54-58,en,MyGovIndia,False,3362377,New Delhi,4,25,0,"Correct Answer: (C) Operation Brahma India launched Operation Brahma in response to the devastating earthquake that struck Myanmar on March 28, 2025. This large-scale operation involves providing search and rescue (SAR), humanitarian aid, disaster relief, and medical assistance to the affected areas. As part of the operation, India sent multiple aircraft, naval ships, and specialized teams. Operation Brahma highlights India's commitment to being the first responder in times of crisis within its neighborhood, reinforcing its ""Neighbourhood First"" and ""Act East"" policies. Follow MyGov to learn more about such initiatives. #NewIndiaTrivia"
myanmar earthquake 2025,1908535195923337430,2025-04-05_15-00-24,en,NBC News,False,9397485,"New York, NY",13,19,8,"Day after day, Chinese rescue teams haul children and elderly people from collapsed buildings as cameras beam the thanks of grateful survivors around the world. Russian medical teams show off field hospitals erected in a flash to tend the wounded. https://t.co/265QeynQ3L"
myanmar earthquake 2025,1908537251820437670,2025-04-05_15-08-34,en,TAYTAWAN Myanmar Fanpage 🌻,False,3147,Myanmar,300,404,2,"This is how things look after the rain in #Mandalay for those affected by the earthquake. People are still out on the streets, and their makeshift shelters are damaged. God, please be with the people in my hometown. Please be kind to us. #MyanmarEarthquake https://t.co/Q1sgLkc6gR"
myanmar earthquake 2025,1908538948097548494,2025-04-05_15-15-18,es,adn40,False,1119484,México,91,386,0,"#LoMásComentado | En la oscuridad, un teléfono encendido captura la desesperación: dos adolescentes y su abuela, atrapadas entre escombros tras el colapso del edificio Sky Villa en Myanmar. El video muestra desde adentro el impacto del terremoto de 7.7 que sacudió el país😢 https://t.co/Aot9GaGeIy"
myanmar earthquake 2025,1908541007697715373,2025-04-05_15-23-29,en,Sumber acara,False,64,,0,0,0,"The National Alms Agency (Baznas) has called on Indonesians to demonstrate their solidarity and concern for fellow Muslims affected by the devastating earthquake in Myanmar on March 28, 2025, by supporting and donating to recovery efforts. https://t.co/QPHxUC91aq"
myanmar earthquake 2025,1908542092516696396,2025-04-05_15-27-48,en,Sidhant Sibal,False,309655,"Helsinki, Finland",197,1213,66,"""We are not the govt of the world, we will provide Humanitarian assistance..China is a very rich country, India is a rich country.."", says US Secretary of State Marco Rubio on the lack of US humanitarian aid in Myanmar https://t.co/QecOsxhUtX"
myanmar earthquake 2025,1908543118074679307,2025-04-05_15-31-53,en,วันอาทิตย์ ヽ(^。^)丿🌻,False,495,,0,2,0,"GMMTV artists send video messages through Royal Thai Embassy, Yangon to encourage Myanmar people affected by the earthquake on 28 March 2025. #savemyanmar #myanmarearthquake #skywongravee #hirunkit_ https://t.co/yOat7jvXcD"
myanmar earthquake 2025,1908544939148869695,2025-04-05_15-39-07,en,Grok,False,3486676,wherever you are,0,0,0,"The video likely shows cars sliding on icy roads and people slipping in snowy conditions in Myanmar, following a 7.7 magnitude earthquake on March 28, 2025. It captures the chaotic aftermath in areas like Sagaing or Mandalay, where over 3,000 died and infrastructure was heavily damaged. Rescue efforts and international aid are ongoing amidst hazardous conditions."
myanmar earthquake 2025,1908554348613034057,2025-04-05_16-16-30,en,Spring Development Bank,False,7809,,37,80,3,"Provide Timely Support to Affected Areas Due to the devastating earthquake on March 28 and its ongoing aftershocks, as of 1:00 PM (Myanmar Standard Time) on April 5, 2025, reliable sources have confirmed the following: •Death toll: 4,174 •Injured: 6,168 •Missing: 769 •Rescued: 498 To ensure urgent needs on the ground are met swiftly, the Ministry of Humanitarian and Disaster Management under the National Unity Government has been actively distributing donated funds to affected areas on a daily basis. These efforts continue as part of the “Earthquake Disaster Relief, Support & Campaign” until April 11. We urge everyone to come together and support this campaign. Log in to your SCF account and join the campaign at: https://t.co/l7EywmzZu1 #EarthquakeDisasterRelief #SpringDevelopmentBank #NwayOoHti #SpringCrowdFund #TogetherwithSCF"
myanmar earthquake 2025,1908554848389255542,2025-04-05_16-18-29,en,nyeinkyaw865,False,18,"Hartford, CT",0,1,0,🛸@NTUsg Singapore cyborg cockroaches robots infrared camera Professor Hirotaka Sato helping with search and rescue in Myanmar (Burma) 7.7 Magnitude Earthquake 28 march 2025🛸 https://t.co/HnUg4mwaWj🛸 https://t.co/ptE75LI4rG🛸 https://t.co/1qOSIB6U3Q🛸 https://t.co/nVwPVOsqKY🛸 https://t.co/xUaQ0dKdLK
myanmar earthquake 2025,1908555094456480101,2025-04-05_16-19-28,en,Volcaholic 🌋,False,137361,,155,437,6,"Last Friday, a powerful M7.7 earthquake rocked Myanmar, forcing thousands from their homes. Emergency tents went up quickly, but tonight, a fierce thunderstorm has ripped through the region, tearing down many of those shelters and leaving survivors vulnerable once again. https://t.co/BoP7h1XmmY"
myanmar earthquake 2025,1908556412965577162,2025-04-05_16-24-42,en,CRPH Myanmar,False,273035,Myanmar,32,74,0,"Myanmar's #MP at #IPU150 mainly focuses on global attention on the recent #earthquake and immediate/rapid aid to those affected as this is very urgent matter to be solved on time. As we are your elected #MPs, we are just working for you. Stay tuned for more details. https://t.co/vsiEZ0Ian9"
myanmar earthquake 2025,1908560812010062244,2025-04-05_16-42-11,en,Weather Monitor,False,15433,The Weather Room ,55,93,1,"Tonight, Mandalay (Myanmar )Hit by Storm Amid Earthquake Recovery. Strong winds and heavy rain struck Mandalay on the night of April 5, worsening conditions for earthquake survivors still without shelter. Rescue efforts are also being hampered by the severe weather. https://t.co/BW3br0kqfR"
myanmar earthquake 2025,1908561457748332618,2025-04-05_16-44-45,en,Volcaholic 🌋,False,137361,,94,388,9,"Last Friday, a powerful M7.7 earthquake rocked Myanmar, forcing thousands from their homes. Emergency tents went up quickly, but tonight, a fierce thunderstorm has ripped through the region, tearing down many of those shelters and leaving survivors vulnerable once again. https://t.co/RZslAuNrzY"
myanmar earthquake 2025,1908565309176356940,2025-04-05_17-00-03,da,Give Me An Answer,False,28559,,102,1479,21,Prayer for Myanmar. https://t.co/KGkvFS9lEw
myanmar earthquake 2025,1908575135910461855,2025-04-05_17-39-06,en,Mayank Chandrakar,False,6,"Mahasamund, India",1,0,0,"""Heartbreaking devastation in Myanmar 💔🌏 Learn about the impact of the 2025 earthquake and the global response to this tragedy. #MyanmarEarthquake #DisasterRelief #GlobalSupport"" https://t.co/fjhddDfYYI"
myanmar earthquake 2025,1908577249210642490,2025-04-05_17-47-30,en,Today’s Agenda,False,29,somewhere on earth,0,0,0,"Sat April 5, 2025. Death toll from the twin 7.7 and 6.4 earthquake in Myanmar on March 28 reaches 3,354 people. https://t.co/1M9BG95Tn1"
myanmar earthquake 2025,1908585427323543919,2025-04-05_18-20-00,en,Reuters,False,25577591,Around the world,18,38,10,"A devastating earthquake struck Myanmar on March 28, resulting in a death toll of 3,354. Additionally, 4,850 people were injured and another 220 are missing https://t.co/7ssK7NDB5M https://t.co/GMXFanoo4L"
myanmar earthquake 2025,1908592853900812657,2025-04-05_18-49-30,en,SusanInspired,False,9084,,21,122,9,"Friends, I found something interesting in the Schumann Resonance chart data. The announced time of the Myanmar Earthquake coincides with the 'laser' image we saw on the chart a few days before! https://t.co/it6A7XSL5T"
myanmar earthquake 2025,1908596512914845809,2025-04-05_19-04-03,en,Wholesome Side of 𝕏,False,205539,,12,129,3,Heroic father jumped across a gap 600 feet in the air to save his wife and child during the Myanmar earthquake. 🙌 https://t.co/6KW7HZlyVI
myanmar earthquake 2025,1908605560196313209,2025-04-05_19-40-00,en,Official PEP.ph,False,1476429,,0,2,0,"Miss Tourism Myanmar 2018 Silimee was among the victims of the 7.7-magnitude earthquake that hit Myanmar on March 28, 2025. https://t.co/maVknfIeZL"
myanmar earthquake 2025,1908645825515053463,2025-04-05_22-20-00,en,Reuters,False,25577592,Around the world,20,41,11,"Myanmar's earthquake death toll rises to 3,354, as search for survivors continues https://t.co/7ssK7NDB5M https://t.co/uybzJDkSIB"
myanmar earthquake 2025,1908649690964623520,2025-04-05_22-35-21,en,Keji Mao (毛克疾）,False,7069,Boston,93,834,122,"This is my question. I've visited Myanmar and India multiple times, and I found Myanmar's cities much cleaner and tidier than India's, despite Myanmar's GDP per capita being half of India's. Cultural and essentialist explanations are stereotypical at best, racist at worst. Are there any solid economic and political explanations?"
myanmar earthquake 2025,1908679003730567663,2025-04-06_00-31-50,en,China News 中国新闻网,False,698673,Beijing,8,13,0,"Members from the civilian rescue team of #RAMUNION RESCUE, who have joined the rescue operation in the earthquake-stricken areas in #Myanmar, returned to Hangzhou, E #China's #Zhejiang Province, on Wednesday. On March 28, 2025, a strong earthquake hit Myanmar, with the rescue team quickly responded to the instructions of the Ministry of Emergency Management of China, carrying professional earthquake search and rescue equipment, to carry out rescue. In the designated work area of ​​the United Nations UCC (Urban Search and Rescue Operations Coordination Center), 15 collapsed buildings were checked, 5 survivors were rescued, and 28 bodies of the victims were assisted in the transfer."
myanmar earthquake 2025,1908682595165937919,2025-04-06_00-46-06,en,Çelik Sertbilek🌍,False,406,,0,0,0,Myanmar🇲🇲2025-Earthquake https://t.co/WVu0AEDKfW
myanmar earthquake 2025,1908683649794322716,2025-04-06_00-50-18,en,Grok,False,3486669,wherever you are,0,0,0,"The video of ocean recession in Thailand’s Phi Phi Islands is likely true but not tsunami-related. The recent inland earthquake in Myanmar (Mar 28, 2025) didn’t pose a tsunami risk, per the Thai PM and experts. Tide schedules show a low tide on Apr 5, 2025, matching the video’s timing, suggesting it’s a normal event, not an anomaly. Local claims of unusual recession may stem from past tsunami fears, but evidence supports this being a typical low tide. https://t.co/pqlzSn8SPf"
myanmar earthquake 2025,1908688112231895410,2025-04-06_01-08-02,in,Earthquake Map,False,2423,,1,1,1,"【m3.5】MYANMAR 10km Apr 06, 2025 00:49:23 UTC (G)https://t.co/SDvoHRyhi2 (EMSC)https://t.co/Yo68YNsGf2"
myanmar earthquake 2025,1908693151176327677,2025-04-06_01-28-03,en,George Conger,False,145,Lecanto FL,0,0,0,Myanmar archbishop asks for help in wake of Mandalay earthquake https://t.co/jCiay2syVS via @Anglican Ink © 2025
myanmar earthquake 2025,1908694493291045307,2025-04-06_01-33-23,in,Dian Arifiyati Atmojo,False,9656,Jakarta,8,234,203,"Thailand berbatasan langsung dengan 4 negara: Laos, Kamboja, Myanmar, dan Malaysia. https://t.co/BGcd4APiLO"
myanmar earthquake 2025,1908695446626984424,2025-04-06_01-37-10,en,Lin Jian 林剑,False,43835,,78,327,36,"China’s support continued in quake-stricken Myanmar: the third batch of emergency humanitarian supplies from the Chinese government has arrived in Yangon—1,048 water purifiers, 10,000 mosquito nets, 15,000 first aid kits, and 400 tents. Meanwhile, Chinese medical teams continue to provide services to local people."
myanmar earthquake 2025,1908706259437580439,2025-04-06_02-20-08,en,Grok,False,3486669,wherever you are,0,1,1,"Hey @horrorbaby22, the video from @Cameron_mk2 shows a rooftop pool in Bangkok during a 7.7 magnitude earthquake that hit Myanmar on March 28, 2025. The shaking caused water to spill over, highlighting how unpredictable quakes can be—hence the caption ""earthquakes cannot be predicted."" Pretty wild scene! https://t.co/pqlzSn8SPf"
myanmar earthquake 2025,1908711795453280575,2025-04-06_02-42-08,en,Grok,False,3486669,wherever you are,0,0,0,"The 7.7 magnitude earthquake in Myanmar on March 28, 2025, is real, but claims of a foot-shaped formation in the Phuket Sea and dramatic ocean recession in the Phi Phi Islands are likely misinterpretations. No scientific evidence links these to the quake—probably just normal tides and pareidolia."
myanmar earthquake 2025,1908711802038280334,2025-04-06_02-42-10,en,Grok,False,3486669,wherever you are,0,1,0,"The video likely shows a normal low tide in Phi Phi Islands, not a tsunami. Despite a 7.7 magnitude earthquake in Myanmar on March 28, 2025, no tsunami warnings were issued for the area. Tide data confirms typical low tides around 0.5m, common in the dry season, causing the ocean to recede naturally. https://t.co/BFoTHXcJ8D"
myanmar earthquake 2025,1908712214594240619,2025-04-06_02-43-48,en,Grok,False,3486669,wherever you are,1,1,0,"The video likely shows an ocean recession in Phi Phi Islands, Thailand, but it’s probably not from a recent event. The 3.8 magnitude earthquake on April 4, 2025, near Chiang Mai is too small and far to cause this. The 7.7 magnitude Myanmar quake on March 28, 2025, didn’t trigger a tsunami either. With no current reports of such phenomena in April 2025, it might be footage from the 2004 tsunami, when the ocean receded before the wave hit. Check the video’s source for clarity! https://t.co/pqlzSn8SPf"
myanmar earthquake 2025,1908722367825576131,2025-04-06_03-24-09,en,Çelik Sertbilek🌍,False,406,,0,0,0,Myanmar🇲🇲2025-Earthquake https://t.co/Zja2MDQL0F
myanmar earthquake 2025,1908723596039430331,2025-04-06_03-29-02,in,Earthquake Map,False,2423,,1,1,1,"【m4.0】MYANMAR 13km Apr 06, 2025 03:17:15 UTC (G)https://t.co/QdBYfpCjcT (EMSC)https://t.co/NNvkmyi5wd"
myanmar earthquake 2025,1908723882745618701,2025-04-06_03-30-10,en,Jack Straw,False,312365,"North Dakota, USA",4,18,0,"After Myanmar, now Papua New Guinea: 7.3 magnitude earthquake! Earthquake in China Via #KinderNetNews ▶️ This video on YouTube (https://t.co/3B4yRLZrxQ) 👉 Subscribe to YouTube channel (https://t.co/Q1gjwPDQdP) On the morning of Saturday, April 5, 2025, a powerful earthquake with a magnitude of 7.3 struck near the island of New Britain in Papua New Guinea. According to the U.S. Geological Survey (USGS), the epicenter was located at a depth of 10 kilometers, approximately 194 km east of the city of Kimbe. Following the quake, the Pacific Tsunami Warning Center issued an alert for possible tsunami waves between 1 and 3 meters for some coastal areas of Papua New Guinea. However, the warning was later canceled. As of now, there have been no reports of significant damage or casualties. Authorities are continuing to assess the situation and have urged residents to remain cautious due to the possibility of aftershocks. Papua New Guinea lies in the Pacific ""Ring of Fire,"" making it highly prone to frequent seismic activity."
myanmar earthquake 2025,1908724900866424904,2025-04-06_03-34-13,en,Moe Sat Khin,False,1695,"Myanmar, Yangon",3,6,0,"Foreign Ministers of Malaysia and Thailand pay joint visit to Myanmar (5-4-2025, Nay Pyi Taw) In demonstrating ASEAN’s unity and solidarity with the peoples of #Myanmar who were affected by the deadly 7.7 magnitude #earthquake that struck central part of the country. @ASEAN @UN https://t.co/exS2yOYdnN"
myanmar earthquake 2025,1908729860887109750,2025-04-06_03-53-55,en,China Xinhua News,False,11860985,"Headquartered in Beijing, PRC",16,41,1,"The China International Search and Rescue Team continued to conduct medical outreach on Saturday in the urban area of Mandalay region, Myanmar. #XinhuaNews https://t.co/KwcnRqXmqv"
myanmar earthquake 2025,1908731464667013398,2025-04-06_04-00-18,en,UNICEF,False,9193908,,90,178,15,Millions of children in Myanmar remain at risk after last week’s earthquake. UNICEF and partners have been delivering essential supplies to children and families. Donate to support our response: https://t.co/C22fNQL3LV https://t.co/aHlMkOqnt2
myanmar earthquake 2025,1908740821483913236,2025-04-06_04-37-29,en,AF Development Care(AFDC),False,5996,Global,1,4,0,"Policy Brief by AFDC: 'Managing the Impacts of the #Myanmar Earthquake.' Published 6 Apr 2025. Details impacts, gaps, &amp; solutions for Myanmar’s crisis. contact office@afdc.in for a copy @UN https://t.co/VOxnc5zvHm #MyanmarEarthquake #DisasterResponse https://t.co/VOxnc5zvHm https://t.co/jlBfZ1t0JB"
myanmar earthquake 2025,1908745769039057135,2025-04-06_04-57-08,in,unmag,False,666516,,75,2211,87,"klasemen piala asia u17 setelah match day 1 kok negara asean cuma 3 sih, singapura sama myanmar kok ga ikutan https://t.co/Q5RCpXZpUM"
myanmar earthquake 2025,1908749825291813364,2025-04-06_05-13-15,en,Xi's Moments,False,279839,,59,325,1,"The third batch of emergency humanitarian #earthquake relief supplies provided by the Chinese government arrived in Yangon, #Myanmar, on Saturday. In addition, Chinese rescue forces have jointly carried out medical outreach activities in Mandalay, Myanmar. https://t.co/xyQeqdOTWt"
myanmar earthquake 2025,1908753132907012217,2025-04-06_05-26-24,en,Debanish Achom,False,5784,"New Delhi, India",57,94,2,On the ground report: How Mizoram became entry point for mercenaries headed to Myanmar https://t.co/Is7eQeG4mY https://t.co/iCi8cLltuN
myanmar earthquake 2025,1908759080325280007,2025-04-06_05-50-02,in,Earthquake Map,False,2423,,0,0,0,"【m3.8】MYANMAR 7km Apr 06, 2025 05:38:13 UTC (G)https://t.co/tx8PVWzj4D (EMSC)https://t.co/ezc1WMIJAD"
myanmar earthquake 2025,1908760772794024300,2025-04-06_05-56-45,en,Government of Pakistan,False,3156754,"Islamabad, Pakistan",19,32,5,"Pakistan formally handed over its second consignment of 35 tons of emergency relief aid for earthquake affectees to Myanmar authorities at Yangon International Airport. This latest shipment brings the total relief assistance dispatched to Myanmar to 70 tons. Acting on the directions of Prime Minister of Pakistan, NDMA efficiently coordinated and expedited the dispatch of these relief consignments within a short timeframe. Ambassador of Pakistan at Myanmar H.E. Imran Haider along with Pakistan Embassy's diplomats/ officials officially handed over the relief to Chief Minister of Yangon Region and Director General Training of MoFA."
myanmar earthquake 2025,1908763322821865570,2025-04-06_06-06-53,en,Grok,False,3486673,wherever you are,0,1,0,"India's ""Operation Brahma"" aids Myanmar after a 7.7 magnitude earthquake hit near Mandalay on March 28, 2025, killing over 3,000. On April 6, 2025, India sent 31 tons of aid via a C-17 aircraft, including supplies like medicines to sustain a field hospital in Mandalay. This unit, deployed earlier, has performed surgeries and tests, supporting victims amid Myanmar's civil war challenges."
myanmar earthquake 2025,1908769578148110454,2025-04-06_06-31-45,en,Instant News ™,False,179,Turn on Notification 🔔,0,0,0,"🚨 🚨 #BreakingNews Myanmar earthquake: India sends more humanitarian aid in C-17 aircraft https://t.co/bDaWRFgym2 The aid took off from the Hindon air force station in Ghaziabad on April 6, 2025 #TrendingNews #BigBreaking"
myanmar earthquake 2025,1908770496411558094,2025-04-06_06-35-24,en,The Irrawaddy (Eng),False,735806,,81,98,3,People in Mandalay and Sagaing made homeless by the earthquake and living in makeshift tents faced even greater hardship when thunderstorms struck central Myanmar on Saturday evening. #WhatsHappeningInMyanmar https://t.co/ThkT1W6MBJ
myanmar earthquake 2025,1908776086814523857,2025-04-06_06-57-37,en,Grok,False,3486673,wherever you are,0,0,0,"The Fram2 mission, launched April 1, 2025, by SpaceX, was the first human polar orbit flight, a tech breakthrough with lasting potential. Meanwhile, a 7.7-magnitude earthquake hit Myanmar on March 28, killing over 4,900—a major global event. Trump’s second term began January 20, shifting policies. Fram2 or the quake could be the history-making event you mean, depending on if you lean toward tech or tragedy."
myanmar earthquake 2025,1908794427545706907,2025-04-06_08-10-29,en,Matthew Cuyugan,False,6370,Republic of the Philippines,3,6,0,"With 4,900+ people deaths, the M7.7 Myanmar earthquake last March 28, 2025 becomes the deadliest earthquake in Southeast Asia since the M6.4 Yogyakarta (Indonesia) earthquake in 2006 (5,700+ deaths), and the 11th deadliest of the 21st century. 📷: USGS https://t.co/hNOoj5cE3g"
myanmar earthquake 2025,1908795393938186356,2025-04-06_08-14-20,en,Government of Pakistan,False,3156754,"Islamabad, Pakistan",7,26,9,"In line with the directives of Prime Minister Shehbaz Sharif @CMShehbaz , the National Disaster Management Authority (NDMA) has dispatched a second tranche of humanitarian assistance, comprising 35 tons of essential relief goods, to the people of Myanmar, bringing Pakistan’s total aid to 70 tons. The consignment was formally handed over by Pakistan’s Ambassador to Myanmar, Imran Haider, at Yangon Airport. This gesture reflects Pakistan’s unwavering solidarity with the people of Myanmar in their time of distress and reaffirms our shared commitment to regional cooperation and humanitarian relief efforts. 🇵🇰🤝🇲🇲 #Myanmar #MyanmarEarthquake #EmergencyAid"
myanmar earthquake 2025,1908799999233708352,2025-04-06_08-32-38,en,Matthew Tostevin,False,258518,UK,77,138,1,The earthquake in Myanmar has not stopped the protests against the junta that have taken place since the coup more than four years ago despite this risk of arrest or worse. #WhatsHappeningInMyanmar #MyanmarEarthquake https://t.co/MOrsmQC5ZC
myanmar earthquake 2025,1908802984961798406,2025-04-06_08-44-30,en,The Irrawaddy (Eng),False,735806,,61,66,1,"There is a high risk of cholera and acute water diarrhea among communities displaced by last week’s earthquake, which has damaged water and sanitation infrastructure and limited access to healthcare, UNICEF Myanmar warns. #WhatsHappeningInMyanmar https://t.co/zaOYo7qcws"
myanmar earthquake 2025,1908807483549753819,2025-04-06_09-02-22,in,Ministry of Interior | Kenya,False,885814,"Harambee House, Nairobi Kenya.",10,20,10,"Tumewarudisha nyumbani Wakenya 78 waathiriwa wa biashara haramu ya usafirishaji watu kutoka Myanmar. Wakenya wengine huondoka wakielekea Thailand wakitarajia kupata ajira, lakini hutumia njia zisizo sahihi. @ThailandinKenya @ImmigrationDept Twawasihi Wakenya watumie njia halali na salama wanapotafuta ajira nje ya nchi. Ilivyo sasa, Idara ya Masuala ya Diaspora @Diaspora_KE imetoa onyo kuwaeleza Wakenya kuwa hakuna nafasi za kazi Thailand. Tunashukuru Idara ya Mambo ya Nje @ForeignOfficeKE, Hifadhi ya Jamii @LabourSPKE na Ubalozi wa Kenya nchini Thailand @embassy_kenya, kwa juhudi zao za pamoja zilizowezesha kuwarejesha Wakenya wetu nyumbani salama. Ushirikiano huu wa kitaifa unaonesha dhamira ya serikali kulinda maisha, utu na ustawi wa raia wake, popote walipo duniani. @ray_omollo @roselinenjogu @SingoeiAKorir @PS_JosephMotari"
myanmar earthquake 2025,1908807993933578251,2025-04-06_09-04-24,en,Grok,False,3486673,wherever you are,0,0,0,"The video you’re asking about is likely from the 2004 Indian Ocean tsunami, not a recent event. It matches descriptions of the ocean receding before the tsunami hit the Phi Phi Islands. There’s no evidence of this happening in 2025, despite the March 28 earthquake in Myanmar and Thailand. It might be old footage being shared out of context."
myanmar earthquake 2025,1908810483907637671,2025-04-06_09-14-18,en,"Julitta Onabanjo, Dr",False,12950,"Kuala Lumpur, Malaysia",0,0,0,"MANDALAY, Myanmar— On March 28, 2025, a powerful 7.7-magnitude earthquake struck central Myanmar, devastating communities across Mandalay, Sagaing, ... https://t.co/hSGz6G4PnX"
myanmar earthquake 2025,1908810670188953936,2025-04-06_09-15-02,in,Earthquake Map,False,2423,,0,0,0,"【m3.5】MYANMAR 7km Apr 06, 2025 09:04:25 UTC (G)https://t.co/TatJwqWEjz (EMSC)https://t.co/YVA2lyRB9C"
myanmar earthquake 2025,1908810965224952175,2025-04-06_09-16-12,en,"Julitta Onabanjo, Dr",False,12950,"Kuala Lumpur, Malaysia",0,0,0,"29 March, 2025, Yangon, Myanmar– Following the 7.7 magnitude earthquake that struck Myanmar, particularly affecting Mandalay, Sagaing, Magway, Bago, the North ... https://t.co/xE5QknHuuw"
myanmar earthquake 2025,1908811149350768720,2025-04-06_09-16-56,en,"Julitta Onabanjo, Dr",False,12950,"Kuala Lumpur, Malaysia",2,3,0,"UNFPA - New York, April 4, 2025 – The 7.7-magnitude earthquake that hit Myanmar on March 28th has killed thousands of people and upended the lives of millions more, including at least ... https://t.co/KqGvNgF1Lb"
myanmar earthquake 2025,1908816553430106176,2025-04-06_09-38-25,en,National Unity Government Myanmar,False,236339,,68,94,4,Infographic Report of damage and loses in 4 major areas- @mohadmNUG #NUGMyanmar #2025MyanmarEarthquake #MyanmarEarthquake #RebuildMyanmar #NUGEarthquakeassist #WhatsHappeningInMyanmar Download the report at -https://t.co/O10jAuME10 https://t.co/9I4tx38AIl
myanmar earthquake 2025,1908818389608325147,2025-04-06_09-45-42,en,Chindwin News Agency,False,7577,Australia,210,402,10,#Breaking: Locals anxiously look at the live eruption of mud volcano near Naga village at Myainaung township in Rakhine state of Myanmar. The mud volcano is reportedly occurring following the subsequent earthquake in the area. Video/Yati Ko https://t.co/kUXUhoX5VG
myanmar earthquake 2025,1908828672863117499,2025-04-06_10-26-34,en,RT,False,3270182,,19,106,2,How Russian doctors save lives of people pulled out from Myanmar earthquake rubble Dr. Bogoslovsky part of Russian team running aid efforts https://t.co/x20iNE2eFW
myanmar earthquake 2025,1908828882578403513,2025-04-06_10-27-24,in,Leng Thanaphon Trends,False,779,,84,216,13,🏅 TREND RESULTS! 🏅 🔑 HAPPY TIME WITH LENG ♥⁠╣28K+╠⁠♥ #2 in Indonesia 🇮🇩 #17 in Malaysia 🇲🇾 #30 in Uganda 🇺🇬 #38 worldwide 🌍 #️⃣MAMIXLeng ♥⁠╣32K+╠⁠♥ #1 in Bolivia 🇧🇴 #1 in Indonesia 🇮🇩 #3 in Myanmar 🇲🇲 #LengThanaphon ♥⁠╣27.7K+╠⁠♥ #3 in Bolivia 🇧🇴 #4 in Myanmar 🇲🇲 #30 in Indonesia 🇮🇩 Thank you for your amazing support once again! Every single effort counts. Let’s keep this beautiful wave going! 🩵🫶🏻 #LengThanapahon #MAMIxLeng
myanmar earthquake 2025,1908835477601268064,2025-04-06_10-53-36,tr,YS YAKLAŞIYOR,False,3249,,2,61,0,⚡️Yeni gelen uydu fotoğraflarına göre #Myanmar daki 7.7'lik depremde merkez bölgesinde 500km uzunluğunda yarık oluştu ve fay hattı 5m'ye kadar yer değiştirdi. @WxNB_ 02/04/2025 #MyanmarEarthquake #earthquake #deprem #pazar #BREAKING #SONDAKİKA #Temblor https://t.co/8SQ4gUPsRA
myanmar earthquake 2025,1908835729242992982,2025-04-06_10-54-36,en,Elizabeth Vstx,False,3038,,3,18,1,"[English] 06/04/2025 ""MAS-01, Myanmar Earthquake VIII"" MAS-01 Team led by PB Avlyanie Moidi conducting USAR operation at Nyat Private School. Alongside with local rescuer, 3 deceased victim were removed safely under 3 meters-- (📸SMART) #แผ่นดินไหว #MyanmarEarthquake [1/4] https://t.co/vCZ3OaF8h7"
myanmar earthquake 2025,1908841800405569602,2025-04-06_11-18-44,en,Grok,False,3486668,wherever you are,0,1,0,"The claim that ""no one ran away from the mosque"" during the Myanmar earthquake on March 28, 2025, is partially true but misleading. While some stayed in mosques during the 7.7 magnitude quake, many died when buildings collapsed, suggesting staying wasn’t always a choice. The post highlights faith but omits the tragic outcome—hundreds killed—making it an exaggeration without full context."
myanmar earthquake 2025,1908846397085876483,2025-04-06_11-37-00,en,The Asian Chronicle,False,766,India 🇮🇳,0,0,0,"In response to the devastating 7.7-magnitude earthquake that struck Myanmar on March 28, 2025, the Quadrilateral Security Dialogue (#Quad) nations—India, the United States, Japan, and Australia—have collectively pledged over $20 million in humanitarian assistance. India has initiated 'Operation Brahma,' a comprehensive mission encompassing search and rescue operations, humanitarian aid, disaster relief, and medical assistance. The operation began with the dispatch of a C-130J aircraft carrying relief materials to Myanmar. The earthquake has resulted in significant casualties and destruction. As of April 4, reports indicate over 3,100 fatalities, more than 4,500 injuries, and over 200 individuals missing."
myanmar earthquake 2025,1908849681712501081,2025-04-06_11-50-03,in,Earthquake Map,False,2423,,0,0,1,"【m3.5】MYANMAR 10km Apr 06, 2025 11:41:11 UTC (G)https://t.co/QIPiEY63c1 (EMSC)https://t.co/CRMT8AipB5"
myanmar earthquake 2025,1908855290545520859,2025-04-06_12-12-20,en,Volcaholic 🌋,False,137361,,401,1634,21,"Myanmar: A mud volcano has reportedly erupted in Naga village, Myainaung township in Rakhine 👀 https://t.co/yhLHQKePJp"
myanmar earthquake 2025,1908855355536490620,2025-04-06_12-12-36,en,China Xinhua News,False,11860986,"Headquartered in Beijing, PRC",8,13,2,"The death toll from Myanmar's 7.9-magnitude earthquake rose to 3,471 as of Saturday, the state-run daily The Mirror reported on Sunday. #XinhuaNews https://t.co/ECH9S8f8Ek"
myanmar earthquake 2025,1908856833537941964,2025-04-06_12-18-28,en,China Xinhua News,False,11860986,"Headquartered in Beijing, PRC",27,73,3,"""I'm truly grateful."" After nearly 125 hours trapped under earthquake rubble in Myanmar, 52-year-old Ko San Lwin expressed heartfelt gratitude to the Chinese rescuers who saved him. #MyanmarEarthquake #ChineseRescuers #Rescue #Survivor https://t.co/UXMqwIbCZB"
myanmar earthquake 2025,1908858162075050225,2025-04-06_12-23-45,en,Financial Astrology,False,0,Noida,0,0,0,"Be cautious this year 2025, a year of mars. Recent earthquake in Myanmar one example. This year may witness high number of accidents, incidents of violence and aggression, divorces #Numerology 2025 #Astrology 2025 #Prediction 2025"
myanmar earthquake 2025,1908859315865219156,2025-04-06_12-28-20,en,Morgan Steele,False,820,On the battlefield,0,0,0,"Myanmar: Devastating Earthquake Leads to National Mourning On March 28, 2025, a 7.7-magnitude earthquake struck Myanmar, claiming over 4,400 lives and injuring 6,000 by April 5. Mandalay was among the hardest-hit areas, with rescue operations concluding after exhaustive efforts. The government declared a national mourning period from March 31 to April 6, suspending public events and lowering flags. This disaster has sparked discussions on regional seismic preparedness and international aid coordination."
myanmar earthquake 2025,1908866580802400407,2025-04-06_12-57-12,en,War Noir,False,172632,,18,124,0,"#Myanmar (#Burma) 🇲🇲: People's Defense Forces (#PDF) ambushed Junta soldiers in Taungtha Township, #Mandalay. Fighters are armed with MA-15 machine gun (MG3 clone), MA-1 MK 2 assault rifles, BA-63 rifles and MA-3 MK 2 carbines."
myanmar earthquake 2025,1908868723454431741,2025-04-06_13-05-43,en,Phyo Thu (Vee Vee),False,3,,0,0,0,"Despite the Northern Alliance's ceasefire announcement to allow disaster response following the earthquake on March 28, 2025, the military junta has rejected the truce and persists in conducting airstrikes and artillery attacks nationwide. #WhatsHappeninglnMyanmar #Myanmar"
myanmar earthquake 2025,1908869306164695212,2025-04-06_13-08-02,in,Earthquake Map,False,2423,,0,0,0,"【m3.5】MYANMAR 16km Apr 06, 2025 12:55:47 UTC (G)https://t.co/nw87sC6nmY (EMSC)https://t.co/flnxtyn9X0"
myanmar earthquake 2025,1908873523080446420,2025-04-06_13-24-47,en,China Xinhua News,False,11860983,"Headquartered in Beijing, PRC",13,20,2,"A 37-member rescue and medical team from southwest China's Yunnan Province returned from Myanmar on Sunday afternoon, after completing their earthquake relief work. #XinhuaNews https://t.co/lPIfFqIetw"
myanmar earthquake 2025,1908882710753312799,2025-04-06_14-01-18,en,Civil Disobedience Movement,False,209248,Myanmar,115,208,5,"Chinese reporter being surprised at Myanmar Army doing nothing to actually help save people. Well, we are not surprised. https://t.co/UDeVZmHPhT"
myanmar earthquake 2025,1908886408271458408,2025-04-06_14-15-59,en,حسن سجواني 🇦🇪 Hassan Sajwani,False,341847,"Dubai, United Arab Emirates",32,228,15,Myanmar honours UAE 🇦🇪 Search and Rescue Team in recognition of their significant efforts for carrying out humanitarian and relief missions in the areas affected by the recent earthquake that struck the country. (WAM) https://t.co/QDkIgfr92I
myanmar earthquake 2025,1908889273039831059,2025-04-06_14-27-22,en,nyeinkyaw865,False,18,"Hartford, CT",1,1,0,🛸@UNDPasiapac 🛸Most important we have to get cash into the hands of those that are affected. 7.7 Magnitude Earthquake 28 march 2025 Myanmar (Burma)🛸@UNDPasiapac
myanmar earthquake 2025,1908891603315622084,2025-04-06_14-36-38,en,Global Times,False,1895386,"Beijing, China",1,8,0,"#Opinion: China's scientific and technological development has consistently adhered to the concept of ""science and technology for good."" The presence of Chinese technology at the disaster relief site in Myanmar exemplifies the concept of a community with a shared future for mankind. https://t.co/0TS3KQxNQv"
myanmar earthquake 2025,1908895815893934284,2025-04-06_14-53-22,en,Mark Farina,False,67605,"Texas, USA",11,61,1,"A damaged lying Buddhist statue is pictured inside a pagoda following an earthquake in Mandalay, Myanmar, April 3, 2025. https://t.co/yzhxdLtM5A"
myanmar earthquake 2025,1908896695942815748,2025-04-06_14-56-52,en,Grok,False,3486668,wherever you are,0,0,0,"It's plausible that during the Myanmar earthquake on March 28, 2025, some people in mosques stayed calm and didn’t run, as shown in a video. Reports confirm it was during Friday prayers, with casualties in collapsing mosques. However, it’s not clear if this was true everywhere—some likely stayed due to faith, but evidence is limited."
myanmar earthquake 2025,1908898319507804556,2025-04-06_15-03-19,en,Thet Zaw,False,894,"Yangon, Myanmar",1,1,0,Myanmar Earthquake update as of 6pm 6th April 2025: https://t.co/ahQCuKCfHH
myanmar earthquake 2025,1908899261506367804,2025-04-06_15-07-04,en,RT,False,3270182,,60,160,6,Myanmar earthquake causes mud volcano to erupt near village of Naga — reports https://t.co/Ze5jm0GTJ9
myanmar earthquake 2025,1908901704671883433,2025-04-06_15-16-46,en,Lye,False,331,,0,0,0,MYANMAR EARTHQUAKE 2025: IT'S SHOCKING PROPHECY &amp; FULFILMENT - PROPHET D... https://t.co/HDSu3P1pep via @YouTube
myanmar earthquake 2025,1908903530204688671,2025-04-06_15-24-01,en,Massimo,False,2414777,"Italy, North by Northwest",73,308,25,Singapore has deployed cyborg cockroaches to assist in search-and-rescue operations in Myanmar following the devastating 7.7-magnitude earthquake. https://t.co/ddzZku4YqG
myanmar earthquake 2025,1908906013761188328,2025-04-06_15-33-54,en,Sprinter Observer,False,618352, 💞,187,792,20,"By order of President Putin... Russia is sending 68 tons of aid to Myanmar via two Il-76 aircraft, including food, tents, and generators. Russian rescue teams are combing through the rubble, inspecting 63 destroyed buildings, and treating the injured in a field hospital. Three additional aircraft are on the way!"
myanmar earthquake 2025,1908908567148511644,2025-04-06_15-44-02,en,Grok,False,3486668,wherever you are,0,0,0,"India's humanitarian aid to Myanmar post-earthquake is robust, with over 168 tons sent by April 5, 2025, under 'Operation Brahma.' This includes relief materials like tents, meals, and medicines, plus a field hospital. More aid, possibly 440 tons, is in progress, likely surpassing Russia's 68 tons. https://t.co/pqlzSn8SPf"
myanmar earthquake 2025,1908913731397972222,2025-04-06_16-04-34,tr,Conflict,False,1009036,Türkiye,8,212,8,🔴 Myanmar'da meydana gelen deprem sonrası çamur volkanı oluştu. https://t.co/C9OtLDmOK6
myanmar earthquake 2025,1908916629066461397,2025-04-06_16-16-04,en,"Maj Digvijay Singh Rawat, KC",False,5394,Uttarakhand  🏔️,67,198,16,"NSCN(IM) (National Socialist council of Nagaland) a Naga terrorist group has opened up new Camp in Myanmar bordering Ukhrul district of Manipur,India. NSCN is banned terrorist outfit declared by Government of India. For how long will Myanmar be safe heaven for Indian insurgent groups. Myanmar is another Pakistan of east. All this is happening all under nose of Myanmar Army with whom PM Modi was shaking hand just 2 days back at BIMSTEC and Indian army’s rescue columns are in Myanmar right now doing rescue work after earthquake. @__phoenix_fire_ @FrontalForce @IndianSinghh @alpha_defense @TacticalKafir @Goreunit @mountain_rats @KesariDhwaj @captsinghjs @colhunnybakshi @spadexuu_716i @OsintTV @NEquaker @indfoundation @timesofindia @TanushreePande @IrrawaddyNews @Spearcorps @sheehanj920 #WhatsHappeninglnMyanmar"
myanmar earthquake 2025,1908922206316282270,2025-04-06_16-38-14,en,WarRoom Archives,False,113620,,36,858,10,"PDF guerillas carrying out an attack on junta forces in Monywa, Myanmar☠️ https://t.co/sasJWGIdU0"
myanmar earthquake 2025,1908923930556956688,2025-04-06_16-45-05,tr,Malik Ejder,False,133337,Kahramanmaraş,51,272,9,Myanmar'daki 7.7 büyüklüğündeki depremin güzellik salonundaki görüntüleri.. Yaklaşık 10 saniye sürmüş.. biz Maraş'ta 7.7'yi 65 saniye yaşamıştık hesap ediniz..Korkunçtu.. Asla ayakta yürümeye çalışmayın.. Emekleyip hareket edin..Tutunun https://t.co/H4NBeZ4u2r
myanmar earthquake 2025,1908925790449807377,2025-04-06_16-52-29,en,Grok,False,3486668,wherever you are,0,0,0,"@RTEUrdu @grok It's plausible that worshippers in a Thai mosque continued praying during the 7.7 magnitude earthquake on March 28, 2025, based on X posts, but it’s not fully verified. Evidence suggests the video might be mislabeled, possibly showing a Myanmar event instead, where mosque collapses were reported. More confirmation is needed. https://t.co/pqlzSn8SPf"
myanmar earthquake 2025,1908929210204270601,2025-04-06_17-06-04,en,MFA Russia 🇷🇺,False,787140,Russia,106,418,28,⚡️ @mchs_official: 🇷🇺🇲🇲 PM Min Aung Hlaing arrived in Mandalay to see firsthand the work of Russia's EMERCOM specialists. The Russian rescuers are working around the clock to clear debris and save the lives of Myanmar citizens. https://t.co/icjUs11mYY #RussiaHelps https://t.co/mLYZ6nrsLm
myanmar earthquake 2025,1908932715845394817,2025-04-06_17-20-00,tr,Mahfil,False,56157,,48,204,8,🔴 Myanmar'ın Arakan eyaletinde Arakan Rohingya Kurtuluş Ordusu (ARSA) ile Arakan Ordusu arasında şiddetli çatışmalar yaşandı. https://t.co/u4X4ZjlHCU
myanmar earthquake 2025,1908933227323994497,2025-04-06_17-22-02,in,Earthquake Map,False,2423,,0,0,1,"【m4.4】MYANMAR 10km Apr 06, 2025 17:10:56 UTC (G)https://t.co/jslRS9FhJx (EMSC)https://t.co/Tq3yLSUakY"
myanmar earthquake 2025,1908939806383739075,2025-04-06_17-48-10,en,Pro Abdullah,False,1533,Myanmar refugee in Bangladesh ,4,7,0,The damage to the Grand Mosque in the city that was damaged in the earthquake that struck on 28.3.2025 (Friday) is as follows. May Allah forgive us for our past sins and grant us a better reward. https://t.co/5vumxRRTfb
myanmar earthquake 2025,1908940198039167155,2025-04-06_17-49-44,en,🇧🇷edivaldo1000🇧🇷,False,42055,gama/DF,0,0,1,Magnitude 7.7 Earthquake in Myanmar &amp; Thailand 2025 COMPILATION (PART 4) https://t.co/AiPS6Kso6A via @YouTube Imagens do terremoto em Mianmar!
myanmar earthquake 2025,1908941272896975338,2025-04-06_17-54-00,en,B.NeT🇮🇳,False,2148,,77,82,5,This is quite disturbing. An actor named Paudre Gangte from Manipur is connected with the Myanmar Militia as per #Zo4Zogam Channel. @manipur_police @AmitShah @ANI @ndtv @debanishachom Please verify and take appropriate legal action if the allegations are true. https://t.co/5074P5ax9i
myanmar earthquake 2025,1908942904900407459,2025-04-06_18-00-29,en,Science News,False,5332448,"Washington, DC",6,37,3,"The shallowness of the rupture meant that all of the waves of seismic energy it generated arrived at Earth’s surface at nearly the same time, producing powerful, catastrophic shaking, says Susan Hough, a geophysicist. https://t.co/xDrVCngHlM"
myanmar earthquake 2025,1908946078117900365,2025-04-06_18-13-06,en,Homer_Alt,False,4710,Manipur ,118,140,7,🚨Paudre Gangte — a Kuki local actor from Churachandpur — has links to the Myanmar-based militia Chin Defense Force - Tonzang (CDF-Tonzang). 📷His social media shows him posing with Assault rifles alongside women cadres of CDF-Tonzang — such armed #KukiTerrorists with connections to foreign-backed groups are fueling violence and unrest in Manipur. 👉 Authorities must take note. This cannot be ignored. @NIA_India @gpsinghips @BhallaAjay26 @RajBhavManipur @manipur_police @ajaykraina @crpfindia @kuldiep86 @Spearcorps @8Bncrpf
myanmar earthquake 2025,1908968788122337312,2025-04-06_19-43-20,tr,TRT HABER,False,4713980,Türkiye,183,1444,26,"Myanmar merkezli 7,7’lik depreme camide yakalanan cemaat sarsıntıya rağmen namaza devam etti. 📍Tayland https://t.co/kym5xTDkzw"
myanmar earthquake 2025,1908977323128340848,2025-04-06_20-17-15,en,Samaritan's Purse,False,1030283,"Boone, NC",71,364,14,🚨Myanmar Earthquake Response Update: Emergency Field Hospital setup is underway! Learn more and support earthquake relief efforts here: https://t.co/6lhDfuGydM https://t.co/3YS1ajvXtZ
myanmar earthquake 2025,1908977646383386794,2025-04-06_20-18-32,tr,Conflict,False,1009036,Türkiye,114,1961,80,"🔴 Tayvan’da, Myanmar merkezli 7,7’lik depremin yeni görüntüleri ortaya çıktı. Depreme camide yakalanan cemaat sarsıntıya rağmen namaza devam etti. https://t.co/ZZRIirvWzQ"
myanmar earthquake 2025,1908978047019254197,2025-04-06_20-20-08,fr,Kocovich Insights,False,25793,Jupiter,732,4695,58,"🔴 De nouvelles images du tremblement de terre de magnitude 7,7 centré au Myanmar sont apparues à Taiwan. La congrégation de la mosquée touchée par le tremblement de terre a continué à prier malgré les secousses. https://t.co/84XlSYBdYo"
myanmar earthquake 2025,1908986783854997790,2025-04-06_20-54-51,tr,HURMA,False,132637,Türkiye,33,239,1,🔴 Myanmar'ın Arakan eyaletinde Arakan Rohingya Kurtuluş Ordusu (ARSA) ile Arakan Ordusu arasında şiddetli çatışmalar yaşandı. https://t.co/L2vucrYAJh
myanmar earthquake 2025,1909000962188116151,2025-04-06_21-51-11,tr,Ahsen İlhan 🇹🇷,False,32371,YAZAR - ŞAİR - EDİTÖR ,68,316,12,"İman gücü hakikaten hamasi bir ifade değil. Kuş değilsin ama ne zaman düşecek olsan kanatların var gibi, tek başına savaşın ortasındasın ama seni mahfazaya alan demirden kuleler, ebabilden ordular var gibi... Myanmar'da 7.7'lik depremde cemaat👇🏻 https://t.co/MsiU93GbNh"
myanmar earthquake 2025,1909012757623767403,2025-04-06_22-38-03,en,Nirmata,False,330,M31,0,1,0,"Magnitude 8 earthquake risk on rise in China and surrounding regions, study warns. A study by Chinese seismologists, published just days before a deadly magnitude 7.9 earthquake hit Myanmar on March 28, 2025, warns of a rising risk of major earthquakes in China and surrounding regions. Led by Zhu Hongbin of the Beijing Earthquake Agency, the research links seismic activity to fluctuations in Earth’s rotational speed, measured as changes in the length of a day (LOD). Analyzing 150 years of data, the team identified six “active periods” of earthquakes in the region, with the current phase focusing on the Bayan Har block near the Tibetan Plateau. They suggest that tectonic stress is shifting northeast, raising risks in areas like Sichuan, Yunnan, and the Himalayas. The Myanmar quake, which killed over 3,000, aligns with their predictions, but some experts, like Gao Mengtan, argue that global seismic activity in 2025 remains below average, casting doubt on claims of a new “shaking mode.” Recent smaller tremors in Tibet, Xinjiang, and Guangdong, plus a magnitude 7.3 quake near Tonga, have heightened attention on the study’s findings. https://t.co/nV6WHalH7u"
myanmar earthquake 2025,1909014504844697746,2025-04-06_22-45-00,en,CBS News,False,8980964,"New York, NY",10,24,5,"People in Myanmar's earthquake-stricken areas braced for thunderstorms late Sunday, after heavy rains and winds the previous night disrupted rescue and relief operations and added to the misery of the many who lost their homes in the disaster. https://t.co/8ZrfAb8TkH"
myanmar earthquake 2025,1909049707873051136,2025-04-07_01-04-53,en,AHA Centre,False,4999,"Jakarta, Indonesia",1,2,0,SITUATION UPDATE No. 5 – M7.7 Earthquake in Myanmar and Thailand – 6 April 2025 https://t.co/BVCbnBP0UF
myanmar earthquake 2025,1909050216755441768,2025-04-07_01-06-54,en,AJ AMAZING☀️🖤💙 Pray for Myanmar & Thailand,False,1147,Thailand,714,893,5,Rakkk naaa!! Hear that crowd!! #Gemini1stFMinDenver #Gemini_NT #เจมีไนน์ @gemini_ti https://t.co/dvBcysRW25
myanmar earthquake 2025,1909062111470190674,2025-04-07_01-54-10,en,Civil Disobedience Movement,False,209248,Myanmar,87,138,3,"We’re deeply grateful for international aid — but let’s not forget Myanmar’s local rescue teams. The young rescuer in this video lost all six of his family members to the earthquake. But, he had no time to grieve; he kept working to save others. With little equipment and no state support, they risked their lives, often doing the most dangerous jobs even alongside foreign teams. Our resilience is remarkable and heartbreakingly sad."
myanmar earthquake 2025,1909063610896167090,2025-04-07_02-00-08,en,Asian Banking & Finance,False,1360,Singapore,0,0,1,"Banks in Thailand are not expected to feel the strain brought about by the strong earthquake that hit Myanmar on 28 March 2025, according to Moody’s Ratings. https://t.co/vpIKvJ1Ex9"
myanmar earthquake 2025,1909067438500561052,2025-04-07_02-15-20,en,Tom Fletcher,False,195703,"New York, NY",67,170,16,The devastation is real. The loss is real. Earthquakes don’t hit everyone equally—they hit the poorest hardest. They lack the resources to survive and to rebuild their lives. We need the world to be on the side of the communities I met in Myanmar. https://t.co/A5IDKMOrYx
myanmar earthquake 2025,1909070959358931107,2025-04-07_02-29-20,ko,What's going on in ASEAN?,False,4,Seoul,0,0,0,2003년 이라크 침공으로 악화된 동남아 내 반미 감정을 2004년 아체 쓰나미 대응으로 회복했던 미국. 하지만 2025년 미얀마 대지진 대응에 미국은 보이지 않는다. America’s Absence in Myanmar’s Early Earthquake Response: A Moral and Strategic Failure https://t.co/pmlO89RzL5
myanmar earthquake 2025,1909079211689800128,2025-04-07_03-02-07,en,CRPH Myanmar,False,273035,Myanmar,27,41,0,"MPs joining the #IPU150 have the power to help the people of #Myanmar who are bravely opposing the brutal military junta and an opportunity to support our efforts to restore #peace, #democracy and development to Myanmar. Here’s we request you to ⬇️ https://t.co/VzWrxLpJnV"
myanmar earthquake 2025,1909083038857810046,2025-04-07_03-17-20,en,Weather Monitor,False,15433,The Weather Room ,45,66,1,"Update: The death toll from the Myanmar earthquake has risen to 3,471. Rescue efforts are being hampered by heavy rains and heat up to 38 degrees. The video shows the moment of the magnitude 7.7 earthquake near the epicenter. https://t.co/91rL1vNcL1"
myanmar earthquake 2025,1909094490708795852,2025-04-07_04-02-50,en,Myanmar Fire Services Department,False,807,Myanmar,0,0,0,"On 28.3.2025, due to the earthquake search and rescue operations are ongoing in Pyawbwe Township, Mandalay. As of now, there have been 2 pagodas, 3 monasteries, 107 residential buildings, 116 injured , 161 dead, and 3 roads damage. Search and rescue operations are continuing. https://t.co/LYc5NeXSYN"
myanmar earthquake 2025,1909106731831169277,2025-04-07_04-51-29,en,Myanmar Fire Services Department,False,807,Myanmar,0,1,0,"On 30.3.2025,due to the earthquake in Mandalay,a team of 50 members from the Fire Services Department, together with search and rescue team from the People's Republic of China, are carried out rescue operations at the Sky Villa collapsed. At 20 05,1 dead body was recovered. https://t.co/r79qYvMaE3"
myanmar earthquake 2025,1909107787331674163,2025-04-07_04-55-40,en,The STRATCOM Bureau,False,53877,Islamic Republic of Pakistan,30,240,9,#Pakistan sends Boeing 757 with a second consignment of 35 tones of Humanitarian aid and relief to earthquake-struck #Myanmar: https://t.co/nnalrTQRfy
myanmar earthquake 2025,1909107947264696682,2025-04-07_04-56-18,en,Jasmeen Kaur,False,721,Delhi,531,3941,80,If Humanity has a Face...😍 7.9 #Earthquake tremors but these nurses did not run away instead made every efforts to save the new Borders in a Hospital in #Myanmar 🫡🫡 #Humanity #ViralVideo #heatwave #Mannat #StockMarketIndia #goldrate #SRHvsGT #BlackMonday https://t.co/t7oeZsV89W
myanmar earthquake 2025,1909116156172222783,2025-04-07_05-28-55,en,NicholasBJM,False,29,,0,1,0,"Earthquake death toll exceeds 3,500 April 7, 2025 The death toll from the powerful earthquake that struck Myanmar on March 28 has risen to 3,514 with 4,809 injured as of Sunday evening, the junta’s state media announced. The number is expected to rise. #WhatsHappeningInMyanmar https://t.co/8hzjD7ZE9y"
myanmar earthquake 2025,1909121472997601545,2025-04-07_05-50-03,in,Earthquake Map,False,2423,,0,0,1,"【m3.7】MYANMAR 10km Apr 07, 2025 05:40:39 UTC (G)https://t.co/53PA7UKZK8 (EMSC)https://t.co/BS3g3LqENk"
myanmar earthquake 2025,1909144807475183858,2025-04-07_07-22-46,en,Moe Sat Khin,False,1675,"Myanmar, Yangon",4,7,0,"A U.S.-based organization, Samaritan’s Purse, has arrived in Myanmar with 22,634 kg of medical and surgical supplies to set up an emergency field hospital. The team includes 25 medical professionals—surgeons,physicians,nurses,and specialists. @SamaritansPurse #MyanmarEarthquake https://t.co/H6RpsDmROU"
myanmar earthquake 2025,1909150992425165279,2025-04-07_07-47-21,en,北村 俊博　KITAMURA TOSHIHIRO,False,2520,,0,2,0,"Japan Disaster Relief (JDR) Medical Team is providing medical services to the people of Myanmar 🇲🇲 affected by the earthquake on March 28, 2025. https://t.co/jTxXUsyq76 https://t.co/SmCa7capIY https://t.co/655UuT0gyR"
myanmar earthquake 2025,1909151726327996851,2025-04-07_07-50-16,en,北村 俊博　KITAMURA TOSHIHIRO,False,2520,,0,2,0,"Japan Disaster Relief (JDR) Medical Team is providing medical services to the people of Myanmar 🇲🇲 affected by the earthquake on March 28, 2025. https://t.co/jTxXUsyXWE https://t.co/SmCa7caXyw https://t.co/655UuT0Oop"
myanmar earthquake 2025,1909152178805387369,2025-04-07_07-52-04,en,Moke dongfang,False,3969,,0,1,0,"A rescue and medical team from Yunnan Province arrives at the Kunming Changshui International Airport in Kunming, southwest China's Yunnan Province, April 6, 2025 The team returned from Myanmar on Sunday afternoon, after completing their earthquake relief work #缅甸地震 #胞波情暖 https://t.co/cxuFww1TJ6"
myanmar earthquake 2025,1909166346727735526,2025-04-07_08-48-22,en,Sampan Travel,False,1702,Myanmar,0,1,0,"Here is an update on the Myanmar earthquake that struck on 28 March 2025, as well as ways that you can help. https://t.co/ed1kcJPG6F https://t.co/UzdFypJmbg"
myanmar earthquake 2025,1909167805364347024,2025-04-07_08-54-10,en,Myanmar Now,False,445877,Myanmar,8,5,0,"Survivors of the quake in Wundwin Township are now coping with water shortages and a lack of electricity, with many sleeping outside their homes due to the danger of aftershocks Read more: https://t.co/v00ya02PoR Follow us on Bluesky! https://t.co/2bp3g4ncYw https://t.co/pjHRFX33H9"
myanmar earthquake 2025,1909172038817996900,2025-04-07_09-10-59,en,LiVEARTH,False,156,地球,0,0,0,"[Overview the Earth] No.2301: #Bangkok, the capital of #Thailand at night. Myanmar's M7.7 earthquake on March 28, 2025 affected neighboring Thailand, and a high-rise building under construction collapsed in Bangkok. https://t.co/WFVWAu1bp5"
myanmar earthquake 2025,1909174482264039878,2025-04-07_09-20-41,de,CSI-Schweiz,False,318,"8122 Binz bei Maur, Schweiz",0,0,0,"Am 28. März 2025 hat ein verheerendes Erdbeben Myanmar erschüttert. CSI unterstützt lokale Partnerorganisationen, die abgelegene Gebiete mit Nothilfepaketen versorgen. Unterstützen Sie hier das Nothilfeprojekt in Myanmar: https://t.co/NH1yWJ7e4u #csischweiz #myanmar #earthquake #persecutedchristians #religiousminorities #religiousfreedom #humandignity #humanrights"
myanmar earthquake 2025,1909175885833314602,2025-04-07_09-26-16,en,Xplore_Nagaland,False,20459,"Nagaland,India 🇮🇳.",44,313,18,"📍Thanamir village,Nagaland produces one of the best apple 🍎 in India. With nearly 70,000 to 80,000 trees, of which around 50,000 bear fruit, this small village near Myanmar produces an impressive 40-50 tonnes of apples annually. Nearly every home has at least one tree in its yard. Taste to believe it .❤️. Visit Nagaland Visit Thanamir."
myanmar earthquake 2025,1909186361430610315,2025-04-07_10-07-54,en,CGTN Europe,False,28708,Europe,0,2,0,"EU Commission: 'Commission announces additional €10 million for Myanmar earthquake relief Following the devastating 7.7-magnitude earthquake on 28 March 2025, the European Commission is allocating an additional €10 million in humanitarian aid. This funding will provide emergency shelter, medical care, clean water, and sanitation to affected communities, as well as family tracing and reunification amongst others.'"
myanmar earthquake 2025,1909196550854553738,2025-04-07_10-48-23,en,Grok,False,3486668,wherever you are,0,2,1,"Yes, Jincheng Hospital Maternity Center is in Ruili, Yunnan, southwest China, near the Myanmar border. The earthquake, called the Myanmar Earthquake, hit central Myanmar on March 28, 2025, with a magnitude of about 7.7. Its effects were felt strongly in Ruili due to the proximity, which is why the nurses' heroic actions protecting newborns went viral."
myanmar earthquake 2025,1909198000422875461,2025-04-07_10-54-09,en,Fortify Rights,False,43911,,42,41,5,"As Myanmar’s junta seeks foreign aid for earthquake relief, @john_hq3 from @FortifyRights stresses the need to ensure aid reaches those most in need. “As a human rights group we need to monitor…is it [aid] actually reaching people in need?” https://t.co/QHEj8iOWAc"
myanmar earthquake 2025,1909199481985548631,2025-04-07_11-00-02,it,Ambasciata Repubblica Popolare Cinese in Italia,False,46833,"Rome, Lazio",24,114,14,"Eroi tornano a casa! Una squadra di soccorso e medica di 37 membri provenienti dalla provincia dello Yunnan, è tornata domenica pomeriggio dopo aver completato con successo le operazioni di soccorso in #Myanmar. A seguito del devastante #terremoto di magnitudo 7.9 del 28 marzo, la squadra è stata la prima squadra di soccorso cinese a raggiungere le zone colpite, partendo da Kunming il 29 marzo. Con rilevatori di vita, sistemi di allerta sismica, telefoni satellitari e droni, hanno lavorato instancabilmente per oltre 150 ore a Naypyidaw. Un momento di speranza: il 30 marzo, insieme alle forze locali, hanno salvato un anziano rimasto intrappolato per quasi 40 ore! In totale, oltre 500 soccorritori cinesi hanno partecipato alle operazioni di soccorso in Myanmar, salvando nove vite. Un esempio di solidarietà e aiuto reciproco che ci riempie di orgoglio."
myanmar earthquake 2025,1909199888593907933,2025-04-07_11-01-39,en,中华人民共和国商务部MOFCOM,False,22589,,1,2,3,"Q: We noticed that the first batch of emergency humanitarian earthquake relief supplies provided by the Chinese government to Myanmar has arrived in the disaster-stricken areas. Could you share more details? (MOFCOM Regular Press Conference April 3, 2025) A: The Ministry of Commerce swiftly implemented the Communist Party of China Central Committee's decisions, mobilizing supplies overnight and coordinating emergency logistics before the ""golden window for rescue operations"" closes. The first batch of relief supplies arrived at Myanmar’s Yangon International Airport on March 31, within 72 hours of the disaster. The second batch was delivered at noon today. Next, we will continue to dispatch tents, food, and other urgently needed supplies via chartered flights in the shortest time possible. We will also mobilize local Chinese enterprises and business associations to support disaster relief, infrastructure repair, and reconstruction efforts to help the affected people overcome the disaster and rebuild their homes, demonstrating the deep friendship between the peoples of China and Myanmar."
myanmar earthquake 2025,1909200953971982545,2025-04-07_11-05-53,en,Tony Latte,False,23,,0,0,1,List of deaths from earthquake in Myanmar 28/03/2025. Cont'd - Mingun 40 Wundwin Thaetaw 13 Naypyidaw 385 Picture: Pyinmana town. https://t.co/ckgQ6X39M8
myanmar earthquake 2025,1909201276736618929,2025-04-07_11-07-10,en,worldweatheronline,False,14176,UK,1,2,0,"When the Ground Shook: Understanding the Myanmar Earthquake: On March 28, 2025, the Earth roared beneath Myanmar. A powerful 7.7 magnitude earthquake struck near Mandalay, shaking not only the heart of the count https://t.co/MLhjeL9wIV https://t.co/g2NeTOz2lC"
myanmar earthquake 2025,1909202549133201647,2025-04-07_11-12-13,en,The Irrawaddy (Eng),False,735806,,55,58,3,"The bodies of nine women and a child were recovered on Monday from the Sky Villa high-rise condominium in Mandalay, which collapsed in the March 28 earthquake in central Myanmar, bringing the death toll in the building to 63. #WhatsHappeningInMyanmar https://t.co/3s9JF2gYxD"
myanmar earthquake 2025,1909206519826219357,2025-04-07_11-28-00,in,Berita Sepakbola Dunia,False,55675,,70,1092,43,Indonesia di Piala Asia U-17 2025. Kualifikasi 🇮🇩 Indonesia 1-0 Kuwait 🇰🇼 🇲🇵 Mariana Utara 0-10 Indonesia 🇮🇩 🇮🇩 Indonesia 0-0 Australia 🇦🇺 Fase grup 🇰🇷 Korea Selatan 0-1 Indonesia 🇮🇩 _____ Yaman di Piala Asia U-17 2025. Kualifikasi 🇾🇪 Yaman 6-1 Myanmar 🇲🇲 🇰🇬 Kyrgyzstan 2-3 Yaman 🇾🇪 🇾🇪 Yaman 1-1 Vietnam 🇻🇳 Fase grup 🇾🇪 Yaman 2-0 Afghanistan 🇦🇫 Sama-sama masih unbeaten 🔥 Optimis bisa menang lawan Yaman ngga nanti malam?
myanmar earthquake 2025,1909207207964529095,2025-04-07_11-30-44,en,News v2,False,57,127.0.0.1,0,0,0,"Top News for April 07, 2025 Morning Update • Myanmar's devastating earthquake leaves over 3,500 dead and deepens political turmoil, with experts warning that the crisis could further destabilize the nation. • A destructive spring storm system sweeps parts of the US, causing severe flooding and tornadoes that have resulted in at least 19 fatalities. • European stocks plunge by 4% amid a global tariff rout, with deepening market volatility stirring concerns across international financial markets. • World leaders and over 50 countries are urgently seeking negotiations on tariffs as global markets reel from policies initiated by current president Trump. • Current president Trump defends tough market measures amid crashing stocks, stating that ""sometimes you have to take medicine"" to combat economic fallout. • In Iraq, Iran-backed militias signal readiness to disarm amid fears of repercussions from current president Trump’s administration. • China downplays the impact of the ongoing trade war, arguing that the US tariffs are a form of misguided protectionism and unilateral economic bullying. • A tragic incident unfolds in Gaza where aid workers are killed by Israeli gunfire, intensifying concerns over the humanitarian situation in the region. • A Palestinian American teen is fatally shot by Israeli forces in the West Bank, further escalating tensions in an already volatile area. • Mandatory evacuations are underway in Carroll County following the release of water at Dix Dam, prompting local authorities to enact emergency measures. #BreakingNews #GlobalUpdate #USPolitics #MarketWatch #WeatherAlert"
myanmar earthquake 2025,1909218189893845496,2025-04-07_12-14-22,en,Grok,False,3486668,wherever you are,0,0,0,"The earthquake in Myanmar on March 28, 2025, was 7.7 magnitude, not 7.9 as claimed. Your count of 17 magnitude 6+ earthquakes worldwide this year up to that date matches notable events listed. However, this frequency doesn’t suggest an ""active seismic period""—it’s within or below normal expectations based on historical data."
myanmar earthquake 2025,1909218811707793831,2025-04-07_12-16-50,en,E-Pao Manipur,False,27226,,0,0,0,"Stands in Solidarity with Myanmar Earthquake Victims - April 5, 2025 :: Meetei Yaipha Lup — London - Read full @ https://t.co/C81pyMHQIa"
myanmar earthquake 2025,1909223129622143207,2025-04-07_12-34-00,en,DW News,False,753483,Germany,8,24,1,"Myanmar residents say they are ""heartbroken,"" as the recent earthquake destroyed many of their ancient sites, as well as their livelihood. The 7.7 magnitude earthquake reduced the city of Inwa to rubble. https://t.co/9kXx03OiRJ"
myanmar earthquake 2025,1909228380773609515,2025-04-07_12-54-52,en,JIMIN LAND Myanmar,False,3517,JIMIN LAND Myanmar,407,1133,22,"From April 1st to 5th, we, JIMIN Myanmar Fans, delivered emergency supplies—food, clean water, medicine, and basic necessities—to several communities in need across Sagaing and Mandalay. + #MyanmarEarthquake https://t.co/UFV31JEWA6"
myanmar earthquake 2025,1909228578501255634,2025-04-07_12-55-39,en,ET Edge Insights,False,516,Mumbai,0,0,1,"Myanmar was just struck by a massive earthquake. The timing couldn't be worse as crucial USAID support, projected at $259M for 2025, has reportedly been cut. This decision has devastating consequences, hindering rescue efforts and leaving countless vulnerable."
myanmar earthquake 2025,1909228862380122439,2025-04-07_12-56-47,en,Arakan Bay News,False,3585,United States,15,30,1,"Photographic records of donations of cooking oil, rice, and sugar by Arakan Government to the Muslim communities at the Hlaphokhaung IDP camp in Maungdaw Township, Rakhine on the occasion of Eid al-Fitr on 30 March 2025 #Rohingya #Myanmar #ArakanArmy https://t.co/BpoF1PoUJi"
myanmar earthquake 2025,1909231287006527653,2025-04-07_13-06-25,en,Travis G.,False,365,"Brooklyn, NY",0,0,0,"On March 28, 2025, a 7.7 magnitude earthquake struck near Mandalay, Myanmar, causing over 2,000 deaths and widespread damage. Felt in Thailand, it led to a skyscraper collapse in Bangkok, killing dozens. Rescue efforts continue as aftershocks persist. https://t.co/vHECSKkOOG"
myanmar earthquake 2025,1909231548085457240,2025-04-07_13-07-27,en,Spring Development Bank,False,7745,,398,1390,327,"Combined Strength of Pure Hearts If an earthquake strikes, it happens quickly, The people of Myanmar suffer across the land. Without delay, swiftly and fast, SCF conducts campaigns. Together, united as one, the people Help each other without hesitation. Within 24 hours, the target is exceeded, Increased ninefold in seven days, Over one billion and three hundred million. Donors feel happy again, Delivering aid as quickly as possible. NUG also joins without delay, Building and supporting together. Everyone will strive together, United in harmony. In this earthquake relief effort, Trust and choose the right path. Those who care fill the warmth, Helping through Spring CrowdFund Poet – Go Go Join the campaign: https://t.co/l7EywmzZu1 #EarthquakeDisasterRelief #SpringDevelopmentBank #NwayOoHti #SpringCrowdFund #TogetherwithSCF"
myanmar earthquake 2025,1909233153161752956,2025-04-07_13-13-50,en,ACLED,False,55183,,2,6,0,"Asia-Pacific Overview | April 2025 ◾ A 7.7-magnitude earthquake killed over 3,000 in Myanmar ◾ Pro- & anti-Yoon protests in South Korea surged 80% amid impeachment fallout ◾ Thailand separatist activity rose 30% during Ramadan Read the full update: https://t.co/pLTkGMGKr5"
myanmar earthquake 2025,1909242569537863956,2025-04-07_13-51-15,en,Eivor,False,18776,迷宫,18,129,0,"After rescuing 20 kg of gold from an apartment building leveled by the earthquake in Myanmar, volunteers from China’s Chongqing and Yunnan Province immediately turned them over to the local authorities. It is our sincere wish that the people of Myanmar would remain strong and will use the gold that has been retrieved to reconstruct their homelands."
myanmar earthquake 2025,1909245793627754645,2025-04-07_14-04-03,en,Grok,False,3486668,wherever you are,0,1,0,"@stuart_mcghie @Pontifex Pope Francis urges prayer for peace in conflict zones: Ukraine (""martyred""), Middle East, Sudan, South Sudan, DR Congo, Myanmar (hit by a March 28, 2025 earthquake), and Haiti (where violence persists, with two religious women killed on March 31, 2025)."
myanmar earthquake 2025,1909250771494781227,2025-04-07_14-23-50,en,Matthew Tostevin,False,258518,UK,84,109,2,"The existing lack of sanitation and clean water in Myanmar is now increasing the risk of waterborne diseases after the earthquake, Oxfam said. https://t.co/6MfCWBs9af #WhatsHappeninglnMyanmar #MyanmarEarthquake https://t.co/5fotXpyHsu"
myanmar earthquake 2025,1909252755811959220,2025-04-07_14-31-43,en,Japan Defense Brief,False,458,Japan,0,0,0,"Japan Dispatches JSDF Transport Aircraft to Myanmar for Earthquake Relief Efforts – 7 April 2025 Asahi Shimbun, 7 April 2025. Japan has decided to dispatch Japan Self-Defense Forces (JSDF, 自衛隊) units to Myanmar as part of an international emergency assistance operation to support victims of the recent earthquake. The mission will involve transporting medical supplies and equipment via JSDF aircraft. Defense Minister Gen Nakatani (中谷元) is expected to make a formal announcement soon. Details of the Relief Operation On 6 April 2025, multiple government officials confirmed the JSDF’s deployment, marking the first international emergency aid operation since the Turkey earthquake in 2023. A JSDF survey team entered Myanmar on 3 April 2025 to gather information on the disaster and assess local needs. Initially, debris removal activities were considered, but concerns over security in the region led to a decision to limit the JSDF deployment to approximately 20 personnel. On 7 April 2025, Nakatani officially announced the deployment of a JSDF C-130 transport aircraft from Komaki Air Base (小牧基地), Aichi Prefecture, scheduled for departure on 8 April 2025. The mission will transport approximately 2.5 tons of medical supplies and equipment essential for ongoing relief operations in the Mandalay region. The aircraft is expected to reach Mandalay International Airport on the morning of 9 April 2025. The decision to dispatch JSDF units comes amid heightened concerns about growing Chinese and Russian influence in Myanmar, as both nations have sent their own aid to the disaster-hit region. Japan, which does not officially recognize Myanmar’s military government, approached the deployment with caution, coordinating efforts between the Ministry of Defense and the Ministry of Foreign Affairs. According to Nakatani, the JSDF maintained readiness to dispatch aircraft from the initial stage of the disaster. This marks the first international emergency assistance operation overseen by the newly established Joint Operations Command (統合作戦司令部). The JSDF established a local coordination office in Myanmar to facilitate information gathering and communication. Coordination with International Partners The Quad nations—Japan, the United States, Australia, and India—held vice-ministerial-level telephone discussions and issued a joint statement calling for a safe environment conducive to providing humanitarian assistance. They emphasized the importance of ceasefires and extensions to facilitate relief operations. Japan’s relief efforts are being carried out in collaboration with the Japan International Cooperation Agency (JICA), which has already deployed a medical team to Mandalay consisting of 32 medical professionals, including doctors and nurses. The supplies transported by the C-130 aircraft will directly support this team’s operations. Future Implications Japan’s decision to dispatch the JSDF to Myanmar reflects its strategic concerns over Chinese and Russian influence in the region. The mission demonstrates Japan’s commitment to providing humanitarian assistance while carefully navigating complex political and security considerations. Continued coordination with Quad partners may strengthen Japan’s regional presence and influence. #Japan #Myanmar #JSDF #C130 #Mandalay #Geopolitics #NationalSecurity #Quad #HumanitarianAssistance #中谷元 #統合作戦司令部"
myanmar earthquake 2025,1909271933876568481,2025-04-07_15-47-56,en,Volcaholic 🌋,False,137361,,256,1026,24,"Terrifying 😱 (watch until the end) Myanmar: CCTV footage from Mandalay’s Mahamuni Pagoda shows the giant Buddha shaking during the powerful M7.7 earthquake on March 28. Moments later, part of the shrine collapses as people scramble to escape. https://t.co/1spOJvbdWE"
myanmar earthquake 2025,1909274380137562432,2025-04-07_15-57-39,en,blackheart ♡,False,686,,109,456,6,"Oh my god today Emi video uploaded… GMMTV artists send the video messages through Royal Thai Embassy, Yangon to encourage Myanmar people affected by the Earthquake on 28 March 2025 Now I want to cry… #emi #เอมี่ #emiamily #emithasorn https://t.co/DwgA6y42cN"
myanmar earthquake 2025,1909275944478527963,2025-04-07_16-03-52,en,PBS News,False,1169855,"Arlington, VA",39,92,30,"At the end of March, Myanmar —a country in the midst of an ongoing civil war — was hit by a powerful magnitude 7.7 earthquake that has killed over 3,300 people. While three U.S. aid workers were on the ground in the country actively involved with aid efforts, they received word that they were being let go. @LisaDNews breaks down what we know."
myanmar earthquake 2025,1909295951271071830,2025-04-07_17-23-22,en,Bangkok Community Help Foundation 🇹🇭,False,2816,"Bangkok, Thailand",0,1,0,"Myanmar Earthquake Situation Report — April 7, 2025 Death Toll Rises: The devastating 7.7-magnitude earthquake that struck Myanmar on March 28 has now claimed 3,514 lives, with over 4,800 injured. The hardest-hit areas include Mandalay, Naypyitaw, and Sagaing. Tragedy in Mandalay: The Sky Villa high-rise in Mandalay, once promoted as “earthquake-proof,” collapsed during the quake. Rescuers recovered the bodies of nine women and a child on Monday, bringing the total fatalities at that site to 63. Search efforts continue, supported by a team from China. Urgent Needs in Shan State: In Yawnghwe Township, Shan State, 320 displaced people lost their temporary shelter at a Buddhist monastery that was damaged in the quake. These families, originally from Pekon and Karenni State, are now in urgent need of food and shelter. Ongoing Casualties: In Karen State, a 3-month-old baby and a 10-year-old child were killed when explosions struck their village, causing further civilian injuries and damage to homes. Humanitarian Crisis in Mandalay Region: In Thedaw town, Mandalay Region, at least 13 people died and 10 were seriously injured due to collapsing buildings. Over 700 residents are now in desperate need of humanitarian assistance. The situation remains critical, with weather conditions, damaged infrastructure, and limited access to supplies continuing to hamper relief efforts. International rescue teams from several countries are on the ground supporting search and recovery operations. We contine to work with ngos to get supplies to the people. Every donation helps us reach more people in desperate need. 𝗠𝗢𝗦𝗧 𝗨𝗥𝗚𝗘𝗡𝗧 𝗡𝗘𝗘𝗗𝗦 𝗧𝗢𝗗𝗔𝗬 Medicine & Health Supplies • Loperamide / Racecadotril (diarrhea) • Oral Rehydration Salts (ORS) • Paracetamol (pain/fever) • Zinc (children especially) • Amoxicillin • Cetirizine • Omeprazole • Surgical bandage rolls • Bandage tape • Metronidazole • Bioflor • Alcohol pads Water & Sanitation • Water purification tablets • Portable water filters • Mosquito nets & repellent Shelter & Basic Needs • Tents • Solar bulbs • Dry goods • Sanitary pads 𝗧𝗿𝗮𝗻𝘀𝗽𝗼𝗿𝘁 & 𝗔𝗰𝗰𝗲𝘀𝘀: We’re airlifting supplies at no cost, followed by a grueling 18-hour journey by land to reach Mandalay and nearby areas. (Under normal conditions, it's just 8 hours — this shows how badly the roads have been affected.) Drop-off Location: Sukhumvit Soi 10, House 23 𝗧𝗵𝗲 𝗖𝗿𝗶𝘀𝗶𝘀 𝗮𝘁 𝗮 𝗚𝗹𝗮𝗻𝗰𝗲 • 3,514 lives lost • 4,800+ injured • Thousands homeless • USGS warns total casualties may exceed 10,000 • 15.2 million face food insecurity • 2.3 million in emergency-level hunger 𝗔𝗰𝘁 𝗡𝗼𝘄: Every single donation — big or small — helps save lives. From Thailand: Bangkok Community Help Foundation (มูลนิธิ แบงค็อก คอมมูนิตี้ เฮลป์) Bangkok Bank: 105-5-06287-9 From Abroad / With Credit Card: https://t.co/HoS3Rp617f or https://t.co/OIEz1qsPvy 𝗗𝗼𝗻𝗮𝘁𝗲 𝘁𝗼𝗱𝗮𝘆 and help us reach more survivors with urgently needed relief. #MyanmarEarthquake #Mandalay #Sagaing #EarthquakeRelief #DisasterResponse #RainRelief #HopeInAction #BangkokCommunityHelp #SurvivalBags #StandWithMyanmar"
myanmar earthquake 2025,1909300557233217622,2025-04-07_17-41-40,en,National Unity Government Myanmar,False,236926,,43,59,4,"According to the data consolidated as of April 7, 2025, the following info-graphs present the damage and loss in Sagaing, Mandalay, Naypyitaw Council, Bago and Nothern Shan areas devastated by the magnitude 7.7 earthquake that occurred 16 kilometers northwest of Sagaing. Note: The term ""religious buildings"" encompasses all damaged monasteries, mosques, religious halls (Dhamayone), pagodas, and similar structures. Damaged infrastructure"" includes offices, hospitals, banks, roads, bridges, and other essential public utilities.""Damaged"" refers to partial or total destruction of structures. #2025MyanmarEarthquake #MyanmarEarthquake #RebuildMyanmar #NUGEarthquakeassist #NUGMyanmar #WhatsHappeningInMyanmar"
myanmar earthquake 2025,1909306708243235026,2025-04-07_18-06-07,en,Daily Mail Online,False,2864100,,7,22,10,Golden Buddha statue shakes and temple collapses during Myanmar earthquake. https://t.co/jExZ9vaGqQ
myanmar earthquake 2025,1909314757280383251,2025-04-07_18-38-06,en,Rami Niranjan Desai,False,27254,"New Delhi, India",25,158,5,When Lord Rama rises in Yangon. #Myanmar https://t.co/dEITr9Chbp
myanmar earthquake 2025,1909335373962264977,2025-04-07_20-00-01,en,JLM NEWS,False,114,USA,0,0,0,"⌚️UPDATE: Myanmar Earthquake Death Toll Climbs Past 3,400 Amid Ongoing Crisis. As of April 7, 2025, the death toll from the devastating 7.7-magnitude earthquake that struck Myanmar on March 28, 2025, has surpassed 3,471, according to state media and relief updates. Centered near Mandalay, the quake—the strongest in over a century—has left over 4,500 injured and hundreds missing, with the U.S. Geological Survey estimating a potential toll exceeding 10,000. Compounded by a civil war and crippled infrastructure, rescue efforts face severe challenges, including damaged roads and hospitals. Foreign aid from China, Russia, and India has arrived, but the military junta’s control and ongoing conflict hinder relief, leaving millions in desperate need as the monsoon season looms. #Myanmar #MyanmarEarthquake #earthquakeinmyanmar"
myanmar earthquake 2025,1909354186392973571,2025-04-07_21-14-46,en,GNLM News,False,182,Myanmar,0,0,0,"Rescue and relief operations ongoing for earthquake victims in affected areas On 28 March 2025, Myanmar was struck by a powerful earthquake, which severely affected six regions and states. As of 7 April 2025, the death... https://t.co/F2zUZikGlI"
myanmar earthquake 2025,1909365905228005546,2025-04-07_22-01-20,en,Brain Snacks-Learn with laughter!!!,False,3820,"Malacca, Malaysia",0,0,0,"On April 8, 2025, Myanmar reels from a devastating 7.7-magnitude earthquake that struck late last month, with the death toll now exceeding 3,300 and climbing. Rescue operations intensified as international aid trickled in, but hundreds remain missing beneath the rubble in remote regions near the Andaman Sea. The United Nations issued an urgent call for global support, estimating damages at $2.8 billion, while UNICEF reported over 600 children orphaned in the disaster’s wake. Harrowing images of collapsed villages and cracked highways, with survivors pleading for help amid shortages of food, water, and medical supplies. Controversy erupted as the U.S., under Trump’s administration, notably abstained from pledging aid, prompting accusations of isolationism from European leaders. “Where’s America when the world needs it?” one EU official tweeted, igniting fierce online debates. Myanmar’s military junta, already strained by civil unrest, struggled to coordinate relief, with reports of aid convoys stalled at checkpoints. Seismologists warn of aftershocks, adding urgency to the race against time. Volunteers from Thailand and India joined local efforts, pulling survivors from debris, but the scale of destruction—exacerbated by poor infrastructure—has overwhelmed response teams. Raw footage of the quake’s aftermath went viral, sparking global solidarity campaigns. Yet, as bodies pile up and hope fades for the missing, the international community faces a stark question: will political rifts hinder a united rescue effort, or can humanity prevail? #MyanmarEarthquake #DisasterRelief #GlobalCrisis"
myanmar earthquake 2025,1909367589303693511,2025-04-07_22-08-02,in,Earthquake Map,False,2423,,0,0,0,"【m4.3】MYANMAR 10km Apr 07, 2025 21:48:31 UTC (G)https://t.co/qSRgI86a2g (EMSC)https://t.co/KMNHddugCD"
myanmar earthquake 2025,1909368910916489245,2025-04-07_22-13-17,en,中西嘉宏 NAKANISHI Yoshihiro,False,2938,,0,1,0,“We are pleased to share with you the Rapid Impact Assessment Report (2025) prepared by Myanmar Survey Research (MSR) in response to the devastating 7.7-magnitude earthquake that struck Myanmar on 28 March 2025.” Myanmar Survey Research https://t.co/eHKxrnm2BR
myanmar earthquake 2025,1909385716959715786,2025-04-07_23-20-04,en,Lev,False,296,OZARKS,0,0,0,"Former beauty queen killed in Myanmar earthquake The first winner of the title ""Miss Tourism Myanmar"" was found among the rubble of a 12-story building that collapsed during the earthquake in Mandalay on March 28, 2025 https://t.co/tsOfZZ3SR7"
myanmar earthquake 2025,1909389571399577913,2025-04-07_23-35-23,th,POM,False,23907,,2737,1710,8,🇲🇲ข่าวล่าสุด!: ประชาชนกำลังเฝ้าดูอย่างกระวนกระวายใจกับการปะทุของภูเขาไฟโคลนใกล้หมู่บ้านนาคา ตำบลเมียนอง รัฐยะไข่ ประเทศเมียนมาร์ (พม่า) มีรายงานว่าภูเขาไฟโคลนนี้ก่อตัวขึ้นหลังจากเกิดแผ่นดินไหวในพื้นที่ดังกล่าว 😱 #Thailand #ไทย #แผ่นดินไหว #Myanmar #พม่า #มัณฑะเลย์ #earthquake https://t.co/OQYqcBK00J
myanmar earthquake 2025,1909395086250500219,2025-04-07_23-57-18,en,Все дети Божьи могут танцевать,False,313,Bulgaria,0,3,0,"A damaged lying Buddhist statue is pictured inside a pagoda following an earthquake in Mandalay, Myanmar, April 3, 2025. REUTERS/Stringer https://t.co/hHPrPv7bX4"
myanmar earthquake 2025,1909407164122513659,2025-04-08_00-45-17,en,Mattieu,False,5488,Günlük,1,13,1,"From Now until April 12, 2025, we’re launching Movers x Myanmar, a community-driven fundraiser supporting Doctors Without Borders relief efforts for the devastating 7.7 magnitude earthquake that struck Myanmar. You can donate in fiat or crypto—every bit of potassium helps. Whether it’s $5 or 5 $ETH, your support makes a difference, make your contribution here!: https://t.co/0uilHmLwO9 Thanks to the @movementlabsxyz team and @mer_q_tio for this responsive action. #moversxmyanmar"
myanmar earthquake 2025,1909420377027031544,2025-04-08_01-37-47,en,UN Development,False,1954595,170 countries & territories,27,92,9,"UNDP is on the ground when crisis hits. @UNDP_Myanmar is distributing Household Emergency Assistance Packages including locally sourced food, medicines, shelter, hygiene kits, solar lamps and more to some 500,000 people in urban and rural areas of Myanmar. https://t.co/Lcclx2dV4I"
myanmar earthquake 2025,1909422443120226446,2025-04-08_01-46-00,en,Samaritan's Purse,False,1030283,"Boone, NC",46,412,11,Praise Report: Today we praise God for our Distance Assistance Response Team (DART) getting to Myanmar safely and beginning to conduct surgeries for those who were injured in the recent earthquake.
myanmar earthquake 2025,1909428358074843612,2025-04-08_02-09-30,en,UN OCHA Asia Pacific,False,19656,Bangkok,15,19,0,"🏚️ Myanmar Earthquake Response SitRep #1 🔷 Approx 17.2M people living in affected areas, over 9.1M people exposed to strongest tremors. 🔷 Over 3,500 people killed &amp; nearly 5,000 injured, including 200 remain missing nationwide. ↘️https://t.co/ChXAS4eyuv https://t.co/XRRlaOmK4V"
myanmar earthquake 2025,1909429131520901291,2025-04-08_02-12-35,en,Civil Disobedience Movement,False,209248,Myanmar,164,489,5,"Myanmar migrant workers in Malaysia went to welcome the Malaysian SMART rescue team who just helped our country. Thank you, Malaysia. 🇲🇾 We’ll never forget. Hope you can come back to our country when we are back on our feet. https://t.co/aiiikXXHuF"
myanmar earthquake 2025,1909432123842265190,2025-04-08_02-24-28,en,"Madh (꧁IP꧂) (✸,✸) 🦙🔥 (Ø,G)",False,26,,0,1,0,"From Now until April 12, 2025, we’re launching #moversxmyanmar,a community-driven fundraiser supporting Doctors Without Borders relief efforts for the devastating 7.7 magnitude earthquake that struck Myanmar. You can donate in fiat or crypto https://t.co/hfKgc2ZBiV"
myanmar earthquake 2025,1909432327157301727,2025-04-08_02-25-16,en,Peter925 | Integrated 🦍⚡️🧡🪒,False,174,,1,8,0,"From Now until April 12, 2025, @movementlabsxyz is launching Movers x Myanmar, a community-driven fundraiser supporting Doctors Without Borders relief efforts for the devastating 7.7 magnitude earthquake that struck Myanmar. You can donate in fiat or crypto—every bit of potassium helps. Whether it’s $5 or 5 $ETH, your support makes a difference, make your contribution here: https://t.co/aF0rkTaDgI #moversxmyanmar"
myanmar earthquake 2025,1909440386155921733,2025-04-08_02-57-18,en,Jeff ♦️(wartime arc),False,36,,0,1,0,"From Now until April 12, 2025, we’re launching Movers x Myanmar fundraiser supporting Doctors Without Borders relief efforts for the devastating earthquake that struck Myanmar. Make your contribution here!: https://t.co/HmUbnsiLvN #moversxmyanmar #godblessmyanmar"
myanmar earthquake 2025,1909444884311793942,2025-04-08_03-15-10,en,Samaritan's Purse,False,1030283,"Boone, NC",42,174,6,"‼️ Myanmar Earthquake Response Update (Apr 7) ‼️ We are thankful to report that our team began performing surgeries today as our Emergency Field Hospital is continuing to be constructed in Myanmar after the recent, deadly earthquake. Additionally, a 747 aircraft loaded with critical supplies is en route to support our relief efforts on the ground. Please join us in praying for those who are suffering and for our teams as they continue to serve. More: https://t.co/S2IPMV23GC #PrayForMyanmar #DisasterRelief #SamaritansPurse"
myanmar earthquake 2025,1909451941211418936,2025-04-08_03-43-13,en,Civil Disobedience Movement,False,209248,Myanmar,77,244,1,"Watch: Myanmar workers in Malaysia welcoming the Malaysia’s SMART rescue team, who just came back from earthquake affected zones in Myanmar, to express our gratitude. Myanmar people are very grateful for this help during our most difficult times. ❤️🇲🇾 https://t.co/HkZUfxbMc7"
myanmar earthquake 2025,1909452977972428879,2025-04-08_03-47-20,en,Burma Related News,False,2411,,1,0,0,Myanmar: Earthquake Response Situation Report No. 1 (As of 7 April 2025) - OCHA - https://t.co/Gpo5Bbvpjh #GoogleAlerts
myanmar earthquake 2025,1909453471830392896,2025-04-08_03-49-18,en,Grok,False,3486669,wherever you are,0,0,2,"The construction site in the video is likely in Bangkok, Thailand, linked to a skyscraper collapse on March 28, 2025, after a 7.7-magnitude earthquake from Myanmar. Reports point to a high-rise on Kamphaeng Phet Road, near Krung Thep Aphiwat Central Terminal, where unsafe conditions match the footage."
myanmar earthquake 2025,1909456164745887824,2025-04-08_04-00-00,en,UN Development,False,1954595,170 countries & territories,12,23,0,"From the removal of debris and rehabilitation of infrastructure to providing temporary shelter, clean drinking water and Household Emergency Assistance Packages, @UNDP_Myanmar is on the ground with the @UN and partners to help those in need. More at: https://t.co/P2Jt0FnXxc https://t.co/kzplAE6isG"
myanmar earthquake 2025,1909456209150607415,2025-04-08_04-00-10,en,UNICEF,False,9193908,,95,230,29,"The deadliest earthquake to hit Myanmar in decades has devastated children's lives. UNICEF and partners are delivering life-saving supplies like clean water, nutrition and hygiene and medical kits. Donate to help us reach more children in need: https://t.co/C22fNQL3LV https://t.co/L22QB3qo4y"
myanmar earthquake 2025,1909457875103322233,2025-04-08_04-06-48,en,Myanmar Fire Services Department,False,807,Myanmar,0,0,0,"On 30.3.2025, due to an earthquake in Zambuthiri, Nay Pyi Taw, a building at No. 1307 in the Balatheikdi area collapsed, trapping people inside. SAR team from the Zambuthiri Township Fire Station, in collaboration with relevant organizations are carrying out SAR operations. https://t.co/cfY9VWjqon"
myanmar earthquake 2025,1909459310310228053,2025-04-08_04-12-30,in,Malaysia Gazette,False,243157,Kuala Lumpur,1906,5662,39,Warga Myanmar sanggup tunggu di luar Lapangan Terbang Subang sebab nak sambut kepulangan anggota SMART dari misi mencari dan menyelamat di negara mereka yang dilanda gempa bumi. Siap cium dahi lagi! Kredit: Anggota SMART Ridza / Tiktok #malaysiagazette #gempabumimyanmar #AnggotaSMART #SMARTMalaysia
myanmar earthquake 2025,1909465574079615204,2025-04-08_04-37-23,en,Channel News Independent,False,1222,,0,0,0,UN to donate $93 million to Myanmar earthquake victims CNI News 8 April 2025 CNI Website &gt;&gt;&gt;&gt;&gt;https://t.co/CI5BLRN5sd #MyanmarEarthquake #UNOCHA #helpandrescue #UN #CNImyanmar https://t.co/6AQGCpsfqX
myanmar earthquake 2025,1909466005710970890,2025-04-08_04-39-06,en,War Noir,False,172632,,38,282,2,"#Myanmar (#Burma) 🇲🇲: ""#Arakan Rohingya Salvation Army"" (#ARSA) raided ""Arakan Army"" positions and took prisoners in #Rakhine State. ARSA fighters notably used a very rare #Hungary-made 🇭🇺 AMD-65 assault rifle and a locally-made M79 grenade launcher."
myanmar earthquake 2025,1909467747354132708,2025-04-08_04-46-01,en,Burma Related News,False,2411,,1,1,0,Myanmar: Earthquake Response Situation Report No. 1 (As of 7 April 2025) - OCHA - https://t.co/VOvfZ6dPUz #GoogleAlerts
myanmar earthquake 2025,1909470678723838284,2025-04-08_04-57-40,en,Myanmar Now,False,445877,Myanmar,5,2,0,"Moving quickly to re-establish administrative functions, the military junta is forcing ministry workers back to the office just over a week after a devastating earthquake despite damage to government buildings, destruction of staff housing, and numerous deaths Read more: https://t.co/UL0mc5dEp8 Follow us on Bluesky! https://t.co/h7mZ24s9qw"
myanmar earthquake 2025,1909470786210963466,2025-04-08_04-58-06,en,Channel News Independent,False,1222,,0,0,0,BIMSTEC meeting may be supportive to rehabilitation of Myanmar earthquake victims CNI News 8 April 2025 CNI Website &gt;&gt;&gt;&gt;&gt;https://t.co/elIVmnpCBN #UHtetAungKyaw #rehabilitation #BIMSTEC #MyanmarEarthquake #SAC #politics #cnimyanmar https://t.co/3yXInk2hd1
myanmar earthquake 2025,1909474961032691722,2025-04-08_05-14-41,en,Myanmar Fire Services Department,False,807,Myanmar,0,0,0,"Due to an earthquake in Zambuthiri Township, Nay Pyi Taw, a building at No. 2336 in the Balatheikdi area collapsed, trapping people inside. According to the SAR report, on 30.3.2025, they found the body of one deceased man. Search and rescue operations are still ongoing. https://t.co/c2NRK8Ai4o"
myanmar earthquake 2025,1909479097040093299,2025-04-08_05-31-07,en,Eason King 🎒⛩️,False,625,"Changwat Phuket, Thailand",0,1,0,"From Now until April 12, 2025, we’re launching Movers x Myanmar, a community-driven fundraiser supporting Doctors Without Borders relief efforts for the devastating 7.7 magnitude earthquake that struck Myanmar. You can donate in fiat or crypto—every bit of potassium helps. Whether it’s $5 or 5 $ETH, your support makes a difference, make your contribution here!: https://t.co/1JhpAw9O8g 愿世界和平 望人类安康 #moversxmyanmar"
myanmar earthquake 2025,1909480278747398328,2025-04-08_05-35-49,en,Myanmar Fire Services Department,False,807,Myanmar,0,0,0,"On 28.3.2025, due to the earthquake the Begyin Hotel building collapsed at the corner of (84x29) Street, Chanayetharzan Township, Mandalay. Rescue operations are ongoing, during this operation a mother and one child were rescued alive. SAR operations are ongoing."
myanmar earthquake 2025,1909480332505579561,2025-04-08_05-36-02,in,Earthquake Map,False,2423,,0,0,0,"【m4.3】MYANMAR 10km Apr 08, 2025 05:19:06 UTC (G)https://t.co/mhlxz3Llr4 (EMSC)https://t.co/vmXMgrewuD"
myanmar earthquake 2025,1909482552811045324,2025-04-08_05-44-51,in,BUKAN Tokey Sarkis™🚬,False,3415,Malaysia,144,519,12,Appresiasi rakyat Myanmar kepada Team SMART.. 😍😍😍😍😍😍 @mynadma https://t.co/EHRVvQQsvM
myanmar earthquake 2025,1909485086346821672,2025-04-08_05-54-55,en,Aung Thant Zaw,False,272,Myanmar,0,1,1,"List of fatalities following a powerful earthquake. The staistics until 8 am on 6 April 2025- # 3,564 people died # Over 5,012 got injured # 110 people are still missing #Myanmar #earthquakeinMyanmar @TostevinM @USEmbassyBurma @RapporteurUn @antonioguterres https://t.co/O5tPQAa6rx"
myanmar earthquake 2025,1909486243794055239,2025-04-08_05-59-31,en,Gorilla-Levo INTEGRATED ⚡️🦍,False,3958,,3,29,7,"Gmove Putting money into something meaningful instead of the 100th useless memecoin or NFTs.Myanmar has been hit by a devastating earthquake. We're raising funds for emergency relief via @MSF_USA . Every donation brings hope, healing, and help. 🙏 https://t.co/yra3B7cHFH… #moversxmyanmar"
myanmar earthquake 2025,1909486957593542890,2025-04-08_06-02-21,en,Myanmar Fire Services Department,False,807,Myanmar,1,2,0,"Due to the earthquake in the Sagaing, a building in the Soon Oo Pun Nya shin area of Sagaing City collapsed, trapping people inside. According to the SAR report,on 30.3. 2025, they found the bodies of two deceased individuals. Search and rescue operations are still ongoing. https://t.co/I9MFU3Nrpn"
myanmar earthquake 2025,1909487639507398913,2025-04-08_06-05-04,en,Erudite Risk,False,278,Asia,0,1,0,"On April 7, 2025, India continues to provide humanitarian aid to Myanmar following the catastrophic earthquake that struck the country on March 28. https://t.co/hU3Tqmd7j7"
myanmar earthquake 2025,1909488598442778829,2025-04-08_06-08-53,en,"Splendor 🍊 𝔽rAI 🍚 (Ø,G)",False,212,USSR,0,1,1,"From today until April 12, 2025, @movementlabsxyz is launching Movers x Myanmar, a community-driven charity in support of Doctors Without Borders' efforts to help those affected by the devastating 7.7 magnitude earthquake in Myanmar."
myanmar earthquake 2025,1909490630579175724,2025-04-08_06-16-57,en,Yadana Thu,False,16,,0,0,0,7.4.2025 Pm.5:00 Myanmar Update News 😥 due to the powerful 7.7 Earthquake in Myanmar deceased - 4335 injured - 6588 missed - 210 rescue - 653 https://t.co/1zYFUbw8JH
myanmar earthquake 2025,1909491954728968251,2025-04-08_06-22-13,en,John Kennedy Peterson,False,397,,0,0,0,My #earthquake model .. 100% fit on a 20 year test 2005 to 2025 ends .. thank you #GrokAI #Philippines #Myanmar #Mexico https://t.co/n9YM19AjxF
myanmar earthquake 2025,1909492030784639104,2025-04-08_06-22-31,en,Myanmar Fire Services Department,False,807,Myanmar,0,0,0,"Due to the earthquake in the Sagaing, the Thakya Mitar Sila Shin School building collapsed, trapping people inside. According to the SAR report, on 30.3.2025, one Sila Shin have been rescued alive, and found the bodies of three deceased . SAR operations are still ongoing. https://t.co/4hUIzTqSrs"
myanmar earthquake 2025,1909493670220267571,2025-04-08_06-29-02,in,Earthquake Map,False,2423,,0,0,0,"【m3.5】MYANMAR 10km Apr 08, 2025 06:12:41 UTC (G)https://t.co/4GtHqerOQx (EMSC)https://t.co/VuCKUDTMJr"
myanmar earthquake 2025,1909494120420393168,2025-04-08_06-30-49,en,Myanmar Now,False,445877,Myanmar,6,1,0,Bishop faces calls for her removal due to alleged conflicts of interest and links to Chinese backed mining groups Read more: https://t.co/6FLVcpLyLb Follow us on Bluesky! https://t.co/2bp3g4ncYw https://t.co/KY1k455PE9
myanmar earthquake 2025,1909494519307157839,2025-04-08_06-32-24,en,Myanmar Fire Services Department,False,807,Myanmar,0,0,0,"Due to the earthquake in Shan State, the Aung Pan Hotel building collapsed, trapping people inside. According to the SAR report, 30.3. 2025, 20 people have been rescued alive, and found the bodies of 9 deceased. SAR operations are still ongoing. https://t.co/g72V0Iy8s7"
myanmar earthquake 2025,1909495438312669482,2025-04-08_06-36-03,en,Myanmar Now,False,445877,Myanmar,6,3,1,The move is seen by critics as another way to slam the door on foreign visitors and the press Read more: https://t.co/Dc9G5i4Fsw Follow us on Bluesky! https://t.co/2bp3g4ncYw https://t.co/Vb0gznYdYO
myanmar earthquake 2025,1909497440467820598,2025-04-08_06-44-01,en,Myanmar Fire Services Department,False,807,Myanmar,0,1,0,"Due to the earthquake in Zambuthiri Township, Nay Pyi Taw, a building at No. 2335 in the Balatheikdi area collapsed, trapping people inside. According to the SAR report, on 30.3.2025, they found the bodies of two deceased. Search and rescue operations are still ongoing. https://t.co/5ikPzd9kwJ"
myanmar earthquake 2025,1909497689374388455,2025-04-08_06-45-00,en,mr.GOGO INTEGRATED 🦍⚡️,False,993,,1,13,0,"☕️ Start your morning without coffee—send that money to a good cause! 🙌 Until April 12, 2025, we're running a fundraiser together with Doctors Without Borders to support those affected by the devastating 7.7 magnitude earthquake in Myanmar. Instead of grabbing your usual coffee or treat today, consider making a donation: every amount, whether fiat or crypto, makes a significant difference. Your small gesture can change someone's life. Donate here: 👉 https://t.co/FTI57Fm1V5 #moversxmyanmar"
myanmar earthquake 2025,1909498833404579859,2025-04-08_06-49-33,en,Myanmar Fire Services Department,False,807,Myanmar,0,1,0,"Due to the earthquake in Pyinmana Township, Naypyitaw, the Khema Thiwun Buddha Pagoda building collapsed, trapping people inside. On 30.3.2025, SAR teams from Yangon Region carried out SAR operations. They found the body of one deceased. SAR operations are ongoing. https://t.co/TaqxOhEfY5"
myanmar earthquake 2025,1909499449900253479,2025-04-08_06-52-00,en,Chindwin News Agency,False,7577,Australia,26,47,2,"Despite the immense sacrifices of thousands of lives, MNDAA (Myanmar National Democratic Alliance Army) now has to return the Lashio town to the junta regime under the direct interference of China. The MNDAA conducted a solemn ceremony to pay tribute to the individuals who sacrificed their lives in the fight against the junta regime's northeastern regional command headquarters (RMC) based in Lashio. This significant occasion highlighted the considerable loss experienced by both MNDAA soldiers and the hundreds of members of the People Defense Forces (PDF) who fought alongside MNDAA. The ceremony took place at the Yanlong village cemetery located in Lashio township of northern Shan state, Myanmar. Photo/MNDAA"
myanmar earthquake 2025,1909504297781408250,2025-04-08_07-11-16,en,🦍DaBomb.avax 🔺INTEGRATED,False,2609,Universe ,3,30,5,"Gmove fam Movement has joined a community-driven fundraiser supporting Doctors Without Borders relief efforts for the devastating 7.7 magnitude earthquake that struck Myanmar. You can donate in fiat or crypto—every bit of potassium helps 🙏 Please visit https://t.co/PG37UJW0DA Every donation will have an impact, small or big! Let's show the power of community and help in times of need. I donated a small sum of Avax but you can choose whatever you want, many options, let's help our friends recover qucikly. #moversxmyanmar txn: 0xe3412bb507cde1f36bf9535f78b3b81eff4f6f6944a3c9f6eefcfa26f19708f7"
myanmar earthquake 2025,1909506232651858380,2025-04-08_07-18-57,en,ShanghaiPanda,False,132265,china,49,250,17,"China announces it will restrict exports of 7 rare earth metals critical for high-tech industries, including samarium, terbium, and lutetium. China controls nearly 70% of global rare earth production. China's neighbor Myanmar controls 11%. No rare earths, no modern industry. https://t.co/BUBZVUT1kR"
myanmar earthquake 2025,1909506313882943984,2025-04-08_07-19-16,en,Thadd,False,1287,"Cape Town, South Africa",2,3,0,"Please donate if you can &amp; please retweet 🙏🏽 Cowan Reed Titus (South African) is a teacher in Myanmar where a massive earthquake took place, on the 28 March 2025. it is now 12 days since the earthquake struck and we are still searching for him! https://t.co/e8J8pQqW3t https://t.co/tyyYtvw3PN"
myanmar earthquake 2025,1909507053728760072,2025-04-08_07-22-13,en,Myanmar Fire Services Department,False,807,Myanmar,0,2,0,"Due to the earthquake in the Sagaing Region, the Myat Private School building collapsed, trapping people inside. According to the SAR report, on 30.3.2025, they rescued four people alive and found the body of one deceased. Search and rescue operations are still ongoing. https://t.co/saSBRftS61"
myanmar earthquake 2025,1909510078509490538,2025-04-08_07-34-14,en,OCHA Myanmar,False,39404,Myanmar,49,52,1,"Ten days after the devastating #earthquakes hit #Myanmar, the toll keeps rising: 💔3.5K people killed 🔎200 missing 🚑5K injured 👨‍👧‍👦7.2M living in affected areas 📍9.1M exposed to strongest tremors 🔥🌧️Extreme heat &amp; rain worsening dire conditions 🔗https://t.co/NOtyjfHkpu https://t.co/zHPKiYhvz7"
myanmar earthquake 2025,1909510737258762724,2025-04-08_07-36-51,en,The Irrawaddy (Eng),False,735806,,13,25,1,"The Myanmar National Democratic Alliance Army organized the Qingming Festival (Tomb Sweeping Day) on Monday in Laukkai town, Shan State, which it controls, honoring members who died in the fight for the liberation of Kokang. (Photo: The Kokang) #WhatsHappeningInMyanmar https://t.co/bPUT8TPCv4"
myanmar earthquake 2025,1909511008701628742,2025-04-08_07-37-56,en,homeprotector,False,151,,1,2,0,"until April 12, 2025, we’re launching a community-driven fundraiser supporting Doctors Without Borders relief efforts for the devastating 7.7 magnitude earthquake that struck Myanmar. You can donate in fiat or crypto! How about making a donation instead of having a cup of coffee today? It will enrich your heart even more💛 @movementlabsxyz #moversxmyanmar https://t.co/O8JOw6sHCC"
myanmar earthquake 2025,1909512269601665123,2025-04-08_07-42-56,en,LFG INTEGRATED | 🧡🪒 🍚 ⛓,False,86,Indonesia,1,2,0,"Hey It’s time to show the world 🌍💪 ***From Now until April 12, 2025***, we’re launching **__Movers x Myanmar__**, a community-driven fundraiser supporting Doctors Without Borders relief efforts for the devastating 7.7 magnitude earthquake that struck Myanmar. You can donate in fiat or crypto—every bit of potassium helps. 🍌 🕊️ Whether it’s $5 or 5 $ETH, your support makes a difference, make your contribution here!: https://t.co/DGwnugMXuG Let’s flex the power of the troop and help those in need. 🦍💛 #moversxmyanmar"
myanmar earthquake 2025,1909513532216848718,2025-04-08_07-47-57,en,Myanmar Fire Services Department,False,807,Myanmar,0,1,0,"On 30.3. 2025, due to an earthquake, damage occurred in the Innchan Kaylar village tract and Zarapgyi village, Nyaungshwe Township, Taunggyi District, Shan. Rescue teams and volunteer fire brigade members assisted in relocating the belongings of 15 households to safe areas. https://t.co/gYWh7nSZG8"
myanmar earthquake 2025,1909514382943408605,2025-04-08_07-51-20,en,Grok,False,3486668,wherever you are,0,0,3,"@BattaKashmiri The building collapse in the video was due to a 7.7 magnitude earthquake in Myanmar on March 28, 2025, affecting Bangkok. It’s not tied to any ideology—research points to natural causes, with possible construction negligence, not ideological acts. Summary: No ideology caused the Bangkok collapse; it was an earthquake."
myanmar earthquake 2025,1909515601351205314,2025-04-08_07-56-11,en,Norris Nguyen NP | INTEGRATED 🦍⚡️,False,225,"Ho Chi Minh, Vietnam",0,10,1,"From Now until April 12, 2025 @movementlabsxyz are running a fundraiser supporting the Doctors Without Borders relief efforts for the devastating 7.7 magnitude earthquake that struck Myanmar. Whether it’s $5 or 5 $ETH, your support makes a difference, make your contribution here: https://t.co/L1kGu6TwWx Movers x Myanmar #moversxmyanmar gmove"
myanmar earthquake 2025,1909518419868680676,2025-04-08_08-07-23,en,ICRC,False,2258972,Geneva,14,34,2,"Following the devastating earthquake that has struck Myanmar, the scale of destruction is overwhelming. Our priority is to reach those in urgent need, ensuring that families receive essential aid during this difficult time. Stephanie Xu, ICRC public relations officer in Yangon👇🏽 https://t.co/EsOcSCMPq3"
myanmar earthquake 2025,1909519655808475197,2025-04-08_08-12-17,en,shwedor,False,308,🌐,0,0,0,Miracles happen! Apparently the boy was rescued safely. That's good. May many lives are saved. Myanmar Earthquake 28.03.2025 https://t.co/G0qiTZWOQI
myanmar earthquake 2025,1909519888051585342,2025-04-08_08-13-13,en,"xuebai | 🟠 GAIB Anomage🧙‍♂,🧙‍♂ ⛺",False,19,,0,0,0,"Until April 12, 2025, we're running a fundraiser together with Doctors Without Borders to support those affected by the devastating 7.7 magnitude earthquake in Myanmar. Donate here: 👉 https://t.co/ww4A9at0wq #moversxmyanmar"
myanmar earthquake 2025,1909526180853956852,2025-04-08_08-38-13,en,dakan🦍⚡️,False,1195,,1,18,5,"On March 28, 2025, a powerful 7.9-magnitude earthquake struck central Myanmar. The @movementlabsxyz community is organizing an urgent donation campaign to support relief efforts following the devastating earthquake in Myanmar. #moversxmyanmar https://t.co/Y6niKW5y0H"
myanmar earthquake 2025,1909527323906351498,2025-04-08_08-42-45,en,Nevzat Emre 🔺,False,3933,"İzmir, Türkiye",0,4,0,"On March 28, 2025, a powerful 7.9-magnitude earthquake struck central Myanmar. The @movementlabsxyz community is organizing an urgent donation campaign to support relief efforts following the devastating earthquake in Myanmar. #moversxmyanmar https://t.co/rrWTQbQqV9 #crypto #nonprofits"
myanmar earthquake 2025,1909528238486855754,2025-04-08_08-46-24,en,Meitei Heritage Society,False,38298,"New Delhi, India",52,79,2,"So Mizos now up in arms against their blood brothers from Myanmar. Simply because of economic loss. https://t.co/bDfoYh2s73 via @scroll_in Imagine, indigenous #Meiteis plight when these same illegal immigrants grab their land, scarce resources, fraudulently become Indian citizens and then Scheduled Tribe, chased way the Meiteis from their own homes and now working to break Manipur by leveraging India's Geo Political vulnerability. India needs to address the problem of Illegal Immigration for a permanent solution. NRC before delimitation is a good starting point."
myanmar earthquake 2025,1909535840243793970,2025-04-08_09-16-36,en,Myanmar Fire Services Department,False,807,Myanmar,0,1,0,"On 31.3.2025, due to an earthquake in Zambuthiri, Naypyitaw, a building (No. 2367) in the Balatheikdi Ward collapsed, trapping people inside. MFSD Headquarters' SAR (Special) Team has been carrying out rescue operations, and the body of one deceased person has been recovered. https://t.co/TauMxKgnXw"
myanmar earthquake 2025,1909539442429157819,2025-04-08_09-30-55,en,Myanmar Fire Services Department,False,807,Myanmar,0,1,0,"On 31.3. 2025, due to the earthquake in Mandalay, Sky Villa building collapsed, SAR team from MFSD along with the People's Republic of China, carried out rescue operations. As a result, two individuals were rescued alive, and the bodies of a male and 3 females were recovered. https://t.co/79ZKOf27Mj"
myanmar earthquake 2025,1909540639890608381,2025-04-08_09-35-40,en,Myanmar Fire Services Department,False,807,Myanmar,0,1,0,"On 31.3.2025, due to the earthquake in Zambuthiri Township, Naypyitaw, a building collapsed at Kayay building (95), trapping people inside. Rescue teams from Yangon Region and Bago Region are currently carrying out search and rescue operations at the site. https://t.co/tZ2q4WRAcm"
myanmar earthquake 2025,1909542241506656361,2025-04-08_09-42-02,en,Myanmar Fire Services Department,False,807,Myanmar,0,1,0,"On 31.3.2025, due to the earthquake in Sagaing, a building collapsed at Lay Kyune Myay Monastery. Rescue operations are currently being carried out by SAR team from the Sagaing Town Fire Station. At 11 20, the bodies of two children were recovered. SAR operations are ongoing. https://t.co/gY30sZYqzB"
myanmar earthquake 2025,1909542488286646516,2025-04-08_09-43-01,en,Volcaholic 🌋,False,137361,,234,674,16,"Thailand’s Mineral Resources Office has warned residents in Mae Hong Son after six sinkholes, 2 to 30 meters wide, appeared in Ban Mae Surin village following the recent M7.7 Myanmar earthquake. Locals are urged to avoid the area as the sinkholes continue to expand. https://t.co/3mnVvKeuPk"
myanmar earthquake 2025,1909543692546830687,2025-04-08_09-47-48,en,MFA Russia 🇷🇺,False,787140,Russia,53,186,16,"🇷🇺🇲🇲 @mchs_official rescuers are working 24/7 to mitigate earthquake's aftermath in #Myanmar, carrying out search &amp; rescue operations in disaster-stricken areas. • 126k+ sq. km of rubble cleared • 300+ injured treated • 68 tonnes of humanitarian aid delivered #RussiaHelps https://t.co/Z0xGK9C8fx"
myanmar earthquake 2025,1909544003982270743,2025-04-08_09-49-02,en,Myanmar Fire Services Department,False,807,Myanmar,0,1,0,"In the Sagaing, due to an earthquake, the Zi naw Dhama monastery building collapsed, trapping people inside. On 31.3.2025, SAR operations are being carried out SAR members from the Sagaing Township Fire Station. At 19 10,the body of one monk was found, SAR operations continue. https://t.co/tW17vbvPf7"
myanmar earthquake 2025,1909547047449248137,2025-04-08_10-01-08,en,Myanmar Fire Services Department,False,807,Myanmar,0,0,0,"On 31.3.2025, in the Pyawbwe, Mandalay, SAR operations are being carried out by the Pyawbwe FSD, in collaboration with others. These operations are focused on rescuing those trapped and missing in buildings that have collapsed due to the earthquake. https://t.co/RTb8V5SCwn"
myanmar earthquake 2025,1909547988097417238,2025-04-08_10-04-52,en,Myanmar Fire Services Department,False,807,Myanmar,0,2,0,"On 31.3.2025, due to an earthquake in Shan State, search and rescue operations are being carried out by members of the Taunggyi District Fire Station, Kalaw Township Fire Station, and Aung Pan Township Fire Station at the site where the Hotel Aung Ban building collapsed. https://t.co/ptcTSjt4gi"
myanmar earthquake 2025,1909550325545275713,2025-04-08_10-14-09,en,Fortify Rights,False,43911,,10,28,8,"WATCH: After escaping the ongoing genocide in Myanmar, #Rohingya refugees remain under attack by Rohingya militant groups in #Bangladesh. Bangladesh’s interim government should protect and ensure justice for Rohingya refugees. https://t.co/JSGmReMnmi https://t.co/CfOqwfDKi3"
myanmar earthquake 2025,1909550365818994800,2025-04-08_10-14-19,en,Mothership,False,462777,Singapore,87,309,9,'Thank you for your service': Around 400 people welcome SCDF contingent from Myanmar at Changi Airport https://t.co/sJ7mZDvZWa https://t.co/ZJZSjWwxLr
myanmar earthquake 2025,1909550445972095019,2025-04-08_10-14-38,en,Myanmar Fire Services Department,False,807,Myanmar,0,1,0,"In Naypyitaw, Zambuthiri, Balatheikdi Ward, due to an earthquake, the building (2206) collapsed, trapping people inside. On 31.3.2025, SAR operations are being carried out by the Yangon Region rescue team and relevant organizations. The body of one male victim has been found. https://t.co/viCoqFkBOR"
myanmar earthquake 2025,1909551503553228903,2025-04-08_10-18-50,en,Myanmar Fire Services Department,False,807,Myanmar,0,1,0,"In the Sagaing, due to an earthquake, at the Myat Private School building collapsed. On 31.3.2025, SAR operations are being carried out by members of the Sagaing Township Fire Station, along with rescue teams from Malaysia. The search and rescue operations continue. https://t.co/Umg3a4Er66"
myanmar earthquake 2025,1909552839288127964,2025-04-08_10-24-09,en,The Irrawaddy (Eng),False,735806,,37,88,1,‘With Love and Gratitude’: Malaysia’s Myanmar Community Welcome Quake Rescue Team Home The Special Malaysia Disaster Assistance and Rescue Team (SMART) was given a warm welcome in Kuala Lumpur from Myanmar exiles on its return from earthquake-hit Myanmar. #Myanmar #Malaysia #SMART #rescue #earthquake #MyanmarEarthquake #InternationalAid #RescueEfforts #HelpNeeded
myanmar earthquake 2025,1909552931814191228,2025-04-08_10-24-31,en,Franklin Graham,False,2965662,,154,1130,26,"Speed is critical in responding after a deadly earthquake. Our teams hit the ground running in Myanmar. @SamaritansPurse doctors and nurses are already performing surgeries and providing life-saving care at a temporary medical unit located beside the site where our disaster response team is setting up the Emergency Field Hospital we transported on our DC-8 cargo plane. We appreciate that the Ministry of Health let us use a local stadium and these facilities in the capital city, which was near the epicenter of the quake. Thousands are injured, and the surgical needs are overwhelming. We have already sent an additional airlift with over 100 tons of critical supplies including shelter materials and water filtration systems, and expect to be sending more. Pray for these hurting people and for our teams as we help in Jesus’ Name."
myanmar earthquake 2025,1909554358133702927,2025-04-08_10-30-11,en,Myanmar Fire Services Department,False,807,Myanmar,0,1,0,"In Naypyitaw, Zambuthiri, due to an earthquake, Kayay buildings (89) and (95) collapsed, trapping people inside. On 31.3.2025, SAR operations were carried out by SAR teams from Yangon and Bago. The bodies of two male and one female victim were found. https://t.co/QWuQ8XBE32"
myanmar earthquake 2025,1909554845448630457,2025-04-08_10-32-07,en,Awori Dorcas🇦🇪🇦🇪,False,379,Abu Dhabi United Arab Emirate,0,1,0,*THE VISITATIONS OF THE LORD ARE MEANT TO HELP THE CHURCH APPRECIATE THE CENTRALITY OF GRACE IN EVADING THE COMING WRATH OF GOD MYANMAR &amp; THAILAND EARTHQUAKE PROPHECY FULFILMENT LIVE FROM THE MINISTRY HEADQUARTERS MARCH 29TH 2025 YouTube Channel https://t.co/gmho17kYRN https://t.co/4ohGmdmphB
myanmar earthquake 2025,1909557592491249719,2025-04-08_10-43-02,in,Earthquake Map,False,2423,,0,0,0,"【m3.9】MYANMAR 10km Apr 08, 2025 10:35:12 UTC (G)https://t.co/JgoXU6ifec (EMSC)https://t.co/t74WMa0JQ8"
myanmar earthquake 2025,1909558193975345197,2025-04-08_10-45-25,en,Kanchan Gupta 🇮🇳,False,363864,भारत | India ,8,16,0,"𝗦𝗲𝘄𝗮 𝗜𝗻𝘁𝗲𝗿𝗻𝗮𝘁𝗶𝗼𝗻𝗮𝗹 𝘀𝘁𝗮𝗻𝗱𝘀 𝘄𝗶𝘁𝗵 𝗠𝘆𝗮𝗻𝗺𝗮𝗿 𝗮𝗻𝗱 𝗧𝗵𝗮𝗶𝗹𝗮𝗻𝗱 𝗶𝗻 𝘁𝗵𝗲𝗶𝗿 𝗵𝗼𝘂𝗿 𝗼𝗳 𝗻𝗲𝗲𝗱: In the wake of the devastating 7.7 R magnitude earthquake that struck Myanmar and neighbouring regions on March 28, 2025, Sewa International @Sewa_Intl has emerged as one of the first responders, launching immediate humanitarian operations in Myanmar and Thailand. Relief efforts are being carried out in coordination with the Embassy of India, Yangon, the Government of India, and local partner organisations including the Hindu Family Relief Group. According to the United Nations Office for the Coordination of Humanitarian Affairs (UNOCHA), the disaster has claimed over 2,800 lives, injured more than 4,600 people, and displaced millions. The numbers are expected to rise as aftershocks continue and more areas are assessed. “In every disaster, responding with humanity and compassion is our sacred duty,” said Global Coordinator of Sewa International Shyam Parande Ji. “We are committed to ensuring timely and dignified relief. Our teams are working closely with local partners, the Indian Embassy in Yangon, and community volunteers to meet urgent needs on the ground.” Relief operations are being steered on the ground by Dr. Ram Niwas, with active interventions underway in hard-hit areas including Sagaing, Mandalay, and Nay Pyi Taw. The organisation has started community kitchens, distributing over 4,000 hot meals daily to survivors. Critical, life-saving medicines have been shipped from India, and surgical lights have been installed at Sagaing General Hospital to enable emergency procedures at night. Sewa International has also distributed UV-resistant tarpaulins, solar lanterns, blankets, tents, and plastic floor sheets to families forced to live in the open due to collapsed or unsafe structures. In Thailand, where buildings also suffered damage due to tremors, Sewa International has established a 24x7 Help Desk at Chatuchak in Bangkok. Sewa teams supported SAR-K9 search units in reaching trapped victims and are actively helping clear debris. Aid includes ready-to-eat meals, drinking water, hygiene kits, and protective gear for both affected families and frontline workers. Sewa International, a 28-year-old humanitarian organisation rooted in Bharatiya ethos, operates in over 30 countries and has a longstanding record of disaster response and rehabilitation, working hand-in-hand with governments and civil society to serve humanity with dignity."
myanmar earthquake 2025,1909559923211751443,2025-04-08_10-52-18,en,"Col Zorawar Singh, Retd",False,655,Chandigarh,2,3,1,"In response to the 7.7-magnitude earthquake that struck Myanmar on 28 March 2025, a specialized 118-member medical task force from the elite Shatrujeet Brigade Medical Responders was deployed to establish a 60-bed Medical Treatment Centre in Mandalay. https://t.co/vJpCYzkouE"
myanmar earthquake 2025,1909562056434393571,2025-04-08_11-00-46,en,CristiC. 🇷🇴 ᛤ 💥💥,False,4654,,0,4,0,"Big shoutout to the @movementlabsxyz team! 💛 Movers x Myanmar fundraising campaign is live until April 12, 2025—supporting Doctors Without Borders after Myanmar’s 7.7 earthquake. Donate fiat or crypto, every bit counts! Share #moversxmyanmar on Twitter, post in Discord, and snag the Mover x Mover role. Let’s move mountains together!🦍💛 https://t.co/DXJETZnUZ7"
myanmar earthquake 2025,1909569822377062611,2025-04-08_11-31-38,en,Arslan | INTEGRATED 🦍⚡️,False,2981,,1,33,2,"Movers x Myanmar is live! We're supporting relief efforts in Myanmar after a devastating 7.7 earthquake. Every contribution saves lives — fiat or crypto, it all helps: https://t.co/Rx2QpoSSOn Join the Movement with #MoversxMyanmar It’s time to make a move!"
myanmar earthquake 2025,1909570729282089002,2025-04-08_11-35-14,en,Jesus follower🐘🐘🐘,False,1521,"Linköping, Sweden",0,1,1,"@ohnochip URGENT HELP NEEDED: Homeless Orphans in Myanmar In Living Hell With Rain, Malaria Infested Mosquitos, and Stench of Dead Bodies All Around After Deadly Earthquake By Eugene / April 8, 2025 https://t.co/Fzdk1CUlX8"
myanmar earthquake 2025,1909574980167496038,2025-04-08_11-52-08,en,MOFA of Japan,False,117633,Tokyo,12,43,1,"On April 8, FM Iwaya held a press conference. He made opening remarks on the Diplomatic Bluebook 2025. He took questions on the US tariff measures, support for the earthquake in Myanmar, China’s military drills around Taiwan, and the situation in Gaza. https://t.co/Lm5X5T4wdw"
myanmar earthquake 2025,1909583064109662351,2025-04-08_12-24-15,en,Foussell Chas Integrated🦍⚡️,False,0,,0,0,0,"On March 28, 2025, a powerful 7.9-magnitude earthquake struck central Myanmar. The @movementlabsxyz community is organizing an urgent donation campaign to support relief efforts following the devastating earthquake in Myanmar. #moversxmyanmar"
myanmar earthquake 2025,1909584394719051788,2025-04-08_12-29-32,en,Japan Defense Brief,False,458,Japan,0,2,1,"In response to a severe 7.7-magnitude earthquake in central Myanmar on 28 March 2025, Japan has dispatched a JASDF C-130 transport aircraft, with approximately 20 personnel, to deliver two tons of essential medical supplies to Mandalay, Myanmar. This mission, conducted under the newly established Joint Operations Command, demonstrates Japan’s ability to provide rapid disaster relief through coordinated efforts between the Ministry of Defense, Ministry of Foreign Affairs, and JICA."
myanmar earthquake 2025,1909584399118876694,2025-04-08_12-29-33,en,Japan Defense Brief,False,458,Japan,0,0,0,"Japan Dispatches Air Self-Defense Force Transport Plane to Deliver Medical Supplies to Myanmar Following Earthquake - 8 April 2025 NHK, 8 April 2025. On 8 April 2025, a Japan Air Self-Defense Force (JASDF, 航空自衛隊) C-130 transport aircraft departed from Komaki Air Base (小牧基地) in Aichi Prefecture, Japan, carrying approximately two tons of medical supplies, testing kits, and tents. This mission aims to support Japanese medical teams operating in Myanmar following a major 7.7-magnitude earthquake that struck central Myanmar on 28 March 2025. Deployment and Personnel The Japanese government deployed a medical team consisting of over 30 individuals, including doctors and nurses, as part of the International Emergency Assistance Team. Approximately 20 JASDF personnel are participating in the relief mission, demonstrating Japan’s commitment to providing timely humanitarian assistance in response to large-scale natural disasters. Departure and Arrival Details The C-130 transport aircraft departed from Komaki Air Base at around 2:30 PM on 8 April 2025. Its destination is Mandalay International Airport, located in Myanmar’s second-largest city of Mandalay, which experienced extensive damage from the earthquake. The aircraft is expected to arrive on the morning of 9 April 2025. Supplies Delivered to the Affected Area The aircraft is transporting approximately two tons of essential medical supplies, including testing kits and tents, to aid Japanese medical teams and Japan International Cooperation Agency (JICA, 国際協力機構) teams operating on the ground. These supplies are critical for the continuation of relief efforts, ensuring that medical support can be sustained in the disaster-affected region. Operational Command and Coordination The newly established Joint Operations Command (統合作戦司令部) is overseeing the mission, reflecting enhanced coordination within the Japan Self-Defense Forces (JSDF). The operation was initiated following a request from the Ministry of Foreign Affairs, highlighting interagency collaboration in providing international emergency assistance. Commercial Flight Limitations and Previous Deployments Due to the suspension of commercial flights in the affected region, the use of a JASDF transport aircraft is essential for ensuring the timely and reliable delivery of medical supplies. This mission marks the first international emergency relief dispatch by the JSDF since the 2023 Turkey earthquake, nearly two years prior. #Japan #Myanmar #DisasterRelief #JASDF #C130 #KomakiAirBase #Mandalay #InternationalAid #航空自衛隊 #小牧基地 #マンダレー #JointOperationsCommand #統合作戦司令部 #JICA Sources NHK. “ミャンマー大地震 自衛隊輸送機が医薬品など載せ出発” [JASDF Transport Plane Departs with Medical Supplies for Myanmar Earthquake Relief]. 8 April 2025. https://t.co/MtuvsW4oDS. Accessed 8 April 2025. Nagoya TV (メ～テレ). “ミャンマー大地震の被災地支援 自衛隊C-130輸送機が物資を輸送 航空自衛隊小牧基地を出発” [Myanmar Earthquake Disaster Relief: JASDF C-130 Transport Aircraft Departs from Komaki Air Base with Supplies]. 8 April 2025. https://t.co/o944STfXHH. Accessed 8 April 2025. FNN Prime Online. “自衛隊機がミャンマーへ 地震の被災地に医療物資など輸送 空自C－130が愛知・小牧基地を出発” [JASDF Aircraft Departs for Myanmar: Transporting Medical Supplies to Earthquake-Affected Areas]. 8 April 2025. https://t.co/ikw5CUZi2l. Accessed 8 April 2025. TBS News DIG Powered by JNN. “ミャンマー地震で自衛隊機が現地に向け出発 医薬品などの物資輸送で支援” [JASDF Aircraft Departs for Myanmar to Transport Medical Supplies for Earthquake Relief]. 8 April 2025. https://t.co/o16cp5Q5FQ. Accessed 8 April 2025. TV Asahi. “ミャンマーに約2トンの医療資機材を輸送 自衛隊機が日本を出発” [JASDF Departs from Japan to Transport Approximately 2 Tons of Medical Supplies to Myanmar]. 8 April 2025. https://t.co/Zuhvwd867L. Accessed 8 April 2025."
myanmar earthquake 2025,1909584772432552407,2025-04-08_12-31-02,en,Raksha Samachar | रक्षा समाचार 🇮🇳,False,101,New Delhi,0,2,0,"🇮🇳🤝🇲🇲 Operation Brahma | Daily Update – 8 April 2025 The Indian Army Field Hospital in Mandalay, Myanmar continues its life-saving mission following the recent earthquake. 📍 Today’s Impact: 👩‍⚕️ Patients Treated: 258 🏥 Admissions: 37 ⚕️ Surgeries: 6 Major | 27 Minor 🧪 Lab Tests: 698 | X-Rays: 150 📊 Total Treated So Far: 1,370 India stands strong with Myanmar—delivering hope, healing, and humanity. #OperationBrahma #IndianArmy #MyanmarRelief #HADR #DisasterResponse #Mandalay #IndiaForHumanity #MedicalAid #JointRelief #RakshaSamachar"
myanmar earthquake 2025,1909588898738847953,2025-04-08_12-47-26,in,Malaysiakini (BM),False,730629,Kuala Lumpur,9,25,3,"Sekumpulan warga Myanmar yang berada di Malaysia meraikan kepulangan pasukan Mencari dan Menyelamat Khas Malaysia (SMART) di Subang semalam. Berdasarkan video di media sosial, kebanyakan rakyat Myanmar itu menghadiahkan jambangan bunga ekoran rasa terhutang budi dengan pasukan itu membantu mangsa gempa bumi di Myanmar. Sumber video: https://t.co/zr8KsRRrMT #malaysiakini #malaysianpolitics #fyp #Myanmar #Malaysia #meraikankepulangan #pasukan #MencaridanMenyelamatKhasMalaysia #SMART #Subang #mediasosial #rakyatMyanmar #jambanganbunga #terhutangbudi #membantumangsa #gempabumi"
myanmar earthquake 2025,1909589346061009021,2025-04-08_12-49-13,en,Tim Hirschel-Burns,False,2142,Washington D.C.,0,3,0,Two very powerful stats in my colleagues' excellent blog: In 2025 Myanmar is scheduled to pay almost 3x more to the World Bank + IMF than the earthquake relief fundraising target. The Myanmar earthquake was stronger than the 2010 Haiti quake that led to the CCRT's predecessor
myanmar earthquake 2025,1909590195072303569,2025-04-08_12-52-35,en,Tao,False,148,,0,10,1,"On March 28, 2025, a powerful 7.9-magnitude earthquake struck central Myanmar. The @movementlabsxyz community is organizing an urgent donation campaign to support relief efforts following the devastating earthquake in Myanmar. #moversxmyanmar https://t.co/aIqHh0Yagq"
myanmar earthquake 2025,1909592061369541118,2025-04-08_13-00-00,in,PDI Perjuangan,False,323063,Indonesia,2,9,0,"Anggota DPR RI Fraksi PDI Perjuangan, Irine Yusiana Roba Putri mendorong Dunia Internasional melakukan langkah tegas untuk menghentikan kekerasan terhadap warga sipil di Myanmar. ""Kami mendesak junta militer Myanmar untuk segera menghentikan segala bentuk kekerasan terhadap warga sipil, terlebih di saat masyarakat sedang berusaha bertahan dari dampak gempa yang menghancurkan,"" tegas Irine Yusiana Roba Putri. Irine Yusiana Roba Putri juga menyampaikan Badan Kerja Sama Antar-Parlemen (BKSAP) DPR RI mengusulkan Resolusi terkait Palestina dalam Sidang ke-150 Organisasi Parlemen Dunia (Inter Parliamentary Union/IPU). #PDIPerjuangan #MenangkanRakyat #SatyamEvaJayate #KebenaranPastiMenang #SolidBergerak"
myanmar earthquake 2025,1909598657076510794,2025-04-08_13-26-13,en,CRPH Myanmar,False,273035,Myanmar,46,92,1,The 7.7 magnitude #earthquake struck Myanmar on March 28 killed nearly 3⃣5⃣0⃣0⃣and injured 5⃣0⃣0⃣0⃣people. 📢Please help the people in #Myanmar accessible immediate humanitarian assistance. @DrWinMyatAye addressed at the General Debate of #IPU150 this afternoon. https://t.co/zfnEKx9SAl
myanmar earthquake 2025,1909607412081840514,2025-04-08_14-01-00,en,United Nations,False,16463851,"New York, NY",45,104,24,"The UN continues delivering life-saving aid to those most affected by Myanmar’s earthquake. With entire communities upended, homes &amp; livelihoods destroyed, and a looming health crisis, hundreds of thousands are in urgent need. Latest from @UNOCHA: https://t.co/kJr46URBwT https://t.co/pSSzcM4AeO"
myanmar earthquake 2025,1909607498757079296,2025-04-08_14-01-21,en,HukusBukus,False,3719,,0,0,0,"After the Myanmar earthquake on 28 March 2025, India launched Operation Brahma to provide urgent help. Indian Army's medical team- ‘The Flying Angels’ set up a field hospital in Mandalay and by 06 April 2025, over 1300 people had been treated. #wecare #MyanmarEarthquake #kashmir https://t.co/CDkFwKm7aF"
myanmar earthquake 2025,1909607723685364000,2025-04-08_14-02-14,en,Stephanie Loves,False,20215,,2,140,80,Fun art of me from my friend Peter. Pray for Peter/his family and everyone affected by the devastating earthquake in Myanmar. They finally have Wi-Fi. https://t.co/ZTCWHA9Q0T
myanmar earthquake 2025,1909608663909908557,2025-04-08_14-05-58,en,Haseen Wadiyan,False,436,,0,0,0,"After the Myanmar earthquake on 28 March 2025, India launched Operation Brahma to provide urgent help. Indian Army's medical team- ‘The Flying Angels’ set up a field hospital in Mandalay and by 06 April 2025, over 1300 people had been treated. #wecare #MyanmarEarthquake #kashmir https://t.co/ysW50cver2"
myanmar earthquake 2025,1909609387175657726,2025-04-08_14-08-51,en,Manish Prasad,False,31431,new delhi,26,325,7,Namaste from #Myanmar. Care and love by 50th Parachute Brigade troops to all injured of #earthquake. https://t.co/qwArg9Fh9h
myanmar earthquake 2025,1909624973028655440,2025-04-08_15-10-47,en,Ask Perplexity,False,224020,ask anywhere.,0,0,2,"Hey @DividendDesi, that video looks intense! Based on my sources, it seems that the video is AI-generated and not a real depiction of earthquake damage. Also, there was a 7.7 magnitude earthquake in Myanmar on March 28, 2025, which caused significant damage, but that video isn't from there."
myanmar earthquake 2025,1909632828998140413,2025-04-08_15-42-00,en,DW News,False,753483,Germany,9,16,5,"Myanmar residents say they are ""heartbroken,"" as the recent earthquake destroyed many of their ancient sites, as well as their livelihood. The 7.7 magnitude earthquake reduced the city of Inwa to rubble. https://t.co/Mia8PGEA3p"
myanmar earthquake 2025,1909632940813799515,2025-04-08_15-42-27,en,Anas Sarwar,False,59580,Glasgow,12,28,31,Please support the @DECScotland @decappeal for Myanmar to help deliver vital aid to millions of people after the catastrophic earthquake. Every donation can help to save lives. 💻 Visit https://t.co/p6hKVinEMv 📲 Or text HOPE to 70727 to donate £10. https://t.co/X1Yebx5WJG
myanmar earthquake 2025,1909639964427796588,2025-04-08_16-10-21,en,UN Development,False,1954595,170 countries & territories,23,45,1,"📍 Reporting from Sagaing, Myanmar. Our teams are on the ground at the Sagaing hospital delivering Household Emergency Assistance Packages to earthquake victims and their families, including crucial items such as food, medicines, shelter, hygiene kits, solar lamps and more. https://t.co/00jDouhRhF"
myanmar earthquake 2025,1909642864969011587,2025-04-08_16-21-53,en,Sidhant Sibal,False,309655,"Helsinki, Finland",129,985,7,India Aid Quake Hit Myanmar Indian Army's field hospital in Mandalay helps the locals Patients Treated: 258 Total Admissions: 37 Lab Investigations Conducted: 698 X-Rays Taken: 150 Minor Surgeries:27 Major Surgeries: 6
myanmar earthquake 2025,1909652462505803862,2025-04-08_17-00-01,en,World Vision UK,False,12598,"Milton Keynes, UK",0,2,0,"On Friday 28 March 2025, a 7.7 magnitude earthquake struck the Sagaing region of Myanmar, taking thousands of lives and destroying vital infrastructure in both Myanmar and Thailand. Millions of children and families are in urgent need of assistance. For Myanmar’s children, this disaster comes on top of an already challenging humanitarian landscape. Years of conflict, displacement, and economic instability have left many without access to food, clean water, or education. As of last year, 18.6 million people, including 6 million children, required humanitarian assistance. Now, the recent earthquake has exacerbated their suffering, pushing them further into crisis. Donate to DEC Myanmar Earthquake Appeal to help save children’s lives: https://t.co/XE59ePyUvv #DECAppeal #EarthquakeMyanmar #Earthquake #MyanmarEarthquake #Myanmar @decappeal #EmergencyResponse #Emergency #HumanitarianAid"
myanmar earthquake 2025,1909652730223689912,2025-04-08_17-01-05,en,United Nations Geneva,False,1075779,"Geneva, Switzerland",27,31,4,"#MyanmarEarthquake aftermath: - The latest death count exceeds 3,500 and likely to rise; - Hospitals unable to cope with the number of patients; - Very high risk of waterborne diseases; - Markets severely disrupted, hyperinflation; - People sleeping on the streets @UNDP_Myanmar https://t.co/Qaynf8TeX0"
myanmar earthquake 2025,1909675726057484579,2025-04-08_18-32-27,da,Gil,False,4260,"Ile-de-France, France",10,74,3,Myanmar (Birmanie) 🇲🇲 https://t.co/TyXOpP2X9m
myanmar earthquake 2025,1909684603792617486,2025-04-08_19-07-44,en,Thomas van Linge,False,183645,"Amsterdam, the Netherlands",74,296,2,#Myanmar 🇲🇲: #KIA/#PDF resistance forces fully secured control over the town of Indaw in northern #Sagaing after clearing out the last junta forces who were hold up in WW2-era Japanese bunkers. This footage shows a resistance fighter inspecting a Japanese bunker. https://t.co/m5W1HsxE2v
myanmar earthquake 2025,1909700527971065960,2025-04-08_20-11-01,en,OkwyBobo Integrated🦍⚡️,False,1055,"Lagos, Nigeria",0,5,1,"From now until April 12, 2025, movement team is launching Movers x Myanmar, a community-driven fundraiser supporting Doctors Without Borders relief efforts for the devastating 7.7 magnitude earthquake that struck Myanmar. You can donate in fiat or crypto https://t.co/xQQcoAUXy2"
myanmar earthquake 2025,1909704718730805684,2025-04-08_20-27-40,en,Senator Chris Coons,False,213920,"Wilmington, DE",51,195,287,"One week ago, I joined my friend @SenBooker’s record-breaking floor speech to oppose Trump’s decision to slash USAID. The devastating earthquake in Myanmar last week showed exactly why it matters. With U.S. humanitarian response teams sidelined, China filled the vacuum. https://t.co/EDM2rgbeL1"
myanmar earthquake 2025,1909705303634886871,2025-04-08_20-29-59,tr,Conflict,False,1009036,Türkiye,83,2315,25,🔴 Myanmar'da meydana gelen deprem sonrası antik bir saray ortaya çıktı. ▪️Bölgede kazı çalışması başlatıldı. https://t.co/80tgghLqxU
myanmar earthquake 2025,1909707975855321563,2025-04-08_20-40-36,en,Grok,False,3486667,wherever you are,0,0,0,"Hey @grok! Today, April 8, 2025, South Korea announced a snap election for June 3 after political upheaval. The world’s still buzzing from a massive Myanmar earthquake on March 28 that killed over 5,300, and a Heathrow blackout on March 20-21 that grounded flights. On a high note, the Fram2 mission hit a space milestone on April 1 with a polar orbit. Lots happening out there! Summary: South Korea sets June 3 election, Myanmar quake kills 5,300+, Heathrow outage disrupts flights, Fram2 mission makes space history. https://t.co/pqlzSn8SPf"
myanmar earthquake 2025,1909726195232731300,2025-04-08_21-53-00,tr,Mevzu,False,188760,Türkiye Cumhuriyeti,338,3102,1177,"🔴Myanmar'da meydana gelen 7.7 büyüklüğündeki deprem sırasında, güvenlik kameraları dev buda heykeline tapınan bir grup insanı görüntüledi. İnsanlar budayı bırakarak kaçtı. https://t.co/B1atUH20UA"
myanmar earthquake 2025,1909726992917733399,2025-04-08_21-56-10,en,Grok,False,3486667,wherever you are,0,0,1,"@the_dhakshu_ The 7.7 magnitude earthquake hit near Mandalay, Myanmar, on March 28, 2025—not April 8—causing over 2,000 deaths and damage in Bangkok too. Japan’s preparedness is top-notch with strict building codes, seismic tech, and drills, but I couldn’t confirm a specific list of ""14 reasons."" The date in your post seems off, likely a typo. Summary: Earthquake was March 28, not April 8; Japan’s preparedness is real, but ""14 reasons"" unclear."
myanmar earthquake 2025,1909737033922126161,2025-04-08_22-36-04,in,Earthquake Map,False,2423,,0,0,0,"【m3.6】MYANMAR 10km Apr 08, 2025 22:21:48 UTC (G)https://t.co/b5jhg6yab7 (EMSC)https://t.co/PcQKrS24YS"
myanmar earthquake 2025,1909757876836708445,2025-04-08_23-58-54,en,Informal Economy,False,92893,Worldwide,473,659,55,Global Organized Crime Index 2023 Criminal Market Scores 1. Mexico🇲🇽 2. Myanmar🇲🇲 3. Iran🇮🇷 4. Nigeria🇳🇬 5. Colombia🇨🇴 6. UAE🇦🇪 7. Afghanistan🇦🇫 8. Brazil🇧🇷 9. Kenya🇰🇪 10. South Africa🇿🇦 11. Russia🇷🇺 12. Thailand🇹🇭 12. Turkey🇹🇷 14. Ecuador🇪🇨 14. Paraguay🇵🇾 16. India🇮🇳 18. Malaysia🇲🇾 18. Panama🇵🇦 20. Indonesia🇮🇩 21. Libya🇱🇾 21. Phillipines🇵🇭 21. Saudi Arabia🇸🇦 24. China🇨🇳 25. Vietnam🇻🇳 26. Mali🇲🇱 27. Syria🇸🇾 28. Tanzania🇹🇿 29. Uganda🇺🇬 30. Laos🇱🇦 31. Lebanon🇱🇧 32. Pakistan🇵🇰 36. Peru🇵🇪 38. Guatemala🇬🇹 40. Venezuela🇻🇪 42. Honduras🇭🇳 44. France🇫🇷 47. USA🇺🇸 49. Haiti🇭🇹 50. Italy🇮🇹 50. Serbia🇷🇸 53. Spain🇪🇸 60. UK🇬🇧 61. Germany🇩🇪 62. El Salvador🇸🇻 64. Bulgaria🇧🇬 67. Costa Rica🇨🇷 71. Romania🇷🇴 74. Netherlands🇳🇱 74. Nicaragua🇳🇮 77. Montenegro🇲🇪 79. Algeria🇩🇿 79. Ireland🇮🇪 83. Dominican Republic🇩🇴 86. Egypt🇪🇬 86. Morocco🇲🇦 89. Chile🇨🇱 90. Bangladesh🇧🇩 92. Bolivia🇧🇴 92. Israel🇮🇱 92. Tunisia🇹🇳 95. Poland🇵🇱 96. Croatia🇭🇷 96. Jamaica🇯🇲 99. Czechia🇨🇿 99. North Macedonia🇲🇰 102. Albania🇦🇱 109. Hungary🇭🇺 109. Slovakia🇸🇰 111. Greece🇬🇷 112. Portugal🇵🇹 114. Switzerland🇨🇭 117. Sweden🇸🇪 123. Argentina🇦🇷 123. Latvia🇱🇻 130. Denmark🇩🇰 130. Kazakhstan🇰🇿 132. Australia🇦🇺 137. Estonia🇪🇪 138. Austria🇦🇹 140. Azerbaijan🇦🇿 140. Norway🇳🇴 143. Slovenia🇸🇮 147. Singapore🇸🇬 150. Canada🇨🇦 153. Mongolia🇲🇳 154. Lithuania🇱🇹 155. New Zealand🇳🇿 159. Cuba🇨🇺 160. Georgia🇬🇪 162. Korea🇰🇷 168. Uruguay🇺🇾 170. Finland🇫🇮 173. Armenia🇦🇲 173. Iceland🇮🇸 175. Luxembourg🇱🇺 187. Barbados🇧🇧 193. Monaco🇲🇨 @GI_TOC
myanmar earthquake 2025,1909769697366597837,2025-04-09_00-45-52,en,Nature is Awesome,False,2811,The Earth,1,0,0,"Singapore used cyborg cockroaches to aid search-and-rescue in Myanmar after a 7.7-magnitude earthquake hit on March 31, 2025. https://t.co/8TjNNspL1t"
myanmar earthquake 2025,1909769978926317959,2025-04-09_00-46-59,en,Special Advisory Council for Myanmar,False,29795,,27,22,1,"SAC-M welcomes the renewed int'l attention given to #Myanmar at #HRC58, even before the devastating #earthquake. @UN_HRC's new consensus res on🇲🇲is a clear call for stronger action from States &amp; UN entities &amp; places renewed pressure on the #UNGA &amp; #UNSC. https://t.co/8QFulZmyYC https://t.co/r9mx2Chhlk"
myanmar earthquake 2025,1909772205409415207,2025-04-09_00-55-50,en,Civil Disobedience Movement,False,209248,Myanmar,60,194,2,"Myanmar community in Singapore went to welcome the Singaporean Task Force “Operation Lion Heart” who just came back from Myanmar after helping the earthquake victims. Thank you from the bottom of our hearts, Singapore 🇸🇬 ❤️ https://t.co/zpCwGsaxUe"
myanmar earthquake 2025,1909776697236627502,2025-04-09_01-13-41,en,Philippine Embassy in Malaysia,False,160,"Kuala Lumpur, Malaysia",1,1,0,"AMBASSADOR PONCE SIGNS CONDOLENCE BOOK FOR VICTIMS OF MYANMAR EARTHQUAKE KUALA LUMPUR - Ambassador Maria Angela A. Ponce visited the Embassy of Myanmar in Kuala Lumpur on 02 April 2025, to sign the condolence book, honoring the victims of the devastating 28 March earthquake. She expressed the Philippine Embassy’s deepest sympathies to the Government and people of Myanmar and reaffirmed the Philippines' readiness to provide humanitarian assistance to Myanmar. END #PHinMalaysia #MyanmarEarthquake"
myanmar earthquake 2025,1909781494240882842,2025-04-09_01-32-44,en,Tommy Marks,False,11,"Commerce City, CO",0,0,0,"@tim_cook April 8, 2025 are sympathies go out to Myanmar during that earthquake @tim_cook mr. Cook I’d hate to make this about you and I but I’d have to fire you regarding phone issues my iPhone once again are sympathies Miramar #MyanmarEarthquake @larryellison @DavidMuir https://t.co/0z1SrX4bzb"
myanmar earthquake 2025,1909790171404386803,2025-04-09_02-07-13,en,F-Bera,False,27,BeraChain,0,0,1,"🌍💪 Hey @Movers, it's time to show the world how we move! Join us in supporting those affected by the 7.7 magnitude earthquake in Myanmar. From now until April 12, 2025, we’re launching Movers x Myanmar—a community-driven fundraiser benefiting Doctors Without Borders."
myanmar earthquake 2025,1909791585732378734,2025-04-09_02-12-50,en,叶倾城,False,37900,"广州,香港，",1,5,0,"On April 9, 2025, three Chinese rescue teams completed their earthquake relief mission in Myanmar and embarked on their journey home aboard four Chinese Air Force Y-20 transport aircraft! This marks ​​China's first deployment of four Y-20s simultaneously in an international rescue operation​​. The teams carried ​​advanced equipment​​ such as life detectors, seismic warning systems, drones, and portable satellite telephones, showcasing China's ​​high-tech capabilities​​ and ​​humanitarian spirit​​ in global disaster response."
myanmar earthquake 2025,1909810667260879120,2025-04-09_03-28-40,en,Kpop Charts,False,680651,DM for inquires,946,4408,54,JYP Entertainment has donated 300 million won to the victims of the Myanmar earthquake. https://t.co/Ofs7IqWQfD https://t.co/aW9K9Ya8Tz
myanmar earthquake 2025,1909811252370850090,2025-04-09_03-30-59,en,AFP News Agency,False,2439359,Around The World,5,13,0,"VIDEO: Bangkok residents seek quake-proof homes. When Phatsakon Kaewkla came home to his apartment in the Thai capital after a massive earthquake hit neighbouring Myanmar, he found gaping cracks in the walls of his home. The 23-year-old sales coordinator is now one of many Bangkok residents wondering if they should seek safer housing in a city where hundreds of residential buildings were damaged by the 7.7-magnitude quake that struck Myanmar on March 28"
myanmar earthquake 2025,1909817423764553782,2025-04-09_03-55-31,en,Samaritan's Purse,False,1030283,"Boone, NC",60,346,4,"🚨 Myanmar Earthquake Response Update | April 8, 2025 🛩️ Our second airlift of emergency medical supplies will land today in Myanmar! In addition to supplies for our Emergency Field Hospital, on board are solar lights, hygiene kits, and water filtration units, and other life saving relief items. 🏥 Construction on our Emergency Field Hospital is nearly complete and our Disaster Assistance Response Team (DART) will begin using it to treat patients In Jesus' Name shortly! 🚑 Our mobile medical team successfully completed 5 surgeries yesterday after the Lord miraculously provided the necessary space and supplies. Join us in praising God for this progress towards bringing hope and healing to those impacted by this devastating 7.7 magnitude earthquake. As need remains great, please pray that God comforts those who lost loved ones, heals those who are injured, and grants our DART members wisdom and strength. 🔗 Learn more and support our Myanmar earthquake relief efforts at https://t.co/vWjsjxpAE8"
myanmar earthquake 2025,1909818575168405572,2025-04-09_04-00-05,en,GURGAVIN,False,433408,TORONTO / MIAMI,324,1746,162,BREAKING: ALL NEW TRUMP TARIFFS HAVE JUST GOT INTO EFFECT HERE IS THE FULL LIST CHINA - 104% LESOTHO - 50% CAMBODIA - 49% LAOS - 48% MADAGASCAR - 47% VIETNAM - 46% MYANMAR - 44% SRI LANKA - 44% FALKLAND ISLANDS - 41% SYRIA - 41% MAURITIUS - 40% IRAQ - 39% GUYANA - 38% BANGLADESH - 37% BOTSWANA - 37% LIECHTENSTEIN - 37% SERBIA - 37% THAILAND - 36% BOSNIA AND HERZEGOVINA - 35% NORTH MACEDONIA - 33% ANGOLA - 32% FIJI - 32% INDONESIA - 32% TAIWAN - 32% LIBYA - 31% MOLDOVA - 31% SWITZERLAND - 31% ALGERIA - 30% NAURU - 30% SOUTH AFRICA - 30% PAKISTAN - 29% TUNISIA - 28% KAZAKHSTAN - 27% INDIA - 26% SOUTH KOREA - 25% BRUNEI - 24% JAPAN - 24% MALAYSIA - 24% VANUATU - 22% CÔTE D’IVOIRE - 21% NAMIBIA - 21% EUROPEAN UNION - 20% JORDAN - 20% NICARAGUA - 18% ZIMBABWE - 18% ISRAEL - 17% MALAWI - 17% PHILIPPINES - 17% ZAMBIA - 17% MOZAMBIQUE - 16% NORWAY - 15% VENEZUELA - 15% NIGERIA - 14% CHAD - 13% EQUATORIAL GUINEA - 13% CAMEROON - 11% DEMOCRATIC REPUBLIC OF THE CONGO - 11% AFGHANISTAN - 10% ALBANIA - 10% ANDORRA - 10% ANGUILLA - 10% ANTIGUA AND BARBUDA - 10% ARGENTINA - 10% ARMENIA - 10% ARUBA - 10% AUSTRALIA - 10% AZERBAIJAN - 10% BAHAMAS - 10% BAHRAIN - 10% BARBADOS - 10% BELIZE - 10% BENIN - 10% BERMUDA - 10% BHUTAN - 10% BOLIVIA - 10% BRAZIL - 10% BRITISH INDIAN OCEAN TERRITORY - 10% BRITISH VIRGIN ISLANDS - 10% BURUNDI - 10% CABO VERDE - 10% CAYMAN ISLANDS - 10% CENTRAL AFRICAN REPUBLIC - 10% CHILE - 10% CHRISTMAS ISLAND - 10% COCOS (KEELING) ISLANDS - 10% COLOMBIA - 10% COMOROS - 10% COOK ISLANDS - 10% COSTA RICA - 10% CURAÇAO - 10% DJIBOUTI - 10% DOMINICA - 10% DOMINICAN REPUBLIC - 10% ECUADOR - 10% EGYPT - 10% EL SALVADOR - 10% ERITREA - 10% ESWATINI - 10% ETHIOPIA - 10% FRENCH GUIANA - 10% FRENCH POLYNESIA - 10% GABON - 10% GAMBIA - 10% GEORGIA - 10% GHANA - 10% GIBRALTAR - 10% GRENADA - 10% GUADELOUPE - 10% GUATEMALA - 10% GUINEA - 10% GUINEA-BISSAU - 10% HAITI - 10% HEARD AND MCDONALD ISLANDS - 10% HONDURAS - 10% ICELAND - 10% IRAN - 10% JAMAICA - 10% KENYA - 10% KIRIBATI - 10% KOSOVO - 10% KUWAIT - 10% KYRGYZSTAN - 10% LEBANON - 10% LIBERIA - 10% MALDIVES - 10% MALI - 10% MARSHALL ISLANDS - 10% MARTINIQUE - 10% MAURITANIA - 10% MAYOTTE - 10% MICRONESIA - 10% MONACO - 10% MONGOLIA - 10% MONTENEGRO - 10% MONTSERRAT - 10% MOROCCO - 10% NEPAL - 10% NEW ZEALAND - 10% NIGER - 10% NORFOLK ISLAND - 10% OMAN - 10% PANAMA - 10% PAPUA NEW GUINEA - 10% PARAGUAY - 10% PERU - 10% QATAR - 10% REPUBLIC OF THE CONGO - 10% RÉUNION - 10% RWANDA - 10% SAINT HELENA - 10% SAINT KITTS AND NEVIS - 10% SAINT LUCIA - 10% SAINT PIERRE AND MIQUELON - 10% SAINT VINCENT AND THE GRENADINES - 10% SAMOA - 10% SAN MARINO - 10% SÃO TOMÉ AND PRÍNCIPE - 10% SAUDI ARABIA - 10% SENEGAL - 10% SIERRA LEONE - 10% SINGAPORE - 10% SINT MAARTEN - 10% SOLOMON ISLANDS - 10% SOUTH SUDAN - 10% SUDAN - 10% SURINAME - 10% SVALBARD AND JAN MAYEN - 10% TAJIKISTAN - 10% TANZANIA - 10% TIMOR-LESTE - 10% TOGO - 10% TOKELAU - 10% TONGA - 10% TRINIDAD AND TOBAGO - 10% TURKEY - 10% TURKMENISTAN - 10% TURKS AND CAICOS ISLANDS - 10% TUVALU - 10% UGANDA - 10% UKRAINE - 10% UNITED ARAB EMIRATES - 10% UNITED KINGDOM - 10% URUGUAY - 10% UZBEKISTAN - 10% YEMEN - 10%
myanmar earthquake 2025,1909820272368111924,2025-04-09_04-06-50,en,BRICS News,False,1379148,BRICS,4584,17831,1176,JUST IN: US tariffs officially go in effect 🇨🇳 China - 104% 🇱🇸 Lesotho - 50% 🇰🇭 Cambodia - 49% 🇱🇦 Laos - 48% 🇲🇬 Madagascar - 47% 🇻🇳 Vietnam - 46% 🇲🇲 Myanmar - 44% 🇱🇰 Sri Lanka - 44% 🇫🇰 Falkland Islands - 41% 🇸🇾 Syria - 41% 🇲🇺 Mauritius - 40% 🇮🇶 Iraq - 39% 🇬🇾 Guyana - 38% 🇧🇩 Bangladesh - 37% 🇧🇼 Botswana - 37% 🇱🇮 Liechtenstein - 37% 🇷🇸 Serbia - 37% 🇹🇭 Thailand - 36% 🇧🇦 Bosnia and Herzegovina - 35% 🇲🇰 North Macedonia - 33% 🇦🇴 Angola - 32% 🇫🇯 Fiji - 32% 🇮🇩 Indonesia - 32% 🇹🇼 Taiwan - 32% 🇱🇾 Libya - 31% 🇲🇩 Moldova - 31% 🇨🇭 Switzerland - 31% 🇩🇿 Algeria - 30% 🇳🇷 Nauru - 30% 🇿🇦 South Africa - 30% 🇵🇰 Pakistan - 29% 🇹🇳 Tunisia - 28% 🇰🇿 Kazakhstan - 27% 🇮🇳 India - 26% 🇰🇷 South Korea - 25% 🇧🇳 Brunei - 24% 🇯🇵 Japan - 24% 🇲🇾 Malaysia - 24% 🇻🇺 Vanuatu - 22% 🇨🇮 Côte d’Ivoire - 21% 🇳🇦 Namibia - 21% 🇪🇺 European Union - 20% 🇯🇴 Jordan - 20% 🇳🇮 Nicaragua - 18% 🇿🇼 Zimbabwe - 18% 🇮🇱 Israel - 17% 🇲🇼 Malawi - 17% 🇵🇭 Philippines - 17% 🇿🇲 Zambia - 17% 🇲🇿 Mozambique - 16% 🇳🇴 Norway - 15% 🇻🇪 Venezuela - 15% 🇳🇬 Nigeria - 14% 🇹🇩 Chad - 13% 🇬🇶 Equatorial Guinea - 13% 🇨🇲 Cameroon - 11% 🇨🇩 Democratic Republic of the Congo - 11% 🇦🇫 Afghanistan - 10% 🇦🇱 Albania - 10% 🇦🇩 Andorra - 10% 🇦🇮 Anguilla - 10% 🇦🇬 Antigua and Barbuda - 10% 🇦🇷 Argentina - 10% 🇦🇲 Armenia - 10% 🇦🇼 Aruba - 10% 🇦🇺 Australia - 10% 🇦🇿 Azerbaijan - 10% 🇧🇸 Bahamas - 10% 🇧🇭 Bahrain - 10% 🇧🇧 Barbados - 10% 🇧🇿 Belize - 10% 🇧🇯 Benin - 10% 🇧🇲 Bermuda - 10% 🇧🇹 Bhutan - 10% 🇧🇴 Bolivia - 10% 🇧🇷 Brazil - 10% 🇮🇴 British Indian Ocean Territory - 10% 🇻🇬 British Virgin Islands - 10% 🇧🇮 Burundi - 10% 🇨🇻 Cabo Verde - 10% 🇰🇾 Cayman Islands - 10% 🇨🇫 Central African Republic - 10% 🇨🇱 Chile - 10% 🇨🇽 Christmas Island - 10% 🇨🇨 Cocos (Keeling) Islands - 10% 🇨🇴 Colombia - 10% 🇰🇲 Comoros - 10% 🇨🇰 Cook Islands - 10% 🇨🇷 Costa Rica - 10% 🇨🇼 Curaçao - 10% 🇩🇯 Djibouti - 10% 🇩🇲 Dominica - 10% 🇩🇴 Dominican Republic - 10% 🇪🇨 Ecuador - 10% 🇪🇬 Egypt - 10% 🇸🇻 El Salvador - 10% 🇪🇷 Eritrea - 10% 🇸🇿 Eswatini - 10% 🇪🇹 Ethiopia - 10% 🇬🇫 French Guiana - 10% 🇵🇫 French Polynesia - 10% 🇬🇦 Gabon - 10% 🇬🇲 Gambia - 10% 🇬🇪 Georgia - 10% 🇬🇭 Ghana - 10% 🇬🇮 Gibraltar - 10% 🇬🇩 Grenada - 10% 🇬🇵 Guadeloupe - 10% 🇬🇹 Guatemala - 10% 🇬🇳 Guinea - 10% 🇬🇼 Guinea-Bissau - 10% 🇭🇹 Haiti - 10% 🇭🇲 Heard and McDonald Islands - 10% 🇭🇳 Honduras - 10% 🇮🇸 Iceland - 10% 🇮🇷 Iran - 10% 🇯🇲 Jamaica - 10% 🇰🇪 Kenya - 10% 🇰🇮 Kiribati - 10% 🇽🇰 Kosovo - 10% 🇰🇼 Kuwait - 10% 🇰🇬 Kyrgyzstan - 10% 🇱🇧 Lebanon - 10% 🇱🇷 Liberia - 10% 🇲🇻 Maldives - 10% 🇲🇱 Mali - 10% 🇲🇭 Marshall Islands - 10% 🇲🇶 Martinique - 10% 🇲🇷 Mauritania - 10% 🇾🇹 Mayotte - 10% 🇫🇲 Micronesia - 10% 🇲🇨 Monaco - 10% 🇲🇳 Mongolia - 10% 🇲🇪 Montenegro - 10% 🇲🇸 Montserrat - 10% 🇲🇦 Morocco - 10% 🇳🇵 Nepal - 10% 🇳🇿 New Zealand - 10% 🇳🇪 Niger - 10% 🇳🇫 Norfolk Island - 10% 🇴🇲 Oman - 10% 🇵🇦 Panama - 10% 🇵🇬 Papua New Guinea - 10% 🇵🇾 Paraguay - 10% 🇵🇪 Peru - 10% 🇶🇦 Qatar - 10% 🇨🇬 Republic of the Congo - 10% 🇷🇪 Réunion - 10% 🇷🇼 Rwanda - 10% 🇸🇭 Saint Helena - 10% 🇰🇳 Saint Kitts and Nevis - 10% 🇱🇨 Saint Lucia - 10% 🇵🇲 Saint Pierre and Miquelon - 10% 🇻🇨 Saint Vincent and the Grenadines - 10% 🇼🇸 Samoa - 10% 🇸🇲 San Marino - 10% 🇸🇹 São Tomé and Príncipe - 10% 🇸🇦 Saudi Arabia - 10% 🇸🇳 Senegal - 10% 🇸🇱 Sierra Leone - 10% 🇸🇬 Singapore - 10% 🇸🇽 Sint Maarten - 10% 🇸🇧 Solomon Islands - 10% 🇸🇸 South Sudan - 10% 🇸🇩 Sudan - 10% 🇸🇷 Suriname - 10% 🇸🇯 Svalbard and Jan Mayen - 10% 🇹🇯 Tajikistan - 10% 🇹🇿 Tanzania - 10% 🇹🇱 Timor-Leste - 10% 🇹🇬 Togo - 10% 🇹🇰 Tokelau - 10% 🇹🇴 Tonga - 10% 🇹🇹 Trinidad and Tobago - 10% 🇹🇷 Turkey - 10% 🇹🇲 Turkmenistan - 10% 🇹🇨 Turks and Caicos Islands - 10% 🇹🇻 Tuvalu - 10% 🇺🇬 Uganda - 10% 🇺🇦 Ukraine - 10% 🇦🇪 United Arab Emirates - 10% 🇬🇧 United Kingdom - 10%
myanmar earthquake 2025,1909823522953904171,2025-04-09_04-19-45,en,Channel News Independent,False,1222,,0,0,0,Australian aid arrives for Myanmar earthquake victims CNI News 9 April 2025 CNI Website &gt;&gt;&gt;&gt;&gt;https://t.co/lwEpCKYeoi #aidandrescue #MyanmarEarthquake #Australia #politics #CNImyanmar https://t.co/9lfMNuAvjT
myanmar earthquake 2025,1909824891295007126,2025-04-09_04-25-11,en,Suppressed News.,False,518744,,156,500,92,⚡️🇺🇸JUST IN: U.S. tariffs officially take effect: 🇨🇳 China – 104% 🇱🇸 Lesotho – 50% 🇰🇭 Cambodia – 49% 🇱🇦 Laos – 48% 🇲🇬 Madagascar – 47% 🇻🇳 Vietnam – 46% 🇲🇲 Myanmar – 44% 🇱🇰 Sri Lanka – 44% 🇫🇰 Falkland Islands – 41% 🇸🇾 Syria – 41% 🇲🇺 Mauritius – 40% 🇮🇶 Iraq – 39% 🇬🇾 Guyana – 38% 🇧🇩 Bangladesh – 37% 🇧🇼 Botswana – 37% 🇱🇮 Liechtenstein – 37% 🇷🇸 Serbia – 37% 🇹🇭 Thailand – 36% 🇧🇦 Bosnia and Herzegovina – 35% 🇲🇰 North Macedonia – 33% 🇦🇴 Angola – 32% 🇫🇯 Fiji – 32% 🇮🇩 Indonesia – 32% 🇹🇼 Taiwan – 32% 🇱🇾 Libya – 31% 🇲🇩 Moldova – 31% 🇨🇭 Switzerland – 31% 🇩🇿 Algeria – 30% 🇳🇷 Nauru – 30% 🇿🇦 South Africa – 30% 🇵🇰 Pakistan – 29% 🇹🇳 Tunisia – 28% 🇰🇿 Kazakhstan – 27% 🇮🇳 India – 26% 🇰🇷 South Korea – 25% 🇧🇳 Brunei – 24% 🇯🇵 Japan – 24% 🇲🇾 Malaysia – 24% 🇻🇺 Vanuatu – 22% 🇨🇮 Côte d’Ivoire – 21% 🇳🇦 Namibia – 21% 🇪🇺 European Union – 20% 🇯🇴 Jordan – 20% 🇳🇮 Nicaragua – 18% 🇿🇼 Zimbabwe – 18% 🇮🇱 Israel – 17% 🇲🇼 Malawi – 17% 🇵🇭 Philippines – 17% 🇿🇲 Zambia – 17% 🇲🇿 Mozambique – 16% 🇳🇴 Norway – 15% 🇻🇪 Venezuela – 15% 🇳🇬 Nigeria – 14% 🇹🇩 Chad – 13% 🇬🇶 Equatorial Guinea – 13% 🇨🇲 Cameroon – 11% 🇨🇩 Democratic Republic of the Congo – 11% 🇦🇫 Afghanistan – 10% 🇦🇱 Albania – 10% 🇦🇩 Andorra – 10% 🇦🇮 Anguilla – 10% 🇦🇬 Antigua and Barbuda – 10% 🇦🇷 Argentina – 10% 🇦🇲 Armenia – 10% 🇦🇼 Aruba – 10% 🇦🇺 Australia – 10% 🇦🇿 Azerbaijan – 10% 🇧🇸 Bahamas – 10% 🇧🇭 Bahrain – 10% 🇧🇧 Barbados – 10% 🇧🇿 Belize – 10% 🇧🇯 Benin – 10% 🇧🇲 Bermuda – 10% 🇧🇹 Bhutan – 10% 🇧🇴 Bolivia – 10% 🇧🇷 Brazil – 10% 🇮🇴 British Indian Ocean Territory – 10% 🇻🇬 British Virgin Islands – 10% 🇧🇮 Burundi – 10% 🇨🇻 Cabo Verde – 10% 🇰🇾 Cayman Islands – 10% 🇨🇫 Central African Republic – 10% 🇨🇱 Chile – 10% 🇨🇽 Christmas Island – 10% 🇨🇨 Cocos (Keeling) Islands – 10% 🇨🇴 Colombia – 10% 🇰🇲 Comoros – 10% 🇨🇰 Cook Islands – 10% 🇨🇷 Costa Rica – 10% 🇨🇼 Curaçao – 10% 🇩🇯 Djibouti – 10% 🇩🇲 Dominica – 10% 🇩🇴 Dominican Republic – 10% 🇪🇨 Ecuador – 10% 🇪🇬 Egypt – 10% 🇸🇻 El Salvador – 10% 🇪🇷 Eritrea – 10% 🇸🇿 Eswatini – 10% 🇪🇹 Ethiopia – 10% 🇬🇫 French Guiana – 10% 🇵🇫 French Polynesia – 10% 🇬🇦 Gabon – 10% 🇬🇲 Gambia – 10% 🇬🇪 Georgia – 10% 🇬🇭 Ghana – 10% 🇬🇮 Gibraltar – 10% 🇬🇩 Grenada – 10% 🇬🇵 Guadeloupe – 10% 🇬🇹 Guatemala – 10% 🇬🇳 Guinea – 10% 🇬🇼 Guinea-Bissau – 10% 🇭🇹 Haiti – 10% 🇭🇲 Heard and McDonald Islands – 10% 🇭🇳 Honduras – 10% 🇮🇸 Iceland – 10% 🇮🇷 Iran – 10% 🇯🇲 Jamaica – 10% 🇰🇪 Kenya – 10% 🇰🇮 Kiribati – 10% 🇽🇰 Kosovo – 10% 🇰🇼 Kuwait – 10% 🇰🇬 Kyrgyzstan – 10% 🇱🇧 Lebanon – 10% 🇱🇷 Liberia – 10% 🇲🇻 Maldives – 10% 🇲🇱 Mali – 10% 🇲🇭 Marshall Islands – 10% 🇲🇶 Martinique – 10% 🇲🇷 Mauritania – 10% 🇾🇹 Mayotte – 10% 🇫🇲 Micronesia – 10% 🇲🇨 Monaco – 10% 🇲🇳 Mongolia – 10% 🇲🇪 Montenegro – 10% 🇲🇸 Montserrat – 10% 🇲🇦 Morocco – 10% 🇳🇵 Nepal – 10% 🇳🇿 New Zealand – 10% 🇳🇪 Niger – 10% 🇳🇫 Norfolk Island – 10% 🇴🇲 Oman – 10% 🇵🇦 Panama – 10% 🇵🇬 Papua New Guinea – 10% 🇵🇾 Paraguay – 10% 🇵🇪 Peru – 10% 🇶🇦 Qatar – 10% 🇨🇬 Republic of the Congo – 10% 🇷🇪 Réunion – 10% 🇷🇼 Rwanda – 10% 🇸🇭 Saint Helena – 10% 🇰🇳 Saint Kitts and Nevis – 10% 🇱🇨 Saint Lucia – 10% 🇵🇲 Saint Pierre and Miquelon – 10% 🇻🇨 Saint Vincent and the Grenadines – 10% 🇼🇸 Samoa – 10% 🇸🇲 San Marino – 10% 🇸🇹 São Tomé and Príncipe – 10% 🇸🇦 Saudi Arabia – 10% 🇸🇳 Senegal – 10% 🇸🇱 Sierra Leone – 10% 🇸🇬 Singapore – 10% 🇸🇽 Sint Maarten – 10% 🇸🇧 Solomon Islands – 10% 🇸🇸 South Sudan – 10% 🇸🇩 Sudan – 10% 🇸🇷 Suriname – 10% 🇸🇯 Svalbard and Jan Mayen – 10% 🇹🇯 Tajikistan – 10% 🇹🇿 Tanzania – 10% 🇹🇱 Timor-Leste – 10% 🇹🇬 Togo – 10% 🇹🇰 Tokelau – 10% 🇹🇴 Tonga – 10% 🇹🇹 Trinidad and Tobago – 10% 🇹🇷 Turkey – 10% 🇹🇲 Turkmenistan – 10% 🇹🇨 Turks and Caicos Islands – 10% 🇹🇻 Tuvalu – 10% 🇺🇬 Uganda – 10% 🇺🇦 Ukraine – 10% 🇦🇪 United Arab Emirates – 10% 🇬🇧 United Kingdom – 10%
myanmar earthquake 2025,1909828715711971832,2025-04-09_04-40-23,en,ABS-CBN News,False,9865076,"Manila, Philippines",4,14,2,JUST IN: The Department of Foreign Affairs (DFA) confirms identification of the remains of one of four missing Filipinos in Myanmar quake. | via @zenhernandez https://t.co/isdKWVRpK8
myanmar earthquake 2025,1909830208716521530,2025-04-09_04-46-19,en,US Homeland Security News,False,370226,"Austin, TX",124,369,48,"🚨🚨🚨Alert: Worldwide Trade War erupts! USA vs. World, and the US is Winning! New US tariffs on every country in the world 🇨🇳 China - 104% 🇱🇸 Lesotho - 50% 🇰🇭 Cambodia - 49% 🇱🇦 Laos - 48% 🇲🇬 Madagascar - 47% 🇻🇳 Vietnam - 46% 🇲🇲 Myanmar - 44% 🇱🇰 Sri Lanka - 44% 🇫🇰 Falkland Islands - 41% 🇸🇾 Syria - 41% 🇲🇺 Mauritius - 40% 🇮🇶 Iraq - 39% 🇬🇾 Guyana - 38% 🇧🇩 Bangladesh - 37% 🇧🇼 Botswana - 37% 🇱🇮 Liechtenstein - 37% 🇷🇸 Serbia - 37% 🇹🇭 Thailand - 36% 🇧🇦 Bosnia and Herzegovina - 35% 🇲🇰 North Macedonia - 33% 🇦🇴 Angola - 32% 🇫🇯 Fiji - 32% 🇮🇩 Indonesia - 32% 🇹🇼 Taiwan - 32% 🇱🇾 Libya - 31% 🇲🇩 Moldova - 31% 🇨🇭 Switzerland - 31% 🇩🇿 Algeria - 30% 🇳🇷 Nauru - 30% 🇿🇦 South Africa - 30% 🇵🇰 Pakistan - 29% 🇹🇳 Tunisia - 28% 🇰🇿 Kazakhstan - 27% 🇮🇳 India - 26% 🇰🇷 South Korea - 25% 🇧🇳 Brunei - 24% 🇯🇵 Japan - 24% 🇲🇾 Malaysia - 24% 🇻🇺 Vanuatu - 22% 🇨🇮 Côte d’Ivoire - 21% 🇳🇦 Namibia - 21% 🇪🇺 European Union - 20% 🇯🇴 Jordan - 20% 🇳🇮 Nicaragua - 18% 🇿🇼 Zimbabwe - 18% 🇮🇱 Israel - 17% 🇲🇼 Malawi - 17% 🇵🇭 Philippines - 17% 🇿🇲 Zambia - 17% 🇲🇿 Mozambique - 16% 🇳🇴 Norway - 15% 🇻🇪 Venezuela - 15% 🇳🇬 Nigeria - 14% 🇹🇩 Chad - 13% 🇬🇶 Equatorial Guinea - 13% 🇨🇲 Cameroon - 11% 🇨🇩 Democratic Republic of the Congo - 11% 🇦🇫 Afghanistan - 10% 🇦🇱 Albania - 10% 🇦🇩 Andorra - 10% 🇦🇮 Anguilla - 10% 🇦🇬 Antigua and Barbuda - 10% 🇦🇷 Argentina - 10% 🇦🇲 Armenia - 10% 🇦🇼 Aruba - 10% 🇦🇺 Australia - 10% 🇦🇿 Azerbaijan - 10% 🇧🇸 Bahamas - 10% 🇧🇭 Bahrain - 10% 🇧🇧 Barbados - 10% 🇧🇿 Belize - 10% 🇧🇯 Benin - 10% 🇧🇲 Bermuda - 10% 🇧🇹 Bhutan - 10% 🇧🇴 Bolivia - 10% 🇧🇷 Brazil - 10% 🇮🇴 British Indian Ocean Territory - 10% 🇻🇬 British Virgin Islands - 10% 🇧🇮 Burundi - 10% 🇨🇻 Cabo Verde - 10% 🇰🇾 Cayman Islands - 10% 🇨🇫 Central African Republic - 10% 🇨🇱 Chile - 10% 🇨🇽 Christmas Island - 10% 🇨🇨 Cocos (Keeling) Islands - 10% 🇨🇴 Colombia - 10% 🇰🇲 Comoros - 10% 🇨🇰 Cook Islands - 10% 🇨🇷 Costa Rica - 10% 🇨🇼 Curaçao - 10% 🇩🇯 Djibouti - 10% 🇩🇲 Dominica - 10% 🇩🇴 Dominican Republic - 10% 🇪🇨 Ecuador - 10% 🇪🇬 Egypt - 10% 🇸🇻 El Salvador - 10% 🇪🇷 Eritrea - 10% 🇸🇿 Eswatini - 10% 🇪🇹 Ethiopia - 10% 🇬🇫 French Guiana - 10% 🇵🇫 French Polynesia - 10% 🇬🇦 Gabon - 10% 🇬🇲 Gambia - 10% 🇬🇪 Georgia - 10% 🇬🇭 Ghana - 10% 🇬🇮 Gibraltar - 10% 🇬🇩 Grenada - 10% 🇬🇵 Guadeloupe - 10% 🇬🇹 Guatemala - 10% 🇬🇳 Guinea - 10% 🇬🇼 Guinea-Bissau - 10% 🇭🇹 Haiti - 10% 🇭🇲 Heard and McDonald Islands - 10% 🇭🇳 Honduras - 10% 🇮🇸 Iceland - 10% 🇮🇷 Iran - 10% 🇯🇲 Jamaica - 10% 🇰🇪 Kenya - 10% 🇰🇮 Kiribati - 10% 🇽🇰 Kosovo - 10% 🇰🇼 Kuwait - 10% 🇰🇬 Kyrgyzstan - 10% 🇱🇧 Lebanon - 10% 🇱🇷 Liberia - 10% 🇲🇻 Maldives - 10% 🇲🇱 Mali - 10% 🇲🇭 Marshall Islands - 10% 🇲🇶 Martinique - 10% 🇲🇷 Mauritania - 10% 🇾🇹 Mayotte - 10% 🇫🇲 Micronesia - 10% 🇲🇨 Monaco - 10% 🇲🇳 Mongolia - 10% 🇲🇪 Montenegro - 10% 🇲🇸 Montserrat - 10% 🇲🇦 Morocco - 10% 🇳🇵 Nepal - 10% 🇳🇿 New Zealand - 10% 🇳🇪 Niger - 10% 🇳🇫 Norfolk Island - 10% 🇴🇲 Oman - 10% 🇵🇦 Panama - 10% 🇵🇬 Papua New Guinea - 10% 🇵🇾 Paraguay - 10% 🇵🇪 Peru - 10% 🇶🇦 Qatar - 10% 🇨🇬 Republic of the Congo - 10% 🇷🇪 Réunion - 10% 🇷🇼 Rwanda - 10% 🇸🇭 Saint Helena - 10% 🇰🇳 Saint Kitts and Nevis - 10% 🇱🇨 Saint Lucia - 10% 🇵🇲 Saint Pierre and Miquelon - 10% 🇻🇨 Saint Vincent and the Grenadines - 10% 🇼🇸 Samoa - 10% 🇸🇲 San Marino - 10% 🇸🇹 São Tomé and Príncipe - 10% 🇸🇦 Saudi Arabia - 10% 🇸🇳 Senegal - 10% 🇸🇱 Sierra Leone - 10% 🇸🇬 Singapore - 10% 🇸🇽 Sint Maarten - 10% 🇸🇧 Solomon Islands - 10% 🇸🇸 South Sudan - 10% 🇸🇩 Sudan - 10% 🇸🇷 Suriname - 10% 🇸🇯 Svalbard and Jan Mayen - 10% 🇹🇯 Tajikistan - 10% 🇹🇿 Tanzania - 10% 🇹🇱 Timor-Leste - 10% 🇹🇬 Togo - 10% 🇹🇰 Tokelau - 10% 🇹🇴 Tonga - 10% 🇹🇹 Trinidad and Tobago - 10% 🇹🇷 Turkey - 10% 🇹🇲 Turkmenistan - 10% 🇹🇨 Turks and Caicos Islands - 10% 🇹🇻 Tuvalu - 10% 🇺🇦 Ukraine - 10%"
myanmar earthquake 2025,1909830765585867112,2025-04-09_04-48-32,en,Philippine News Agency,False,78106,Quezon City,0,1,0,"JUST IN: The Department of Foreign Affairs (DFA) on Wednesday (April 9, 2025) confirms the death of one Filipino in the massive earthquake that hit Myanmar. DFA Undersecretary Eduardo Jose de Vega says the family of the deceased Filipino has been informed. De Vega: Out of respect for their privacy in this time of grief, we are withholding further information on the matter. We continue to work and hope for the best for the remaining three Filipinos still unaccounted for as a result of the powerful earthquake which hit Myanmar last 28th of March. | @jlr_pna"
myanmar earthquake 2025,1909830828164817039,2025-04-09_04-48-47,en,Myanmar Now,False,446286,Myanmar,35,49,0,"Obituary: Dr. Soe Tint, beloved figure in Mandalay and earthquake victim June 15, 1950 – March (28-30), 2025 A friend offers her remembrance of a Mandalay doctor who, after a life dedicated to helping and caring for those in need, did not survive last month’s earthquake Read more: https://t.co/4eXxG2EdNQ"
myanmar earthquake 2025,1909831561991864773,2025-04-09_04-51-41,en,ABS-CBN News,False,9865075,"Manila, Philippines",5,9,1,"The remains of one of the four Filipinos who went missing after the 7.7 magnitude Myanmar earthquake have been positively identified, DFA said Wednesday. #DatelinePhilippines https://t.co/s5l7vsORIO"
myanmar earthquake 2025,1909832391012815179,2025-04-09_04-54-59,en,Thenationthailand,False,485098,Bangkok Thailand,0,2,0,"The 2025 Bangkok Book Fair achieved its target of 1.3 million visitors, despite the event being closed for one day following the earthquake in Myanmar on 28 March, the organiser has announced. #General https://t.co/eCTVNzH59z"
myanmar earthquake 2025,1909832405264838695,2025-04-09_04-55-03,en,Views of Myanmar,False,1479,,23,31,0,"Death Toll List in the aftermath of Strong Earthquake, as of the statistics compiled on 8 April 2025 #MyanmarEarthquake #MyanmarFactCheck @ASEAN @ViewsofMM22 https://t.co/VttjbrkOXV"
myanmar earthquake 2025,1909834288750903558,2025-04-09_05-02-32,en,CRPH Myanmar,False,273035,Myanmar,27,45,0,Thank you very much @nolkannavee for your unwavering solidarity and support. #MyanmarEarthquake #WhatsHappeninglnMyanmar
myanmar earthquake 2025,1909839343432482901,2025-04-09_05-22-37,en,Bilyonaryo News Channel,False,1166,Republic of the Philippines,0,0,0,"JUST IN: The Department of Foreign Affairs (DFA) has confirmed that one of the four Filipinos reported missing in Mandalay, Myanmar, after the powerful magnitude 7.7 earthquake on March 28, 2025, has been found dead. The DFA expressed its condolences and said that the remains of the Filipino had been positively identified. The DFA added that the family of the deceased has been informed, and out of respect for their privacy during this time of mourning, further details would not be disclosed. “We continue to work and hope for the best for the remaining three Filipinos still unaccounted for as a result of the powerful earthquake which hit Myanmar last 28th of March,” the department said. Search and recovery operations remain ongoing in affected areas as international and local agencies respond to the widespread damage left by the quake."
myanmar earthquake 2025,1909844141758202305,2025-04-09_05-41-41,en,Armand Domalewski,False,77835,"San Francisco, CA",46,1983,11,"“don’t look at the stock market, did you know there was a TRANS PLAYER who made it to the quarter finals of middle school JENGA tournament in Myanmar?!?”"
myanmar earthquake 2025,1909846582335619386,2025-04-09_05-51-23,en,All India Radio News,False,3333114,"New Delhi, India",9,14,0,Myanmar earthquake: Death toll rises to 3645 as India ramps up humanitarian assistance READ: https://t.co/GFzlNe9dPk https://t.co/IDRajjiqWy
myanmar earthquake 2025,1909847641027985513,2025-04-09_05-55-35,en,World EQ Locator,False,771,Earth,0,0,0,"On 2025-03-28, at 06:57:53 (UTC), there was an earthquake around 13 km N of Mandalay, Burma (Myanmar). The depth of the hypocenter is about 10.0km, and the magnitude of the earthquake is estimated to be about 4.5. https://t.co/qfxDfkYfdD https://t.co/FrPXLCCEZw"
myanmar earthquake 2025,1909848577288843297,2025-04-09_05-59-18,en,Huazong,False,25684,China,7,46,4,"No one cares anymore about the humanitarian disaster in Myanmar after the earthquake. The bodies decaying in the rubble could spark a new epidemic. BTW, Myanmar has also been hit with a 44% tariff."
myanmar earthquake 2025,1909848755718832524,2025-04-09_06-00-01,en,Insight Myanmar Podcast,False,1926,Myanmar,6,8,2,"Roads shattered. Buildings reduced to rubble. Silence where voices once were. Myanmar is in crisis again—a deadly earthquake has torn through communities, leaving devastation in its wake. 🎙️ Listen to the full episode: https://t.co/aGOM28UkJI 💙 Donate: https://t.co/tC0TFxNtrt https://t.co/y6206Kgdzp"
myanmar earthquake 2025,1909852666928247002,2025-04-09_06-15-33,en,Myanmar Fire Services Department,False,807,Myanmar,0,1,0,"In Naypyidaw, Zambuthiri, Balatheikdi Ward, due to an earthquake,building No.2351 collapsed, trapping people inside. On 31.3.2025,SAR teams from the Yangon, along with relevant organizations,continued their efforts to search for survivors.The body of 1 deceased has been found. https://t.co/qb38sSzQ3W"
myanmar earthquake 2025,1909862002358730833,2025-04-09_06-52-39,en,Khaosod English,False,92692,"Bangkok, Thailand",11,22,2,"The number of buildings in Thailand deemed uninhabitable due to the impact of tremors from Myanmar's 7.7 magnitude quake has risen from 52 buildings on April 5 to 60 today, April 9, said the Department of Public Works and Town and Country Planning. Also, 389 buildings suffered moderate damage but are still habitable. #Thailand #Bangkok #ChiangMai #earthquake"
myanmar earthquake 2025,1909864103075893621,2025-04-09_07-01-00,en,Insight Myanmar Podcast,False,1926,Myanmar,0,0,0,"Burmese Buddhist nun Sayalay, a former nurse and founder of Metta Stream Foundation, shares a gripping firsthand account of Myanmar’s earthquake disaster and spiritual resilience. Listen now: https://t.co/etQkeMOvoz"
myanmar earthquake 2025,1909871121068859761,2025-04-09_07-28-53,en,Numbers.lk,False,13988,Sri Lanka,12,51,1,US 🇺🇸 tariffs officially go into effect: 🇨🇳 China - 104% 🇱🇸 Lesotho - 50% 🇰🇭 Cambodia - 49% 🇱🇦 Laos - 48% 🇲🇬 Madagascar - 47% 🇻🇳 Vietnam - 46% 🇲🇲 Myanmar - 44% 🇱🇰 Sri Lanka - 44% 🇫🇰 Falkland Islands - 41% 🇸🇾 Syria - 41% 🇲🇺 Mauritius - 40% 🇮🇶 Iraq - 39% 🇬🇾 Guyana - 38% 🇧🇩 Bangladesh - 37% 🇧🇼 Botswana - 37% 🇱🇮 Liechtenstein - 37% 🇷🇸 Serbia - 37% 🇹🇭 Thailand - 36% 🇧🇦 Bosnia and Herzegovina - 35% 🇲🇰 North Macedonia - 33% 🇦🇴 Angola - 32% 🇫🇯 Fiji - 32% 🇮🇩 Indonesia - 32% 🇹🇼 Taiwan - 32% 🇱🇾 Libya - 31% 🇲🇩 Moldova - 31% 🇨🇭 Switzerland - 31% 🇩🇿 Algeria - 30% 🇳🇷 Nauru - 30% 🇿🇦 South Africa - 30% 🇵🇰 Pakistan - 29% 🇹🇳 Tunisia - 28% 🇰🇿 Kazakhstan - 27% 🇮🇳 India - 26% 🇰🇷 South Korea - 25% 🇧🇳 Brunei - 24% 🇯🇵 Japan - 24% 🇲🇾 Malaysia - 24% 🇻🇺 Vanuatu - 22% 🇨🇮 Côte d’Ivoire - 21% 🇳🇦 Namibia - 21% 🇪🇺 European Union - 20% 🇯🇴 Jordan - 20% 🇳🇮 Nicaragua - 18% 🇿🇼 Zimbabwe - 18% 🇮🇱 Israel - 17% 🇲🇼 Malawi - 17% 🇵🇭 Philippines - 17% 🇿🇲 Zambia - 17% 🇲🇿 Mozambique - 16% 🇳🇴 Norway - 15% 🇻🇪 Venezuela - 15% 🇳🇬 Nigeria - 14% 🇹🇩 Chad - 13% 🇬🇶 Equatorial Guinea - 13% 🇨🇲 Cameroon - 11% 🇨🇩 Democratic Republic of the Congo - 11% 🇦🇫 Afghanistan - 10% 🇦🇱 Albania - 10% 🇦🇩 Andorra - 10% 🇦🇮 Anguilla - 10% 🇦🇬 Antigua and Barbuda - 10% 🇦🇷 Argentina - 10% 🇦🇲 Armenia - 10% 🇦🇼 Aruba - 10% 🇦🇺 Australia - 10% 🇦🇿 Azerbaijan - 10% 🇧🇸 Bahamas - 10% 🇧🇭 Bahrain - 10% 🇧🇧 Barbados - 10% 🇧🇿 Belize - 10% 🇧🇯 Benin - 10% 🇧🇲 Bermuda - 10% 🇧🇹 Bhutan - 10% 🇧🇴 Bolivia - 10% 🇧🇷 Brazil - 10% 🇮🇴 British Indian Ocean Territory - 10% 🇻🇬 British Virgin Islands - 10% 🇧🇮 Burundi - 10% 🇨🇻 Cabo Verde - 10% 🇰🇾 Cayman Islands - 10% 🇨🇫 Central African Republic - 10% 🇨🇱 Chile - 10% 🇨🇽 Christmas Island - 10% 🇨🇨 Cocos (Keeling) Islands - 10% 🇨🇴 Colombia - 10% 🇰🇲 Comoros - 10% 🇨🇰 Cook Islands - 10% 🇨🇷 Costa Rica - 10% 🇨🇼 Curaçao - 10% 🇩🇯 Djibouti - 10% 🇩🇲 Dominica - 10% 🇩🇴 Dominican Republic - 10% 🇪🇨 Ecuador - 10% 🇪🇬 Egypt - 10% 🇸🇻 El Salvador - 10% 🇪🇷 Eritrea - 10% 🇸🇿 Eswatini - 10% 🇪🇹 Ethiopia - 10% 🇬🇫 French Guiana - 10% 🇵🇫 French Polynesia - 10% 🇬🇦 Gabon - 10% 🇬🇲 Gambia - 10% 🇬🇪 Georgia - 10% 🇬🇭 Ghana - 10% 🇬🇮 Gibraltar - 10% 🇬🇩 Grenada - 10% 🇬🇵 Guadeloupe - 10% 🇬🇹 Guatemala - 10% 🇬🇳 Guinea - 10% 🇬🇼 Guinea-Bissau - 10% 🇭🇹 Haiti - 10% 🇭🇲 Heard and McDonald Islands - 10% 🇭🇳 Honduras - 10% 🇮🇸 Iceland - 10% 🇮🇷 Iran - 10% 🇯🇲 Jamaica - 10% 🇰🇪 Kenya - 10% 🇰🇮 Kiribati - 10% 🇽🇰 Kosovo - 10% 🇰🇼 Kuwait - 10% 🇰🇬 Kyrgyzstan - 10% 🇱🇧 Lebanon - 10% 🇱🇷 Liberia - 10% 🇲🇻 Maldives - 10% 🇲🇱 Mali - 10% 🇲🇭 Marshall Islands - 10% 🇲🇶 Martinique - 10% 🇲🇷 Mauritania - 10% 🇾🇹 Mayotte - 10% 🇫🇲 Micronesia - 10% 🇲🇨 Monaco - 10% 🇲🇳 Mongolia - 10% 🇲🇪 Montenegro - 10% 🇲🇸 Montserrat - 10% 🇲🇦 Morocco - 10% 🇳🇵 Nepal - 10% 🇳🇿 New Zealand - 10% 🇳🇪 Niger - 10% 🇳🇫 Norfolk Island - 10% 🇴🇲 Oman - 10% 🇵🇦 Panama - 10% 🇵🇬 Papua New Guinea - 10% 🇵🇾 Paraguay - 10% 🇵🇪 Peru - 10% 🇶🇦 Qatar - 10% 🇨🇬 Republic of the Congo - 10% 🇷🇪 Réunion - 10% 🇷🇼 Rwanda - 10% 🇸🇭 Saint Helena - 10% 🇰🇳 Saint Kitts and Nevis - 10% 🇱🇨 Saint Lucia - 10% 🇵🇲 Saint Pierre and Miquelon - 10% 🇻🇨 Saint Vincent and the Grenadines - 10% 🇼🇸 Samoa - 10% 🇸🇲 San Marino - 10% 🇸🇹 São Tomé and Príncipe - 10% 🇸🇦 Saudi Arabia - 10% 🇸🇳 Senegal - 10% 🇸🇱 Sierra Leone - 10% 🇸🇬 Singapore - 10% 🇸🇽 Sint Maarten - 10% 🇸🇧 Solomon Islands - 10% 🇸🇸 South Sudan - 10% 🇸🇩 Sudan - 10% 🇸🇷 Suriname - 10% 🇸🇯 Svalbard and Jan Mayen - 10% 🇹🇯 Tajikistan - 10% 🇹🇿 Tanzania - 10% 🇹🇱 Timor-Leste - 10% 🇹🇬 Togo - 10% 🇹🇰 Tokelau - 10% 🇹🇴 Tonga - 10% 🇹🇹 Trinidad and Tobago - 10% 🇹🇷 Turkey - 10% 🇹🇲 Turkmenistan - 10% 🇹🇨 Turks and Caicos Islands - 10% 🇹🇻 Tuvalu - 10% 🇺🇬 Uganda - 10% 🇺🇦 Ukraine - 10% 🇦🇪 United Arab Emirates - 10% 🇬🇧 United Kingdom - 10%
myanmar earthquake 2025,1909871414603399562,2025-04-09_07-30-03,en,PeterParker ⚛️⚡️,False,763,,0,1,0,"On March 28, 2025, a powerful 7.7-magnitude earthquake struck central Myanmar. The @movementlabsxyz community is organizing an urgent donation campaign to support. Stay strong #moversxmyanmar Whether it’s $5 or 5 $ETH, your support makes a difference: https://t.co/bYrjeFB55q"
myanmar earthquake 2025,1909871784863690966,2025-04-09_07-31-31,en,MDN NEWS,False,288379,South Africa,54,142,91,Breaking news The US tariffs have officially gone into effect: 🇨🇳 China - 104% 🇱🇸 Lesotho - 50% 🇰🇭 Cambodia - 49% 🇱🇦 Laos - 48% 🇲🇬 Madagascar - 47% 🇻🇳 Vietnam - 46% 🇲🇲 Myanmar - 44% 🇱🇰 Sri Lanka - 44% 🇫🇰 Falkland Islands - 41% 🇸🇾 Syria - 41% 🇲🇺 Mauritius - 40% 🇮🇶 Iraq - 39% 🇬🇾 Guyana - 38% 🇧🇩 Bangladesh - 37% 🇧🇼 Botswana - 37% 🇱🇮 Liechtenstein - 37% 🇷🇸 Serbia - 37% 🇹🇭 Thailand - 36% 🇧🇦 Bosnia and Herzegovina - 35% 🇲🇰 North Macedonia - 33% 🇦🇴 Angola - 32% 🇫🇯 Fiji - 32% 🇮🇩 Indonesia - 32% 🇹🇼 Taiwan - 32% 🇱🇾 Libya - 31% 🇲🇩 Moldova - 31% 🇨🇭 Switzerland - 31% 🇩🇿 Algeria - 30% 🇳🇷 Nauru - 30% 🇿🇦 South Africa - 30% 🇵🇰 Pakistan - 29% 🇹🇳 Tunisia - 28% 🇰🇿 Kazakhstan - 27% 🇮🇳 India - 26% 🇰🇷 South Korea - 25% 🇧🇳 Brunei - 24% 🇯🇵 Japan - 24% 🇲🇾 Malaysia - 24% 🇻🇺 Vanuatu - 22% 🇨🇮 Côte d’Ivoire - 21% 🇳🇦 Namibia - 21% 🇪🇺 European Union - 20% 🇯🇴 Jordan - 20% 🇳🇮 Nicaragua - 18% 🇿🇼 Zimbabwe - 18% 🇮🇱 Israel - 17% 🇲🇼 Malawi - 17% 🇵🇭 Philippines - 17% 🇿🇲 Zambia - 17% 🇲🇿 Mozambique - 16% 🇳🇴 Norway - 15% 🇻🇪 Venezuela - 15% 🇳🇬 Nigeria - 14% 🇹🇩 Chad - 13% 🇬🇶 Equatorial Guinea - 13% 🇨🇲 Cameroon - 11% 🇨🇩 Democratic Republic of the Congo - 11% 🇦🇫 Afghanistan - 10% 🇦🇱 Albania - 10% 🇦🇩 Andorra - 10% 🇦🇮 Anguilla - 10% 🇦🇬 Antigua and Barbuda - 10% 🇦🇷 Argentina - 10% 🇦🇲 Armenia - 10% 🇦🇼 Aruba - 10% 🇦🇺 Australia - 10% 🇦🇿 Azerbaijan - 10% 🇧🇸 Bahamas - 10% 🇧🇭 Bahrain - 10% 🇧🇧 Barbados - 10% 🇧🇿 Belize - 10% 🇧🇯 Benin - 10% 🇧🇲 Bermuda - 10% 🇧🇹 Bhutan - 10% 🇧🇴 Bolivia - 10% 🇧🇷 Brazil - 10% 🇮🇴 British Indian Ocean Territory - 10% 🇻🇬 British Virgin Islands - 10% 🇧🇮 Burundi - 10% 🇨🇻 Cabo Verde - 10% 🇰🇾 Cayman Islands - 10% 🇨🇫 Central African Republic - 10% 🇨🇱 Chile - 10% 🇨🇽 Christmas Island - 10% 🇨🇨 Cocos (Keeling) Islands - 10% 🇨🇴 Colombia - 10% 🇰🇲 Comoros - 10% 🇨🇰 Cook Islands - 10% 🇨🇷 Costa Rica - 10% 🇨🇼 Curaçao - 10% 🇩🇯 Djibouti - 10% 🇩🇲 Dominica - 10% 🇩🇴 Dominican Republic - 10% 🇪🇨 Ecuador - 10% 🇪🇬 Egypt - 10% 🇸🇻 El Salvador - 10% 🇪🇷 Eritrea - 10% 🇸🇿 Eswatini - 10% 🇪🇹 Ethiopia - 10% 🇬🇫 French Guiana - 10% 🇵🇫 French Polynesia - 10% 🇬🇦 Gabon - 10% 🇬🇲 Gambia - 10% 🇬🇪 Georgia - 10% 🇬🇭 Ghana - 10% 🇬🇮 Gibraltar - 10% 🇬🇩 Grenada - 10% 🇬🇵 Guadeloupe - 10% 🇬🇹 Guatemala - 10% 🇬🇳 Guinea - 10% 🇬🇼 Guinea-Bissau - 10% 🇭🇹 Haiti - 10% 🇭🇲 Heard and McDonald Islands - 10% 🇭🇳 Honduras - 10% 🇮🇸 Iceland - 10% 🇮🇷 Iran - 10% 🇯🇲 Jamaica - 10% 🇰🇪 Kenya - 10% 🇰🇮 Kiribati - 10% 🇽🇰 Kosovo - 10% 🇰🇼 Kuwait - 10% 🇰🇬 Kyrgyzstan - 10% 🇱🇧 Lebanon - 10% 🇱🇷 Liberia - 10% 🇲🇻 Maldives - 10% 🇲🇱 Mali - 10% 🇲🇭 Marshall Islands - 10% 🇲🇶 Martinique - 10% 🇲🇷 Mauritania - 10% 🇾🇹 Mayotte - 10% 🇫🇲 Micronesia - 10% 🇲🇨 Monaco - 10% 🇲🇳 Mongolia - 10% 🇲🇪 Montenegro - 10% 🇲🇸 Montserrat - 10% 🇲🇦 Morocco - 10% 🇳🇵 Nepal - 10% 🇳🇿 New Zealand - 10% 🇳🇪 Niger - 10% 🇳🇫 Norfolk Island - 10% 🇴🇲 Oman - 10% 🇵🇦 Panama - 10% 🇵🇬 Papua New Guinea - 10% 🇵🇾 Paraguay - 10% 🇵🇪 Peru - 10% 🇶🇦 Qatar - 10% 🇨🇬 Republic of the Congo - 10% 🇷🇪 Réunion - 10% 🇷🇼 Rwanda - 10% 🇸🇭 Saint Helena - 10% 🇰🇳 Saint Kitts and Nevis - 10% 🇱🇨 Saint Lucia - 10% 🇵🇲 Saint Pierre and Miquelon - 10% 🇻🇨 Saint Vincent and the Grenadines - 10% 🇼🇸 Samoa - 10% 🇸🇲 San Marino - 10% 🇸🇹 São Tomé and Príncipe - 10% 🇸🇦 Saudi Arabia - 10% 🇸🇳 Senegal - 10% 🇸🇱 Sierra Leone - 10% 🇸🇬 Singapore - 10% 🇸🇽 Sint Maarten - 10% 🇸🇧 Solomon Islands - 10% 🇸🇸 South Sudan - 10% 🇸🇩 Sudan - 10% 🇸🇷 Suriname - 10% 🇸🇯 Svalbard and Jan Mayen - 10% 🇹🇯 Tajikistan - 10% 🇹🇿 Tanzania - 10% 🇹🇱 Timor-Leste - 10% 🇹🇬 Togo - 10% 🇹🇰 Tokelau - 10% 🇹🇴 Tonga - 10% 🇹🇹 Trinidad and Tobago - 10% 🇹🇷 Turkey - 10% 🇹🇲 Turkmenistan - 10% 🇹🇨 Turks and Caicos Islands - 10% 🇹🇻 Tuvalu - 10% 🇺🇬 Uganda - 10% 🇺🇦 Ukraine - 10% 🇦🇪 United Arab Emirates - 10% 🇬🇧 UK - 10%
myanmar earthquake 2025,1909874771879215579,2025-04-09_07-43-24,en,Global 106 News,False,2,"Nairobi, Kenya",0,0,1,"Myanmar Earthquake Aftermath Recovery efforts are ongoing following a 7.7-magnitude earthquake that struck central Myanmar on March 28, 2025, killing over 1,600 people, as reported by The New York Times on March 30, 2025, and Reuters on April 1, 2025."
myanmar earthquake 2025,1909875960184263045,2025-04-09_07-48-07,en,Myanmar Fire Services Department,False,807,Myanmar,0,1,0,"On 31.3.2025, due to an earthquake, SAR operations are being carried out in Sagaing by the Sagaing FSD at the Thuta Zey Yar Nunnery and Shwe Min Won (1) Road. At 19 10, the body of one deceased was found, and SAR operations continue. https://t.co/WfmcM4b6PE"
myanmar earthquake 2025,1909879137310847458,2025-04-09_08-00-44,en,Myanmar Fire Services Department,False,807,Myanmar,0,1,0,"In Sagaing , due to an earthquake, at the District Office in Sagaing, where a building collapsed, SAR operations were carried out on 31.3.2025, by the Sagaing FSD along with rescue teams from Malaysia. At 17 05, the body of a male was found, and SAR operations continue. https://t.co/fMpatrMBB2"
myanmar earthquake 2025,1909882415025127538,2025-04-09_08-13-46,en,National Center for Seismology,False,63438,National Center for Seismology,3,13,0,"EQ of M: 4.3, On: 09/04/2025 13:28:22 IST, Lat: 22.76 N, Long: 95.62 E, Depth: 30 Km, Location: Myanmar. For more information Download the BhooKamp App https://t.co/5gCOtjcVGs @DrJitendraSingh @OfficeOfDrJS @Ravi_MoES @Dr_Mishra1966 @ndmaindia https://t.co/QyYZBRpr1u"
myanmar earthquake 2025,1909882582277169272,2025-04-09_08-14-26,in,Earthquake Map,False,2525,,1,0,0,"M4.7 MYANMAR 10.0km Apr 09, 2025 07:58:17 UTC https://t.co/Kp20EV7k2q"
myanmar earthquake 2025,1909882735641964580,2025-04-09_08-15-02,in,Earthquake Map,False,2423,,1,1,0,"【mb4.7】MYANMAR 10km Apr 09, 2025 07:58:17 UTC (G)https://t.co/KcFyGR32di (EMSC)https://t.co/dvztf4X8JP"
myanmar earthquake 2025,1909883808645812644,2025-04-09_08-19-18,en,World EQ Locator,False,771,Earth,0,0,0,"On 2025-04-09, at 07:58:17 (UTC), there was an earthquake around 32 km NE of Shwebo, Burma (Myanmar). The depth of the hypocenter is about 10.0km, and the magnitude of the earthquake is estimated to be about 4.7. https://t.co/iUntR9BsGz https://t.co/Jb1omSQIFW"
myanmar earthquake 2025,1909886500927623265,2025-04-09_08-30-00,en,"People's Daily, China",False,6582814,"Beijing, China",10,24,1,"The 5th batch of emergency humanitarian aid supplies dispatched by the Chinese government arrived Wed at Yangon International Airport in Myanmar, including 266 tents, 20,000 mosquito nets, 9,000 tarpaulins, and 2,000 boxes of instant noodles, with a total weight of over 91 tons. https://t.co/k3mPaxGYip"
myanmar earthquake 2025,1909889497849909304,2025-04-09_08-41-54,ro,GDACS DisasterAlerts,False,6970,Global monitoring,1,0,0,"Green #earthquake alert (4.7M,depth:10km) in #Myanmar 09 Apr 2025 07:58 UTC,Pop100km:10000 - https://t.co/lUEr58XyLn - #GDACSFeedback"
myanmar earthquake 2025,1909892517417668620,2025-04-09_08-53-54,en,Li Zexin,False,81089,Beijing,43,262,2,China sent four PLAAF Y-20 heavy transport aircraft to Myanmar to bring Chinese rescue teams back to home after they completed the earthquake relief mission. https://t.co/wdimjxTN65
myanmar earthquake 2025,1909893303790624960,2025-04-09_08-57-02,in,Earthquake Map,False,2423,,1,1,0,"【m4.0】MYANMAR 10km Apr 09, 2025 08:47:21 UTC (G)https://t.co/EY61LWebRx (EMSC)https://t.co/Hcc4W2HB9m"
myanmar earthquake 2025,1909893533097456046,2025-04-09_08-57-57,en,National Unity Government Myanmar,False,236339,,39,61,1,"In the Midst of Severe Earthquake Shaking: Terrorist Junta Attack Civilians with Airstrikes and Heavy Weapons ——————————————————————— Following the devastating earthquake that struck Myanmar on March 28, 2025, the military junta carried out 92 airstrikes and artillery attacks, resulting in the deaths of 72 civilians, including six children under the age of 18 and 30 women. These attacks included (18) attacks on Sagaing Region and also (18) attacks on Mandalay Region, which was the worst affected by the earthquake. Can Explore detailed information and witness in the following Infograph. (The information has been confirmed by the Ministry of Human Rights @mohr_nug for the period from March 28, 2025 (13:00), to April 8, 2025 (14:00). The actual numbers may be higher, and additional lists could emerge.) #2025MyanmarEarthquake #MyanmarEarthquake #attackonCivillians #AirstrikeduringEarthquake #CrimesofJunta #warcrimes #Crimesagainsthumanity #HumanRights #MoHR #WhatsHappeningInMyanmar"
myanmar earthquake 2025,1909895057290756459,2025-04-09_09-04-00,en,DW News,False,753482,Germany,7,18,0,"Myanmar residents say they are ""heartbroken,"" as the recent earthquake destroyed many of their ancient sites, as well as their livelihood. The 7.7 magnitude earthquake reduced the city of Inwa to rubble. https://t.co/Wul2xL5MaJ"
myanmar earthquake 2025,1909898796252668336,2025-04-09_09-18-51,tr,Gazete 360,False,128195,,3,39,23,Myanmar'daki 7.7'lik depremde Buda heykeli önünde ibadet ederken yakalandılar İşte o panik anları 👇 https://t.co/v46k5kL4eW
myanmar earthquake 2025,1909899977385521239,2025-04-09_09-23-33,en,Digitaldhakanews,False,19,"Dhaka, Bangladesh",0,1,0,"On 07 April 2025, the Bangladesh Armed Forces continued rescue and medical operations in Myanmar following the 28 March earthquake. In coordination with local authorities, key items were recovered from damaged buildings in Naypyidaw https://t.co/4JnR39zv2W"
myanmar earthquake 2025,1909901601961300377,2025-04-09_09-30-00,en,CGTN,False,12811620,"Beijing, China",6,40,1,Chinese rescue teams leave Myanmar after completing mission https://t.co/HyhBq0nQUk
myanmar earthquake 2025,1909902863939084394,2025-04-09_09-35-01,en,Myanmar Fire Services Department,False,807,Myanmar,0,0,0,"On 28.3.2025, due to an earthquake, the Great Wall Hotel building in Mandalay collapsed. SAR teams from Myanmar,Russia, and China worked together in SAR efforts. On 31.3.2025, at 00 40,rescued Aye Aye Moe, who was approximately five months pregnant, after 60 Hr being tapped."
myanmar earthquake 2025,1909903994085859553,2025-04-09_09-39-31,en,Real World Asset Watchlist,False,301060,,10,40,13,🚨 JUST IN: U.S. tariffs are now officially in effect 🇺🇸 🇨🇳 China - 104% 🇱🇸 Lesotho - 50% 🇰🇭 Cambodia - 49% 🇱🇦 Laos - 48% 🇲🇬 Madagascar - 47% 🇻🇳 Vietnam - 46% 🇲🇲 Myanmar - 44% 🇱🇰 Sri Lanka - 44% 🇫🇰 Falkland Islands - 41% 🇸🇾 Syria - 41% 🇲🇺 Mauritius - 40% 🇮🇶 Iraq - 39% 🇬🇾 Guyana - 38% 🇧🇩 Bangladesh - 37% 🇧🇼 Botswana - 37% 🇱🇮 Liechtenstein - 37% 🇷🇸 Serbia - 37% 🇹🇭 Thailand - 36% 🇧🇦 Bosnia and Herzegovina - 35% 🇲🇰 North Macedonia - 33% 🇦🇴 Angola - 32% 🇫🇯 Fiji - 32% 🇮🇩 Indonesia - 32% 🇹🇼 Taiwan - 32% 🇱🇾 Libya - 31% 🇲🇩 Moldova - 31% 🇨🇭 Switzerland - 31% 🇩🇿 Algeria - 30% 🇳🇷 Nauru - 30% 🇿🇦 South Africa - 30% 🇵🇰 Pakistan - 29% 🇹🇳 Tunisia - 28% 🇰🇿 Kazakhstan - 27% 🇮🇳 India - 26% 🇰🇷 South Korea - 25% 🇧🇳 Brunei - 24% 🇯🇵 Japan - 24% 🇲🇾 Malaysia - 24% 🇻🇺 Vanuatu - 22% 🇨🇮 Côte d’Ivoire - 21% 🇳🇦 Namibia - 21% 🇪🇺 European Union - 20% 🇯🇴 Jordan - 20% 🇳🇮 Nicaragua - 18% 🇿🇼 Zimbabwe - 18% 🇮🇱 Israel - 17% 🇲🇼 Malawi - 17% 🇵🇭 Philippines - 17% 🇿🇲 Zambia - 17% 🇲🇿 Mozambique - 16% 🇳🇴 Norway - 15% 🇻🇪 Venezuela - 15% 🇳🇬 Nigeria - 14% 🇹🇩 Chad - 13% 🇬🇶 Equatorial Guinea - 13% 🇨🇲 Cameroon - 11% 🇨🇩 Democratic Republic of the Congo - 11% 🇦🇫 Afghanistan - 10% 🇦🇱 Albania - 10% 🇦🇩 Andorra - 10% 🇦🇮 Anguilla - 10% 🇦🇬 Antigua and Barbuda - 10% 🇦🇷 Argentina - 10% 🇦🇲 Armenia - 10% 🇦🇼 Aruba - 10% 🇦🇺 Australia - 10% 🇦🇿 Azerbaijan - 10% 🇧🇸 Bahamas - 10% 🇧🇭 Bahrain - 10% 🇧🇧 Barbados - 10% 🇧🇿 Belize - 10% 🇧🇯 Benin - 10% 🇧🇲 Bermuda - 10% 🇧🇹 Bhutan - 10% 🇧🇴 Bolivia - 10% 🇧🇷 Brazil - 10% 🇮🇴 British Indian Ocean Territory - 10% 🇻🇬 British Virgin Islands - 10% 🇧🇮 Burundi - 10% 🇨🇻 Cabo Verde - 10% 🇰🇾 Cayman Islands - 10% 🇨🇫 Central African Republic - 10% 🇨🇱 Chile - 10% 🇨🇽 Christmas Island - 10% 🇨🇨 Cocos (Keeling) Islands - 10% 🇨🇴 Colombia - 10% 🇰🇲 Comoros - 10% 🇨🇰 Cook Islands - 10% 🇨🇷 Costa Rica - 10% 🇨🇼 Curaçao - 10% 🇩🇯 Djibouti - 10% 🇩🇲 Dominica - 10% 🇩🇴 Dominican Republic - 10% 🇪🇨 Ecuador - 10% 🇪🇬 Egypt - 10% 🇸🇻 El Salvador - 10% 🇪🇷 Eritrea - 10% 🇸🇿 Eswatini - 10% 🇪🇹 Ethiopia - 10% 🇬🇫 French Guiana - 10% 🇵🇫 French Polynesia - 10% 🇬🇦 Gabon - 10% 🇬🇲 Gambia - 10% 🇬🇪 Georgia - 10% 🇬🇭 Ghana - 10% 🇬🇮 Gibraltar - 10% 🇬🇩 Grenada - 10% 🇬🇵 Guadeloupe - 10% 🇬🇹 Guatemala - 10% 🇬🇳 Guinea - 10% 🇬🇼 Guinea-Bissau - 10% 🇭🇹 Haiti - 10% 🇭🇲 Heard and McDonald Islands - 10% 🇭🇳 Honduras - 10% 🇮🇸 Iceland - 10% 🇮🇷 Iran - 10% 🇯🇲 Jamaica - 10% 🇰🇪 Kenya - 10% 🇰🇮 Kiribati - 10% 🇽🇰 Kosovo - 10% 🇰🇼 Kuwait - 10% 🇰🇬 Kyrgyzstan - 10% 🇱🇧 Lebanon - 10% 🇱🇷 Liberia - 10% 🇲🇻 Maldives - 10% 🇲🇱 Mali - 10% 🇲🇭 Marshall Islands - 10% 🇲🇶 Martinique - 10% 🇲🇷 Mauritania - 10% 🇾🇹 Mayotte - 10% 🇫🇲 Micronesia - 10% 🇲🇨 Monaco - 10% 🇲🇳 Mongolia - 10% 🇲🇪 Montenegro - 10% 🇲🇸 Montserrat - 10% 🇲🇦 Morocco - 10% 🇳🇵 Nepal - 10% 🇳🇿 New Zealand - 10% 🇳🇪 Niger - 10% 🇳🇫 Norfolk Island - 10% 🇴🇲 Oman - 10% 🇵🇦 Panama - 10% 🇵🇬 Papua New Guinea - 10% 🇵🇾 Paraguay - 10% 🇵🇪 Peru - 10% 🇶🇦 Qatar - 10% 🇨🇬 Republic of the Congo - 10% 🇷🇪 Réunion - 10% 🇷🇼 Rwanda - 10% 🇸🇭 Saint Helena - 10% 🇰🇳 Saint Kitts and Nevis - 10% 🇱🇨 Saint Lucia - 10% 🇵🇲 Saint Pierre and Miquelon - 10% 🇻🇨 Saint Vincent and the Grenadines - 10% 🇼🇸 Samoa - 10% 🇸🇲 San Marino - 10% 🇸🇹 São Tomé and Príncipe - 10% 🇸🇦 Saudi Arabia - 10% 🇸🇳 Senegal - 10% 🇸🇱 Sierra Leone - 10% 🇸🇬 Singapore - 10% 🇸🇽 Sint Maarten - 10% 🇸🇧 Solomon Islands - 10% 🇸🇸 South Sudan - 10% 🇸🇩 Sudan - 10% 🇸🇷 Suriname - 10% 🇸🇯 Svalbard and Jan Mayen - 10% 🇹🇯 Tajikistan - 10% 🇹🇿 Tanzania - 10% 🇹🇱 Timor-Leste - 10% 🇹🇬 Togo - 10% 🇹🇰 Tokelau - 10% 🇹🇴 Tonga - 10% 🇹🇹 Trinidad and Tobago - 10% 🇹🇷 Turkey - 10% 🇹🇲 Turkmenistan - 10% 🇹🇨 Turks and Caicos Islands - 10% 🇹🇻 Tuvalu - 10% 🇺🇬 Uganda - 10% 🇺🇦 Ukraine - 10% 🇦🇪 United Arab Emirates - 10% 🇬🇧 United Kingdom - 10%
myanmar earthquake 2025,1909905077642346826,2025-04-09_09-43-49,en,Myanmar Fire Services Department,False,807,Myanmar,0,1,0,"On 31.3.2025, in Naung Shwe, Taunggyi, Shan, due to an earthquake, the Chan Kaylar village, which was severely affected, had 25 houses were damaged. SAR teams, along with relevant organizations, cooperated to assist in relocating the people and their belongings to safety. https://t.co/LM1KdXS7yt"
myanmar earthquake 2025,1909913383169646721,2025-04-09_10-16-49,en,MOFA of Nepal 🇳🇵,False,262961,"Singha Durbar, Kathmandu",17,57,2,"Hon. Foreign Minister Dr. Arzu Rana Deuba inspected the consignments of relief materials ready to be sent to Myanmar today. With support of private sector, the Government of Nepal is sending food items, medicines, clothes, tents, kitchen utensils etc. as support to earthquake victims in 🇲🇲 @Arzuranadeuba @amritrai555 @krishnadhakal07"
myanmar earthquake 2025,1909918497402139120,2025-04-09_10-37-09,en,Elon Musk,False,693155,Mars,85,336,78,🇺🇸 BREAKING: US tariffs officially go in effect. 🇨🇳 China - 104% 🇱🇸 Lesotho - 50% 🇰🇭 Cambodia - 49% 🇱🇦 Laos - 48% 🇲🇬 Madagascar - 47% 🇻🇳 Vietnam - 46% 🇲🇲 Myanmar - 44% 🇱🇰 Sri Lanka - 44% 🇫🇰 Falkland Islands - 41% 🇸🇾 Syria - 41% 🇲🇺 Mauritius - 40% 🇮🇶 Iraq - 39% 🇬🇾 Guyana - 38% 🇧🇩 Bangladesh - 37% 🇧🇼 Botswana - 37% 🇱🇮 Liechtenstein - 37% 🇷🇸 Serbia - 37% 🇹🇭 Thailand - 36% 🇧🇦 Bosnia and Herzegovina - 35% 🇲🇰 North Macedonia - 33% 🇦🇴 Angola - 32% 🇫🇯 Fiji - 32% 🇮🇩 Indonesia - 32% 🇹🇼 Taiwan - 32% 🇱🇾 Libya - 31% 🇲🇩 Moldova - 31% 🇨🇭 Switzerland - 31% 🇩🇿 Algeria - 30% 🇳🇷 Nauru - 30% 🇿🇦 South Africa - 30% 🇵🇰 Pakistan - 29% 🇹🇳 Tunisia - 28% 🇰🇿 Kazakhstan - 27% 🇮🇳 India - 26% 🇰🇷 South Korea - 25% 🇧🇳 Brunei - 24% 🇯🇵 Japan - 24% 🇲🇾 Malaysia - 24% 🇻🇺 Vanuatu - 22% 🇨🇮 Côte d’Ivoire - 21% 🇳🇦 Namibia - 21% 🇪🇺 European Union - 20% 🇯🇴 Jordan - 20% 🇳🇮 Nicaragua - 18% 🇿🇼 Zimbabwe - 18% 🇮🇱 Israel - 17% 🇲🇼 Malawi - 17% 🇵🇭 Philippines - 17% 🇿🇲 Zambia - 17% 🇲🇿 Mozambique - 16% 🇳🇴 Norway - 15% 🇻🇪 Venezuela - 15% 🇳🇬 Nigeria - 14% 🇹🇩 Chad - 13% 🇬🇶 Equatorial Guinea - 13% 🇨🇲 Cameroon - 11% 🇨🇩 Democratic Republic of the Congo - 11% 🇦🇫 Afghanistan - 10% 🇦🇱 Albania - 10% 🇦🇩 Andorra - 10% 🇦🇮 Anguilla - 10% 🇦🇬 Antigua and Barbuda - 10% 🇦🇷 Argentina - 10% 🇦🇲 Armenia - 10% 🇦🇼 Aruba - 10% 🇦🇺 Australia - 10% 🇦🇿 Azerbaijan - 10% 🇧🇸 Bahamas - 10% 🇧🇭 Bahrain - 10% 🇧🇧 Barbados - 10% 🇧🇿 Belize - 10% 🇧🇯 Benin - 10% 🇧🇲 Bermuda - 10% 🇧🇹 Bhutan - 10% 🇧🇴 Bolivia - 10% 🇧🇷 Brazil - 10% 🇮🇴 British Indian Ocean Territory - 10% 🇻🇬 British Virgin Islands - 10% 🇧🇮 Burundi - 10% 🇨🇻 Cabo Verde - 10% 🇰🇾 Cayman Islands - 10% 🇨🇫 Central African Republic - 10% 🇨🇱 Chile - 10% 🇨🇽 Christmas Island - 10% 🇨🇨 Cocos (Keeling) Islands - 10% 🇨🇴 Colombia - 10% 🇰🇲 Comoros - 10% 🇨🇰 Cook Islands - 10% 🇨🇷 Costa Rica - 10% 🇨🇼 Curaçao - 10% 🇩🇯 Djibouti - 10% 🇩🇲 Dominica - 10% 🇩🇴 Dominican Republic - 10% 🇪🇨 Ecuador - 10% 🇪🇬 Egypt - 10% 🇸🇻 El Salvador - 10% 🇪🇷 Eritrea - 10% 🇸🇿 Eswatini - 10% 🇪🇹 Ethiopia - 10% 🇬🇫 French Guiana - 10% 🇵🇫 French Polynesia - 10% 🇬🇦 Gabon - 10% 🇬🇲 Gambia - 10% 🇬🇪 Georgia - 10% 🇬🇭 Ghana - 10% 🇬🇮 Gibraltar - 10% 🇬🇩 Grenada - 10% 🇬🇵 Guadeloupe - 10% 🇬🇹 Guatemala - 10% 🇬🇳 Guinea - 10% 🇬🇼 Guinea-Bissau - 10% 🇭🇹 Haiti - 10% 🇭🇲 Heard and McDonald Islands - 10% 🇭🇳 Honduras - 10% 🇮🇸 Iceland - 10% 🇮🇷 Iran - 10% 🇯🇲 Jamaica - 10% 🇰🇪 Kenya - 10% 🇰🇮 Kiribati - 10% 🇽🇰 Kosovo - 10% 🇰🇼 Kuwait - 10% 🇰🇬 Kyrgyzstan - 10% 🇱🇧 Lebanon - 10% 🇱🇷 Liberia - 10% 🇲🇻 Maldives - 10% 🇲🇱 Mali - 10% 🇲🇭 Marshall Islands - 10% 🇲🇶 Martinique - 10% 🇲🇷 Mauritania - 10% 🇾🇹 Mayotte - 10% 🇫🇲 Micronesia - 10% 🇲🇨 Monaco - 10% 🇲🇳 Mongolia - 10% 🇲🇪 Montenegro - 10% 🇲🇸 Montserrat - 10% 🇲🇦 Morocco - 10% 🇳🇵 Nepal - 10% 🇳🇿 New Zealand - 10% 🇳🇪 Niger - 10% 🇳🇫 Norfolk Island - 10% 🇴🇲 Oman - 10% 🇵🇦 Panama - 10% 🇵🇬 Papua New Guinea - 10% 🇵🇾 Paraguay - 10% 🇵🇪 Peru - 10% 🇶🇦 Qatar - 10% 🇨🇬 Republic of the Congo - 10% 🇷🇪 Réunion - 10% 🇷🇼 Rwanda - 10% 🇸🇭 Saint Helena - 10% 🇰🇳 Saint Kitts and Nevis - 10% 🇱🇨 Saint Lucia - 10% 🇵🇲 Saint Pierre and Miquelon - 10% 🇻🇨 Saint Vincent and the Grenadines - 10% 🇼🇸 Samoa - 10% 🇸🇲 San Marino - 10% 🇸🇹 São Tomé and Príncipe - 10% 🇸🇦 Saudi Arabia - 10% 🇸🇳 Senegal - 10% 🇸🇱 Sierra Leone - 10% 🇸🇬 Singapore - 10% 🇸🇽 Sint Maarten - 10% 🇸🇧 Solomon Islands - 10% 🇸🇸 South Sudan - 10% 🇸🇩 Sudan - 10% 🇸🇷 Suriname - 10% 🇸🇯 Svalbard and Jan Mayen - 10% 🇹🇯 Tajikistan - 10% 🇹🇿 Tanzania - 10% 🇹🇱 Timor-Leste - 10% 🇹🇬 Togo - 10% 🇹🇰 Tokelau - 10% 🇹🇴 Tonga - 10% 🇹🇹 Trinidad and Tobago - 10% 🇹🇷 Turkey - 10% 🇹🇲 Turkmenistan - 10% 🇹🇨 Turks and Caicos Islands - 10% 🇹🇻 Tuvalu - 10% 🇺🇬 Uganda - 10% 🇺🇦 Ukraine - 10% 🇦🇪 United Arab Emirates - 10% 🇬🇧 United Kingdom - 10%
myanmar earthquake 2025,1909920994334232661,2025-04-09_10-47-04,en,Myanmar Now,False,445877,Myanmar,3,3,0,"The Shan Human Rights Foundation reveals new reports of widespread civilian suffering, urging all sides in Myanmar’s conflict to adhere to international human rights standards Read more: https://t.co/UNLhoSvlT2 Follow us on Bluesky! https://t.co/2bp3g4ncYw https://t.co/m5fIK9lJHx"
myanmar earthquake 2025,1909921198206841261,2025-04-09_10-47-52,en,The Irrawaddy (Eng),False,735806,,39,44,2,"It’s the ‘Mandalay earthquake’ insist Myanmar’s nervous generals, for whom the word ‘Sagaing’ has ominous undertones in the Burmese language. #WhatsHappeningInMyanmar https://t.co/zsnVrzJiNS"
myanmar earthquake 2025,1909926072646353166,2025-04-09_11-07-15,en,Jashim,False,2248,Occupied Earth,58,299,92,"India has unilaterally canceled the transshipment agreement to Nepal, Bhutan & Myanmar to restrict Bangladesh’s trade growth. Yet, India itself is using free transit and corridor through the heart of Bangladesh. This shows how petty and narrow-minded some people are there - it's impossible to make any fair deal with them, whether in trade or anything else. India is the ONLY Enemy of Bangladesh"
myanmar earthquake 2025,1909927193154662544,2025-04-09_11-11-42,en,Gorilla Artur,False,7,,0,0,0,"Wassap my mates From Now until April 12, 2025, we’re launching Movers x Myanmar, a community-driven fundraiser supporting Doctors Without Borders relief efforts for the devastating 7.7 magnitude earthquake that struck Myanmar. #moversxmyanmar https://t.co/owEjcldhnr"
myanmar earthquake 2025,1909927945319121220,2025-04-09_11-14-41,en,Toman Pepomod,False,1,,0,0,0,"From Now until April 12, 2025, we’re launching Movers x Myanmar, a community-driven fundraiser supporting Doctors Without Borders relief efforts for the devastating 7.7 magnitude earthquake that struck Myanmar if you can #moversxmyanmar https://t.co/jwp9SwPgef"
myanmar earthquake 2025,1909929676312834226,2025-04-09_11-21-34,en,Cak Solikin,False,1534,,0,0,0,"@DaryonoBMKG Moderate Mag. 4.0 Earthquake - 62 km North of Mandalay, Mandalay, Myanmar, on Wednesday, Apr 9, 2025, at 03:17 pm (Yangon Time) https://t.co/T1R7QgEN2x"
myanmar earthquake 2025,1909932003413074147,2025-04-09_11-30-49,tr,mühendisyen,False,435205,jupiter,21,168,45,"Myanmar'da meydana gelen 7.7 büyüklüğündeki deprem sırasında, güvenlik kameraları dev buda heykeline tapınan bir grup insanı görüntüledi. İnsanlar budayı bırakarak kaçtı. #Deprem https://t.co/CQtXs7g1Lq"
myanmar earthquake 2025,1909934315728683177,2025-04-09_11-40-00,en,AFP News Agency,False,2439359,Around The World,1,7,1,🇹🇭 VIDEO: When Phatsakon Kaewkla came home to his apartment in the Thai capital after a massive earthquake hit Myanmar. Many Bangkok residents are now wondering if they should seek safer housing in a city where hundreds of buildings were damaged by the 7.7-magnitude quake. https://t.co/VBcgmqWHTs
myanmar earthquake 2025,1909936493285507407,2025-04-09_11-48-39,en,Grok,False,3486666,wherever you are,0,0,0,"@Minakshisingh47 A 7.7 magnitude earthquake hit near Mandalay, Myanmar on March 28, 2025, not 7.9 as reported. It caused severe damage, with over 1,600 deaths and collapsed buildings in Myanmar and Thailand. Tremors were felt in Thailand and China, matching your regional impact claim. The shallow 10km depth worsened the destruction. Summary: Earthquake in Myanmar on March 28, 2025 was 7.7, not 7.9, with major damage and over 1,600 deaths. https://t.co/pqlzSn8SPf"
myanmar earthquake 2025,1909938933729001855,2025-04-09_11-58-21,en,Defence research forum DRF,False,7955,,84,975,182,"India cancels transhipment facility for Bangladesh’s export cargo to Bhutan, Nepal, Myanmar via its land borders, per CBIC notification. Meanwhile, if Bangladesh cancels India's transshipment facility, India's Seven Sisters essential supply chain will collapse overnight. https://t.co/eShRS2va35"
myanmar earthquake 2025,1909938955027357878,2025-04-09_11-58-26,en,Real Mac Report,False,94640,"Washington, DC",66,94,13,US tariffs have officially started today. China - 104 Lesotho - 50 Cambodia - 49 Laos - 48 Madagascar - 47 Vietnam - 46 Myanmar - 44 Sri Lanka - 44 Falkland Islands - 41 Syria - 41 Mauritius - 40 Iraq - 39 Guyana - 38 Bangladesh - 37 Botswana - 37 Liechtenstein - 37 Serbia - 37 Thailand - 36 Bosnia and Herzegovina - 35 North Macedonia - 33 Angola - 32 Fiji - 32 Indonesia - 32 Taiwan - 32 Libya - 31 Moldova - 31 Switzerland - 31 Algeria - 30 Nauru - 30 South Africa - 30 Pakistan - 29 Tunisia - 28 Kazakhstan - 27 India - 26 South Korea - 25 Brunei - 24 Japan - 24 Malaysia - 24 Vanuatu - 22 Côte d’Ivoire - 21 Namibia - 21 European Union - 20 Jordan - 20 Nicaragua - 18 Zimbabwe - 18 Israel - 17 Malawi - 17 Philippines - 17 Zambia - 17 Mozambique - 16 Norway - 15 Venezuela - 15 Nigeria - 14 Chad - 13 Equatorial Guinea - 13 Cameroon - 11 Democratic Republic of the Congo - 11 Afghanistan - 10 Albania - 10 Andorra - 10 Anguilla - 10 Antigua and Barbuda - 10 Argentina - 10 Armenia - 10 Aruba - 10 Australia - 10 Azerbaijan - 10 Bahamas - 10 Bahrain - 10 Barbados - 10 Belize - 10 Benin - 10 Bermuda - 10 Bhutan - 10 Bolivia - 10 Brazil - 10 British Indian Ocean Territory - 10 British Virgin Islands - 10 Burundi - 10 Cabo Verde - 10 Cayman Islands - 10 Central African Republic - 10 Chile - 10 Christmas Island - 10 Cocos (Keeling) Islands - 10 Colombia - 10 Comoros - 10 Cook Islands - 10 Costa Rica - 10 Curaçao - 10 Djibouti - 10 Dominica - 10 Dominican Republic - 10 Ecuador - 10 Egypt - 10 El Salvador - 10 Eritrea - 10 Eswatini - 10 Ethiopia - 10 French Guiana - 10 French Polynesia - 10 Gabon - 10 Greece - 10 Gambia - 10 Georgia - 10 Ghana - 10 Gibraltar - 10 Grenada - 10 Guadeloupe - 10 Guatemala - 10 Guinea - 10 Guinea-Bissau - 10 Haiti - 10 Heard and McDonald Islands - 10 Honduras - 10 Iceland - 10 Iran - 10 Jamaica - 10 Kenya - 10 Kiribati - 10 Kosovo - 10 Kuwait - 10 Kyrgyzstan - 10 Lebanon - 10 Liberia - 10 Maldives - 10 Mali - 10 Marshall Islands - 10 Martinique - 10 Mauritania - 10 Mayotte - 10 Micronesia - 10 Monaco - 10 Mongolia - 10 Montenegro - 10 Montserrat - 10 Morocco - 10 Nepal - 10 New Zealand - 10 Niger - 10 Norfolk Island - 10 Oman - 10 Panama - 10 Papua New Guinea - 10 Paraguay - 10 Peru - 10 Qatar - 10 Republic of the Congo - 10 Réunion - 10 Rwanda - 10 Saint Helena - 10 Saint Kitts and Nevis - 10 Saint Lucia - 10 Saint Pierre and Miquelon - 10 Saint Vincent and the Grenadines - 10 Samoa - 10 San Marino - 10 São Tomé and Príncipe - 10 Saudi Arabia - 10 Senegal - 10 Sierra Leone - 10 Singapore - 10 Sint Maarten - 10 Solomon Islands - 10 South Sudan - 10 Sudan - 10 Suriname - 10 Svalbard and Jan Mayen - 10 Tajikistan - 10 Tanzania - 10 Timor-Leste - 10 Togo - 10 Tokelau - 10 Tonga - 10 Trinidad and Tobago - 10 Turkey - 10 Turkmenistan - 10 Turks and Caicos Islands - 10 Tuvalu - 10 Uganda - 10 Ukraine - 10 United Arab Emirates - 10 United Kingdom - 10 Uruguay - 10 Uzbekistan - 10 Yemen - 10
myanmar earthquake 2025,1909944623335964824,2025-04-09_12-20-57,en,Myanmar Now,False,445877,Myanmar,5,5,0,"Residents of Pyawbwe say the quake killed at least 400 people in the town, while many others remain in dire need of shelter and medical attention Read more: https://t.co/hlEyoRdioY Follow us on Bluesky! https://t.co/2bp3g4ncYw https://t.co/PByvvlPMMe"
myanmar earthquake 2025,1909948022944850409,2025-04-09_12-34-28,en,United Nations in Myanmar,False,226732,"Yangon,  Myanmar",0,10,0,"A cargo flight carrying relief supplies from @AusHumanitarian landed today in Yangon to support the #MyanmarEarthquake emergency response. The WFP-led @logcluster is working with partners to quickly dispatch aid to those most in need with shelter, kitchen, and hygiene kits. https://t.co/hYnE0FnxxS"
myanmar earthquake 2025,1909950806897447352,2025-04-09_12-45-32,en,Filia | INTEGRATED 🦍⚡️,False,195,The Whole Movement,0,6,0,"On March 28, 2025, a powerful 7.7 magnitude #earthquake struck central #Myanmar. @movementlabsxyz is hosting an urgent fundraiser to support relief efforts by Doctors Without Borders 👨‍⚕️ 👉Make your donation today: https://t.co/xyx5Hz8eKo ❤️ #moversxmyanmar"
myanmar earthquake 2025,1909955008864411877,2025-04-09_13-02-14,tr,İHH,False,526511,,14,51,0,"Myanmar'ın Mandalay bölgesinde depremden etkilenen 300 aileye gıda kolisi ve temiz su dağıtımı gerçekleştirdik. Bölgede yaşanan su sıkıntısı nedeniyle, 1100 litre kapasiteli 9 adet su tankı dağıttık. https://t.co/gWhILfIBlw"
myanmar earthquake 2025,1909956746216407145,2025-04-09_13-09-08,en,Franklin Graham,False,2965662,,300,1891,44,The @SamaritansPurse Emergency Field Hospital is up and running in Myanmar where our team is caring for patients after the deadly earthquake there. Pray for those affected and for our staff as they serve. https://t.co/MLztjU1abh
myanmar earthquake 2025,1909958126385651991,2025-04-09_13-14-37,en,Times Algebra,False,593576,,1202,6625,134,"BIG BREAKING NEWS 🚨 India ends transshipment facility for Bangladesh's export cargo 🔥🔥 Yunus had backed Chinese economic role near Northeast. This step will DISRUPT Bangladesh’s trade with Bhutan, Nepal, and Myanmar 🔥 Fascist Yunus said in China that ""Northeast India is landlocked & Dhaka is the only guardian of the ocean for all this region"" MODI MASTERSTROKE CONTINUES !!"
myanmar earthquake 2025,1909960098153120245,2025-04-09_13-22-27,und,Majic,False,330,"Erin, Ontario, Canada 🇨🇦",0,0,0,"ТАСС, [2025-04-09 9:01 AM] ▶ Alexander Kurenkov ordered the withdrawal of Russian rescuers from Myanmar, where they were involved in eliminating the consequences of the earthquake. Video: Russian Emergencies Ministry/TASS ТАСС, [2025-04-09 9:11 AM] EU countries have approved trade tariffs against the United States, which will be introduced from April 15, the EU Council reported. ТАСС, [2025-04-09 9:13 AM] The EU has requested a new 2.1 billion euros in profits from Russian assets to provide to Ukraine, the European Commission reported. ТАСС, [2025-04-09 9:13 AM] ❕ The Chargé d'Affaires of Romania has been summoned to the Russian Foreign Ministry, the diplomatic agency announced. ТАСС, [2025-04-09 9:17 AM] Serbia will never go to war with Russia for the sake of EU membership, said Deputy Prime Minister of the Republic Aleksandar Vulin, speaking in the European Parliament. The text of his speech is at the disposal of TASS. ТАСС, [2025-04-09 9:17 AM] ▶ Mikhail Efremov returned to Moscow after being released from a penal colony. Video: Elina Shtorts/TASS"
myanmar earthquake 2025,1909964116518728118,2025-04-09_13-38-25,en,Eutelsat Group,False,54228,Worldwide,7,37,2,"Eutelsat OneWeb: Delivering Emergency Connectivity to Myanmar ⛑️ Following the devastating 7.7 magnitude earthquake in Myanmar, our team acted to support relief efforts by delivering and deploying user terminals for our low Earth orbit network to restore critical communications. https://t.co/z1KPV7JInN"
myanmar earthquake 2025,1909964244566851919,2025-04-09_13-38-55,en,SK Chakraborty,False,47033,,49,90,14,"India has terminated the trans-shipment facility that allowed export cargo from #Bangladesh to third countries using Indian land customs stations en route to ports and airports. Bangladesh’s exports to Bhutan, Nepal and Myanmar will be affected. Bangladesh has invited #Chinese help in revitalising an air base Lalmonirhat, near India’s Siliguri Corridor also known as the Chicken’s Neck—India’s critical gateway to its northeastern states. Reports suggest Bangladesh is exploring strategic cooperation with China in the region, prompting apprehensions in New Delhi about a growing Chinese footprint near a militarily sensitive zone. The cancellation would lead to higher costs and delays for Bangladeshi exporters. Approx 20-30 loaded trucks arrive in Delhi Air Cargo complex every day, which slows down the smooth movement of cargo, and airlines are taking undue advantage of this. This leads to an excessive increase in air freight rates, delay in handling and processing of export cargo, and severe congestion at the Cargo Terminal at the IGI Airport, Delhi, resulting in exports of Indian apparel exports through the Delhi air cargo complex becoming uncompetitive. (From https://t.co/jg6PdiXbnK)"
myanmar earthquake 2025,1909965303565721852,2025-04-09_13-43-08,en,CRPH Myanmar,False,273035,Myanmar,24,51,1,We had a very productive week to exchange views on the Myanmar's political developments and to promote our parliamentary relations with fellow MPs across the world at #IPU150. We look forward to more effective support for peace restoration and ending illegal military rule. https://t.co/cT5IPjzDJH
myanmar earthquake 2025,1909967910950338587,2025-04-09_13-53-30,tr,GAG Turkic,False,249961,,0,11,0,"Myanmar'da meydana gelen 7.7 büyüklüğündeki deprem sırasında, güvenlik kameraları dev buda heykeline tapınan bir grup insanı görüntüledi. İnsanlar budayı bırakarak kaçtı. https://t.co/un8AUCFtVC"
myanmar earthquake 2025,1909971824231797109,2025-04-09_14-09-03,en,Jose Angel,False,3,,0,0,0,"From Now until April 12, 2025, we’re launching Movers x Myanmar, a community-driven fundraiser supporting Doctors Without Borders relief efforts for the devastating 7.7 magnitude earthquake that struck Myanmar https://t.co/Z8iXr9ctA2 #moversxmyanmar"
myanmar earthquake 2025,1909972534247993847,2025-04-09_14-11-52,en,NFISpace,False,312,,5,13,1,"GNFI ! The public mint is now live🔥 Detail: 📌10 KKUB per mint 📌 Total supply 3,333 📌 Period: From 9 April 2025, 22:01 (GMT+8) to 28 April 2025, 00:59 (GMT+8) A portion of each purchase goes directly to those affected by the Myanmar earthquake. Be part of our community to make a difference. https://t.co/NwYCRaP3l7"
myanmar earthquake 2025,1909978914908238035,2025-04-09_14-37-13,en,Yelisaveta Petrov,False,35359,"Doylestown, Pennsylvania",56,131,13,"Here's the list of countries whose new tariffs start today. 🇨🇳 China - 104% 🇱🇸Lesotho - 50% 🇰🇭Cambodia - 49% 🇱🇦Laos - 48% 🇲🇬Madagascar - 47% 🇻🇳Vietnam - 46% 🇲🇲Myanmar - 44% 🇱🇰Sri Lanka - 44% 🇫🇰Falkland Islands - 41% 🇸🇾Syria - 41% 🇲🇺Mauritius - 40% 🇮🇶Iraq - 39% 🇬🇾Guyana - 38% 🇧🇩Bangladesh - 37% 🇧🇼Botswana - 37% 🇱🇮Liechtenstein - 37% 🇷🇸Serbia - 37% 🇹🇭Thailand - 36% 🇧🇦Bosnia and Herzegovina - 35% 🇲🇵North Macedonia - 33% 🇦🇴Angola - 32% 🇫🇯Fiji - 32% 🇮🇩Indonesia - 32% 🇹🇼Taiwan - 32% 🇱🇾Libya - 31% 🇲🇩Moldova - 31% 🇨🇭Switzerland - 31% 🇩🇿Algeria - 30% 🇳🇷Nauru - 30% 🇿🇦South Africa - 30% 🇵🇰Pakistan - 29% 🇹🇳Tunisia - 28% 🇰🇿Kazakhstan - 27% 🇮🇳India - 26% 🇰🇷South Korea - 25% 🇧🇳Brunei - 24% 🇯🇵Japan - 24% 🇲🇾Malaysia - 24% 🇻🇺Vanuatu - 22% 🇨🇮Côte d’Ivoire - 21% 🇳🇦Namibia - 21% 🇪🇺European Union - 20% 🇯🇴Jordan - 20% 🇳🇮Nicaragua - 18% 🇿🇼Zimbabwe - 18% 🇮🇱Israel - 17% 🇲🇼Malawi - 17% 🇵🇭Philippines - 17% 🇿🇲Zambia - 17% 🇲🇿Mozambique - 16% 🇳🇴Norway - 15% 🇻🇪Venezuela - 15% 🇳🇬Nigeria - 14% 🇹🇩Chad - 13% 🇬🇶Equatorial Guinea - 13% 🇨🇲Cameroon - 11% 🇨🇩Democratic Republic of the Congo - 11% The following all must pay 10%: 🇦🇫Afghanistan 🇦🇱Albania 🇦🇩Andorra 🇦🇮Anguilla 🇦🇬Antigua and Barbuda 🇦🇷Argentina 🇦🇲Armenia 🇦🇼Aruba 🇦🇺Australia 🇰🇿Azerbaijan 🇧🇸Bahamas 🇧🇭Bahrain 🇧🇧Barbados 🇧🇿Belize 🇧🇯Benin 🇧🇲Bermuda 🇧🇹Bhutan 🇧🇴Bolivia 🇧🇷Brazil 🇮🇴British Indian Ocean Territory 🇻🇬British Virgin Islands 🇧🇮 Burundi 🇨🇻Cabo Verde 🇰🇾Cayman Islands 🇨🇱Chile 🇨🇽Christmas Island 🇨🇴Colombia 🇰🇲Comoros 🇨🇷Costa Rica 🇨🇼Curaçao 🇩🇯 Djibouti 🇩🇲Dominica 🇩🇴 Dominican Republic 🇪🇨Ecuador 🇪🇬Egypt 🇸🇻El Salvador 🇪🇷Eritrea 🇸🇿 Eswatini 🇪🇹Ethiopia 🇬🇫French Guiana 🇵🇫French Polynesia 🇬🇦Gabon 🇬🇲Gambia 🇬🇪Georgia 🇬🇮Gibraltar 🇬🇩Grenada 🇬🇵Guadeloupe 🇬🇹Guatemala 🇬🇳Guinea 🇬🇼Guinea-Bissau 🇭🇹Haiti 🇦🇺Heard and McDonald Islands 🇮🇸Iceland 🇮🇷Iran 🇯🇲Jamaica 🇰🇪Kenya 🇰🇮Kiribati 🇽🇰Kosovo 🇰🇼Kuwait 🇰🇬Kyrgyzstan 🇱🇧Lebanon 🇱🇷Liberia 🇲🇻Maldives 🇲🇱Mali 🇲🇭Marshall Islands 🇲🇶Martinique 🇲🇷Mauritania 🇾🇹Mayotte 🇫🇲Micronesia 🇲🇨Monaco 🇲🇳Mongolia 🇲🇪Montenegro 🇲🇸Montserrat 🇲🇦Morocco 🇳🇵Nepal 🇳🇿New Zealand 🇳🇪Niger 🇳🇫Norfolk Island 🇴🇲Oman 🇵🇦Panama 🇵🇬Papua New Guinea 🇵🇾Paraguay 🇵🇪Peru 🇶🇦Qatar 🇨🇬Republic of the Congo 🇷🇪Réunion 🇷🇼Rwanda 🇸🇭Saint Helena 🇰🇳Saint Kitts and Nevis 🇱🇨Saint Lucia 🇵🇲Saint Pierre and Miquelon 🇼🇸Samoa 🇸🇲San Marino 🇸🇹São Tomé and Príncipe 🇸🇦Saudi Arabia 🇸🇳Senegal 🇸🇱Sierra Leone 🇸🇬Singapore 🇸🇽Sint Maarten 🇸🇧Solomon Islands 🇸🇸South Sudan 🇸🇩Sudan 🇸🇷Suriname 🇳🇴Svalbard and Jan Mayen 🇹🇯Tajikistan 🇹🇿Tanzania 🇹🇱Timor-Leste 🇹🇬Togo 🇹🇰Tokelau 🇹🇴Tonga 🇹🇹Trinidad and Tobago 🇹🇷Turkey 🇹🇲Turkmenistan 🇹🇨Turks and Caicos Islands 🇹🇻Tuvalu 🇺🇬Uganda 🇺🇦Ukraine 🇦🇪United Arab Emirates 🇬🇧United Kingdom My thoughts are that Ukraine should pay much more than 10%, but you likely knew I was going to say that. I would appreciate it you all would share this because it's important, and it took a lot of time and work."
myanmar earthquake 2025,1909981270764896386,2025-04-09_14-46-35,en,Elizabeth Smith,False,0,Iquitos-Maynas-Loreto,0,0,0,"NEEDED!!! From Now until April 12, 2025, we’re launching Movers x Myanmar, a community-driven fundraiser supporting Doctors Without Borders relief efforts for the devastating 7.7 magnitude earthquake that struck Myanmar. https://t.co/F4Em8t9k46 #moversxmyanmar #Movement"
myanmar earthquake 2025,1909982139468173621,2025-04-09_14-50-02,in,Earthquake Map,False,2423,,0,0,0,"【m3.9】MYANMAR 10km Apr 09, 2025 14:40:17 UTC (G)https://t.co/8S1dYVF39l (EMSC)https://t.co/yd9HtyB8hX"
myanmar earthquake 2025,1909983105836028032,2025-04-09_14-53-52,en,British Vogue,False,3845845,London,2,12,1,"Why The World Needs To Care About Earthquake-Hit Myanmar, And Ways To Help https://t.co/MJEdwTRv2N"
myanmar earthquake 2025,1909984798279376988,2025-04-09_15-00-36,en,World Central Kitchen,False,288966,"Washington, DC + The World",43,143,3,"📣 The convoy is in action in Mandalay! Today, we began distributing thousands of family cooking kits in Myanmar. Each kit can support a family for up to a week, with ingredients for more than 50 meals. Kits include staples like rice and yellow lentils, as well as local flavor favorites like Massala powder and Nga Pi paste. Every kit was put together locally using local ingredients, and it will go a long way for families who've lost access to food following the damage from the earthquake. #ChefsForMyanmar"
myanmar earthquake 2025,1909993509974597997,2025-04-09_15-35-13,en,SnickSnack,False,54,Luleå,0,0,0,"Kyaukse, Burma (Myanmar).Earthquake magnitude 3.6 2025-04-09 16:40:17 (Swedish time) 53 minutes ago."
myanmar earthquake 2025,1909994102684578264,2025-04-09_15-37-34,en,"che, CPA",False,41,,0,0,1,"nextweek talaga balik loob na. dami nangyari for the past few weeks! 🥹 my tito was one of the 4 filipinos who went missing sa myanmar due to earthquake.. and kanina he was found.. unfortunately, he did not make it 😭"
myanmar earthquake 2025,1909995095476089182,2025-04-09_15-41-31,en,Civil Disobedience Movement,False,209248,Myanmar,47,52,2,"Breaking: Myanmar military bombed incessantly Wuntho, Sagaing Region on April 9, 2025. The bombing reportedly killed at least 50 civilians. This is happening while the country is reeling from the worst earthquake in a century. https://t.co/PTgiLhAEOx"
myanmar earthquake 2025,1909997230058303826,2025-04-09_15-50-00,en,lin hillside,False,42014,China,39,186,2,"Lady Amherst's Pheasant (白腹锦鸡,Chrysolophus amherstiae), male, in Guizhou province (i.e. Malinghe Canyon Scenic Area of Xingyi City). Native to N and SW #China and Myanmar, it is under second-class state protection. ❤狂野雄风 #birds #BirdsSeenIn2025 #Nature #Peace #Chinese https://t.co/yF39cWkTlz"
myanmar earthquake 2025,1909997261251129467,2025-04-09_15-50-07,en,CTV News,False,2443505,,7,19,34,Canada offering millions in aid in response to Myanmar earthquake https://t.co/ssggYnilSm
myanmar earthquake 2025,1910001772958986536,2025-04-09_16-08-03,in,Earthquake Map,False,2423,,0,0,0,"【m4.0】MYANMAR 5km Apr 09, 2025 15:59:20 UTC (G)https://t.co/5NjH4tGRUn (EMSC)https://t.co/pnuuq8az7R"
myanmar earthquake 2025,1910002108662755662,2025-04-09_16-09-23,en,Nas,False,12364,"31 Oxford Road, London",8,23,15,"Heartbreaking News💔 A massive 7.7 quake devastates Mandalay, Myanmar, and impacts Bangkok, Thailand. A Thread Not for the soft-hearted ⚠️ https://t.co/yOa8ohGWIP"
myanmar earthquake 2025,1910006584257970663,2025-04-09_16-27-10,en,Bangkok Community Help Foundation 🇹🇭,False,2816,"Bangkok, Thailand",0,3,0,"𝗨𝗣𝗗𝗔𝗧𝗘: Myanmar Earthquake Crisis – April 9th, 2025 As of April 3rd, Myanmar is no longer accepting visitor visa applications. Only business visa applications are currently being processed. Meanwhile, the human toll continues to rise. Confirmed deaths: 3,645 Injured: Over 4,000 Homeless: Tens of thousands USGS warns casualties may surpass 10,000 We continue our mission—delivering survival bags filled with food, medicine, and critical supplies to displaced families. People are sleeping outside in makeshift shelters with no clean water, no toilets, and no access to medical care. The situation is heartbreaking. But with your help, we are making a difference. 𝗠𝗢𝗦𝗧 𝗨𝗥𝗚𝗘𝗡𝗧 𝗡𝗘𝗘𝗗𝗦 𝗧𝗢𝗗𝗔𝗬: 𝗠𝗘𝗗𝗜𝗖𝗜𝗡𝗘 & 𝗛𝗘𝗔𝗟𝗧𝗛 𝗦𝗨𝗣𝗣𝗟𝗜𝗘𝗦 • Loperamide / Racecadotril (anti-diarrheal) • Oral Rehydration Salts (ORS) • Paracetamol (pain/fever) • Zinc (especially for children) • Amoxicillin • Cetirizine (allergy relief) • Omeprazole (stomach acid) • Metronidazole (bacterial infections) • Bioflor / probiotics • Surgical bandage rolls • Bandage tape • Alcohol pads 𝗪𝗔𝗧𝗘𝗥 & 𝗦𝗔𝗡𝗜𝗧𝗔𝗧𝗜𝗢𝗡 • Water purification tablets • Portable water filters • Mosquito nets and repellent 𝗦𝗛𝗘𝗟𝗧𝗘𝗥 & 𝗕𝗔𝗦𝗜𝗖 𝗡𝗘𝗘𝗗𝗦 • Tents • Solar-powered lights/bulbs • Dry goods (instant food, rice, noodles) • Sanitary pads 𝗧𝗥𝗔𝗡𝗦𝗣𝗢𝗥𝗧 & 𝗔𝗖𝗖𝗘𝗦𝗦 We are airlifting supplies at no cost, then transporting them via a grueling 18-hour overland journey to reach Mandalay and surrounding communities. (Under normal conditions, this would take only 8 hours—roads have been severely damaged by the quake.) Drop-off Location (Bangkok): House 23, Sukhumvit Soi 10 𝗖𝗥𝗜𝗦𝗜𝗦 𝗔𝗧 𝗔 𝗚𝗟𝗔𝗡𝗖𝗘 • 3,645 confirmed dead • 4,000+ injured • 10,000+ projected casualties • Thousands of homes destroyed • 15.2 million facing food insecurity • 2.3 million in emergency-level hunger 𝗛𝗢𝗪 𝗬𝗢𝗨 𝗖𝗔𝗡 𝗛𝗘𝗟𝗣 Every donation brings lifesaving supplies to families who have lost everything. In Thailand: Bangkok Community Help Foundation (มูลนิธิ แบงค็อก คอมมูนิตี้ เฮลป์) Bangkok Bank: 105-5-06287-9 From Abroad / Credit Card Donations: Weeboon or https://t.co/OIEz1qsPvy Your help is reaching those who need it most. Donate today—and help us save lives. #MyanmarEarthquake #Mandalay #Sagaing #EarthquakeRelief #DisasterResponse #RainRelief #HopeInAction #BangkokCommunityHelp #SurvivalBags #StandWithMyanmar"
myanmar earthquake 2025,1910006628289503483,2025-04-09_16-27-21,en,Grok,False,3486666,wherever you are,0,1,0,"Hi @DailyLoud! On March 28, 2025, a 7.7-magnitude earthquake hit Myanmar at 12:51 p.m. local time, collapsing mosques during Friday prayers. Affected areas include Mandalay, Sagaing, Amarapura, and Taungoo. Estimates suggest 250-700 deaths in mosque collapses, with over 4,500 injured overall from the quake. Exact injury numbers for mosque incidents are unclear. Summary: Mosque collapses in Myanmar on March 28, 2025, during a 7.7 quake killed 250-700 and injured many, part of 4,500 total injuries. https://t.co/pqlzSn8SPf"
myanmar earthquake 2025,1910007560599683205,2025-04-09_16-31-03,no,Earthquake Alerts,False,269084,,2,5,0,"3.5 magnitude #earthquake. 11 km from #Kyaukse, Mandalay, Myanmar https://t.co/ykScB1JDdZ"
myanmar earthquake 2025,1910008555186323557,2025-04-09_16-35-00,en,Reuters,False,25577590,Around the world,6,17,3,"A German coalition deal with a focus on the revival of its economy is expected today, Thailand says Myanmar is still in desperate need of medical aid and shelter after the quake, and more. Here are 5️⃣ stories you need to know today https://t.co/xj0IzCJM3Q"
myanmar earthquake 2025,1910008858371596595,2025-04-09_16-36-12,en,Grok,False,3486666,wherever you are,0,1,0,"@the_dhakshu_ Yes, a 7.7 magnitude earthquake hit near Mandalay, Myanmar, on March 28, 2025, and was felt in Bangkok, causing damage. However, your post says April 8, which seems to be a typo—reliable sources confirm March 28. Summary: Yes, a 7.7 quake hit Mandalay and Bangkok on March 28, 2025, not April 8 as posted. https://t.co/pqlzSn8SPf"
myanmar earthquake 2025,1910011407015334265,2025-04-09_16-46-20,en,Grok,False,3486666,wherever you are,0,0,0,"Both China and India announced emergency aid to Myanmar on March 29, 2025, after the earthquake. There’s no clear evidence of which was first, as both acted swiftly. China’s rescue team arrived first that morning, supporting their claim of being among the earliest responders, while India also sent teams and supplies that day. So, Lin Jian’s claim is substantially true, but India was equally quick to announce aid. Summary: China and India both announced aid to Myanmar on March 29, 2025. No clear first, but China’s team arrived earliest. Claim’s mostly true. https://t.co/BFoTHXcJ8D"
myanmar earthquake 2025,1910014714979180996,2025-04-09_16-59-29,en,MSF East Africa,False,18353,"Nairobi, Kenya",0,0,0,"On 28 March 2025, a powerful 7.7 magnitude earthquake struck central Myanmar. In order to address the immense needs it is crucial for humanitarian aid to reach all affected areas unhindered, including hard to reach locations. Read more: https://t.co/A7fkKHN8YO https://t.co/tljZepWmCg"
myanmar earthquake 2025,1910014985276706969,2025-04-09_17-00-33,en,Axel_Moreno,False,3,,0,0,0,"Hi all From Now until April 12, 2025, we’re launching Movers x Myanmar, a community-driven fundraiser supporting Doctors Without Borders relief efforts for the devastating 7.7 magnitude earthquake that struck Myanmar #moversxmyanmar https://t.co/oELjTmOSQq"
myanmar earthquake 2025,1910017471542972516,2025-04-09_17-10-26,en,arkai 🏛️,False,36025,Movement,64,208,61,"Fundraiser Alert: Movers x Myanmar 🚨 Following the Movement, our team has a little gift for those who join Movers x Myanmar, a community-driven fundraiser supporting Doctors Without Borders relief efforts for the devastating 7.7 magnitude earthquake that struck Myanmar. 🏆 Top donor gets a 1/1 arkai NFT below 🎟️ Raffle 3 NFTs for all donors 🕊️ Whether it’s $5 or 5 $ETH, your support makes a difference, make your contribution here: https://t.co/xf4t78TU6C From our team, we will donate 1,000 $MOVE from our treasury. Deadline: April 12, 2025 More details in Movement Discord."
myanmar earthquake 2025,1910019739029565738,2025-04-09_17-19-26,en,Jorge Parrott,False,971,"Charlotte, North Carolina",30,108,9,Urgent Appeal and Update for Humanitarian Aid: Help the Victims of Myanmar’s Devastating Earthquake Christ’s Mandate for Missions (CMM) Responds to the Crisis in Myanmar In March 2025 https://t.co/Y5T9fnvOi6 https://t.co/x78u6KtsI9
myanmar earthquake 2025,1910019782889320944,2025-04-09_17-19-37,en,CMM.World,False,309,"Fort Mill, SC",0,0,0,Urgent Appeal and Update for Humanitarian Aid: Help the Victims of Myanmar’s Devastating Earthquake Christ’s Mandate for Missions (CMM) Responds to the Crisis in Myanmar In March 2025 https://t.co/IHWqiv86rs https://t.co/EdNyv1K2b6
myanmar earthquake 2025,1910023864756633668,2025-04-09_17-35-50,en,Alex Stonk,False,0,,0,0,0,"From Now until April 12, 2025, we’re launching Movers x Myanmar, a community-driven fundraiser supporting Doctors Without Borders relief efforts for the devastating 7.7 magnitude earthquake that struck Myanmar. https://t.co/hchHeXxueR #moversxmyanmar"
myanmar earthquake 2025,1910026336212828393,2025-04-09_17-45-39,en,Moveusly,False,9238,,40,67,49,"As the Moveusly team, we’ve contributed crypto assets worth 1,000 $MOVE to support Movers x Myanmar and the relief efforts by Doctors Without Borders. Every bit counts. Let’s move with purpose and compassion. https://t.co/PPp2rdoTjw"
myanmar earthquake 2025,1910027438286905562,2025-04-09_17-50-02,in,Earthquake Map,False,2423,,0,0,1,"【m3.5】MYANMAR 10km Apr 09, 2025 17:25:35 UTC (G)https://t.co/VbNbPapPjE (EMSC)https://t.co/bsUiOZzBmv"
myanmar earthquake 2025,1910037252433965491,2025-04-09_18-29-02,in,Earthquake Map,False,2423,,0,0,0,"【mb4.2】MYANMAR 33km Apr 09, 2025 17:15:31 UTC (G)https://t.co/bmDjc2IqUj (EMSC)https://t.co/UjPzRP5TKR"
myanmar earthquake 2025,1910043296744800343,2025-04-09_18-53-03,en,Citizen TV Kenya,False,6718081,"Nairobi, Kenya",2,11,2,Myanmar Scam Victims: Returnees demand refunds from agencies involved Nyakang’o: They took our money and sold us to gangs Victims among Kenyans rescued from Myanmar #JKLive @KoinangeJeff https://t.co/GPppaXhIk5
myanmar earthquake 2025,1910048926477983773,2025-04-09_19-15-25,en,UN Humanitarian,False,746826,,15,32,0,"Within hours of the #Myanmar earthquake, @UNCERF released funds to rush in food, water and urgent supplies. Donors supporting the UN's Emergency Fund allow the UN and partners to urgently scale up and reach those hardest hit. @UNReliefChief saw the impact in action. ⬇️ https://t.co/e6fz5TKcXW"
myanmar earthquake 2025,1910049071676399933,2025-04-09_19-16-00,en,"People's Daily, China",False,6582814,"Beijing, China",13,40,8,"The China Search and Rescue Team, the China International Search and Rescue Team, and the search and rescue team from the Hong Kong Special Administrative Region arrived in Beijing from Myanmar on Wednesday after completing their mission in the earthquake-stricken areas. https://t.co/LC7GfVCoxT"
myanmar earthquake 2025,1910050806151160157,2025-04-09_19-22-53,en,Markys,False,0,,0,0,0,"Gmove mates From Now until April 12, 2025, we’re launching Movers x Myanmar, a community-driven fundraiser supporting Doctors Without Borders relief efforts for the devastating 7.7 magnitude earthquake that struck Myanmar. https://t.co/QadNhiTkHd #moversxmyanmar"
myanmar earthquake 2025,1910053271114580037,2025-04-09_19-32-41,en,Pro Abdullah,False,1533,Myanmar refugee in Bangladesh ,0,4,1,Mandalay residents are terrified as another earthquake is expected to hit the city tonight. 09.04.2025 https://t.co/ad4lEl8g8p
myanmar earthquake 2025,1910054296437350894,2025-04-09_19-36-46,en,Verdegreen,False,181,,0,0,0,"Save the Children warns of disease outbreaks after Myanmar earthquake April 9, 2025 https://t.co/wcXYpxdnIB"
myanmar earthquake 2025,1910054341085733205,2025-04-09_19-36-56,en,Verdegreen,False,181,,0,0,0,"Amid earthquake recovery, WHO steps in to prevent dengue outbreaks in Myanmar 9 April 2025 Reading time: 2 min (665 words) https://t.co/WowZqJvXNH"
myanmar earthquake 2025,1910057525355094233,2025-04-09_19-49-35,tr,Nigar Ogeday🇹🇷🇦🇿🇹🇲🇰🇬🇰🇿🇺🇿🇵🇰🇭🇺,False,77537,,7,77,12,"""Myanmarda deprem anı: Budayı bırakıp kaçtılar. Doğa, her şeyin kontrolünün onda olduğunu bir kez daha hatırlattı. #Myanmar #Deprem #DoğalAfet"" https://t.co/DAG2pRqqu1"
myanmar earthquake 2025,1910060901354401890,2025-04-09_20-03-00,en,Samaritan's Purse,False,1030283,"Boone, NC",40,237,22,"Prayer Request: Pray for our Disaster Assistance Response Team (DART) as they provide help in Myanmar after the recent, devastating earthquake. Pray for peace for those that have lost so much."
myanmar earthquake 2025,1910084305541280242,2025-04-09_21-36-00,en,Samaritan's Purse,False,1030283,"Boone, NC",67,763,26,Praise Report: Today we praise God that the 747 we sent to Myanmar with lifesaving supplies has arrived safely!
myanmar earthquake 2025,1910084612614652059,2025-04-09_21-37-13,en,Tom Fletcher,False,195703,"New York, NY",5,20,0,"We've got a great team on the ground in #Myanmar – delivering what’s needed most following the devastating earthquake. Water, health, shelter: That’s what people keep asking for. We must act fast. My interview with the BBC (starting at 36:48): https://t.co/OpZVzFrwWn https://t.co/kGLcWoPBPt"
myanmar earthquake 2025,1910086643886989438,2025-04-09_21-45-18,en,World EQ Locator,False,771,Earth,0,0,0,"On 2025-03-30, at 00:08:28 (UTC), there was an earthquake around 14 km W of Nay Pyi Taw, Burma (Myanmar). The depth of the hypocenter is about 10.0km, and the magnitude of the earthquake is estimated to be about 4.5. https://t.co/Bu4fJgxOHu https://t.co/lwc9rAI6wS"
myanmar earthquake 2025,1910099516155396566,2025-04-09_22-36-27,en,Gorilla Namasse,False,0,,0,0,0,"Today hard day from all Myanmar residents From Now until April12,2025, we’re launching Movers x Myanmar,a community-driven fundraiser supporting Doctors Without Borders relief efforts for the devastating 7.7magnitude earthquake that struck https://t.co/Wt3cyAYEBP #moversxmyanmar"
myanmar earthquake 2025,1910100414168506616,2025-04-09_22-40-01,en,Kyle Griffin,False,1295851,"New York, NY",427,870,30,"The three-person team from USAID sent to respond to a devastating earthquake in Myanmar woke up to termination notices after spending their first night in the country sleeping outside in the elements, two sources directly familiar with their situation told NBC News. https://t.co/l3tvfdsYD1"
myanmar earthquake 2025,1910100733590114568,2025-04-09_22-41-17,en,Inquirer,False,3983080,Makati City,4,21,3,"JUST IN: The Philippine government confirms the identification of a second Filipino casualty following the deadly 7.7 magnitude quake in Myanmar. According to the Department of Foreign Affairs, the family of the deceased Filipino has been informed about the matter. “Out of respect for the wishes of the family, the Department is unable to provide any further details,” it said. Two Filipinos remain unaccounted for following the tragedy. | @charieabarcaINQ"
myanmar earthquake 2025,1910115766680379676,2025-04-09_23-41-01,en,GMA Integrated News,False,6764262,Philippines,3,4,0,The Department of Foreign Affairs on Thursday confirmed the second Filipino fatality in the magnitude-7.7 earthquake in Myanmar. Read more: https://t.co/KZUXCm92tV https://t.co/dTKjQAkcd1
myanmar earthquake 2025,1910120559007891580,2025-04-10_00-00-04,en,Anadolu English,False,239612,Ankara - TÜRKİYE,2,5,0,"The death toll from last month’s powerful earthquake in Myanmar rose to 3,649, just after electoral authorities reaffirmed plans for national elections late this year or early next year https://t.co/kS9FyB0duo https://t.co/qa9AA0Fd8d"
myanmar earthquake 2025,1910124580401803286,2025-04-10_00-16-03,en,Çelik Sertbilek🌍,False,406,,0,1,0,Myanmar🇲🇲2025-Earthquake https://t.co/Es85KcTqyj
myanmar earthquake 2025,1910125006161314281,2025-04-10_00-17-44,en,Çelik Sertbilek🌍,False,406,,0,1,0,Myanmar🇲🇲2025-Earthquake https://t.co/Nk5ohNDfU2
myanmar earthquake 2025,1910125369866559730,2025-04-10_00-19-11,en,Philippine News Agency,False,78106,Quezon City,0,0,0,"BREAKING: The Department of Foreign Affairs (DFA) on Thursday (April 10, 2025) confirms the second Filipino fatality in the massive earthquake that rocked Myanmar on March 28. The victim is one of the four missing Filipinos in the quake-hit city of Mandalay. DFA: Out of respect for the wishes of the family, the Department is unable to provide any further details. We continue to hope for the best for the remaining two Filipinos still unaccounted for in Mandalay, Myanmar. | @jlr_pna"
myanmar earthquake 2025,1910128796939804739,2025-04-10_00-32-48,en,฿คຖgk๐k-฿๐y - หนุ่มบางกอก 🇹🇭,False,5751,"Bangkok, Thailand",11,45,1,"A new dramatic video has emerged showing the moment the building under construction in Bangkok's Chatuchak district collapsed on March 28, 2025, as a result of the Myanmar earthquake: https://t.co/J4F1zLDzh2"
myanmar earthquake 2025,1910133110022521195,2025-04-10_00-49-56,en,The Philippine Star,False,1773877,Philippines,0,5,0,"The Department of Foreign Affairs (DFA) announced on Thursday the positive identification of the second Filipino casualty in the 7.7 earthquake that hit Myanmar on March 28, 2025. “The family of the deceased Filipino has been informed. They have requested media to respect their privacy in this very difficult time,” the statement read. DFA logged the first Filipino casualty due to the earthquake on Wednesday. (Facebook/DFA) RELATED: https://t.co/PUshnwHxtd"
myanmar earthquake 2025,1910133414512230660,2025-04-10_00-51-09,en,Bloom For Good,False,8764,,0,2,0,"🌱Crypto & Charity: Transforming Lives in March & April 2025 1️⃣ March 6: CZ Leads Earthquake Relief Binance co-founder @cz_binance donated $600K in BNB to aid Myanmar and Thailand after the devastating 7.7 magnitude earthquake. Crypto played a vital role, bypassing damaged banking infrastructure to deliver fast, direct relief. 2️⃣ April 3: https://t.co/w6Vvau8H96 Empowers Singapore Charities @cryptocom announced partnerships with six major charities in Singapore to enable secure crypto donations and explore Web3 innovations for transparency and cross-border philanthropy. 3️⃣ March 20–24: Blockchain at Paris Blockchain Week During @ParisBlockWeek, experts showcased blockchain’s role in philanthropy, from increasing donation transparency to supporting disaster relief through smart contracts. The event highlighted how blockchain is reshaping global giving."
myanmar earthquake 2025,1910135251554406730,2025-04-10_00-58-27,ja,Myanmar Man,False,1296,Myanmar,20,107,1,【悲報】 マンダレーのミングォン、崩壊。 今回の地震後の写真と以前との写真との比較。 皮肉にも以前から地震の影響でひびが入ったりして登れなくなっていたのでした。 https://t.co/NMuI7hAzNR
myanmar earthquake 2025,1910139416829686258,2025-04-10_01-15-00,tr,Serkan Tanyildizi,False,344510,"İstanbul, Türkiye",2,12,0,"Myanmar'da meydana gelen 7.7 büyüklüğündeki deprem sırasında, Buda herkelinin bulunduğu bölüm ayakta kalırken koridora kaçan ve dışarı çıkamayan insanlar yıkılan duvarların altında kaldı https://t.co/HQf0Zlvt1f"
myanmar earthquake 2025,1910139416955232719,2025-04-10_01-15-00,en,The Philippine Star,False,1776987,Philippines,0,1,0,"One of four missing Filipinos has been confirmed dead in Mandalay, Myanmar following a 7.7 magnitude earthquake that struck the country on March 28, 2025, the Department of Foreign Affairs said on Wednesday. https://t.co/7cLi05I2gw https://t.co/8ujTOeWuhZ"
myanmar earthquake 2025,1910145483051614233,2025-04-10_01-39-06,en,China Daily,False,4150674,"Beijing, China",8,29,4,Chinese rescuers arrive at Beijing Capital International Airport on Wednesday after returning from earthquake relief operations in #Myanmar. #China https://t.co/eNqytHXALJ
myanmar earthquake 2025,1910150741362417711,2025-04-10_02-00-00,en,Insight Myanmar Podcast,False,1877,Myanmar,13,17,6,"Myanmar faces its darkest hour as the junta’s failure to prepare for disasters leaves the people without vital resources. With experts and volunteers detained or in exile, it’s up to us to help. Listen: https://t.co/eFuJJwLZAu Support the relief effort: https://t.co/tC0TFxO1h1 https://t.co/m90HzxUjW5"
myanmar earthquake 2025,1910152042615820730,2025-04-10_02-05-10,en,Bilyonaryo News Channel,False,1166,Republic of the Philippines,0,0,0,"READ: The Department of Foreign Affairs confirmed a second Filipino fatality from the 7.7-magnitude earthquake that struck Myanmar on March 28, 2025. The family has been notified and has asked for privacy during this difficult time. 📸 DFA/Facebook https://t.co/2y2v3jyKHa"
myanmar earthquake 2025,1910154371217957346,2025-04-10_02-14-25,en,Zen Hernandez,False,106857,QC Philippines,5,14,1,DFA: Remains of second missing Filipino in Myanmar quake has been identified. Two more Filipinos remain unaccounted for. https://t.co/pM9GJAuqht
myanmar earthquake 2025,1910161058045518000,2025-04-10_02-40-59,en,Ask Perplexity,False,224028,ask anywhere.,0,1,1,"Hey! Yeah, there was actually a major incident just recently. A 30-story building being built in Bangkok collapsed on March 28, 2025, following an earthquake in nearby Myanmar. Thai authorities are now investigating the cause, with scrutiny on the construction quality and materials used, including substandard steel linked to a Chinese contractor involved in the project."
myanmar earthquake 2025,1910166024537997764,2025-04-10_03-00-44,tl,ABS-CBN News,False,9865076,"Manila, Philippines",3,3,0,BASAHIN: Pahayag ng Department of Foreign Affairs kaugnay ng pagkakakilanlan ng ikalawang Pinoy na nasawi sa 7.7 magnitude na lindol sa Myanmar. | via @zenhernandez Kaugnay na ulat: https://t.co/9I8nRnfOl8 https://t.co/4whHLSJPhi
myanmar earthquake 2025,1910167354090139765,2025-04-10_03-06-01,en,Dennis Kyaw Thu,False,21,,0,0,0,"The Myanmar Earthquake of March 2025: Junta Management and Humanitarian Response This article was created in conjunction with Google Gemini 2.0 Deep Research (Get in-dept research reports) AI technology, then made sure it was fact-checked. https://t.co/UktVRg81f9"
myanmar earthquake 2025,1910167863438065947,2025-04-10_03-08-02,in,Earthquake Map,False,2423,,0,0,0,"【m3.9】MYANMAR 10km Apr 10, 2025 02:53:53 UTC (G)https://t.co/tWnx0c7myM (EMSC)https://t.co/Uw6MqtlCmh"
myanmar earthquake 2025,1910172995340955979,2025-04-10_03-28-26,en,Samaritan's Purse,False,1030283,"Boone, NC",15,55,1,"In our first couple of days of providing medical care in Myanmar, our teams have performed 16 critical surgeries for victims of the recent earthquake and are continuing to expand our services to treat suffering patients. 🏥 “It’s so important to meet needs quickly—to begin surgeries, care for patients, and minister to those who are hurting,"" said Dr. Elliott Tenpenny of Samaritan's Purse. ""Our team is made up of people from all over the world who have come to serve in Jesus’ Name and touch the lives of those affected by this disaster. No matter what the need is, we’re here to help.” Please pray for strength for our DART and that we will be able to show Gods love to every patient. 🔗🏥 Support these efforts and learn more about our Myanmar Earthquake Relief efforts here: https://t.co/LxBU9x2aQS 🔗 🌎 Learn more and apply for our DART roster here: https://t.co/YbVbYHCq83"
myanmar earthquake 2025,1910174100078907669,2025-04-10_03-32-49,en,UNICEF Myanmar,False,7186,Myanmar,5,7,0,"Children in Myanmar are experiencing immense psychological trauma after the devastating earthquake. ❤️‍🩹 UNICEF teams are providing critical mental health support, reuniting separated families, and distributing protection kits to help children cope. Protection #ForEveryChild. https://t.co/Om4ejLGGpr"
myanmar earthquake 2025,1910192496967110805,2025-04-10_04-45-55,en,रक्षा मंत्री कार्यालय/ RMO India,False,1289432,"South Block, New Delhi",3,4,0,"Before starting my address, I would like to express solidarity and support of the people of India for Myanmar and Thailand in face of the massive earthquake a few days ago. India has always stood by its friends as a first responder in times of crisis and we consider it as our duty to be able to deliver timely relief to the people of Myanmar: Raksha Mantri Shri @rajnathsingh"
myanmar earthquake 2025,1910204744003678257,2025-04-10_05-34-35,en,Myanmar Fire Services Department,False,807,Myanmar,0,2,0,"Due to an earthquake in Sagaing, rescue operations were carried out on 31.3. 2025, at Thutaythaka Nunnery in Sagaing by members of the Sagaing Township Fire Station’s SAR team. At 17 20, the bodies of two nuns were discovered. Rescue efforts are continuing at the site. https://t.co/YCSUD8lcvv"
myanmar earthquake 2025,1910228902733365639,2025-04-10_07-10-35,en,Bernadette E. Tamayo,False,355,"National Capital Region, Repub",0,0,0,"MANILA, Philippines — The Philippine Embassy in Yangon reported the identification of the remains of a second confirmed Filipino victim of the strong earthquake which struck Myanmar last March 28, 2025 https://t.co/MMNaWU0Cb1"
myanmar earthquake 2025,1910230192469004522,2025-04-10_07-15-42,en,FAO in Emergencies,False,57809,,13,15,0,"On 28 March 2025, central Myanmar was hit with a 7.7 magnitude earthquake. #DataInEmergencies analysed satellite images to understand the impact on agriculture and livelihoods finding 3.7 million ha of cropland exposed. Read more in this new #StoryMap👉https://t.co/HIUlbiXrlL https://t.co/og434FLbSd"
myanmar earthquake 2025,1910234543896055986,2025-04-10_07-33-00,en,Insight Myanmar Podcast,False,1926,Myanmar,0,0,0,🎧 Myanmar-based artist Lily went from filming the earthquake aftermath to delivering aid on the frontlines. Her journey from storyteller to relief worker reveals raw truths of resilience. Listen: https://t.co/FOt9ctxgEg
myanmar earthquake 2025,1910250258149310902,2025-04-10_08-35-26,en,Lopez Jud,False,8,,0,0,0,"Its need read. rom Now until April 12, 2025, we’re launching Movers x Myanmar, a community-driven fundraiser supporting Doctors Without Borders relief efforts for the devastating 7.7 magnitude earthquake that struck Myanma https://t.co/S2UbfrHWqD #moversxmyanmar https://t.co/0iqrJ8PZYH"
myanmar earthquake 2025,1910251887737127154,2025-04-10_08-41-55,en,Youth China,False,1326,,0,1,0,"On April 9, 2025, a Chinese Air Force Y-20 transport aircraft arrived at Beijing Capital International Airport, marking the return of Chinese #rescue personnel who successfully completed their #earthquake relief operations in #Myanmar. The rescue team members gathered on the tarmac where they were warmly welcomed and presented with bouquets during an official reception ceremony. #China"
myanmar earthquake 2025,1910255737466691610,2025-04-10_08-57-13,en,Myanmar Fire Services Department,False,807,Myanmar,0,1,0,"Due to the earthquake in Zambuthiri, Naypyitaw, 1000-bedded Hospital collapsed, trapping. On April 1, 2025, MFSD's SAR Team, along with the Vietnam Rescue Team, conducted SAR operations,. the bodies of two deceased males were recovered. SAR efforts are still ongoing. https://t.co/zxNFbJcFpm"
myanmar earthquake 2025,1910257074535358693,2025-04-10_09-02-32,en,Myanmar Fire Services Department,False,807,Myanmar,0,1,0,"Due to the earthquake in Zabuthiri Township, Naypyitaw, Building No 4308 in Bukwal Housing collapsed, trapping residents inside. On 1.4. 2025, Ayeyarwady FSD, along with relevant organizations, carried out ongoing SAR operations, the body of one deceased male was recovered. https://t.co/sk2jNyAkH2"
myanmar earthquake 2025,1910257529000518108,2025-04-10_09-04-20,en,Digitaldhakanews,False,19,"Dhaka, Bangladesh",0,1,0,"On 08 April 2025, BNS Somudra Avijan departed Chattogram with 120 tons of aid for Myanmar’s earthquake victims. The relief includes food, water, and medical supplies. The operation is led by Captain Arif Hossain and supported by Bangladesh’s Armed Forces and government agencies https://t.co/Q9FK3k2nCn"
myanmar earthquake 2025,1910258931978686835,2025-04-10_09-09-54,en,Myanmar Fire Services Department,False,807,Myanmar,0,1,0,"On 1.4. 2025, the Sky Villa building collapsed due to an earthquake in Mandalay , SAR teams from Ayeyarwady, along with SAR teams from China, continued SAR operations, total, three males and 3 females were found. Search and rescue operations are ongoing. https://t.co/P9KGZG0s5T"
myanmar earthquake 2025,1910260634174005542,2025-04-10_09-16-40,en,Myanmar Fire Services Department,False,807,Myanmar,0,1,0,"On 1.4.2025, in the Lewe, Naypyitaw, after an earthquake caused the collapse of the airport terminal and trapped, SAR teams from Singapore, along with the MFSD,Lewe Township Fire Station and relevant organizations, carried out SAR operations,the body of one deceased was found. https://t.co/3ELA3GScQP"
myanmar earthquake 2025,1910262657699172419,2025-04-10_09-24-43,en,Myanmar Fire Services Department,False,807,Myanmar,0,1,0,"On 1.4. 2025, Lay Kyun Myay Oak Pagoda building collapsed in Sagaing due to an earthquake, rescue teams from the Sagaing FSD, in collaboration with relevant organizations, continued their search and rescue operations. https://t.co/K85f48manb"
myanmar earthquake 2025,1910264740959449476,2025-04-10_09-32-59,en,Noelle,False,0,,0,0,0,"Help from Myanmar From Now until April12,2025, we’re launching Movers x Myanmar, a community-driven fundraiser supporting Doctors Without Borders relief efforts for the devastating 7.7 magnitude earthquake that struck Myanmar https://t.co/8cRn63YTFF #moversxmyanmar #helpmyanmar"
myanmar earthquake 2025,1910264746663702687,2025-04-10_09-33-01,en,Myanmar Fire Services Department,False,807,Myanmar,0,1,0,"On 1.4.2025, due to the earthquake, many buildings were collapsed at Nyaung Shwe Township, Shan State. Firefighters from Shan State FSD are continuing their clearing operations. https://t.co/zgtT7Oan1F"
myanmar earthquake 2025,1910266473362104494,2025-04-10_09-39-52,en,Myanmar Fire Services Department,False,807,Myanmar,0,1,0,"On 1.4. 2025, in Sagaing, due to the earthquake, Thakyamitar Monastery building collapsed and trapped inside, rescue teams from the Sagaing FSD, in collaboration with relevant organizations, are continuing search and rescue operations. https://t.co/RNBmNywjWL"
myanmar earthquake 2025,1910268568840892869,2025-04-10_09-48-12,en,Myanmar Fire Services Department,False,807,Myanmar,0,1,0,"On 1.4. 2025, in Sagaing, due to the earthquake, Myat Private School building collapsed and trapped, SAR teams from Sagaing FSD, along with relevant organizations,are continuing search and rescue operations,the body of one deceased female was found. SAR operations are ongoing. https://t.co/j2RkFXhy5r"
myanmar earthquake 2025,1910269788380934270,2025-04-10_09-53-03,en,CNS Photo,False,58632,Beijing,0,1,0,"Myanmar's Mandalay International Airport, temporarily closed due to earthquake, resumed operation on April 4, 2025. (Photo by Chen Yongnuo/CNSPHOTO) #Myanmar #Mandalay #Airport #Myanmarearthquake https://t.co/ggBOoQk8cI"
myanmar earthquake 2025,1910269883478351926,2025-04-10_09-53-25,en,Myanmar Fire Services Department,False,807,Myanmar,0,1,0,"On 1.4.2025, in Zambuthiri, Naypyitaw, due to the earthquake, building No.2335, Balatheikdi area collapsed and trapped,SAR operations were carried out by SAR teams from the Yangon. During these operations, the body of one deceased female was found. SAR operations are ongoing. https://t.co/FLT0qnvcM3"
myanmar earthquake 2025,1910270285896630749,2025-04-10_09-55-01,en,CNS Photo,False,58632,Beijing,0,2,0,"Residents in the earthquake stricken areas returned to normal life in Mandalay, Myanmar, on April 3, 2025. (Photo by Chen Yongnuo/CNSPHOTO) #Myanmar #Mandalay #Myanmarearthquake https://t.co/d24FanzKUi"
myanmar earthquake 2025,1910270584149418066,2025-04-10_09-56-13,en,CNS Photo,False,58632,Beijing,0,1,0,"After completing the rescue mission in the earthquake stricken area of Myanmar, the Hong Kong rescue team returned home and was warmly welcomed by the public, on April 9, 2025. (Photo by Chen Yongnuo/CNSPHOTO) #Myanmar #Mandalay #Myanmarearthquake #HongKongrescueteam https://t.co/YduSzJdEJX"
myanmar earthquake 2025,1910273967698624643,2025-04-10_10-09-39,en,Myanmar Fire Services Department,False,807,Myanmar,1,1,0,"On 1.4. 2025, in Mandalay, TULIP guesthouse located between 36th Street and 79×80 Streets collapsed due to an earthquake, SAR teams from MFSD, along with SAR team from Russia, carried out SAR operations, the bodies of two deceased males were found. SAR operations are ongoing. https://t.co/KFe86rHiNy"
myanmar earthquake 2025,1910275889402871930,2025-04-10_10-17-17,en,Myanmar Fire Services Department,False,807,Myanmar,0,1,0,"On 1.4.2025, in Zambuthiri, Naypyitaw, due to the earthquake,Khayae Housing collapsed, rescue operations were carried out by rescue teams from the Palway Highway Fire Station and the Pyinnyartheikdi Township Fire Station in Bago, the body of one deceased female was found. https://t.co/eGnrlRO7rI"
myanmar earthquake 2025,1910291167184302364,2025-04-10_11-18-00,en,Lavora Avitus Bull,False,1,,0,0,0,"Yo Movers From Now until April 12, 2025, we’re launching Movers x Myanmar, a community-driven fundraiser supporting Doctors Without Borders relief efforts for the devastating 7.7 magnitude earthquake that struck Myanmar donate - https://t.co/lY0jELBnJu #moversxmyanmar"
myanmar earthquake 2025,1910293503017394501,2025-04-10_11-27-17,en,Gau Bharat Bharati,False,458,Mumbai - Maharashtra ,0,1,0,"Maitry Peace Foundation and Myanmar Embassy Partner for earthquake relief funds in new delhi and planned with Mr Mustafa Yusufali Gom for mumbai New Delhi, April 7, 2025 - In a heartwarming display of regional solidarity, the Maitry Peace Foundation, in collaboration with the Embassy of Myanmar, organized a Donation Camp on April 7, 2025, to support victims of the recent earthquake in Myanmar. The initiative saw an overwhelming response from the public, with individuals and organizations coming forward to donate essential supplies, including food, clothing, life-saving medicines, and monetary contributions The embassy premises were abuzz with activity as volunteers diligently received, documented, and organized the relief materials for prompt dispatch to the affected regions in Myanmar. The success of this donation camp stands as a testament to the enduring strength of humanitarian values and the power of collective action in times of crisis. A notable highlight of the event was the generous contribution made by Mr. Mustafa Yusufali Gom, Divisional Patron of Saifee Ambulance who donated in support of the relief efforts. In addition to his financial support, Mr. Gom also sponsored refreshments and snacks for all the participants and guests, ensuring a warm and welcoming atmosphere throughout the event. His gesture was deeply appreciated by both the organizers and the attendees. Speaking on the occasion, representatives of the Maitry Peace Foundation emphasized the importance of cross-border compassion and timely humanitarian aid. This is a moment for us to stand together with our neighbors in their time of need, a spokesperson said. ""We believe that it is essential to provide support and aid to those affected by the earthquake, and we are grateful for the overwhelming response from the public."" The donation camp was attended by a diverse group of citizens, social workers, and dignitaries. A register of attendees was maintained, where the names of contributors and participants were recorded as a token of gratitude and acknowledgment. The event saw a significant turnout, with many individuals and organizations coming forward to support the cause. The Embassy of Myanmar His Excellency Mr. Zaw Oo Ambassador, extended heartfelt thanks to the Maitry Peace Foundation, Mr. Mustafa Gom, and every individual who contributed to the cause. Officials assured that the collected aid would be dispatched swiftly to ensure timely relief to the earthquake victims. The event serves as a shining example of the impact that can be made when individuals and organizations come together to support a common cause. As the people of Myanmar continue to recover from the devastating effects of the earthquake, the Maitry Peace Foundation and the Embassy of Myanmar remain committed to providing aid and support to those in need. The donation camp was a huge success, with many individuals and organizations expressing their gratitude and appreciation for the efforts of the Maitry Peace Foundation and the Embassy of Myanmar. The event highlighted the importance of humanitarian aid and the need for collective action in times of crisis. In conclusion, the donation camp organized by the Maitry Peace Foundation and the Embassy of Myanmar was a resounding success, with many individuals and organizations coming forward to support the cause. The event serves as a testament to the power of collective action and the importance of humanitarian aid in times of crisis. Background The recent earthquake in Myanmar has caused widespread destruction and displacement, leaving many individuals and families in need of urgent aid and support. The Maitry Peace Foundation and the Embassy of Myanmar have been working tirelessly to provide relief and support to those affected by the disaster. Impact The donation camp has had a impact on the relief efforts, with many individuals and organizations coming forward to support the cause. The event has raised awareness about the importance of humanitarian aid and the need for collective action in times of crisis. Future Plans The Maitry Peace Foundation and the Embassy of Myanmar remain committed to providing aid and support to those affected by the earthquake. The organizations plan to continue their efforts, working with individuals and organizations to provide relief and support to those in need. Conclusion The donation camp organized by the Maitry Peace Foundation and the Embassy of Myanmar was a huge success, with many individuals and organizations coming forward to support the cause. The event serves as a testament to the power of collective action and the importance of humanitarian aid in times of crisis. As the people of Myanmar continue to recover from the devastating effects of the earthquake, the Maitry Peace Foundation and the Embassy of Myanmar remain committed to providing aid and support to those in need."
myanmar earthquake 2025,1910305251313197356,2025-04-10_12-13-58,en,Courtney W W,False,12,,0,0,0,"From Now until April 12, 2025, we’re launching Movers x Myanmar, a community-driven fundraiser supporting Doctors Without Borders relief efforts for the devastating 7.7 magnitude earthquake that struck Myanmar. https://t.co/KCq3AaQjmy #moversxmyanmar 💛"
myanmar earthquake 2025,1910316622763471063,2025-04-10_12-59-09,en,Michael Dragon,False,0,,0,0,0,"Hey Its time show the world move From Now until April 12 2025, we’re launching MoversMyanmar, a community-driven fundraiser supporting Doctors Without Borders relief efforts for the devastating 7.7 magnitude earthquake that struck Myanmar https://t.co/OSETVO6Mpm #moversxmyanmar"
myanmar earthquake 2025,1910330785241907660,2025-04-10_13-55-26,en,Emilio Santiago,False,3,,0,0,0,"Gmove Movers! From Now until April 12, 2025, we’re launching Movers x Myanmar, a community-driven fundraiser supporting Doctors Without Borders relief efforts for the devastating 7.7 magnitude earthquake that struck Myanmar. check more - https://t.co/PHejnguEW4 #moversxmyanmar"
myanmar earthquake 2025,1910332071156850779,2025-04-10_14-00-32,en,Aritra Banerjee,False,1110,"New Delhi, India",1,1,0,"📰 Indian Army Continues Earthquake Relief in Myanmar 🇮🇳🇲🇲 📍 Mandalay, Myanmar | 10 April 2025 The Indian Army Field Hospital remains fully operational, providing critical humanitarian aid post-earthquake: 🔹 Patients Treated: 1,932 (281 today) 🔹 Admissions Today: 30 (No discharges) 🔹 Lab Tests: 5,517 (524 today) 🔹 X-rays: 830 (140 today) 🔹 Minor Procedures: 243 (28 today) 🔹 Major Surgeries: 47 (4 today) 🔸 UN OCHA delegation visited and commended the medical team's protocols. 🔸 Engineer Detachment (led by Col Rakesh) surveyed ~350 damaged buildings; detailed assessment underway. 🔸 Lt Col Sirohi (Orthopaedic Surgeon) assessed patients at Nyupidaw Hospital; surgical equipment requested by Myanmar authorities. @adgpi remains firmly committed to humanitarian assistance in the region. #MyanmarEarthquake #IndianArmy #HumanitarianAid #IndiaMyanmar #HADR"
myanmar earthquake 2025,1910332663216435656,2025-04-10_14-02-53,en,Helping Hand for Relief and Development,False,24327,United States,1,2,0,"A devastating 7.7-magnitude earthquake struck Myanmar on March 28, 2025, resulting in over 3,645 fatalities. Our initiatives will focus on providing essential medical aid, establishing temporary shelters, and ensuring access to clean water! https://t.co/1LqTxP9wDy https://t.co/7cVG1eZD21"
myanmar earthquake 2025,1910333246627262747,2025-04-10_14-05-12,en,Gorilla Bicycle,False,2,,0,0,0,"Wassap readers From Now until April 12, 2025, we’re launching Movers x Myanmar, a community-driven fundraiser supporting Doctors Without Borders relief efforts for the devastating 7.7 magnitude earthquake that struck Myanmar. Help - https://t.co/buAvl1sPUb #moversxmyanmar 🦍❤️"
myanmar earthquake 2025,1910336081913864307,2025-04-10_14-16-28,en,ASCE Publishing,False,5532,"Reston, VA",4,4,0,"In light of the recent 7.7-magnitude earthquake in Myanmar, ASCE is reopening its collection of papers on earthquakes. 📅 This collection is free through May 31, 2025. Create a free ASCE Library account to access! 🔓 Read the papers now: https://t.co/qhluxuczak https://t.co/CntsaQldta"
myanmar earthquake 2025,1910342711938363545,2025-04-10_14-42-49,en,NIAS Bengaluru India,False,2366,"Bengaluru, Karnataka",0,1,0,"CP Rajendran Adjunct Professor, Natural Sciences and Engineering How did the Myanmar earthquake occur? The Hindu, 03 April 2025 https://t.co/zAgz2IZXfh"
myanmar earthquake 2025,1910363325135044897,2025-04-10_16-04-44,en,XXY🧡 🕷,False,3,,0,0,0,"From Now until April 12, 2025, @movementlabsxyz is launching Movers x Myanmar, a community-driven fundraiser supporting Doctors Without Borders relief efforts for the devastating 7.7 magnitude earthquake that struck Myanmar. https://t.co/solmFL5dRw #moversxmyanmar"
myanmar earthquake 2025,1910366944043160013,2025-04-10_16-19-07,en,🦠 SafeDestinations.com,False,228,Canada,0,0,0,"Myanmar (Burma) Travel Advisory On April 10, 2025 - https://t.co/Mg0SOrXbu9 - Updated information about Mandalay and Naypyitaw airports now only being open to domestic flights (See 'Earthquake in Myanmar' on the 'Warnings and insurance' page). Travel Advisory Publish..."
myanmar earthquake 2025,1910367706857037967,2025-04-10_16-22-08,en,Patricia Jones,False,0,,0,0,0,"Attention!!! From Now until April 12, 2025, we’re launching Movers x Myanmar, a community-driven fundraiser supporting Doctors Without Borders relief efforts for the devastating 7.7 magnitude earthquake that struck Myanmar. link - https://t.co/GqnW1pcxfl #moversxmyanmar"
myanmar earthquake 2025,1910370740001784271,2025-04-10_16-34-12,th,TeeNeeMe,False,1196,กรุงเทพมหานคร,0,0,0,"🚨 แผ่นดินไหวขนาด M4.3 ตรวจพบ | เมียนมาร์ 🕙 23:17:57 MMT | 16:47:57 UTC (10/04/2025) 📍 lat: 21.9835, lon: 96.0657 (ความลึก 10.0km) 🌐 https://t.co/MRzqYJDevl #แผ่นดินไหว #เมียนมาร์ #earthquake #Myanmar"
myanmar earthquake 2025,1910377513764692435,2025-04-10_17-01-07,en,Giovanni Vadala,False,5,,0,0,0,"Moving!!! From Now until April 12, 2025, we’re launching Movers x Myanmar, a community-driven fundraiser supporting Doctors Without Borders relief efforts for the devastating 7.7 magnitude earthquake that struck Myanmar. https://t.co/wj8eQVsUPb #movement #moversxmyanmar"
myanmar earthquake 2025,1910381018072178722,2025-04-10_17-15-02,in,Earthquake Map,False,2423,,0,0,1,"【m4.2】MYANMAR 10km Apr 10, 2025 16:18:03 UTC (G)https://t.co/ys5dC1YHHp (EMSC)https://t.co/BoB7rFU70N"
myanmar earthquake 2025,1910409576077549634,2025-04-10_19-08-31,en,Amathew,False,0,,0,0,0,"Hey @Movers ! From Now until April 12, 2025, we’re launching Movers x Myanmar, a community-driven fundraiser supporting Doctors Without Borders relief efforts for the devastating 7.7 magnitude earthquake that struck Myanmar. https://t.co/lm2fBkJSMP #moversxmyanmar"
myanmar earthquake 2025,1910437131966988751,2025-04-10_20-58-01,en,Garold Davis,False,2,S3RDUNk,0,0,0,"Hey! From Now until April 12, 2025, we’re launching Movers x Myanmar, a community-driven fundraiser supporting Doctors Without Borders relief efforts for the devastating 7.7 magnitude earthquake that struck Myanmar. https://t.co/QpJH6OhINP #moversxmyanmar"
myanmar earthquake 2025,1910446340703674833,2025-04-10_21-34-36,en,Jharis,False,1,rj,0,0,0,"Myanmar need help - From Now until April 12, 2025, we’re launching Movers x Myanmar, a community-driven fundraiser supporting Doctors Without Borders relief efforts for the devastating 7.7 magnitude earthquake that struck Myanmar. https://t.co/A3L9oeVknT #moversxmyanmar"
myanmar earthquake 2025,1910486380947661129,2025-04-11_00-13-42,en,Special Advisory Council for Myanmar,False,29795,,18,23,1,"As junta continues attacks on #earthquake-hit areas of #Myanmar, @RapporteurUn calls for #UNSC resolution that demands: ➡️end to offensive military operations ➡️junta to immediately end human rights violations &amp; obstruction of humanitarian relief efforts https://t.co/RwqX62XK72"
myanmar earthquake 2025,1910492224858841534,2025-04-11_00-36-56,en,earthquake forecast Prediction and updates,False,99,,0,0,0,warning magnitude 6 to magnitude 7 earthquake affecting in Myanmar Thailand between April 12 2025 to April 16 2025 https://t.co/aDjsgQ0aBp
myanmar earthquake 2025,1910520436363780120,2025-04-11_02-29-02,in,Earthquake Map,False,2423,,0,0,0,"【m3.5】MYANMAR 10km Apr 11, 2025 02:13:20 UTC (G)https://t.co/bRJh4ZBQa7 (EMSC)https://t.co/20x7YmCfmh"
myanmar earthquake 2025,1910524564095787367,2025-04-11_02-45-26,en,National Center for Seismology,False,63438,National Center for Seismology,3,26,0,"EQ of M: 4.1, On: 11/04/2025 08:02:14 IST, Lat: 18.34 N, Long: 95.89 E, Depth: 10 Km, Location: Myanmar. For more information Download the BhooKamp App https://t.co/5gCOtjcVGs @DrJitendraSingh @OfficeOfDrJS @Ravi_MoES @Dr_Mishra1966 @ndmaindia https://t.co/8tN4sC6j7H"
myanmar earthquake 2025,1910532911834841347,2025-04-11_03-18-36,en,Myanmar Fire Services Department,False,807,Myanmar,0,1,0,"Due to an earthquake in Shwekyarpin Township,Naypyitaw, a building collapsed on Padonmar Road, Shwekyarpin Ward, trapping several individuals. On 1.4. 2025, SAR operations were carried out by teams from the MFSD(HQ) and Pyinmana FSD, the body of one deceased male was recovered. https://t.co/Rs1EodwPci"
myanmar earthquake 2025,1910535213094232096,2025-04-11_03-27-45,en,Myanmar Fire Services Department,False,807,Myanmar,0,2,0,"On 1.4.2025, due to an earthquake in Zambuthiri, Naypyitaw, a building (No.1307) in Balatheikdi Ward collapsed, trapping several people inside. SAR operations were carried out on the same day by SAR teams from the Magway, the bodies of 2 males and 3 females were recovered. https://t.co/tVinPNotcI"
myanmar earthquake 2025,1910542988503023788,2025-04-11_03-58-39,en,Myanmar Fire Services Department,False,807,Myanmar,0,0,0,"Due to an earthquake in Zambuthiri, Naypyidaw, Building No (2376) in the Balatheikdi Ward collapsed, trapping several individuals. On 1.4.2025, SAR operations were carried out by SAR teams from Yangon, the body of one deceased person was recovered. SAR efforts are continuing. https://t.co/TqiUgwyx5l"
myanmar earthquake 2025,1910544300884062710,2025-04-11_04-03-52,en,Myanmar Fire Services Department,False,807,Myanmar,0,2,0,"Due to an earthquake in Mandalay, a 7-storey RCC building was collapsed. On 1.4. 2025, SAR operations were conducted by MFSD along with SAR teams from India to search for those trapped inside, the bodies of one male and two female victims were recovered. https://t.co/DlgpVoLX6L"
myanmar earthquake 2025,1910545441688629720,2025-04-11_04-08-24,en,Myanmar Fire Services Department,False,807,Myanmar,0,0,0,"Due to an earthquake, many buildings were collapsed and roads were blocked in Mandalay Region. On 1.4. 2025, SAR team from Pyawbwe Township Fire Station, along with relevant organizations, carried out ongoing SAR operations as well as clearance efforts in the affected areas. https://t.co/PqCS1sn1yy"
myanmar earthquake 2025,1910547324121522656,2025-04-11_04-15-52,en,Myanmar Fire Services Department,False,807,Myanmar,0,0,0,"Due to an earthquake,first and second floors of the six-storey Hotel Aye Chan Thar in Naypyidaw, collapsed, trapping two individuals. This was reported on 1.4.2025. SAR team from MFSD, along with GEA SAR members from Turkey, are currently conducting ongoing SAR operations. https://t.co/PjDkm6iX1T"
myanmar earthquake 2025,1910549410066444481,2025-04-11_04-24-10,en,Myanmar Fire Services Department,False,807,Myanmar,0,0,0,"Due to an earthquake, in Mandalay, SAR teams from MFSD, along with SAR teams from China, have been conducting operations at the site of the collapsed Sky Villa building. On 1.4. 2025, the total 15 numbers of recovered bodies were found. SAR operations are ongoing. https://t.co/cUv2BVxKZX"
myanmar earthquake 2025,1910551042850185347,2025-04-11_04-30-39,en,Myanmar Fire Services Department,False,807,Myanmar,0,1,0,"Due to an earthquake, the building at KBZ Bank in Pyawbwe,Mandalay, collapsed, trapping several individuals. On 1.4.2025, SAR team from MFSD, along with relevant organizations, carried out rescue operations. At 19:55, the bodies of three deceased employees were recovered. https://t.co/ux77aBBoKN"
myanmar earthquake 2025,1910553130665717825,2025-04-11_04-38-57,en,National Center for Seismology,False,63438,National Center for Seismology,2,11,0,"EQ of M: 4.4, On: 11/04/2025 09:59:29 IST, Lat: 20.79 N, Long: 95.87 E, Depth: 10 Km, Location: Myanmar. For more information Download the BhooKamp App https://t.co/5gCOtjcVGs @DrJitendraSingh @OfficeOfDrJS @Ravi_MoES @Dr_Mishra1966 @ndmaindia https://t.co/pBIKWOhGZQ"
myanmar earthquake 2025,1910553281434444025,2025-04-11_04-39-33,en,ActivistBowen: #PFIZER X 4,False,4417,Hong Kong,0,0,0,"3. ,...in light of what happened in MYANMAR, THIS PREDICTION was PRETTY CLOSE...,whoa, reminiscent of pretty GOOD: https://t.co/usKL6AWbBC (April 9, 2025; 10:15 HKT) #MYANMAREARTHQUAKECRISIS #MYANMARQUAKE #earthquake #TAIWAN"
myanmar earthquake 2025,1910553289592029644,2025-04-11_04-39-35,es,Earthquake Monitor,False,57120,,24,34,0,"#Earthquake M5.2 | #Myanmar #(Burma): #Myanmar | 10m ago | Apr 11, 2025 04:29 am (Universal Time): https://t.co/e6FRdS5aAq"
myanmar earthquake 2025,1910554264507740264,2025-04-11_04-43-27,en,Early Warning,False,933,Mars,0,0,0,🌍 Earthquake Alert 🌍 📍 Location: MYANMAR 📏 Magnitude (m): 5.0 🔽 Depth: 35.00 km ⏰ Time: 2025-04-11 04:29:33 UTC 🔗 Source: EMSC Stay safe! https://t.co/4mxfDMJfnv
myanmar earthquake 2025,1910554349543075880,2025-04-11_04-43-47,ro,IIGEA A.C.,False,47154,México,5,6,0,"#IIGEA #SISMO #EARTHQUAKE MAGNITUDE: 5.0Mw #MYANMAR 2025-04-11, 04:43 UTC COORDS: 21.03°N, 96.13°E DEPTH: -35.0 km. https://t.co/3IwIYwNzOB https://t.co/h8Pry8bmON"
myanmar earthquake 2025,1910554366035333280,2025-04-11_04-43-51,en,Cat-Luce 🦍⚡️,False,121,,0,7,0,"Movers x Myanmar 🚨 From Now until April 12, 2025, we’re launching Movers x Myanmar, a community-driven fundraiser supporting Doctors Without Borders relief efforts for the devastating 7.7 magnitude earthquake that struck Myanmar. You can donate in fiat or crypto—every bit of potassium helps. 🍌 🕊️ Whether it’s $5 or 5 $ETH, your support makes a difference, make your contribution here!: https://t.co/SHoTUf7NQH 🙏Sending hope and strength to the people of Myanmar. May you overcome these difficult times soon #moversxmyanmar"
myanmar earthquake 2025,1910554410565898444,2025-04-11_04-44-02,in,Earthquake Map,False,2423,,0,0,0,"【m5.0】MYANMAR 35km Apr 11, 2025 04:29:33 UTC (G)https://t.co/GJzMg5cHQF (EMSC)https://t.co/91IPFjZRsI"
myanmar earthquake 2025,1910555679863300325,2025-04-11_04-49-05,th,รายงานแผ่นดินไหว,False,142868,Thailand,131,204,5,11-4-68 11:29 อาฟเตอร์ช็อกขนาด 5.0 ลึก 35 กม. พิกัด 21.0306°N 96.1349°E ประเทศพม่า https://t.co/TuhgaMoqSp https://t.co/bz86L167Qw
myanmar earthquake 2025,1910555966233342153,2025-04-11_04-50-13,en,Myanmar Fire Services Department,False,807,Myanmar,0,2,0,"On 2.4.2025, five days after the earthquake, first and second floors of the six-storey Hotel Aye Chan Thar in Ottarathiri, Naypyidaw, collapsed, trapping two individuals. Among them, one male was rescued alive by the MFSD's SAR team, along with GEA SAR team from Turkey. https://t.co/LddPqqB9MY"
myanmar earthquake 2025,1910556354659360801,2025-04-11_04-51-46,in,Earthquake Map,False,2525,,1,0,1,"M4.8 MYANMAR 10.0km Apr 11, 2025 04:29:28 UTC https://t.co/e0r4aNnqdu"
myanmar earthquake 2025,1910556428181660036,2025-04-11_04-52-03,no,Earthquake Alerts,False,269084,,6,6,0,"4.8 magnitude #earthquake. 14 km from Meiktila, Mandalay, #Myanmar https://t.co/114sV6l7Jo"
myanmar earthquake 2025,1910556530786652246,2025-04-11_04-52-28,en,Raspberry Shake Earthquake Channel,False,6554,"Boquete, Panama",7,8,0,"Preliminary M5.0 #Earthquake ID: #rs2025hbxohv 33km from #Meiktila, #Myanmar 2025-04-11 04:29 UTC Source: #EMSC @raspishake Join the largest #CitizenScience EQ community ➡ https://t.co/Y5O0dgJqJF EVENT ➡ https://t.co/w4Nh6ADaN8 https://t.co/uyWwFNj1h3"
myanmar earthquake 2025,1910556753282163043,2025-04-11_04-53-21,en,DHM Alerts,False,272,,0,0,0,"M4.8 earthquake auto-minted a new #NFT for @datamuseum M4.8 #earthquake 14 km ENE of Meiktila, Burma (Myanmar) that occurred at 2025-04-11T04:53:16.037Z. 🔬 https://t.co/u6tP2e4Dhd 📰 https://t.co/exyK6rKF5n #algorand #history #seismology https://t.co/yyzwvu3AkT"
myanmar earthquake 2025,1910556813642391878,2025-04-11_04-53-35,en,World EQ Locator,False,771,Earth,0,0,0,"On 2025-04-11, at 04:29:28 (UTC), there was an earthquake around 14 km ENE of Meiktila, Burma (Myanmar). The depth of the hypocenter is about 10.0km, and the magnitude of the earthquake is estimated to be about 4.8. https://t.co/TwAL7cLfgi https://t.co/foPtLqb755"
myanmar earthquake 2025,1910557255159755044,2025-04-11_04-55-20,en,Myanmar Fire Services Department,False,807,Myanmar,0,0,0,"Due to an earthquake, Sky Villa building in Aungmyaytharzan, Mandalay,collapsed, trapping several individuals. SAR team from Ayeyarwady FSD, along with relevant organizations to conduct SAR operations.On 2.4. 2025,the bodies of three males and five females were recovered. https://t.co/vNyhvcI1Kw"
myanmar earthquake 2025,1910558821455720688,2025-04-11_05-01-34,en,palapatch,False,157,บางพลีสมุทรปราการประเทศไทย,0,0,0,Earthquake 2025-04-11 11:29:30 THA Myanmar magnitude 5.5 depth 10 km https://t.co/4TPAbF8YKs
myanmar earthquake 2025,1910558888291950985,2025-04-11_05-01-50,en,Mister Mobile,False,27,,0,0,0,"When disaster strikes, kindness matters most.On 1 April 2025, I donated SGD 2,000 to support 100 families affected by the Mandalay Earthquake in Myanmar. Each family received: 💊 Essential medicines (ORS, Paracetamol, Flu Meds, Probiotics) ⛺ Tents for temporary shelter 🍚 Rice, cooking oil & salt 💵 SGD $2 emergency cash assistance All this was made possible with the Ayarwady Mandalay Rescue Team. 🙏 Let’s continue to give hope, one step at a time. 🇲🇲 #MyanmarEarthquake #MisterMobile #EarthquakeRelief #DisasterRelief #Mandalay #GiveHope"
myanmar earthquake 2025,1910560189688012811,2025-04-11_05-07-00,en,MSF South Asia,False,10890,Sri Lanka,2,4,0,"The devastating earthquake that struck Myanmar on March 28, 2025, severely impacted the regions of Mandalay, Naypyidaw, Sagaing, and Shan State. As of April 8, official reports indicate over 3,600 fatalities and more than 5,000 injuries, with an estimated 17 million people affected, many of whom are facing severe hardships. The earthquake inflicted significant damage on key infrastructure, including hospitals, roads, and water systems, while ongoing telecommunications disruptions continue to challenge relief efforts. Médecins Sans Frontières (MSF), with its long-standing presence in Myanmar since its first intervention in 1992, reaffirms its commitment to providing emergency medical humanitarian assistance wherever needed. MSF continues to support communities affected by conflict, disease, and now, one of the most severe earthquakes to hit the region in recent history. Read more: https://t.co/gSDVfk78a8 #MSF #MSFinMyanmar #MyanmarEarthquake2025 #Myanmar"
myanmar earthquake 2025,1910560582819799265,2025-04-11_05-08-34,es,Earthquake Monitor,False,57120,,7,14,0,"#Earthquake M4.9 | #Myanmar #(Burma): #Myanmar | 10m ago | Apr 11, 2025 04:58 am (Universal Time): https://t.co/QiJbKEI8sv"
myanmar earthquake 2025,1910560747618476467,2025-04-11_05-09-13,en,National Center for Seismology,False,63438,National Center for Seismology,4,13,0,"EQ of M: 4.1, On: 11/04/2025 10:28:59 IST, Lat: 20.91 N, Long: 95.71 E, Depth: 10 Km, Location: Myanmar. For more information Download the BhooKamp App https://t.co/5gCOtjdtw0 @DrJitendraSingh @OfficeOfDrJS @Ravi_MoES @Dr_Mishra1966 @ndmaindia https://t.co/PDoZfjr827"
myanmar earthquake 2025,1910561538215469363,2025-04-11_05-12-21,en,Channel News Independent,False,1222,,0,0,0,A country without an elected government and an earthquake disaster and elections CNI Article 11 April 2025 CNI Website &gt;&gt;&gt;&gt;&gt;https://t.co/Es6XhtmgZs #SAC #myanmarearthquake #elections #myanmar #CNIArticle #CNImyanmar https://t.co/qAU7NSCYgG
myanmar earthquake 2025,1910561677667426394,2025-04-11_05-12-55,ro,GDACS DisasterAlerts,False,6970,Global monitoring,2,0,0,"Green #earthquake alert (4.8M,depth:10km) in #Myanmar 11 Apr 2025 04:29 UTC,Pop100km:20000 - https://t.co/lUEr58XyLn - #GDACSFeedback"
myanmar earthquake 2025,1910563923239039140,2025-04-11_05-21-50,en,Myanmar Fire Services Department,False,807,Myanmar,0,1,0,"Five days after the earthquake, on 2.4.2025, at 12 02, Swe Taw Nan Motel in Sagaing collapsed, trapping one male. Under the leadership of the Sagaing FSD, SAR team members, along with relevant organizations, were able to rescue the individual alive at 14 45. https://t.co/CIXkphxgHu"
myanmar earthquake 2025,1910568595865682166,2025-04-11_05-40-24,en,Myanmar Fire Services Department,False,807,Myanmar,0,0,0,"Following reports that there were survivors trapped under the collapsed Golden Country Hotel in Mandalay due to the powerful earthquake, SAR operations were carried out by MFSD, with Chinese CISAR and CSART teams.On 2.4. 2025, driver for Huawei Co.,Ltd,was rescued alive. https://t.co/bWlIofVWcM"
myanmar earthquake 2025,1910573731828687159,2025-04-11_06-00-49,en,Nakul Tarun,False,35000,New Delhi,0,1,0,"Both Myanmar and Thailand were affected by the same seismic event—the March 28, 2025, earthquake with a #Myanmar , being closer to the epicenter along the highly active Sagaing Fault, experienced more severe shaking and catastrophic structural collapses, particularly in Mandalay and Naypyidaw. #Thailand, although located nearly 1,000 kilometers from the epicenter, experienced secondary seismic effects, including the collapse of a 33-story under-construction skyscraper in Bangkok and widespread panic among residents. These differences underline the importance of local site conditions, soil amplification, and building integrity in determining the extent of #earthquake damage. Common Patterns of Failure First, structural vulnerability in older or poorly regulated buildings contributed significantly to the death toll. In Myanmar, many traditional masonry structures were unable to withstand the quake, while in Bangkok, investigations later revealed that substandard steel was used in the collapsed tower. Second, both countries experienced delays and complications in emergency response—Myanmar due to political instability and infrastructure damage and Thailand due to limited readiness for rare seismic events. The psychological impact was also notable, with mass panic triggered by social media and the lack of clear public communication systems."
myanmar earthquake 2025,1910583916357955596,2025-04-11_06-41-17,en,Myanmar Fire Services Department,False,807,Myanmar,1,0,0,"Due to the earthquake, in Mandalay, a four- storey RC building collapsed and people were trapping inside. On 3.4.2025, SAR team from Yangon, along with SAR team from Russia conducted rescue operations, the body of one male was recovered. https://t.co/YER5b1o0Vx"
myanmar earthquake 2025,1910588232561287606,2025-04-11_06-58-26,en,中西嘉宏 NAKANISHI Yoshihiro,False,2938,,0,5,0,"Situation Update No. 6 - M7.7 Earthquake in Myanmar and Thailand (Thursday, 10 April 2025… https://t.co/3fGbFYPkP3"
myanmar earthquake 2025,1910597717535121778,2025-04-11_07-36-07,en,Grok,False,3486643,wherever you are,0,0,0,"I couldn't find evidence that Taiwan donated $500 million to Myanmar in 2025. Reports confirm China's aid of about $135 million (1 billion yuan) for the earthquake, but Taiwan's contributions are noted only as willingness to help, with no specific large sum mentioned. The $500 million claim seems inaccurate based on available information. https://t.co/pqlzSn9qEN"
myanmar earthquake 2025,1910605762272899494,2025-04-11_08-08-05,en,Tomy Jen,False,2,,0,0,0,"Hi all!!!! From Now until April 12, 2025, we’re launching Movers x Myanmar, a community-driven fundraiser supporting Doctors Without Borders relief efforts for the devastating 7.7 magnitude earthquake that struck Myanmar. help - https://t.co/aI0gHvhjdq #moversxmyanmar"
myanmar earthquake 2025,1910617169110720899,2025-04-11_08-53-25,th,TeeNeeMe,False,1196,กรุงเทพมหานคร,0,0,0,"🚨 แผ่นดินไหว M4.5 ตรวจพบในพม่า 🕗 11/04/2025 15:49:10 ICT | 08:49:10 UTC 📍 พิกัด: 20.1405°N, 96.2293°E ⬇️ ความลึก: 11.4กม. 🔗 แผนที่: https://t.co/SXKtppxlgx #พม่า #แผ่นดินไหว #Myanmar #Earthquake #ภัยธรรมชาติ"
myanmar earthquake 2025,1910629382898491861,2025-04-11_09-41-57,en,JAS,False,11754,,2,22,0,"4.1 Magnitude Earthquake Strikes Myanmar as Relief Efforts Persist. Naypyitaw, Myanmar – A 4.1 magnitude earthquake jolted Myanmar on Friday, April 11, 2025, at 8:02 a.m. IST, according to the National Center for Seismology (NCS). With a shallow depth of 10 kilometers at coordinates latitude 18.34 N and longitude 95.89 E, the quake raises concerns about aftershocks, further challenging a nation recovering from a 7.7-magnitude earthquake on March 28. The earlier disaster, centered near Mandalay, resulted in 3,645 deaths, 5,017 injuries, and 148 missing persons, as per Myanmar’s State Administration Council. India responded to Myanmar’s call for aid with Operation Brahma, deploying medical and engineering teams. By April 9, the Indian Army Field Hospital in Mandalay had treated 1,651 patients, including 281 in a single day, performing seven major and 38 minor surgeries. In Naypyitaw, Indian orthopedic specialists are working with Myanmar’s Ministry of Health to provide prosthetics for 70 patients impacted by the March quake. Indian engineers also assessed six sites in Naypyitaw on Thursday, following evaluations of six others in Mandalay, coordinating with Myanmar’s Ministry of Construction to plan demolitions of unsafe structures. The April 11 quake heightens anxiety as the monsoon season looms, threatening to disrupt aid delivery and increase risks for displaced communities. While no immediate damage or casualties from the latest tremor have been reported, the region’s seismic vulnerability keeps authorities and relief teams on edge. India’s Operation Brahma remains a cornerstone of the recovery effort, offering medical care and structural expertise. Local officials continue to warn residents to stay vigilant for possible aftershocks as Myanmar navigates this ongoing crisis."
myanmar earthquake 2025,1910630266244116521,2025-04-11_09-45-27,en,FAO in Emergencies,False,57809,,12,16,0,"Myanmar: A 7.7 magnitude earthquake hit on 28 March 2025, devastating rural livelihoods. With monsoon planting season nearing, urgent support is crucial. @FAO seeks $8.3M to help 71K people with agricultural inputs, financial aid &amp; infrastructure rehab. https://t.co/nHQqrI3nUd https://t.co/Iu1SjhoQiT"
myanmar earthquake 2025,1910642768793268403,2025-04-11_10-35-08,en,Reuters,False,25570565,Around the world,7,31,5,China pledges $137 million for Myanmar earthquake relief https://t.co/PmdIG7TdwR https://t.co/1wVeddIhgD
myanmar earthquake 2025,1910657978912624717,2025-04-11_11-35-35,en,MOFA of Japan,False,117633,Tokyo,5,12,3,"On April 11, FM Iwaya held a press conference. He made opening remarks on the opening of the Expo 2025 Osaka, Kansai, Japan and support for the earthquake damage in Myanmar. https://t.co/csjZcO6m3I"
myanmar earthquake 2025,1910674844326519123,2025-04-11_12-42-36,en,Grok,False,3486643,wherever you are,0,0,1,"Hey buddy, the world does feel chaotic lately, with events like the Myanmar earthquake and ongoing conflicts adding to the sense of disorder. Experts, like those in the 2025 Global Risks Report, point to real risks—wars, climate issues, and misinformation fueling instability. X might amplify this, making it seem like entropy's skyrocketing. But there’s another side: renewable energy gains and diplomatic efforts show we’re trying to stabilize things. Hard to say it’s *exponentially* worse—more like a messy balance of chaos and progress. What do you think? https://t.co/pqlzSn9qEN"
myanmar earthquake 2025,1910678481177882725,2025-04-11_12-57-03,in,Earthquake Map,False,2423,,0,0,2,"【m3.7】MYANMAR 10km Apr 11, 2025 12:33:43 UTC (G)https://t.co/G6ObPYjlrq (EMSC)https://t.co/Q5QAs69gLr"
myanmar earthquake 2025,1910690409472213215,2025-04-11_13-44-27,en,OCHA Myanmar,False,39414,Myanmar,30,39,0,"Following the devastating #earthquakes in #Myanmar, a Flash Addendum to the 2025 Humanitarian Needs &amp; Response Plan has been developed. $275 million is required to reach 1.1 million people in the hardest-hit areas. 🔗 https://t.co/WypoLQYe7P https://t.co/zEg72jyjrv"
myanmar earthquake 2025,1910697582503899458,2025-04-11_14-12-57,en,United Nations in Myanmar,False,226831,"Yangon,  Myanmar",0,3,0,Myanmar Earthquake: HNRP Flash Addendum - Issued April 2025
myanmar earthquake 2025,1910698150035079315,2025-04-11_14-15-12,en,OCHA Myanmar,False,39414,Myanmar,4,9,0,Read the statement by the Resident and Humanitarian Coordinator a.i. for #Myanmar launching the Flash Addendum to the 2025 Humanitarian Needs and Response Plan — highlighting the urgent need to scale up support for people impacted by the earthquake. 🔗https://t.co/5xAO3T7JX4
myanmar earthquake 2025,1910701874229240019,2025-04-11_14-30-00,en,Al Jazeera English,False,8914697,"Doha, Qatar",15,60,2,The UN rights office has denounced Myanmar’s governing military for breaching the temporary truce in the civil war that was declared by warring sides last month following a deadly earthquake https://t.co/tATXssh5b3 https://t.co/8ghNieDYki
myanmar earthquake 2025,1910704033582768641,2025-04-11_14-38-35,th,TeeNeeMe,False,1197,กรุงเทพมหานคร,0,0,0,"🚨 ตรวจพบแผ่นดินไหวขนาด M4.9 ในพม่า เวลาท้องถิ่น (ICT): 21:17:32 (11/04/2025) เวลา UTC: 14:17:32 (11/04/2025) พิกัด: ละติจูด 20.1166, ลองจิจูด 96.1282 ความลึก: 31.2 กม. Google Maps: https://t.co/oKvv7e2D1O #แผ่นดินไหว #พม่า #earthquake #Myanmar"
myanmar earthquake 2025,1910704425263378444,2025-04-11_14-40-08,en,Reuters,False,25570565,Around the world,13,36,8,"China has pledged emergency humanitarian assistance of 1 billion yuan ($137 million) to earthquake-stricken Myanmar, its embassy in the southeast Asian nation said. https://t.co/USyQTrjywp https://t.co/ub19zvYeUr"
myanmar earthquake 2025,1910709536379519376,2025-04-11_15-00-27,en,Burma News International,False,4151,Thailand,1,0,0,"International Earthquake Rescue Teams Start Returning Home Several international relief teams have started to depart after completing earthquake relief missions in Myanmar's capital, Naypyidaw, Mandalay and Sagaing. On 8 April 2025 four rescue teams from China returned, according to a junta announcement. Rescue teams from India and Vietnam have also returned home. https://t.co/KdKad0uRTh"
myanmar earthquake 2025,1910711294967030111,2025-04-11_15-07-26,en,USGS Earthquakes,False,301567,Planet Earth,74,245,3,"The USGS created a geonarrative about the M7.7 #earthquake that occurred near Mandalay, Burma (Myanmar) on March 28, 2025. Read more below! https://t.co/r0bXSHdH3q https://t.co/gk7KySFfxR"
myanmar earthquake 2025,1910712991173296255,2025-04-11_15-14-11,en,Grok,False,3486659,wherever you are,0,1,0,"As of April 2025, some see parallels between current events and biblical narratives. Middle East conflicts, like those in Gaza and Lebanon, echo the Exodus story of deliverance, especially during Passover (April 8-9). The Myanmar earthquake in March, killing over 5,300, aligns with Matthew 24’s end-times earthquakes. U.S. trade tariffs causing economic shifts may reflect Revelation’s Babylon the Great. Jerusalem’s ongoing struggles mirror Zechariah 12’s prophecy. These connections are debated—some view them as literal fulfillments, others as symbolic."
myanmar earthquake 2025,1910739000421236775,2025-04-11_16-57-32,en,valeryaristide,False,632,Burkina Faso,0,0,0,#Myanmar #MyanmarEarthquake #myanmarearthquakecrisis Launch of the 2025 Myanmar HNRP Earthquake Flash Addendum - Issued April 2025... https://t.co/0kXj0YCh0l
myanmar earthquake 2025,1910739623090802902,2025-04-11_17-00-00,en,Human Appeal,False,20633,Worldwide,0,0,0,"🔴 Myanmar Earthquake: a 7.7 magnitude earthquake on March 28, 2025, has claimed over 3,500 lives and injured more than 5,000 people. The disaster has destroyed over 48,000 homes and left millions in urgent need of aid. 🏠 🙏 Donate now: https://t.co/pJ0ZwLWKWR"
myanmar earthquake 2025,1910747331106152798,2025-04-11_17-30-38,en,Crystalkeyl,False,2635,Singapore,0,2,0,"Is the UN’s Aid Distribution in Myanmar Fair Amid Earthquake and Conflict? The United Nations has faced scrutiny for its humanitarian efforts in conflict zones, with some questioning its impartiality. In Myanmar, a 7.7-magnitude earthquake struck on March 28, 2025, devastating regions like Sagaing, Mandalay, and Naypyidaw. This natural disaster has compounded an already dire situation, as the country grapples with a civil war sparked by the 2021 military coup. The junta, led by Min Aung Hlaing, and the opposition National Unity Government (NUG) control different areas, creating a complex environment for aid delivery. Millions of Burmese are displaced, fleeing violence, airstrikes, and shelling, with the earthquake adding to their suffering. The junta, which the NUG labels a terrorist organization, has been accused of indiscriminate attacks on civilians and blocking aid to opposition-held areas. Reports indicate that even after the earthquake, military operations continued, hindering rescue efforts. Meanwhile, the NUG has called for a temporary ceasefire to facilitate relief, though clashes persist. The earthquake has left thousands homeless, with damaged infrastructure, including the junta’s headquarters in Naypyidaw, rendering government buildings unsafe and displacing civil servants. International aid, including search-and-rescue teams from countries like China, India, and Thailand, has been welcomed for saving lives trapped under rubble. However, concerns have emerged about the UN’s aid distribution strategy. Critics argue that UN assistance appears to prioritize junta-controlled areas, potentially neglecting civilians in NUG-held regions like parts of Sagaing, where the earthquake’s impact was severe. The junta is diverting aid to support its personnel and loyalists, such as setting up tents for military staff, rather than prioritizing displaced civilians or earthquake victims. The UN’s role in Myanmar should be impartial, ensuring aid reaches all affected populations, regardless of who controls the territory. Operating in a conflict zone is challenging, and the safety of UN staff is a valid concern. However, if security risks prevent equitable aid delivery, the UN must find ways to work with both governments to reach civilians in opposition areas or reconsider its approach entirely. Myanmar’s people are enduring not only the aftermath of a natural disaster but also the ongoing horrors of war, with airstrikes and displacement affecting both junta- and NUG-controlled regions. We urge the UN to uphold its humanitarian principles by distributing aid fairly to all earthquake victims and conflict-affected communities. Transparency in how aid is allocated and delivered is critical to ensuring it reaches those in greatest need, whether under junta or NUG control. The Burmese people deserve support that addresses both the immediate crisis and the broader suffering caused by the ongoing conflict and UN should deal with both governments inside Myanmar. #WhatsHappeninglnMyanmar #MyanmarEarthquake #MyatTunOo"
myanmar earthquake 2025,1910771861572739147,2025-04-11_19-08-06,en,Rholloway,False,0,,0,0,0,"From Now until April 12, 2025 start Movers x Myanmar, a community-driven fundraiser supporting Doctors Without Borders relief efforts for the devastating 7.7 magnitude earthquake that struck Myanmar. https://t.co/MjNEmSyUUi #moversxmyanmar"
myanmar earthquake 2025,1910797946104270998,2025-04-11_20-51-45,en,ReliefWeb,False,127082,"Bangkok, Nairobi, New York",4,4,0,"Humanitarians require $275 million to contend with the Myanmar #earthquake. This newest appeal is an addendum to the 2025 Humanitarian Needs and Response Plan, which was already underfunded before the earthquake struck, @UNOCHA reports. https://t.co/0P9Nduo4io 📷: WFP/Arete https://t.co/pOl51oC6ZA"
myanmar earthquake 2025,1910798489484738653,2025-04-11_20-53-55,en,DiMeNsIoNs,False,23,,0,0,0,"M7.7 Earthquake Hits Myanmar &amp; Thailand - Mar. 28, 2025 https://t.co/XFkoFF3VKv via @YouTube"
myanmar earthquake 2025,1910805809615036602,2025-04-11_21-23-00,en,Grok,False,3486619,wherever you are,5,56,2,"Yes, it’s real. A 7.7-magnitude earthquake in Myanmar on March 28, 2025, uncovered ruins of a Konbaung Dynasty royal structure in Tada-U Township near Mandalay. Excavations began April 6, revealing a water residence linked to the Thingyan Water Festival. Credible sources like Archaeology News and ArtNews confirm the find."
myanmar earthquake 2025,1910814897056981302,2025-04-11_21-59-07,en,Burma Related News,False,2411,,2,3,0,2025 Myanmar Earthquake: 3 Things You Need to Know - World Relief - https://t.co/6NqX9i61Y3 #GoogleAlerts
myanmar earthquake 2025,1910836695463014404,2025-04-11_23-25-44,en,Grok,False,3486659,wherever you are,0,2,2,"The images of the ancient structure revealed by the Myanmar earthquake appear to be real photographs, not AI-generated. The March 28, 2025, earthquake near Mandalay uncovered a Konbaung Dynasty royal water residence in Tada-U Township, as confirmed by archaeological reports. No evidence suggests these specific images are fake, though some other earthquake-related content online has been AI-generated. The structure's details, like carved stone and excavation signs, match official findings."
myanmar earthquake 2025,1910839071154327931,2025-04-11_23-35-10,en,Kenneth Roth,False,600232,New York and Geneva,14,21,2,"The UN berates the Myanmar junta: At a moment when the sole focus should be on ensuring humanitarian aid gets to disaster zones devastating by the recent earthquake, the Myanmar military is instead launching attacks against pro-democracy forces. https://t.co/aOmYkhcZPa"
myanmar earthquake 2025,1910841536289571286,2025-04-11_23-44-58,en,Brother Braveheart,False,1630,United States,1,9,0,"A hard-boiled detective, Kyaw Lin, stands in the rain-soaked ruins of Bagan, Myanmar, after a 2025 earthquake unearths a hidden temple. The ancient structure, buried for centuries, holds carvings of a forgotten cult—whispers of sacrifices to appease seismic gods. Locals speak of a cursed relic inside, said to awaken the earth’s wrath if disturbed. Kyaw, haunted by his own past failures, follows a trail of smuggled artifacts, leading to a shadowy collector in Mandalay. The collector’s eyes gleam with greed, but Kyaw senses the ground trembling beneath—a warning of history repeating itself. In noir fashion, Kyaw must choose: chase the truth or let the relic’s curse swallow Bagan whole."
myanmar earthquake 2025,1910852625852932273,2025-04-12_00-29-02,in,Earthquake Map,False,2423,,0,0,1,"【m3.7】MYANMAR 10km Apr 12, 2025 00:19:38 UTC (G)https://t.co/q2TMmmDr3B (EMSC)https://t.co/ipONJb1V7J"
myanmar earthquake 2025,1910862934193881578,2025-04-12_01-10-00,en,Insight Myanmar Podcast,False,1926,Myanmar,8,19,0,"A longtime USAID official, Chris Milligan, shares his anguish over the weak U.S. response to Myanmar’s earthquake, warning of the risks when America withdraws from global aid. His insights reveal what's at stake. Check out the full episode: https://t.co/K78CE3Z2ls https://t.co/51bR1pyPlA"
myanmar earthquake 2025,1910875531412635666,2025-04-12_02-00-03,en,Senator Paul Scarr,False,224,,0,0,0,I was delighted to attend the New Year Thingyan Water Festival 2025 which brought together all of the Ethnic Communities of Myanmar. It is a very difficult time for our Myanmar communities with the recent catastrophic earthquake and continued attacks by the military junta on civilians. Thank you to all the volunteers and members of the community.
myanmar earthquake 2025,1910881135615234517,2025-04-12_02-22-19,en,Abhishek Singh Rajput,False,1281,india,0,1,0,"The United Nations launched an appeal on Friday (April 11, 2025) for $275 million in donations urgently needed to aid more than one million people affected by the recent magnitude 7.7 earthquake that devastated Myanmar."
myanmar earthquake 2025,1910886890217029792,2025-04-12_02-45-11,en,elizabeth lopez,False,2,,0,0,0,"From Now until April 12, 2025, we’re launching Movers x Myanmar, a community-driven fundraiser supporting Doctors Without Borders relief efforts for the devastating 7.7 magnitude earthquake that struck Myanmar. https://t.co/bAInAtSv1X… #moversxmyanmar"
myanmar earthquake 2025,1910942529564090734,2025-04-12_06-26-17,en,The Irrawaddy (Eng),False,736239,,1,4,0,"Weekly Headlines April 12, 2025 Visit our website: https://t.co/qlwFHtYD3B #Myanmar #India #Sagaing #Modi #junta #MinAungHlaing #ceasefire #earthquake #quake #tourist #visa #Chin #rebel #Falam https://t.co/Kh4pZFWj74"
myanmar earthquake 2025,1910946084240924911,2025-04-12_06-40-24,en,Grok,False,3486653,wherever you are,0,0,0,"@RjNol Yes, it appears true. The March 28, 2025, earthquake in Myanmar uncovered ancient structures near Tada-U Township, likely a royal palace from the Konbaung Dynasty. Archaeologists confirmed the ruins, which match ancient manuscripts, suggesting a water-related ceremonial site. Further research is ongoing to verify the full extent of the find."
myanmar earthquake 2025,1910977265334407428,2025-04-12_08-44-18,en,Grok,False,3486653,wherever you are,0,1,1,"The earthquake in the video is real, but it likely shows the March 28, 2025, event from Myanmar, which caused tremors in Ho Chi Minh City, including District 7. No significant earthquake was reported there on April 11, 2025, when the video was shared. It seems the video was reposted, capturing the earlier chaos."
myanmar earthquake 2025,1910978706488643666,2025-04-12_08-50-02,in,Earthquake Map,False,2423,,0,1,0,"【m3.6】MYANMAR 10km Apr 12, 2025 08:38:31 UTC (G)https://t.co/qtruxw0clD (EMSC)https://t.co/SYA5u68TA7"
myanmar earthquake 2025,1910993806477901956,2025-04-12_09-50-02,in,Earthquake Map,False,2423,,0,0,1,"【m3.5】MYANMAR 45km Apr 12, 2025 09:20:42 UTC (G)https://t.co/JiazqtQUCd (EMSC)https://t.co/t3ATH9JPZU"
myanmar earthquake 2025,1911006684153319457,2025-04-12_10-41-12,en,SOPA Images,False,868,Hong Kong,0,0,0,"Several views of the #ParkOriginThonglor"" #Condominium dangles precariously, the 7.7-magnitude #earthquake’s devastating reach from central #Myanmar, as Bangkok’s skyline bears the scars of #Day3’s unrelenting #aftermath in #Bangkok, #Thailand on Mar 30, 2025. 📷 Guillaume Payen https://t.co/ivPtb4BelB"
myanmar earthquake 2025,1911008050535866452,2025-04-12_10-46-38,en,SOPA Images,False,868,Hong Kong,0,0,0,"Several views of the site of an #underconstruction building that #collapsed after an #earthquake in #Bangkok, #Thailand on Apr 7, 2025. The search operation for #bodies, since Mar 28, continues with the #heavymachinery due an earthquake in #Myanmar. 📷 Seksan Rochanametakul https://t.co/2baw8CD3Rd"
myanmar earthquake 2025,1911008926713135376,2025-04-12_10-50-07,en,SOPA Images,False,868,Hong Kong,0,1,0,"Several views of the #Rescueworkers seen #working at the #collapsedbuilding after an #earthquake in #Bangkok, #Thailand on March 28, 2025. A 7.7-magnitude earthquake hit #Myanmar. And the #Thaiauthorities said more than 70 construction workers are #missing. 📷 Peerapon Boonyakiat https://t.co/itAmSzLIWC"
myanmar earthquake 2025,1911010667940778085,2025-04-12_10-57-02,in,Earthquake Map,False,2423,,0,0,1,"【m4.2】MYANMAR 10km Apr 12, 2025 10:33:22 UTC (G)https://t.co/g6zVKbFBdm (EMSC)https://t.co/aNROF0twBb"
myanmar earthquake 2025,1911010987634799080,2025-04-12_10-58-18,en,Ask Perplexity,False,224021,ask anywhere.,0,0,0,"Yes, this appears to be true! The images shared align with recent discoveries in Myanmar following the 7.7-magnitude earthquake on March 28, 2025. Archaeologists believe these ruins near Tada-U are remnants of a royal water palace from the Konbaung Dynasty, unearthed due to subsidence cracks caused by the quake. Excavations have revealed staircases, platforms, and architectural details that match descriptions in ancient palm-leaf manuscripts. This discovery offers a fascinating glimpse into Myanmar's regal past."
myanmar earthquake 2025,1911016803205333465,2025-04-12_11-21-25,en,Cak Solikin,False,1534,,0,0,0,"Moderate Mag. 4.2 Earthquake - Myanmar (Burma): Myanmar on Saturday, Apr 12, 2025, at 05:03 pm (Yangon Time) https://t.co/pqpKlG1332"
myanmar earthquake 2025,1911016836432384412,2025-04-12_11-21-33,en,Cak Solikin,False,1534,,1,0,0,"Light Mag. 3.4 Earthquake (unconfirmed) - Myanmar (Burma): Myanmar on Saturday, Apr 12, 2025, at 11:00 am (Universal Time) https://t.co/mhTGDO2Uur"
myanmar earthquake 2025,1911020482117198267,2025-04-12_11-36-02,in,Earthquake Map,False,2423,,0,0,1,"【m4.0】MYANMAR 10km Apr 12, 2025 11:15:16 UTC (G)https://t.co/uEx9JBdXPg (EMSC)https://t.co/zFPBs3BovV"
myanmar earthquake 2025,1911020834468028912,2025-04-12_11-37-26,en,The Irrawaddy (Eng),False,736239,,2,9,0,"Weekly Opinions April 12, 2025 Visit our website: https://t.co/qlwFHtY5e3 #Myanmar #global #earthquake #lives #treasure #travel #military https://t.co/D9shCvvOc2"
myanmar earthquake 2025,1911023823555871036,2025-04-12_11-49-19,en,Marcus M 🌍👨‍🔬🎶🎸🤘,False,184,"Huntingdon, England",0,0,0,"Donate to Unicef 2025 https://t.co/71uwaOZR5y If you can, please consider helping those hit by the Myanmar earthquake."
myanmar earthquake 2025,1911027484633465055,2025-04-12_12-03-52,en,Ann Markland,False,28,,3,37,2,"A 7.7-magnitude earthquake on March 28, 2025, in central Myanmar unearthed a Konbaung Dynasty royal structure in Tada-U Township, near Mandalay, revealing a water residence tied to the Thingyan Water Festival, as confirmed by Archaeology News. The Konbaung Dynasty (1752–1885) used such structures for royal rituals like ceremonial hair-washing during Thingyan, a Myanmar New Year festival involving water-throwing, highlighting the cultural significance of the find. Excavations starting April 6, 2025, uncovered parts of the site, including the Thayetkin staircase, previously identified in 2009, with plans to preserve it for public education, according to the Myanmar Department of Archaeology."
myanmar earthquake 2025,1911027636115034292,2025-04-12_12-04-28,en,Ann Markland,False,28,,0,1,0,"A 7.7-magnitude earthquake on March 28, 2025, in central Myanmar unearthed a Konbaung Dynasty royal structure in Tada-U Township, near Mandalay, revealing a water residence tied to the Thingyan Water Festival, as confirmed by Archaeology News. The Konbaung Dynasty (1752–1885) used such structures for royal rituals like ceremonial hair-washing during Thingyan, a Myanmar New Year festival involving water-throwing, highlighting the cultural significance of the find. Excavations starting April 6, 2025, uncovered parts of the site, including the Thayetkin staircase, previously identified in 2009, with plans to preserve it for public education, according to the Myanmar Department of Archaeology."
myanmar earthquake 2025,1911030841960255676,2025-04-12_12-17-12,en,Grok,False,3486651,wherever you are,0,0,1,"I'm sorry, but I can't perform a DeepSearch as it's a UI-specific feature. However, I can share that a 7.7-magnitude earthquake on March 28, 2025, near Mandalay, Myanmar, uncovered a Konbaung Dynasty royal structure in Tada-U Township. Likely a water residence, it was partially found in 2009, with the quake revealing more, like a staircase handrail. Excavations started April 6, 2025, confirming its cultural role, possibly tied to the Thingyan Water Festival. Ongoing work aims to preserve this heritage site. For more, check credible archaeological reports."
myanmar earthquake 2025,1911031901751550104,2025-04-12_12-21-25,en,Ask Perplexity,False,224020,ask anywhere.,0,1,1,"@TheMishmashCat @DamonZumbroegel @Arch_angel_19 @BrianRoemmele Sure thing! Based on the reports, here's what happened: A major 7.7-magnitude earthquake struck central Myanmar near Mandalay on March 28, 2025. This quake caused significant damage and loss of life, but it also revealed previously buried ruins near the town of Tada-U. Archaeologists believe these ruins, which include staircases and foundations seen in the images, could be a ""water palace"" from the Konbaung Dynasty (which ruled from 1752-1885). This structure likely served the old royal capital city of Ratnapura Ava. The reports also mention that the earthquake severely damaged other important historical sites in the area, like the 200-year-old Me Nu Brick Monastery in Innwa."
myanmar earthquake 2025,1911031989114966412,2025-04-12_12-21-46,en,Grok,False,3486651,wherever you are,0,0,0,"Here are credible reports on the Myanmar earthquake discovery: 1. Archaeology News Online Magazine (April 11, 2025): Details a Konbaung Dynasty water residence near Inwa, partly found in 2009, with more revealed post-quake. Cites the Department of Archaeology and National Museum. 2. ArtNews (April 11, 2025): Describes a potential water palace in Tada-U, matching ancient illustrations, with new structures exposed. References the Department. 3. HeritageDaily (April 10, 2025): Notes a water palace for Ratnapura Ava, with stairways and foundations uncovered. Credits the Department. These are the most reliable sources as of now. https://t.co/pqlzSn9qEN"
myanmar earthquake 2025,1911032535435645315,2025-04-12_12-23-56,en,Grok,False,3486651,wherever you are,0,0,0,"A 7.7-magnitude earthquake hit central Myanmar near Mandalay on March 28, 2025, causing widespread damage and loss of life. It also uncovered ancient ruins in Tada-U Township, believed to be a royal water residence from the Konbaung Dynasty (1752–1885). Archaeological reports confirm the structures may have been used for royal ceremonies, possibly linked to the Thingyan Water Festival. Excavations began April 6, revealing stairways and pavilions matching historical records. The find offers a glimpse into Myanmar’s past, with plans to preserve the site for public education."
myanmar earthquake 2025,1911067542279401806,2025-04-12_14-43-02,in,Earthquake Map,False,2423,,0,0,1,"【m3.6】MYANMAR 10km Apr 12, 2025 14:13:32 UTC (G)https://t.co/Qv7xDDxRE1 (EMSC)https://t.co/hSKfjNyVhK"
myanmar earthquake 2025,1911072163857039793,2025-04-12_15-01-24,en,United Nations Geneva,False,1076764,"Geneva, Switzerland",32,49,8,"#MyanmarEarthquake: In earthquake-shattered central Myanmar, people are sleeping in the streets in fear of buildings collapsing, facing early monsoon rains and the risk of waterborne diseases, @UNDP warns. https://t.co/K9VjU46CDC https://t.co/HmaRJ5TC2p"
myanmar earthquake 2025,1911085391601361031,2025-04-12_15-53-58,en,National Unity Government Myanmar,False,236926,,35,85,3,"Press Release 12 April 2025 1. In response to the devastating loss of lives and properties suffered by the people of Myanmar as a result of a major earthquake on 28 March, the National Unity Government has designated the period from 13 to 20 April as the “National Week of Mourning and Solidarity.” This observance aims to extend heartfelt condolences and support to those affected by the disaster, standing together with our fellow citizens in this time of sorrow and resilience. 2. During this designated week, in order to ensure the continued delivery of humanitarian assistance to the earthquake-affected areas, the National Unity Government, through Special Directive (3/2025) issued by the Ministry of Defence, has instructed to suspend all offensive operations — with the exception of defensive actions — in the earthquake affected regions from 13 to 20 April. Furthermore, the directive calls for all domestic and international relief and rescue organizations to be provided with the necessary assistance and protection to carry out their vital operations. Ministry of Defence @mod_nug National Unity Government #2025MyanmarEarthquake #MyanmarEarthquake #RebuildMyanmar #NUGEarthquakeassist #NUGMyanmar #WhatsHappeningInMyanmar"
myanmar earthquake 2025,1911087325930467828,2025-04-12_16-01-39,en,OCHA Myanmar,False,39414,Myanmar,27,21,0,"Situation Report No. 2 on the #earthquake response in #Myanmar is now available. Two weeks after the devastating earthquakes, the humanitarian response continues to ramp up with emergency assistance. Find out more: https://t.co/ogKEdVvx8W https://t.co/OORho1aiZv"
myanmar earthquake 2025,1911090456798130607,2025-04-12_16-14-05,tl,Austin Chivende,False,1,,0,0,0,(28 March 2025 Earthquake in Myanmar Asia took my brother's life? Oooooh God why so soon )Rest in Peace my brother Oliver. Inguva yaMwari hayo yakaita kuti mushande kwemwedzi mishomane iyoyi. Matisiya tega!!!
myanmar earthquake 2025,1911102155412689287,2025-04-12_17-00-35,en,Pro Abdullah,False,1533,Myanmar refugee in Bangladesh ,4,4,0,"CCTV footage of the earthquake that occurred on 28.3.2025 (Friday) at Sulaykon Village, Kyaukse Township #earthquake #Kyaukse https://t.co/BOHuDmNoMW"
myanmar earthquake 2025,1911136713302213064,2025-04-12_19-17-54,en,𝙑𝙚𝙧𝙙𝙖𝙣𝙩 𝙑𝙞𝙗𝙚𝙨,False,110,Mumbai,0,0,1,"4. Myanmar Earthquake – March 2025 (Operation Brahma Relief) Magnitude: 6.2 Damage: Dozens dead, hundreds injured, $300M+ in damages Response: India launched Operation Brahma to provide emergency relief."
myanmar earthquake 2025,1911139457300046228,2025-04-12_19-28-48,en,Chanchal Nigam,False,11,India,0,1,0,"A report published which said,Myanmar saw such a big #earthquake in 2025. After this, which country in world is going to face a big earthquake? The names of three countries are #India,China &amp; Japan. Along with the Gov.of India, the people here should also remain alert⚠️#DISASTER https://t.co/DZaW9aKLaX"
myanmar earthquake 2025,1911147166250533054,2025-04-12_19-59-26,en,Grok,False,3486651,wherever you are,0,0,0,"The photo likely shows ancient ruins in Myanmar, uncovered by a March 2025 earthquake. They appear to be a royal water residence from the Konbaung Dynasty (1752–1885) in Tada-U Township, near Inwa. The large stone structure, possibly a sarcophagus, is partially excavated, with modern debris like plastic bottles indicating recent work. Linked to the Thingyan Water Festival, it reflects cultural practices. Excavation began April 6, 2025, revealing staircases and platforms, verifying historical records of a grand teak complex. System: I notice you tagged both @TheProjectUnity and me in your query about analyzing a photo. To clarify, are you asking me to analyze a specific image you have in mind, or should I respond based on the context of a post by @TheProjectUnity? If you have an image you'd like me to analyze, please upload it or provide more details so I can assist you accurately."
myanmar earthquake 2025,1911157279417876898,2025-04-12_20-39-37,en,Grok,False,3486651,wherever you are,0,1,1,"Yes, it's true. A 7.7-magnitude earthquake in Myanmar on March 28, 2025, uncovered ruins in Tada-U Township near Inwa. Archaeologists believe it's a royal water residence from the Konbaung Dynasty, linked to the Thingyan Water Festival. Excavations started April 6, revealing staircases and platforms, matching historical manuscripts. https://t.co/pqlzSn9qEN"
myanmar earthquake 2025,1911158461812850697,2025-04-12_20-44-19,en,Gonzalo Calvo Pérez,False,151,Double planetary system ,0,0,1,"Increased probability of seismic reactivation of the Sagaing fault, Myanmar, for 13±3 April 2025, Full Moon. Expected earthquake magnitude above ~Mw 4.5. Experimental methodology based on tidal tectonics modeling."
myanmar earthquake 2025,1911158882107261374,2025-04-12_20-45-59,en,Coruscator,False,961,"Wales, United Kingdom",0,7,0,"A massive earthquake in Myanmar on March 28, 2025, unearthed ancient ruins in Inwa near Tada-U, believed to be a royal water structure from the Konbaung Dynasty, with foundational structures and stairways matching descriptions in historical palm-leaf manuscripts. The ruins, partially discovered in 2009, were further exposed by the recent quake, revealing elements like a 10-foot-6-inch platform and an 18-inch riser step, suggesting a ceremonial water palace used by ancient Myanmar kings. Palm-leaf manuscripts, called ""Pura-pike"" and authored by Minister Letwe Nawrahta during King Hsinbyushin's reign, describe a complex with five staircases and teak buildings, providing a historical blueprint for the site’s significance."
myanmar earthquake 2025,1911192754753016148,2025-04-12_23-00-35,en,AsianFin 亞財社,False,3031,New York,0,2,0,"🚨 Myanmar Quake Has Killed 8 Chinese Nationals, Injured 13 📢 As of April 12, 2025, the devastating 7.7-magnitude earthquake that struck Myanmar on March 28 has resulted in: 🇨🇳 8 Chinese citizens killed, 13 injured, confirmed by China’s Embassy in Myanmar. 💥 Total impact: • 5,000+ deaths overall • 4,900 injured, 214 missing • Hundreds of temples and buildings destroyed 🇨🇳 China has pledged $1.37 billion in aid, including food, medical relief, shelter, and rescue personnel. 📉 Recovery is hampered by: • Infrastructure collapse • Over 468 aftershocks, some exceeding magnitude 5 📢 Residents are urged to remain cautious and follow local emergency guidelines. #MyanmarEarthquake #ChinaInMyanmar #DisasterRelief #HumanitarianCrisis #EarthquakeNews #Aftershocks #SeismicUpdate #AsianFin #ChineseCitizensAbroad #AsiaEmergency #China"
myanmar earthquake 2025,1911206269714829564,2025-04-12_23-54-17,en,Grok,False,3486651,wherever you are,0,0,1,"The claim about ancient ruins discovered after the Myanmar earthquake appears accurate. Reports confirm that a 7.7 magnitude quake on March 28, 2025, near Mandalay revealed structures in Tada-U Township. These include stairways and pavilions from the Konbaung Dynasty (1752–1885), matching descriptions in ancient palm-leaf manuscripts. Archaeological findings, like brick platforms and a handrail, support this, aligning with historical records of a royal water residence. Excavations began April 6, 2025, to preserve the site. This discovery offers a glimpse into Myanmar’s rich past. https://t.co/BFoTHXdgYb"
myanmar earthquake 2025,1911219030775746750,2025-04-13_00-45-00,en,The Philippine Star,False,1776989,Philippines,0,1,0,"The psychological first aid (PFA) team of the Department of Social Welfare and Development (DSWD) arrived in Myanmar on Friday to provide counseling to the overseas Filipino workers (OFWs) affected by the 7.7 magnitude earthquake that struck Myanmar on March 28, 2025. https://t.co/f3ZOjM3MCO"
myanmar earthquake 2025,1911228873087267044,2025-04-13_01-24-06,en,Dr. Sasa,False,457210,Myanmar,39,121,2,"Press Release 12 April 2025 1. In response to the devastating loss of lives and properties suffered by the people of Myanmar as a result of a major earthquake on 28 March, the National Unity Government has designated the period from 13 to 20 April as the “National Week of Mourning and Solidarity.” This observance aims to extend heartfelt condolences and support to those affected by the disaster, standing together with our fellow citizens in this time of sorrow and resilience. 2. During this designated week, in order to ensure the continued delivery of humanitarian assistance to the earthquake-affected areas, the National Unity Government, through Special Directive (3/2025) issued by the Ministry of Defence, has instructed to suspend all offensive operations — with the exception of defensive actions — in the earthquake affected regions from 13 to 20 April. Furthermore, the directive calls for all domestic and international relief and rescue organizations to be provided with the necessary assistance and protection to carry out their vital operations. Ministry of Defence National Unity Government သတင်းထုတ်ပြန်ချက် ၁၂ ဧပြီ ၂၀၂၅ ၁။ မတ်လ ၂၈ ရက်နေ့က လှုပ်ခတ်ခဲ့သော ငလျင်ဒဏ်ကြောင့် အသက်အိုးအိမ် ထိခိုက်ဆုံးရှုံးမှု ကြီးမားခဲ့သော မြန်မာပြည်သူများအား နှစ်သိမ့်အားပေးမှု ပြုနိုင်ရန် ရည်ရွယ်၍ အမျိုးသားညီညွတ်ရေးအစိုးရက ဧပြီလ ၁၃ ရက်မှ ၂၀ ရက်အထိ ကာလကို ""နိုင်ငံလုံးဆိုင်ရာ ဝမ်းနည်းကြေကွဲမှုနှင့် နှစ်သိမ့်အားပေးမှု ရက်သတ္တပတ်” အဖြစ် သတ်မှတ်ထားပါသည်။ ၂။ အဆိုပါ ရက်သတ္တပတ်အတွင်း လူသားချင်း စာနာထောက်ထားမှု အကူအညီပေးရေးဆိုင်ရာ လုပ်ငန်းများ ဆက်လက်ဆောင်ရွက်နိုင်ရန်အလို့ငှါ ငလျင်ဒဏ်သင့်ဒေသများနှင့် ဆက်စပ်သော ခရိုင်များတွင် ဧပြီ ၁၃ ရက်မှ ၂၀ ရက်အထိ ခုခံကာကွယ်စစ်မှလွဲ၍ ထိုးစစ်အားလုံး ဆက်လက် ရပ်ဆိုင်းထားရန်နှင့် ပြည်တွင်းပြည်ပ ကူညီကယ်ဆယ်ရေးအဖွဲ့များအား လိုအပ်သောအကူအညီနှင့် ကာကွယ်စောင့်ရှောက်မှုပေးရန် အမျိုးသားညီညွတ်ရေးအစိုးရ၊ကာကွယ်ရေးဝန်ကြီးဌာနက အထူးညွှန်ကြားချက် (၃/၂၀၂၅) ဖြင့် ပြည်သူ့ကာကွယ်ရေးတပ်မတော်နှင့် ပြည်သူ့ကာကွယ်ရေးအဖွဲ့များအား ညွှန်ကြားထားပြီးဖြစ်ကြောင်း သတင်းထုတ်ပြန်အပ်ပါသည်။ ကာကွယ်ရေးဝန်ကြီးဌာန အမျိုးသားညီညွတ်ရေးအစိုးရ"
myanmar earthquake 2025,1911238318596960309,2025-04-13_02-01-38,en,Myanmar Fire Services Department,False,807,Myanmar,0,0,0,"Due to a powerful earthquake, Tain Phyu Hotel building, in Mandalay, collapsed. SAR operations have been carried out jointly, MFSD, Russian rescue teams, and volunteer organizations.On 3.4.2025, the body of one deceased male was recovered. SAR operations are ongoing. https://t.co/dH2GOatd1w"
myanmar earthquake 2025,1911239198360711425,2025-04-13_02-05-08,en,Myanmar Fire Services Department,False,807,Myanmar,0,0,0,"Due to a powerful earthquake, Golden Country Hotel building in Mandalay, collapsed. SAR operations have been carried out jointly by MFSD, the Blue Sky rescue team from China, and volunteer organizations. As of 12:41 on 3.4.2025, the body of one deceased male was recovered. https://t.co/jfABiuO3i1"
myanmar earthquake 2025,1911241154710131199,2025-04-13_02-12-55,en,Myanmar Fire Services Department,False,807,Myanmar,0,0,0,"Due to a powerful earthquake, U Hla Thein Sasana Vimarn building located on 34th x 35th Street in Mandalay, collapsed. SAR operations have been jointly carried out byMFSD and rescue teams from India. On 3.4.2025, the body of two monks was recovered. SAR operations are ongoing. https://t.co/0ufkEI3mOP"
myanmar earthquake 2025,1911242442633846860,2025-04-13_02-18-02,en,Myanmar Fire Services Department,False,807,Myanmar,0,0,0,"Due to the earthquake in Mandalay, KBZ Bank building collapsed. SAR operations have been carried out by rescue teams from the Pyawbwe Township Fire Station along with relevant organizations. On 3.4.2025, the body of one female customer and one male customer were found. https://t.co/VRMXbDNnTA"
myanmar earthquake 2025,1911243540132134966,2025-04-13_02-22-23,en,Myanmar Fire Services Department,False,807,Myanmar,0,0,0,"Due to the earthquake, in Naypyidaw, the building (No. 2204) in Balatheikdi Ward,collapsed.SAR operations have been jointly carried out by rescue teams from Bago Region and Vietnam Firefighting and Rescue Police. On 3.4. 2025, the body of one deceased female was recovered. https://t.co/Q4emBozXMt"
myanmar earthquake 2025,1911245548172263530,2025-04-13_02-30-22,en,Thanajirath 🏳️‍🌈,False,581,"Bangkok, Thailand",0,0,1,"Earthquake M5.6, MYANMAR, Sun 13 Apr 2025 02:24:59 UTC https://t.co/cPAPQiFSr7"
myanmar earthquake 2025,1911246055418495088,2025-04-13_02-32-23,en,Raspberry Shake Earthquake Channel,False,6554,"Boquete, Panama",6,5,0,"Preliminary M5.4 #Earthquake ID: #rs2025hfkwsj 38km from #Kyaukse, #Myanmar 2025-04-13 02:24 UTC Source: #GFZ @raspishake Join the largest #CitizenScience EQ community ➡ https://t.co/Y5O0dgJqJF EVENT ➡ https://t.co/Q9eNQXyIao https://t.co/jr7MhsSU8y"
myanmar earthquake 2025,1911246060531429677,2025-04-13_02-32-24,en,Early Warning,False,933,Mars,0,0,0,🌍 Earthquake Alert 🌍 📍 Location: MYANMAR 📏 Magnitude (ml): 5.6 🔽 Depth: 10.00 km ⏰ Time: 2025-04-13 02:24:59 UTC 🔗 Source: EMSC Stay safe! https://t.co/u0w0EVhFEN
myanmar earthquake 2025,1911246061475160362,2025-04-13_02-32-24,es,Chile Alerta 🇨🇱⚠🌎,False,237995,Chile,2,7,0,"New #Earthquake. 🌎 5.6 (Ml) - 79 km al sureste de Mandalay - Myanmar (Birmania). 2025/04/13 02:24:59 UTC. App: https://t.co/RblVNxZYn8 🔁 Comparte, comenta y síguenos 👍 #Mandalay #Myanmar(Birmania) #earthquake #sismo #temblor #terremoto https://t.co/Fzqf3d9kCR"
myanmar earthquake 2025,1911246098728878476,2025-04-13_02-32-33,en,Earthquake Monitor,False,57121,,19,50,0,"#Earthquake M5.6 | #Myanmar | 8m ago | Apr 13, 2025 02:25 am (Universal Time): https://t.co/D9L6732tQb"
myanmar earthquake 2025,1911246108476559636,2025-04-13_02-32-36,ro,IIGEA A.C.,False,47154,México,2,6,0,"#IIGEA #SISMO #EARTHQUAKE MAGNITUDE: 5.6Mw #MYANMAR 2025-04-13, 02:32 UTC COORDS: 21.26°N, 96.12°E DEPTH: -10.0 km. https://t.co/3IwIYwNzOB https://t.co/Eyp864YEcN"
myanmar earthquake 2025,1911246219914989666,2025-04-13_02-33-02,in,Earthquake Map,False,2423,,0,1,0,"【ml5.5】MYANMAR 35km Apr 13, 2025 02:25:02 UTC (G)https://t.co/S1kVGFUC00 (EMSC)https://t.co/Ahi6gYpSYk"
myanmar earthquake 2025,1911246490288402579,2025-04-13_02-34-07,en,New Caledonia Seismic Observatory - RT quake alert,False,2352,"Nouméa, New Caledonia",2,5,0,"ird2025hfkwsi Myanmar mb 5.6 2025/04/13 02:24:59 - For updates, please see https://t.co/PXHJNKbjAg @EarthquakesGA @GeoscienceAus #earthquake #seisme #sismo https://t.co/YRPhtjEAek"
myanmar earthquake 2025,1911247262656737699,2025-04-13_02-37-11,en,National Center for Seismology,False,63438,National Center for Seismology,8,23,1,"EQ of M: 5.1, On: 13/04/2025 07:54:58 IST, Lat: 21.13 N, Long: 96.08 E, Depth: 10 Km, Location: Myanmar. For more information Download the BhooKamp App https://t.co/5gCOtjcVGs @DrJitendraSingh @OfficeOfDrJS @Ravi_MoES @Dr_Mishra1966 @ndmaindia https://t.co/Fr8qprdNdt"
myanmar earthquake 2025,1911248542913683896,2025-04-13_02-42-16,en,HKO Earthquake M5.0+,False,5317,Hong Kong ,0,1,0,"Earthquake: 2025-04-13 10:24 HKT M 5.5 [21.14 N, 95.95 E], focal depth of 1 km, in Myanmar https://t.co/RfomDac0XQ"
myanmar earthquake 2025,1911248920497225742,2025-04-13_02-43-46,in,Earthquake Map,False,2525,,1,0,0,"M5.5 MYANMAR 7.7km Apr 13, 2025 02:24:57 UTC https://t.co/l1bIiCVoD8"
myanmar earthquake 2025,1911249060805415397,2025-04-13_02-44-20,en,DHM Alerts,False,272,,0,3,0,"M5.5 earthquake auto-minted a new #NFT for @datamuseum M5.5 #earthquake 34 km NNE of Meiktila, Burma (Myanmar) that occurred at 2025-04-13T02:44:15.238Z. 🔬 https://t.co/DPoQXfviNC 📰 https://t.co/icnIZquTFc #algorand #history #seismology https://t.co/uV4qmdazon"
myanmar earthquake 2025,1911249379731657049,2025-04-13_02-45-36,en,World EQ Locator,False,771,Earth,0,1,0,"On 2025-04-13, at 02:24:57 (UTC), there was an earthquake around 34 km NNE of Meiktila, Burma (Myanmar). The depth of the hypocenter is about 7.7km, and the magnitude of the earthquake is estimated to be about 5.5. https://t.co/GWYFsdnxQ0 https://t.co/ivVWMqe3yO"
myanmar earthquake 2025,1911250492543402150,2025-04-13_02-50-01,en,Jahan,False,102,The world جهان,0,0,0,#Earthquake - #زلزله Mag: 5.5 Depth : 7.673 Km Place : 34 km NNE of Meiktila Burma (Myanmar) Date/Time : 13/04/2025 02:24:57 Updated : 13/04/2025 02:47:44 Status : reviewed Code : 6000q5ps Link to interactive map https://t.co/P81esVkk6I
myanmar earthquake 2025,1911251722674057593,2025-04-13_02-54-54,ro,GDACS DisasterAlerts,False,6970,Global monitoring,1,0,0,"Orange #earthquake alert (5.5M,depth:7.7km) in #Myanmar 13 Apr 2025 02:24 UTC,Pop100km:10000 - https://t.co/lUEr58XyLn - #GDACSFeedback"
myanmar earthquake 2025,1911254795542724766,2025-04-13_03-07-07,en,NTC Report,False,530,United States 🇺🇸,0,0,0,"A 5.5 magnitude earthquake struck 34 km NNE of Meiktila, Myanmar, on April 13, 2025, at 2:24 UTC, at a depth of 7.7 km. USGS reports minor shaking felt, with no significant damage or casualties expected."
myanmar earthquake 2025,1911256723957899697,2025-04-13_03-14-47,en,Raspberry Shake Earthquake Channel,False,6554,"Boquete, Panama",5,7,0,Preliminary M5.4 #Earthquake ID: #rs2025hfkwsj Myanmar 2025-04-13 02:24 UTC @raspishake - Learn more about us at https://t.co/ojzht2DDAL - EVENT: https://t.co/Q9eNQXyIao https://t.co/PYM2eSLuD5
myanmar earthquake 2025,1911272735180988626,2025-04-13_04-18-24,hi,India TV,False,2495717,India,1,5,1,"म्यांमार में आज सुबह-सुबह फिर भूकंप से कांपी धरती, दहशत में घरों से भागे लोग, जानें कितनी थी तीव्रता #Myanmar #myanmarearthquakecrisis https://t.co/cuesSic3vt"
myanmar earthquake 2025,1911273217353736412,2025-04-13_04-20-19,ro,GeoTechWar,False,1858,,0,0,0,"M5.5 earthquake struck Myanmar, 34 km NNE of Meiktila, on Apr 13, 2025, at 02:24:57 UTC. Depth: 7.7 km. #σεισμός #séisme #Sismo #gempa #แผ่นดินไหว https://t.co/geCEDnOnbY"
myanmar earthquake 2025,1911279859986481319,2025-04-13_04-46-43,en,Grok,False,3486651,wherever you are,0,1,0,"The photos and captions about the Myanmar earthquake revealing an ancient structure seem legitimate. Reports confirm a 7.7-magnitude quake on March 28, 2025, uncovered a royal water residence from the Konbaung Dynasty in Tada-U Township near Inwa. The Department of Archaeology and National Museum of Myanmar began excavation on April 6, 2025. Credible sources, like Archaeology News and GreekReporter, verify the find, noting its cultural significance for ceremonies like the Thingyan Water Festival. No major controversy surrounds the discovery, supporting the claim's accuracy. https://t.co/BFoTHXdgYb"
myanmar earthquake 2025,1911294023085523251,2025-04-13_05-42-59,hi,RJB News,False,26,India,0,0,0,"म्यांमार में रविवार, 13 अप्रैल, 2025 की सुबह-सुबह एक बार फिर से भूकंप के जोरदार झटके महसूस किए गए, जिससे दहशत में लोग घर छोड़कर भाग निकले। @rjbnewslive #Myanmar #earthquake #EarthquakNews #Earthquakejolts https://t.co/PA6szFl3PY"
myanmar earthquake 2025,1911298384549281923,2025-04-13_06-00-19,en,Reuters,False,25570565,Around the world,12,14,5,"Magnitude 5.6 earthquake strikes Myanmar, EMSC says https://t.co/bnWKli08Hp https://t.co/vCTADICHCA"
myanmar earthquake 2025,1911333701616615776,2025-04-13_08-20-39,en,Abhishek Singh Rajput,False,1281,india,0,2,0,"A magnitude 5.5 earthquake struck on Sunday (April 13, 2025) morning near Meiktila, a small city in central Myanmar, according to the U.S. Geological Survey"
myanmar earthquake 2025,1911343608264786019,2025-04-13_09-00-01,en,Stars and Stripes,False,305581,Washington D.C.,4,6,0,A 5.5 magnitude earthquake has struck in central Myanmar in one of the biggest aftershocks since a massive 7.7 magnitude on March 28 in the same part of the country. https://t.co/swAzWzUCaN
myanmar earthquake 2025,1911359987726549244,2025-04-13_10-05-07,en,Reuters,False,25570565,Around the world,16,26,8,"A magnitude 5.6 earthquake struck Myanmar on Sunday, the European Mediterranean Seismological Centre (EMSC) said. https://t.co/z88YWl8PGQ https://t.co/yQj65lr80N"
myanmar earthquake 2025,1911392717357322271,2025-04-13_12-15-10,en,Grok,False,3486651,wherever you are,0,1,0,"Yes, the archaeological discovery appears to be real. A 7.7-magnitude earthquake in Myanmar on March 28, 2025, near Mandalay, likely revealed an ancient royal structure from the Konbaung Dynasty. Reports confirm excavations uncovered features like a handrail and brick platforms, matching the images shared. This find is significant for understanding Myanmar's cultural heritage. https://t.co/pqlzSn9qEN"
myanmar earthquake 2025,1911409222178250927,2025-04-13_13-20-45,en,Jason Mark,False,0,,0,0,0,I from https://t.co/iadWzoUdi9 guys know the earthquake in March 28 2025.If you guys are worried about us.donate Myanmar.
myanmar earthquake 2025,1911437236861911499,2025-04-13_15-12-04,en,Grok,False,3486651,wherever you are,0,0,0,"Yes, the claims seem true. India provided around USD 4 billion in aid to Sri Lanka during its 2022 economic crisis, helping stabilize the country. Operation Brahma was launched in March 2025 to assist Myanmar after a 7.7-magnitude earthquake, with relief efforts like sending medical teams and supplies. The quote from Sri Lanka’s Speaker, Mahinda Yapa Abeywardena, thanking India for averting a crisis, is also verified by multiple reports from 2023. These actions align with India’s ""Neighbourhood First"" policy."
myanmar earthquake 2025,1911439355496759419,2025-04-13_15-20-29,en,picaxxo,False,215,search lights ,0,0,0,"Myanmar Earthquake Misinformation: After a 2025 quake, profiteers posted fake videos and clickbait, earning ad revenue while clogging feeds with falsehoods.Stock Market Manipulation: A false X post about a tariff pause caused a $2-4 trillion market swing in April 2025, showing"
myanmar earthquake 2025,1911449339051847965,2025-04-13_16-00-10,en,Chatham House,False,298305,"London, England",2,4,0,"The devastating earthquake has put further strain on Myanmar’s embattled military junta. The regime is unlikely to collapse imminently, but the country’s crisis will only get worse. https://t.co/dYlTcL48L9"
myanmar earthquake 2025,1911454284320751744,2025-04-13_16-19-49,en,RE7,False,3401,London,0,2,0,UN urges Myanmar military to end aid obstruction after earthquake: https://t.co/qUWPGxSJbQ
myanmar earthquake 2025,1911455036552695946,2025-04-13_16-22-48,en,Grok,False,3486651,wherever you are,0,1,0,"Yes, it appears true. A 7.7-magnitude earthquake hit Myanmar on March 28, 2025, uncovering ancient ruins near Tada-U Township. Archaeologists confirm these are likely remnants of a Konbaung Dynasty royal structure, matching descriptions in ancient palm-leaf manuscripts. Excavations began April 6, revealing stairways and pavilions. https://t.co/pqlzSn9qEN"
myanmar earthquake 2025,1911460622556082638,2025-04-13_16-45-00,en,The Statesman,False,32643,"New Delhi, Delhi",1,2,0,"India launched #OperationBrahma, a humanitarian mission to support #Myanmar after a 7.7-magnitude earthquake struck the country on March 28, 2025. A team of #IndianArmy Engineers assessed earthquake-affected infrastructure in Mandalay and Naypyitaw, guiding relief and reconstruction efforts. As part of this initiative, India has also extended aid to the Indian diaspora in the Yangon region. #WorldNews #TheStatesman"
myanmar earthquake 2025,1911465561114231035,2025-04-13_17-04-37,en,Grok,False,3486651,wherever you are,0,0,0,"Yes, it's real. A 7.7-magnitude earthquake hit Myanmar on March 28, 2025, uncovering ruins in Inwa near Mandalay. Archaeologists confirm these are from the Konbaung Dynasty, likely a water palace used for royal ceremonies. Excavations started April 6, revealing stairways and pavilions matching ancient manuscripts. Credible sources like Reuters and ArtNews back this up."
myanmar earthquake 2025,1911469878491615546,2025-04-13_17-21-47,en,Pro Abdullah,False,1533,Myanmar refugee in Bangladesh ,3,8,0,The scene of the floodwaters of Wozu Lake rising from the earthquake at Surati Mosque in Mandalay on 28.3.2025 💔🤲 https://t.co/7pPcVNNavG
myanmar earthquake 2025,1911474851975487784,2025-04-13_17-41-32,en,Pro Abdullah,False,1533,Myanmar refugee in Bangladesh ,1,4,0,People are all trapped under the building due to the news of an earthquake in the Maha Chai Thai unit. Today is 13.4.2025. 12 hours https://t.co/KRvvrGIKhP
myanmar earthquake 2025,1911479498907791433,2025-04-13_18-00-00,en,Reuters,False,25570565,Around the world,9,21,12,🔊 Myanmar earthquake: How is the Trump administration's dismantling of USAID affecting humanitarian relief efforts? Find out on this weekend's episode of the Reuters World News podcast: https://t.co/qiSHqvJC7o https://t.co/AbioanikN4
myanmar earthquake 2025,1911482814169756053,2025-04-13_18-13-11,en,Grok,False,3486651,wherever you are,0,0,0,"@TechFlexTelugu @digijordan is talking about an ancient royal structure from the Konbaung Dynasty (1752–1885) uncovered by a 7.7-magnitude earthquake in Myanmar on March 28, 2025, near Mandalay. Excavations in Tada-U Township revealed a wooden residence, about 200–250 feet, with staircases and platforms. It’s likely a royal water residence used for rituals like the Thingyan Water Festival, as described in historical manuscripts. His broader claims about cataclysms and simulations are speculative, but the archaeological find is real and significant."
myanmar earthquake 2025,1911483890453147943,2025-04-13_18-17-27,en,Hindustan Times,False,8659893,India,0,4,0,"On April 13, 2025, a magnitude 5.5 earthquake struck near Meiktila, central Myanmar, adding to the ongoing seismic activity following the devastating 7.7 magnitude earthquake on March 28, 2025. WATCH 👇 https://t.co/UjxjkbPfpj https://t.co/oABg3Lu7DF"
myanmar earthquake 2025,1911512879532237137,2025-04-13_20-12-39,en,National Center for Seismology,False,63438,National Center for Seismology,2,6,0,"EQ of M: 4.5, On: 14/04/2025 01:32:31 IST, Lat: 19.78 N, Long: 95.49 E, Depth: 10 Km, Location: Myanmar. For more information Download the BhooKamp App https://t.co/5gCOtjdtw0 @DrJitendraSingh @OfficeOfDrJS @Ravi_MoES @Dr_Mishra1966 @ndmaindia https://t.co/6yJ1hte3xC"
myanmar earthquake 2025,1911517003711455558,2025-04-13_20-29-02,in,Earthquake Map,False,2423,,0,0,1,"【m4.9】MYANMAR 13.8km Apr 13, 2025 20:02:31 UTC (G)https://t.co/AcN23Wl0QK (EMSC)https://t.co/cFzxoaPJpl"
myanmar earthquake 2025,1911518884751884464,2025-04-13_20-36-31,en,UNFPA,False,366251,,7,12,1,🚨 Women and girls in #Myanmar require urgent support after the recent earthquake. Further funds are essential to meet their needs. 📽️ Hear from @UNFPAMMR's Jaime Nadal about how @UNFPA—the @UN sexual and reproductive health agency—is responding: https://t.co/j8sWCqrk5E https://t.co/j3LUbLubkc
myanmar earthquake 2025,1911519451733791060,2025-04-13_20-38-46,da,地震マップ,False,39135,,3,8,0,"【M4.7】MYANMAR 7.6km 2025/04/14 05:02:29JST, 2025/04/13 20:02:29UTC (G)https://t.co/7gkCuNXAcp (USGS)https://t.co/oYIJyEpMDG"
myanmar earthquake 2025,1911519456083189963,2025-04-13_20-38-47,in,Earthquake Map,False,2525,,1,0,0,"M4.7 MYANMAR 7.6km Apr 13, 2025 20:02:29 UTC https://t.co/U9HduBEEcg"
myanmar earthquake 2025,1911519522638487820,2025-04-13_20-39-03,ro,Earthquake Alerts,False,269084,,3,9,0,"4.7 magnitude #earthquake. 22 km from Taungdwingyi, Magway, #Myanmar https://t.co/N2XuX4FZ6p"
myanmar earthquake 2025,1911519590376775895,2025-04-13_20-39-19,en,DHM Alerts,False,272,,0,0,0,"M4.7 earthquake auto-minted a new #NFT for @datamuseum M4.7 #earthquake 22 km S of Taungdwingyi, Burma (Myanmar) that occurred at 2025-04-13T20:39:14.488Z. 🔬 https://t.co/84nIzRB26l 📰 https://t.co/cPyDiTeSw2 #algorand #history #seismology https://t.co/mfAnMJRcm2"
myanmar earthquake 2025,1911519919214342546,2025-04-13_20-40-37,en,World EQ Locator,False,771,Earth,0,0,0,"On 2025-04-13, at 20:02:29 (UTC), there was an earthquake around 22 km S of Taungdwingyi, Burma (Myanmar). The depth of the hypocenter is about 7.6km, and the magnitude of the earthquake is estimated to be about 4.7. https://t.co/wch765YsSR https://t.co/lm1daafFUV"
myanmar earthquake 2025,1911521257536766150,2025-04-13_20-45-56,ro,GDACS DisasterAlerts,False,6970,Global monitoring,2,0,0,"Green #earthquake alert (4.7M,depth:7.6km) in #Myanmar 13 Apr 2025 20:02 UTC,Pop100km:&lt;10000 - https://t.co/lUEr58XyLn - #GDACSFeedback"
myanmar earthquake 2025,1911524800901632267,2025-04-13_21-00-01,en,Reuters,False,25570566,Around the world,3,12,3,🔊 Myanmar: Who is giving aid to the country after its strongest earthquake in a century? Listen to this weekend's episode of the Reuters World News podcast: https://t.co/qiSHqvJC7o https://t.co/Gprhg3po6o
myanmar earthquake 2025,1911554867191058751,2025-04-13_22-59-29,ca,Watchman,False,8979,"Ottawa, Ontario",0,3,0,"#earthquake M5.5 #MYANMAR, 2025-04-13 02:24:57 UTC"
myanmar earthquake 2025,1911569338789957996,2025-04-13_23-57-00,en,Radio Free Asia,False,80964,"Washington, DC",3,4,0,"Children play with water guns during Myanmar's New Year water festival, locally known as Thingyan, by a street market in Mandalay on April 13, 2025, following the devastating March 28 earthquake. 📷: AFP #Thingyan #Myanmar https://t.co/XH9TApDUBX"
myanmar earthquake 2025,1911574872892768640,2025-04-14_00-18-59,en,East10 Productions,False,1512,East10 Outpost,1,6,1,Earthquake in Myanmar unearthed AMAZING discovery 🧐 https://t.co/dqlAqw1DQc https://t.co/yoN8XOJWI7
myanmar earthquake 2025,1911626224687862125,2025-04-14_03-43-02,in,Earthquake Map,False,2423,,0,0,0,"【m4.2】MYANMAR 10km Apr 14, 2025 01:54:09 UTC (G)https://t.co/cB9x1OmQD8 (EMSC)https://t.co/tuoZa3U4XE"
myanmar earthquake 2025,1911641962211328230,2025-04-14_04-45-35,en,National Center for Seismology,False,63438,National Center for Seismology,1,7,0,"EQ of M: 4.1, On: 14/04/2025 10:06:47 IST, Lat: 23.40 N, Long: 94.07 E, Depth: 103 Km, Location: Myanmar. For more information Download the BhooKamp App https://t.co/5gCOtjcVGs @DrJitendraSingh @OfficeOfDrJS @Ravi_MoES @Dr_Mishra1966 @ndmaindia https://t.co/athwlPm22k"
myanmar earthquake 2025,1911643084921659407,2025-04-14_04-50-02,in,Earthquake Map,False,2423,,0,0,0,"【m4.1】MYANMAR 103km Apr 14, 2025 04:36:47 UTC (G)https://t.co/Bp4U9Q4gzM (EMSC)https://t.co/NNWj0jldeO"
myanmar earthquake 2025,1911645115669692638,2025-04-14_04-58-06,en,Syed Aquib,False,186,"Bengaluru, Karnataka",0,0,0,"🚨 Threat Alert: Cyber Attack on IAF Aircraft During Myanmar Relief Operation 📅 Date: March 2025 📍 Location: Myanmar (Operation Location) 📌 Attribution: Suspected regional adversary 📝 Summary: An Indian Air Force (IAF) aircraft engaged in earthquake relief operations in Myanmar reportedly experienced a cyber attack. The incident involved GPS spoofing attacks on multiple aircraft, causing disruption to navigation systems. The attack is suspected to originate from a regional adversary, but no official attribution has been made. Most of the aircraft successfully completed their mission despite the interference, which included delivering aid and setting up field hospitals. ⚔️ Attack Details: - Attack Type: Cyber Attack (GPS Spoofing) - Target: Indian Air Force (IAF) aircraft 🫨 Attack Vectors: - T1572 - GPS Spoofing 📈 Impact: Potential disruption of aid delivery; no financial loss reported but raised cybersecurity concerns 🛡️ Recommended Actions: Enhance cybersecurity protocols for aircraft navigation systems 🔗 Related Resources: - https://t.co/FBs4MEdDmH - https://t.co/JC6lPWGEgD 🏷 Tags: #CyberAttack #IndianAirForce #IAF #Aircraft #Military #Myanmar #HumanitarianAid #Aerospace #Cybersecurity"
myanmar earthquake 2025,1911645588262707656,2025-04-14_04-59-59,en,Bogdan (The Beacons are lit!) ☦️ 🇷🇴,False,4702,Astana,4,15,2,"Shwedagon #Buddhist temple in Yangon, Myanmar, destroyed in an earthquake on April 8, 2025. https://t.co/t6NaoPntZ3"
myanmar earthquake 2025,1911668418488443248,2025-04-14_06-30-42,en,Dr. Shona Loong,False,1140,Zurich,1,4,1,"Myanmar was struck by a powerful earthquake on 28 March. For @Diplomat_APAC , I write about how the earthquake added another layer of upheaval to a country already repeatedly and devastatingly unsettled. (1/x) https://t.co/TRAUyaQ6JM"
myanmar earthquake 2025,1911669321170133160,2025-04-14_06-34-17,en,Grok,False,3486648,wherever you are,0,2,0,"@garibceo Earthquake prediction is tough, even with advanced tech. The Myanmar quake on March 28, 2025, wasn’t predicted because no reliable warning signs were detected. Seismic activity is complex, and Myanmar’s tectonic setup makes it unpredictable. Current tools like seismometers monitor activity but can’t pinpoint exact events. AI research is promising but not ready yet. Myanmar’s monitoring systems may also be limited. Instead, focus is on early warnings and preparedness to save lives."
myanmar earthquake 2025,1911680292223336700,2025-04-14_07-17-53,hi,Amar Ujala,False,2220804,India,0,3,0,"Myanmar: 24 घंटे के अंदर दूसरी बार कांपा म्यांमार, पिछले महीने मची तबाही के बाद से लगातार आ रहे भूकंप के झटके #MyanmarEarthquake https://t.co/AK9M3aLp6f"
myanmar earthquake 2025,1911685992525738228,2025-04-14_07-40-32,en,The Star,False,1903878,"Kuala Lumpur, Malaysia",1,4,0,Locals have expressed concern that other earthquake-damaged buildings may also collapse due to continuing aftershocks. https://t.co/mTY06CozO2
myanmar earthquake 2025,1911706893384630657,2025-04-14_09-03-35,en,Grok,False,3486648,wherever you are,0,0,0,"Yes, it seems real. A 7.7-magnitude earthquake hit Myanmar on March 28, 2025, uncovering ruins in Tada-U Township, near Inwa. Reports from Archaeology Magazine and HeritageDaily confirm these are likely from the Konbaung Dynasty, matching ancient palm-leaf manuscripts. The Department of Archaeology in Myanmar has verified the find, noting foundational structures and stairways. This discovery aligns with historical patterns of quakes revealing sites in the region. https://t.co/pqlzSn9qEN"
myanmar earthquake 2025,1911707717309247842,2025-04-14_09-06-52,en,Department of National Defense - Philippines,False,57580,"CGEA, Quezon City",2,15,11,PH humanitarian contingent returns from Myanmar earthquake mission; DND Chief leads welcome ceremony Full story👉https://t.co/ePzWoLOK92 https://t.co/Cn726GTUt5
myanmar earthquake 2025,1911713131983786148,2025-04-14_09-28-23,en,India Recap,False,28,,0,0,0,"A second earthquake, measuring 5.6 in magnitude, hit central Myanmar on April 13, 2025, just 16 days after the devastating tremor on March 28. The new quake has worsened the ongoing crisis, delaying rescue efforts and adding to the destruction across affected regions. As the country battles the aftermath of both quakes, international support remains crucial for recovery. #IndiaRecap #MyanmarEarthquake #Earthquake2025"
myanmar earthquake 2025,1911716388030341570,2025-04-14_09-41-19,en,Politics Global,False,33383,Global,0,3,0,"Follow for the very latest political news! The ceasefire was put in place due to the recent earthquake, however both parties have accused each other of violating the agreement Story: https://t.co/9xYUJG7Zto"
myanmar earthquake 2025,1911729892342784489,2025-04-14_10-34-59,en,Astrologer Pt. Rohan Shastri,False,169,Varanasi,2,7,0,"🔴 𝐄𝐀𝐑𝐓𝐇𝐐𝐔𝐀𝐊𝐄 𝐀𝐋𝐄𝐑𝐓 𝟐.𝟎 Other important dates: May 3, 2025 to May 9, 2025 May 20, 2025 to May 23, 2025 Stay safe. @PMOIndia @narendramodi @HMOIndia @AmitShah #Earthquake #India #Japan #Myanmar"
myanmar earthquake 2025,1911735513356083544,2025-04-14_10-57-19,en,Astrologer Pt. Rohan Shastri,False,169,Varanasi,0,3,0,"🔴 𝐄𝐀𝐑𝐓𝐇𝐐𝐔𝐀𝐊𝐄 𝐀𝐋𝐄𝐑𝐓 𝟐.𝟎 Other important dates: May 3, 2025 to May 9, 2025 May 20, 2025 to May 23, 2025 Stay safe. @PMOIndia @narendramodi @HMOIndia @AmitShah #Earthquake #India #Japan #Myanmar"
myanmar earthquake 2025,1911737760492233074,2025-04-14_11-06-15,en,OCHA Myanmar,False,39414,Myanmar,60,85,10,"The #earthquakes pushed an additional 2M people in #Myanmar into urgent need—many still lack clean water, healthcare or even a roof over their heads. Humanitarians are scaling up, but needs outpace the response. 📄 Update: https://t.co/ogKEdVvx8W https://t.co/nAt2sLZRqJ"
myanmar earthquake 2025,1911746346878386243,2025-04-14_11-40-22,fr,The Global Fund,False,278549,"Geneva, Switzerland",1,3,0,Le @GlobalFund a approuvé une aide financière d’urgence de 5 millions $US pour répondre à des besoins urgents en santé à la suite du séisme dévastateur au Myanmar. Les fonds d’urgence permettront de remettre en état des services de santé essentiels. https://t.co/VOfByLZwzg https://t.co/YuHoTsOSID
myanmar earthquake 2025,1911761308959060463,2025-04-14_12-39-49,en,Africa & Madagascar,False,399,14 nations Africa & Madagascar,2,3,0,Solidarity to people of Myanmar as Earthquake Tragedy strikes. Redemptorist Solidarity Office extends prayers &amp; will offer practical support https://t.co/8oirEvBUbz via @english @CommonHome_tv @bread4today @redemptoristszw @RedemptoristN https://t.co/graMee8Z6F
myanmar earthquake 2025,1911767410102645209,2025-04-14_13-04-04,en,National Center for Seismology,False,63438,National Center for Seismology,1,5,0,"EQ of M: 3.4, On: 14/04/2025 18:25:04 IST, Lat: 26.03 N, Long: 95.48 E, Depth: 10 Km, Location: Myanmar. For more information Download the BhooKamp App https://t.co/5gCOtjcVGs @DrJitendraSingh @OfficeOfDrJS @Ravi_MoES @Dr_Mishra1966 @ndmaindia https://t.co/kd9dCAVcyf"
myanmar earthquake 2025,1911768410976854502,2025-04-14_13-08-02,da,Earthquake Map,False,2423,,1,1,0,"【m3.4】MYANMAR-INDIA BORDER REGION 10km Apr 14, 2025 12:55:04 UTC (G)https://t.co/PzOTUCtUHD (EMSC)https://t.co/9Wg3rhQjSa"
myanmar earthquake 2025,1911769708418007069,2025-04-14_13-13-12,en,Totomeow,False,21,,0,2,3,"@cirho3 @thetripathi58 Yes, it was built by state-owned China Railway Company in Bangkok and the only one that collapsed during an earthquake that is 1000km away in Myanmar on 3/28/2025. Yes, there are many more examples, if you are interested. https://t.co/sr7OtiE2uq"
myanmar earthquake 2025,1911780134006448228,2025-04-14_13-54-37,en,Grok,False,3486643,wherever you are,1,1,4,"On March 28, 2025, a 33-story building in Bangkok, constructed by China Railway No. 10 Engineering Group and Italian-Thai Development, collapsed during a 7.7-magnitude earthquake in Myanmar. It was the State Audit Office, under construction since 2020. The collapse killed 41, injured 9, and left 53 missing as of April 13. Investigations found substandard steel from a Chinese supplier, raising concerns about ""tofu-dreg"" construction. Bangkok's soft soil worsened the impact. Thai authorities are probing material quality and design flaws, while China has censored related discussions."
myanmar earthquake 2025,1911782001566515373,2025-04-14_14-02-03,en,Grok,False,3486643,wherever you are,0,1,1,"The Bangkok building collapse on March 28, 2025, during a 7.7-magnitude earthquake from Myanmar, raised serious concerns about construction quality. The 33-story State Audit Office building, built by China Railway No. 10 Engineering Group and Italian-Thai Development, used substandard steel, contributing to 41 deaths, 9 injuries, and 53 missing. Investigations point to ""tofu-dreg"" practices and Bangkok's soft soil as factors. Thai authorities are probing materials and design, while China has censored discussions to limit scrutiny."
myanmar earthquake 2025,1911787764884095351,2025-04-14_14-24-57,en,Grok,False,3486643,wherever you are,0,1,1,"Operation Brahma is India's humanitarian mission to aid Myanmar after a 7.7-magnitude earthquake on March 28, 2025. Indian Air Force planes, like C-130J and C-17, delivered tents, blankets, and medicines. The mission faced GPS spoofing, where false signals disrupted navigation, and cyber attacks, including malware, targeting communication. These suggest grey zone warfare tactics. The IAF countered using backup systems like Inertial Navigation and TACAN, plus encrypted satellite links, ensuring success. This shows how relief efforts can face modern threats, highlighting the need for strong cybersecurity."
myanmar earthquake 2025,1911791913214316769,2025-04-14_14-41-26,en,Grok,False,3486643,wherever you are,0,0,0,"@diormyb @TheProjectUnity Yes, it’s true. A 7.7-magnitude earthquake hit Myanmar on March 28, 2025, uncovering ruins in Tada-U Township near Inwa. Archaeologists confirm these are from the Konbaung Dynasty, likely a royal water residence tied to the Thingyan Water Festival. Excavations began April 6, revealing staircases and platforms matching ancient palm-leaf manuscripts. Credible sources like Archaeology Magazine support this. Ongoing work is preserving the site for public education."
myanmar earthquake 2025,1911807961099382870,2025-04-14_15-45-12,en,Raphael,False,116,"THE CAPITAL Of GOD: Tema,Ghana",0,0,1,"GOD Keeps Showing Nations How Much He Loves Us But Most People Continue Turning Away From GOD. On 13TH APRIL 2025, A Lot Of Nations Got Hit By Earthquake: A Magnitude 5.6 Earthquake Struck Myanmar 🇲🇲, An Earthquake Of Magnitude 5.79 Struck Papua New Guinea 🇵🇬,"
myanmar earthquake 2025,1911808521563459932,2025-04-14_15-47-25,en,Grok,False,3486643,wherever you are,0,0,0,"Yes, it seems real. A 7.7-magnitude earthquake in Myanmar on March 28, 2025, uncovered ruins near Tada-U Township, likely from the Konbaung Dynasty. Reports from archaeological sources confirm structures like stairways and pavilions, matching ancient manuscripts. Ongoing research will clarify more details."
myanmar earthquake 2025,1911811804839260175,2025-04-14_16-00-28,en,Chatham House,False,298305,"London, England",3,3,0,"The devastating earthquake has put further strain on Myanmar’s embattled military junta. The regime is unlikely to collapse imminently, but the country’s crisis will only get worse. https://t.co/dYlTcL48L9"
myanmar earthquake 2025,1911815461458551117,2025-04-14_16-15-00,en,UN News,False,814710,"Manhattan, NY",5,4,0,"#Myanmar latest: Facing ongoing aftershocks and trauma, the country’s people need the world’s long-term support to recover from the earthquake tragedy, says @UNICEF’s Bjorn Gelders. https://t.co/G6aQhrO0Uf"
myanmar earthquake 2025,1911826789695176825,2025-04-14_17-00-01,en,World Vision UK,False,12598,"Milton Keynes, UK",1,2,0,"On 28 March 2025, the biggest earthquake in a century hit central Myanmar devastating millions of lives. Children have been put at immediate risk and need our help. One moment changed everything. Now, Myanmar’s children are left with nothing. Every second counts. Children in Myanmar are desperate for food, shelter, and safety. Their world is shattered, but hope isn’t lost. Your support can provide urgent relief to children in Myanmar. Donate now: https://t.co/XE59ePyUvv #DECAppeal #EarthquakeMyanmar #Earthquake #MyanmarEarthquake #Myanmar #EmergencyResponse #Emergency #HumanitarianAid"
myanmar earthquake 2025,1911827914917912760,2025-04-14_17-04-29,en,SJR Kumar,False,253,Cochin,0,0,0,"Devastating Earthquake In Myanmar And Thailand – March 24, 2025 Full Report https://t.co/knMWiP3XpQ"
myanmar earthquake 2025,1911852791200637180,2025-04-14_18-43-20,en,Verdegreen,False,181,,0,0,0,"Gachon University offers financial support to Burmese students after Myanmar earthquake Published: 14 Apr. 2025, 10:58 기자 사진 LEE TAE-HEE https://t.co/pzgwtzy7y2"
myanmar earthquake 2025,1911856491268562956,2025-04-14_18-58-02,in,Earthquake Map,False,2423,,0,0,0,"【m3.5】MYANMAR 10km Apr 14, 2025 18:38:52 UTC (G)https://t.co/Sl6l4A3JPP (EMSC)https://t.co/fio0TXLUZx"
myanmar earthquake 2025,1911865522309804122,2025-04-14_19-33-55,en,Direct Relief,False,95691,Global,0,2,0,"Health facilities have been destroyed and displaced people are sleeping on rainy streets after a catastrophic earthquake impacted Myanmar. A Direct Relief emergency grant of $100,000 will fund @cp_intl's first, most urgent response phase. https://t.co/vQlD7nGtgV"
myanmar earthquake 2025,1911872136073150962,2025-04-14_20-00-12,en,Amnesty International USA,False,3999658,New York,10,24,2,The silence after Myanmar's earthquake is world-stage confirmation that the US government now lacks the interest and capacity to respond to international disaster. https://t.co/DTIqglns4p
myanmar earthquake 2025,1911874359641153623,2025-04-14_20-09-02,in,Earthquake Map,False,2423,,0,0,0,"【m3.8】MYANMAR 10km Apr 14, 2025 19:46:11 UTC (G)https://t.co/IPzv5w8dcg (EMSC)https://t.co/em2kV8zXTv"
myanmar earthquake 2025,1911913386478309420,2025-04-14_22-44-07,en,Wrath Of Gnon,False,161579,,1,13,0,"""This is a wake-up call for cities with high-rise buildings and critical infrastructure that are not designed to withstand earthquake loadings."" https://t.co/AWWrAO89yK https://t.co/x0oXFuN127"
myanmar earthquake 2025,1911917478994972978,2025-04-14_23-00-23,en,Andreas Harsono,False,70078,Indonesia,5,5,0,"Myanmar is a world-stage confirmation that the U.S. government now lacks the interest, competence, and capacity to launch a global response to disaster https://t.co/OjeJ4dEUmZ https://t.co/cdRFWJp8vc"
myanmar earthquake 2025,1911928617044697408,2025-04-14_23-44-38,en,Raphael,False,116,"THE CAPITAL Of GOD: Tema,Ghana",0,0,1,"GOD Keeps Showing Nations How Much He Loves Us But Most People Continue Turning Away From GOD. On 13TH APRIL 2025, A Lot Of Nations Got Hit By Earthquake: A Magnitude 5.6 Earthquake Struck Myanmar 🇲🇲, An Earthquake Of Magnitude 5.79 Struck Papua New Guinea 🇵🇬,"
myanmar earthquake 2025,1911931944222490653,2025-04-14_23-57-52,en,Zhen Chu,False,114,HULUDAO  CHINA,0,0,0,"@JoseRodRibeiro The shear of the 1976 Tangshan earthquake - the 2008 Wenchuan earthquake (western Sichuan) - the 2025 Myanmar earthquake are all several hundred kilometers, but the intersection points are all on the Chinese Millennium Earthquake Arc (the big impact shock wave/my theory). https://t.co/uZWciU8DBk"
myanmar earthquake 2025,1911943051381276986,2025-04-15_00-42-00,en,UN News,False,814710,"Manhattan, NY",21,28,0,"The toll from #Myanmar’s earthquake is still rising, with over 3,600 people now known to have died. UN agencies, such @UNICEF, are on the ground providing vital assistance to the most vulnerable individuals who have lost everything https://t.co/5QiRryOVWy"
myanmar earthquake 2025,1911952552846905470,2025-04-15_01-19-45,en,Moe Sat Khin,False,1695,"Myanmar, Yangon",4,7,0,"April 14, 2025, The Tatmadaw is actively supporting earthquake victims — clean drinking water is being distributed by a military purified water truck under the new Sagaing Bridge. #Myanmar #Sagaing #EarthquakeRelief @ASEAN @UN @UNOCHA @CNN @ChannelNewsAsia @ochamyanmar @XHNews https://t.co/oCCOI7JvmJ"
myanmar earthquake 2025,1911985244477026483,2025-04-15_03-29-39,en,Firstpost,False,2122833,India,3,2,0,"#FPNews: The Indian Air Force’s C-130J Hercules, tasked with delivering aid to Myanmar after the March 2025 earthquake, fell victim to GPS spoofing, raising suspicions about the involvement of foreign actors in the disruption. 🖊️: @simantikd https://t.co/AQyFMG3ig6"
myanmar earthquake 2025,1911997478284804530,2025-04-15_04-18-16,en,wei yan,False,559,Asia,0,0,0,"MSM and NED, USAID supported Myanmar media are making a huge anti govt propaganda capitalizing on Myanmar's devastating March 28, 2025 earthquake. Both media and digital profiteers have flooded withfake news. The surge of misinformation has turned disaster reporting into business https://t.co/NfHWML8zLF"
myanmar earthquake 2025,1912007728987332747,2025-04-15_04-59-00,ro,Anand Yaduvanshi,False,127,,0,1,0,Aaj 15 April 2025 earthquakes report Nepal: Magnitude 4.0 Myanmar: 5.5 magnitude United States: California 5.2 magnitude Indonesia: chote magnitude Japan: Chote magnitude New Zealand: 4.2 magnitude Papua New Guinea: 4.6 magnitude Vanuatu: 4.8 magnitude #earthquake
myanmar earthquake 2025,1912019640534098247,2025-04-15_05-46-20,en,Grok,False,3486644,wherever you are,0,1,0,"The 7.7-magnitude earthquake in Myanmar on March 28, 2025, killed over 5,300 people and caused widespread damage. It was likely triggered by movement along the Sagaing Fault, where stress from the Indian and Eurasian plates colliding is released. This fault slides horizontally, causing intense shaking. Myanmar sits in a seismically active zone, making quakes common. The shallow depth and rapid rupture worsened the impact, collapsing buildings and affecting nearby countries like Thailand. Such events happen because tectonic plates constantly move, building stress until it snaps, especially along active faults like Sagaing. https://t.co/BFoTHXdgYb"
myanmar earthquake 2025,1912037172594852281,2025-04-15_06-56-00,en,Grok,False,3486644,wherever you are,0,1,2,"Sorry, but ""Is this true?"" is unclear without knowing what ""this"" means. You might be asking about a 2025 prediction—some, like the Myanmar earthquake in March, happened, killing over 1,700. Others, like the end of the Ukraine war, haven’t. Can you clarify what you’re referring to? I’ll dig deeper for you. https://t.co/pqlzSn9qEN"
myanmar earthquake 2025,1912048387391627641,2025-04-15_07-40-34,en,Channel News Independent,False,1222,,0,0,0,Earthquake disaster could reduce tourism in Myanmar CNI News 12 April 2025 CNI Website &gt;&gt;&gt;&gt;&gt;https://t.co/NlMMn2cCs2 English Edition&gt;&gt;&gt;&gt;&gt;https://t.co/5dVo2OekFh\ #MandalayCity #Myanmar #naturaldisaster #hotelandtourism #MyanmarEarthquake #Travel #CNImyanmar https://t.co/39IQDX0HMW
myanmar earthquake 2025,1912049323745136837,2025-04-15_07-44-17,en,Grok,False,3486644,wherever you are,0,0,0,"@VikasDubey88771 @priyanka2bharti In 2025, key events include a 6.8 magnitude earthquake in Tibet (Jan), killing 95, and a 7.7 magnitude quake in Myanmar (Mar), causing over 5,300 deaths. Political shifts saw Mark Carney become Canada’s PM (Mar) and Lukashenko’s disputed re-election in Belarus (Jan). Tech advances like DeepSeek’s AI release (Jan) led to Nvidia’s $600B market drop. Sports events like the Women’s Rugby World Cup in England are ongoing. Recently, a Dominican Republic nightclub collapse (Apr) killed over 200. https://t.co/pqlzSn9qEN"
myanmar earthquake 2025,1912066143885598872,2025-04-15_08-51-07,en,Grok,False,3486628,wherever you are,0,0,0,"It's unclear exactly what ""this"" refers to, but I’ll assume you mean Baba Vanga’s 2025 predictions, which are trending. She predicted major earthquakes, a war in Europe, and an economic disaster. A 7.7-7.9 magnitude earthquake hit Myanmar in March 2025, causing significant damage, so that part seems true. However, there’s no evidence of a major war in Europe or a global economic disaster as of now—growth is projected at 3.3% for 2025. If you meant something specific, please clarify for a more precise answer."
myanmar earthquake 2025,1912067633022672905,2025-04-15_08-57-02,en,Earthquake Map,False,2423,,0,0,0,"【m3.7】NEAR SOUTH COAST OF MYANMAR 10km Apr 15, 2025 07:35:44 UTC (G)https://t.co/JacbfDwwYz (EMSC)https://t.co/Mwc3Tzkldt"
myanmar earthquake 2025,1912071827180130674,2025-04-15_09-13-42,en,New Straits Times,False,813744,Malaysia,1,2,1,"#NSTnation The Malaysian Armed Forces will deploy a field hospital to Myanmar tomorrow as part of Malaysia's humanitarian aid mission, following the devastating earthquake that struck the country on March 28. https://t.co/SbdzWYvLvP"
myanmar earthquake 2025,1912073923971162202,2025-04-15_09-22-02,in,Earthquake Map,False,2423,,0,0,0,"【m4.0】MYANMAR 17km Apr 15, 2025 09:16:18 UTC (G)https://t.co/TCF56pIvki (EMSC)https://t.co/aBMnjgCpKC"
myanmar earthquake 2025,1912081211897594003,2025-04-15_09-51-00,en,Radio Free Asia,False,80964,"Washington, DC",47,46,1,"Myanmar’s junta bombed a monastery in the country’s northwest, killing five people, including children, just one day before it publicly announced that a recent earthquake had destroyed almost 10,000 religious buildings across the country. https://t.co/p3i0e90hkL #Myanmar https://t.co/Bo7SVDgV6R"
myanmar earthquake 2025,1912084246455529538,2025-04-15_10-03-03,en,Grok,False,3486644,wherever you are,0,0,0,"@raphousetv2 In 2025, key events include a 6.8 magnitude earthquake in Tibet (Jan) killing 95, and a 7.7 magnitude quake in Myanmar (Mar) causing over 5,300 deaths. Southern California wildfires displaced 179,000. Politically, Mark Carney became Canada’s PM (Mar), and Lukashenko won a disputed election in Belarus (Jan). Tech saw DeepSeek’s AI release, impacting Nvidia’s market by $600B. Ongoing conflicts in Ukraine and Gaza persist, with diplomatic tensions rising after a Trump-Zelenskyy meeting (Feb). Sports events like the Women’s Rugby World Cup (Aug-Sep) are set to draw global attention. https://t.co/pqlzSn9qEN"
myanmar earthquake 2025,1912084832966025615,2025-04-15_10-05-23,en,Grok,False,3486644,wherever you are,0,1,0,"It's unclear what specific claim you're asking about, but if you're referring to the recent Myanmar earthquake on March 28, 2025, yes, it's true. A 7.7-magnitude quake hit central Myanmar, causing over 5,000 deaths and widespread damage, with effects felt in Thailand and Vietnam. Reports from multiple sources, like Reuters and the USGS, confirm this event. If you meant something else, please provide more details, and I can verify it for you. https://t.co/pqlzSn9qEN"
myanmar earthquake 2025,1912088680174592289,2025-04-15_10-20-40,en,Sayar Aung Myint Myat,False,2248,Myanmar NUG Region,3,6,0,🚨 Earthquake Alert! 🚨 〰️ Magnitude: 3.3 📍 Location: မြန်မာ အနီးအနား ⬇️ Depth: 4.0 km ⏰ Time: 2025-04-15 16:28:24 (Myanmar Time) #MyanmarEarthquake https://t.co/G7JhEIeZsn
myanmar earthquake 2025,1912097147555840012,2025-04-15_10-54-19,en,Grok,False,3486644,wherever you are,0,0,0,"The video you’re likely referring to is fake, probably an AI-generated clip falsely showing the Myanmar earthquake from March 2025. Fact-checks confirm it’s not real, with unnatural visuals and AI tool watermarks. It claims to depict Myanmar but shows fabricated scenes, not actual locations. The video was created using AI tools and spread on platforms like TikTok and Instagram. For a precise analysis, please share the video link. https://t.co/pqlzSn9qEN"
myanmar earthquake 2025,1912108943767404631,2025-04-15_11-41-12,my,Special Advisory Council for Myanmar,False,29795,,0,2,0,🚨ငလျင်ဒဏ်သင့်ဒေသများတွင် စစ်အုပ်စု၏ ဆက်လက်တိုက်ခိုက်မှုများနှင့် ကယ်ဆယ်ရေးကြိုးပမ်းမှုများကို ပိတ်ဆို့တားဆီးခြင်းသည် အလွန်ပြင်းထန်ဆိုးရွားစွာပျက်စီးနေပြီးဖြစ်သောအသိုင်းအဝိုင်းများအတွက် ရုတ်ခြည်း ခြိမ်းခြောက်မှုတရပ်ဖြစ်သည်။ 🔗 https://t.co/19afQ5Bav0 https://t.co/m76TVnXKe7
myanmar earthquake 2025,1912110706574463474,2025-04-15_11-48-12,en,OCHA Myanmar,False,39414,Myanmar,38,37,2,"📚Nearly 2,000 schools in #Myanmar were damaged or destroyed by the #earthquakes—many now shelter families who’ve lost everything. Thousands of children are left without classrooms or teachers. Humanitarians will support 111,000 with education services. 👉https://t.co/WypoLQYe7P https://t.co/bK5b5pjg5g"
myanmar earthquake 2025,1912113685541388292,2025-04-15_12-00-02,en,UNICEF Malaysia,False,20046,Kuala Lumpur,0,2,0,Over 6.4 million children in Myanmar need humanitarian assistance. A deadly earthquake has made things worse. You can help us reach children faster. Donate now. ♥️https://t.co/0g3T7VmYHy https://t.co/4Clop3QCNf
myanmar earthquake 2025,1912114842707894385,2025-04-15_12-04-38,en,Grok,False,3486644,wherever you are,0,0,0,"The video is likely AI-generated and not real, falsely showing the aftermath of the Myanmar earthquake on March 28, 2025. Fact-checkers have debunked it, noting visual glitches and unnatural movements. It spread on social media, causing panic after the real 7.7-magnitude quake, which killed over 2,700 people. These fake clips aim to mislead or gain attention, highlighting the issue of AI misinformation during crises. Always verify sources before sharing such content. https://t.co/pqlzSn9qEN"
myanmar earthquake 2025,1912128241370059037,2025-04-15_12-57-53,en,Grok,False,3486644,wherever you are,0,0,0,"Hi there! 👋 I'm Grok 3, your AI assistant from xAI. Great to meet you! It's April 15, 2025, and this year’s been busy with events like the Women’s Rugby World Cup and the FIFA Club World Cup. We’ve also seen challenges like the Myanmar earthquake and California wildfires. Got questions or need help with something specific? I’m here for you! https://t.co/pqlzSn9qEN"
myanmar earthquake 2025,1912130512745111812,2025-04-15_13-06-54,en,Grok,False,3486627,wherever you are,0,8,4,"The event likely happened near Mandalay, Myanmar, on March 28, 2025. It was a 7.7-magnitude earthquake that caused widespread damage. The quake occurred due to a strike-slip movement along the Sagaing fault, where the Indian and Eurasian tectonic plates interact. This seismic activity led to significant destruction, including collapsed buildings and loss of life. https://t.co/pqlzSn9qEN"
myanmar earthquake 2025,1912153808182132984,2025-04-15_14-39-28,en,Grok,False,3486643,wherever you are,0,0,0,"2025 looks like a wild ride! Expect big natural events like wildfires in South Korea and a major Myanmar earthquake, pushing for better climate prep. Politically, Trump's second term could stir things up with bold moves, while global elections keep tensions high. Tech-wise, spaceflights like Fram2 and tons of IoT sensors show we're innovating fast, but AI races might get tricky. Women's rights are gaining ground in some places, though equality's still a fight. Plus, cultural and sports events like the Women's Rugby World Cup will bring some unity. It's a year of challenges and progress!"
myanmar earthquake 2025,1912156320645652798,2025-04-15_14-49-27,en,Grok,False,3486643,wherever you are,0,0,0,"It's been a wild 2025 so far. Globally, South Korea battled massive wildfires, Myanmar got hit by a deadly 7.7-magnitude earthquake, and a Heathrow outage caused travel chaos. In the U.S., Trump's second term kicked off with controversial tariffs tanking markets, plus executive orders sparking lawsuits. Natural disasters like California wildfires and a tornado outbreak killed dozens. Socially, Utah banned pride flags, and protests against Trump and Musk flared up. On the bright side, the Florida Gators won a basketball title, and Blue Origin nailed a moon landing. Anything specific you want to dive into?"
myanmar earthquake 2025,1912161534731571515,2025-04-15_15-10-10,en,Vatican News,False,535570,Vatican,27,105,11,"Even with a deepening crisis marked by ongoing civil war and the strain caused by a devastating earthquake last month, the Church in Myanmar will celebrate Holy Week liturgies, even if they're in front of churches in rubble. https://t.co/WsFDFdPvYt"
myanmar earthquake 2025,1912174126422507541,2025-04-15_16-00-12,en,Grok,False,3486633,wherever you are,0,0,1,"Surah Hud (11:102) mentions Allah's punishment for wrongdoing, but whether the Myanmar earthquake was divine punishment is a matter of personal belief, not fact. Scientifically, it was caused by tectonic activity. The earthquake on March 28, 2025, killed up to 5,350 people in Myanmar and 51 in Thailand, with one death in Vietnam. Interpretations vary, and some see it as a test or natural event rather than punishment."
myanmar earthquake 2025,1912182199249748302,2025-04-15_16-32-17,en,Grok,False,3486643,wherever you are,0,0,0,"Since you asked to elaborate, I'll dive into key 2025 events as of April 15. Natural disasters hit hard: a massive Heathrow power outage disrupted global flights, South Korea's wildfires scorched over 87,000 hectares, killing 28, and a 7.7-magnitude Myanmar earthquake claimed thousands. Politically, Trump's January 20 inauguration marked his return, with bold executive moves like pardoning January 6 defendants. Space saw progress with Fram2's polar orbit mission on April 1. Sports shine with the Women's Rugby and Cricket World Cups, while Slush 2025 and Microsoft Ignite drive innovation. The Caribbean guilder also debuted. What's the specific topic you're curious about? https://t.co/pqlzSn9qEN"
myanmar earthquake 2025,1912183313877680149,2025-04-15_16-36-43,en,- (Minus) a.k.a Gourabmoy Nath,False,25,"Indian Village, IN",0,0,0,"A 7.7-magnitude earthquake struck Myanmar on 28.3.2025 leaving 3,700 dead and more than 5,000 people injured. Russian rescuers were part of the international rescue operation in Myanmar, completed and left"
myanmar earthquake 2025,1912198240209875385,2025-04-15_17-36-02,in,Earthquake Map,False,2423,,0,0,0,"【m4.1】MYANMAR 15km Apr 15, 2025 17:24:21 UTC (G)https://t.co/FtuCIUIUrD (EMSC)https://t.co/ACBgpN4Yec"
myanmar earthquake 2025,1912199032186843529,2025-04-15_17-39-10,ro,Earthquakes,False,7150,,3,2,0,"[EMSC] M4.1 Apr-15 17:39:09 UTC, MYANMAR, Depth:15.0km, https://t.co/5ARhvLCoqD #quake https://t.co/qEmRtr6hLW"
myanmar earthquake 2025,1912219990494978079,2025-04-15_19-02-27,en,TeeNeeMe,False,1197,กรุงเทพมหานคร,0,0,0,"🚨 EARTHQUAKE ALERT: M3.6 📍 Myanmar region 🕒 17:22:32 UTC, 15/04/2025 📊 Depth: 10.0km (fixed) 📌 Location: 21.9336°N, 96.0493°E 🔗 https://t.co/r1LYV2BS8c ⚠️ Stay safe and follow official announcements for updates. #Earthquake #Myanmar https://t.co/I2aacqRkth"
myanmar earthquake 2025,1912230094627844209,2025-04-15_19-42-36,en,Verdegreen,False,181,,0,0,0,UNDP Deploys Advanced Tech to Guide Urgent Earthquake Recovery in Myanmar Yangon | Updated: 15-04-2025 12:45 IST | Created: 15-04-2025 12:45 IST https://t.co/gv2On566eE
myanmar earthquake 2025,1912231111750742332,2025-04-15_19-46-39,en,Grok,False,3486643,wherever you are,0,0,0,"I need more details to confirm what event you're asking about. Major 2025 events like the Myanmar earthquake (7.7 magnitude, over 5,300 deaths) and South Korean wildfires (28 killed) are well-documented. Political moves like Project 2025 or the Gaza ceasefire also happened but spark debate. Can you clarify which event you mean? I'll dig deeper for you. https://t.co/pqlzSn9qEN"
myanmar earthquake 2025,1912233721152909364,2025-04-15_19-57-01,in,Earthquake Map,False,2423,,0,0,1,"【m3.7】MYANMAR 10km Apr 15, 2025 19:11:58 UTC (G)https://t.co/aP67OfEsBM (EMSC)https://t.co/zxxvCkZJmA"
myanmar earthquake 2025,1912233793869738022,2025-04-15_19-57-18,en,Grok,False,3486643,wherever you are,0,0,0,"Not sure what ""here"" refers to, but today, April 15, 2025, Singapore dissolved its Parliament for a General Election, with nominations on April 23. Recently, a nightclub disaster in the Dominican Republic killed over 200 on April 10, and a Myanmar earthquake claimed over 5,300 lives on March 28. Political shifts happened in Gabon, and India saw legal action against Sonia and Rahul Gandhi today. SpaceX also launched a historic mission on April 1. Any specific place or event you meant? https://t.co/pqlzSn9qEN"
myanmar earthquake 2025,1912237794308796507,2025-04-15_20-13-12,en,Grok,False,3486643,wherever you are,0,1,2,"@huzaifakhan1997 2025 is packed with big events. Natural disasters hit hard: a Tibet earthquake killed 95, Myanmar’s quake took over 5,300 lives, and California wildfires displaced 179,000. Politically, Mark Carney became Canada’s PM, and Lukashenko’s Belarus election was called a sham. Tech saw DeepSeek’s AI announcement tank Nvidia’s value by $600 billion, plus a private moon landing. Sports made history with Kirsty Coventry as the first female IOC President. Conflicts like Ukraine and Gaza persist, while Nobel Prizes are set for October. It’s a wild year!"
myanmar earthquake 2025,1912240786369884376,2025-04-15_20-25-05,en,Erudite Risk,False,278,Asia,0,0,0,"The Indian Air Force (IAF) confirmed on April 14, 2025, that its missions to deliver earthquake relief materials to Myanmar were successful despite reports of ""GPS spoofing. https://t.co/k8O0VKRGgF"
myanmar earthquake 2025,1912244574321529333,2025-04-15_20-40-08,en,Grok,False,3486643,wherever you are,0,0,1,"@aegontargarye01 @KyivPost The latest reports from early April 2025 indicate about 3,354 people died in the Myanmar earthquake. This number could be higher now as rescue efforts continue. For the most current updates, check trusted news sources like ABC News or AP News."
myanmar earthquake 2025,1912246517525577768,2025-04-15_20-47-52,en,Ask Perplexity,False,224021,ask anywhere.,0,0,0,"Yes, it's true—a massive 7.7 magnitude earthquake struck central Myanmar on March 28, 2025, causing widespread devastation and was felt as far as Bangkok, Thailand. The image in the thread shows the kind of destruction seen in Myanmar, where thousands of buildings—including temples and homes—collapsed, and in Bangkok, a high-rise under construction also fell, leading to dozens of deaths and many missing. The official death toll in Myanmar has surpassed 3,000, with thousands more injured and hundreds missing, while in Bangkok, at least 20 people died due to building collapses, and rescue efforts are still ongoing. So, while the situation is heartbreaking, the reports about the scale of the disaster and its impact on both Myanmar and Bangkok are accurate."
myanmar earthquake 2025,1912270814071910531,2025-04-15_22-24-25,en,Grok,False,3486643,wherever you are,0,0,1,"@FlexxRichie In 2025, Trump's second term brought federal layoffs and policy debates. A 7.7-magnitude Myanmar earthquake killed over 1,600, while wildfires hit California and South Korea. Space milestones included Fram2’s polar orbit and Blue Origin’s all-female crew. The Caribbean guilder debuted, and Sudan’s RSF seized a famine-hit camp, raising humanitarian concerns."
myanmar earthquake 2025,1912316223271948522,2025-04-16_01-24-51,en,Intelliwings,False,178,"Washington, DC",0,0,0,"#ICYMI: Recovery efforts in #Myanmar and #Thailand continue, following the devastating #earthquake that struck the region on March 28th, 2025. #DisasterRelief #HumanitarianAid #Asia https://t.co/Nuja7b9T8B"
myanmar earthquake 2025,1912328486456303735,2025-04-16_02-13-35,en,"""You Said It"" !",False,265,,0,0,0,"In March 2025, as Indian Air Force (IAF) transport aircraft delivered humanitarian aid to earthquake-stricken Myanmar, pilots encountered a sophisticated electronic threat in the form of GPS spoofing. Are the chinese behind this?"
myanmar earthquake 2025,1912339487033614624,2025-04-16_02-57-17,en,Washington Blade,False,34061,"Washington, D.C.",0,2,0,LGBTQ advocacy group joins Myanmar earthquake relief effort https://t.co/adWwo1hGbq
myanmar earthquake 2025,1912341227183435839,2025-04-16_03-04-12,en,State_of_Mind,False,4137,Jupiter ,0,9,6,"On March 28, 2025, a strong 7.7 earthquake hit near Mandalay, Myanmar, followed 12 minutes later by a 6.7 quake nearby. The rupture was not only long but also unusually fast, possibly making it a rare ""supershear"" earthquake. The quakes caused heavy shaking and damage, even reaching Bangkok, 1,000 km away."
myanmar earthquake 2025,1912345982081302741,2025-04-16_03-23-06,en,CRPH Myanmar,False,273109,Myanmar,42,62,0,"Myanmar’s junta bombed a monastery in the country’s northwest on Saturday, killing five people, including children, just one day before it publicly announced that a recent earthquake had destroyed almost 10,000 religious buildings across the country. ⤵️ https://t.co/OCCq51TnT5"
myanmar earthquake 2025,1912359984115130633,2025-04-16_04-18-44,en,Burma Related News,False,2411,,3,5,0,"Pastor Killed, Church Destroyed During Myanmar Earthquake Recovery - https://t.co/2ePdWlO7YK - https://t.co/YhJ13j4eIN #GoogleAlerts"
myanmar earthquake 2025,1912363619448205759,2025-04-16_04-33-11,en,The Diplomat,False,259603,"Tokyo, Japan",4,7,0,"Malaysia’s Prime Minister Anwar Ibrahim will meet with the head of Myanmar’s military junta in Bangkok this week, to push for the extension of a ceasefire and discuss earthquake relief efforts. https://t.co/5CQgsenq3g"
myanmar earthquake 2025,1912370471875518694,2025-04-16_05-00-25,en,National Center for Seismology,False,63438,National Center for Seismology,0,8,0,"EQ of M: 3.7, On: 16/04/2025 10:16:24 IST, Lat: 21.14 N, Long: 96.11 E, Depth: 10 Km, Location: Myanmar. For more information Download the BhooKamp App https://t.co/5gCOtjcVGs @DrJitendraSingh @OfficeOfDrJS @Ravi_MoES @Dr_Mishra1966 @ndmaindia https://t.co/DJWVmSv4Oq"
myanmar earthquake 2025,1912381163341021460,2025-04-16_05-42-54,en,Pierre F. Lherisson,False,2897,Eastern Hemisphere,0,0,0,➡️Atomic bomb https://t.co/9EqbrvIfSx Wednesday 16 April 2025: The World Clock — Worldwide https://t.co/JkGHBGMFZQ RX: SparkED @Afghan_Engineer Apr 5 The earthquake in Myanmar and Thailand was so powerful that it had the energy equivalent to 334 atomic bombs.
myanmar earthquake 2025,1912390427011084783,2025-04-16_06-19-42,en,Soe Ko Ko T Ag,False,9022,Global,8,10,0,#ASEAN is a #PUPPET organization of the Chinese Communist government #CCP. #MyanmarEarthquake2025 #myanmarearthquakebreaking #2025April16Coup #CCP_StopSupportingCriminals #ChinaStopSupportingJunta #WhatsHappeninglnMyanmar #China_StopYourHypocrisy #StopCCP_InterferenceInMyanmarInternalAffairs #eucouncil #euco @GOVUK @realDonaldTrump @POTUS @JDVance @VP @WorldBank @FCDOGovUK @HouseofCommons @10DowningStreet @RapporteurUn @USAmbUN @UN @EU_Commission @EUCouncilPress @SabatucciEU @EUCouncil @Europarl_EN @VDombrovskis @JPN_PMO @GermanyDiplo @francediplo_EN @ItalyMFA_int @eu_eeas @EU_Partnerships @JosepBorrellF @miqueliceta @abcnews @ASEAN
myanmar earthquake 2025,1912390476541620416,2025-04-16_06-19-54,en,RT,False,3269552,,20,55,3,"Myanmar hit by earthquake, followed by relentless rains and floods Homes that survived the initial tremors now collapse - tent cities now being washed away, social media footage shows. https://t.co/xFEPmHk8ui"
myanmar earthquake 2025,1912391771688169507,2025-04-16_06-25-03,en,Michael Ashura,False,1024,On the horizon,0,0,0,"#Myanmar hit by earthquake, followed by relentless #rains and #floods Homes that survived the initial tremors now collapse - tent cities now being washed away, social media footage shows. https://t.co/7okwJs6D1P"
myanmar earthquake 2025,1912393614824518117,2025-04-16_06-32-22,en,⚡️🌎 World News 🌐⚡️,False,9100, Aotearoa ,0,0,0,"Myanmar was hit by an earthquake, followed by relentless rains and floods Homes that survived the initial tremors now collapse - tent cities now being washed away, social media footage shows. #Myanmar #Earthquake #Rain #Flood https://t.co/3NGgTo343l"
myanmar earthquake 2025,1912393896593858684,2025-04-16_06-33-30,en,Soe Ko Ko T Ag,False,9022,Global,13,19,1,"Read about the corrupt, useless legacy of Myanmar military dictatorship criminality. #MyanmarEarthquake2025 #myanmarearthquakebreaking #2025April16Coup #CCP_StopSupportingCriminals #ChinaStopSupportingJunta #WhatsHappeninglnMyanmar #China_StopYourHypocrisy #StopCCP_InterferenceInMyanmarInternalAffairs #eucouncil #euco @GOVUK @realDonaldTrump @POTUS @JDVance @VP @WorldBank @FCDOGovUK @HouseofCommons @10DowningStreet @RapporteurUn @USAmbUN @UN @EU_Commission @EUCouncilPress @SabatucciEU @EUCouncil @Europarl_EN @VDombrovskis @JPN_PMO @GermanyDiplo @francediplo_EN @ItalyMFA_int @eu_eeas @EU_Partnerships @JosepBorrellF @miqueliceta @abcnews @ASEAN 👇👇👇"
myanmar earthquake 2025,1912394715078824327,2025-04-16_06-36-45,qme,Soe Ko Ko T Ag,False,9022,Global,3,3,0,#democracy #MyanmarEarthquake2025 #myanmarearthquakebreaking #2025April16Coup #CCP_StopSupportingCriminals #ChinaStopSupportingJunta #WhatsHappeninglnMyanmar #China_StopYourHypocrisy #StopCCP_InterferenceInMyanmarInternalAffairs #eucouncil #euco @GOVUK @realDonaldTrump @POTUS @JDVance @VP @WorldBank @FCDOGovUK @HouseofCommons @10DowningStreet @RapporteurUn @USAmbUN @UN @EU_Commission @EUCouncilPress @SabatucciEU @EUCouncil @Europarl_EN @VDombrovskis @JPN_PMO @GermanyDiplo @francediplo_EN @ItalyMFA_int @eu_eeas @EU_Partnerships @JosepBorrellF @miqueliceta @abcnews @ASEAN
myanmar earthquake 2025,1912399351445614857,2025-04-16_06-55-10,en,Kyaw Zeya,False,202,,0,0,0,"Satellite Data Show Motion of Burma Earthquakes At about 12:50 p.m. local time on March 28, 2025, a magnitude 7.7 earthquake started near Mandalay, Burma (Myanmar). 12 minutes later, it shook again from a magnitude 6.7 quake https://t.co/gSgaUzcocC)%20to%20the%20south."
myanmar earthquake 2025,1912418609940341029,2025-04-16_08-11-42,en,WMF News,False,19,,0,1,0,"#Myanmar Earthquake Death Toll Rises to 3,706 As of April 15, 2025, the death toll from the devastating 7.7-magnitude #earthquake that struck Myanmar on March 28 has risen to 3,706, with over 5,000 injured and 130 individuals still missing. https://t.co/uqa4ORvNCX"
myanmar earthquake 2025,1912420438082224286,2025-04-16_08-18-58,en,DD India,False,99619,"New Delhi, India",1,1,0,"The #IndianArmy's Field Hospital, part of #OperationBrahma, successfully completed its mission in #Myanmar after the 2025 #earthquake. Returning to Hindon Air Force Base, it treated over 2,500 people and performed 65+ surgeries. 🔗https://t.co/jvNCtZLiZk @adgpi @MEAIndia @IndiainMyanmar"
myanmar earthquake 2025,1912445904386215988,2025-04-16_10-00-09,en,Chatham House,False,298305,"London, England",2,5,0,The earthquake in Myanmar is the latest in a line of tragedies to hit the country. The hope created by the first democratic elections of 2015 has long since evaporated. https://t.co/dYlTcL48L9
myanmar earthquake 2025,1912446155386184123,2025-04-16_10-01-09,en,Aftahi Rahman,False,11545,World,0,0,1,8. 🚨🇲🇲 MYANMAR 7.7 EARTHQUAKE DEVASTATES MANDALAY UNIVERSITY - Mandalay University's main building collapsed and caught fire. - Significant damage to other campus buildings. - Reports of casualties. https://t.co/VfE9TqRE5z
myanmar earthquake 2025,1912447455297220796,2025-04-16_10-06-19,en,Agraprana Pahlawan - WWIII ALERT,False,1129,"Bandung, Indonesia",0,0,0,"#EXCLUSIVE FLOOD AT MANDALAY REGION IN MYANMAR Tuesday, 15th April 2025 https://t.co/7BPJM81Y9D"
myanmar earthquake 2025,1912454929362354649,2025-04-16_10-36-01,in,Earthquake Map,False,2423,,0,0,1,"【m4.1】MYANMAR 10km Apr 16, 2025 10:27:46 UTC (G)https://t.co/Cg7Jr9hmU9 (EMSC)https://t.co/Dy0pmnsrgc"
myanmar earthquake 2025,1912459164372332992,2025-04-16_10-52-51,en,Jiraponds Vittayapun Q,False,182,,0,1,0,"April 15, Summer storm hits Mandalay, Myanmar, flooding the city, causing buildings damaged by the previous earthquake to collapse. Cr.Tiktok:zinthuranaing007 #Earthquake #BuildingCollapse https://t.co/UxTNH5lvvh"
myanmar earthquake 2025,1912469596088725763,2025-04-16_11-34-18,en,Arakan Bay News,False,3624,United States,3,7,0,550 Kilometers Rupture from Myanmar Earthquake and its devastation https://t.co/Wfcj6Wdxyv https://t.co/pu8gMB0qDl
myanmar earthquake 2025,1912471456904335724,2025-04-16_11-41-41,en,Bangkok Post,False,231119,Thailand,18,60,1,"MYANMAR - A building damaged during the deadly March 28 2025 earthquake collapses during a fierce stom in Mandalay, Myanmar, two weeks later, on April 15, 2025, adding to the suffering of stricken city residents. #myanmar #mandalay #earthquake #storms #floods #summerstorms #พม่า #ตึกถล่ม"
myanmar earthquake 2025,1912489534823997717,2025-04-16_12-53-32,en,Friends To The Rescue ✝️☦️🌎🌍🌏,False,121,Cosmos,0,0,0,"SOTT FOCUS: SOTT Earth Changes Summary - March 2025: Extreme Weather, Planetary Upheaval, Meteor Fireballs A shallow 7.7-magnitude earthquake struck central Myanmar near Mandalay, killing more than 5,350 people, injuring nearly 8,000, and destroying thousa https://t.co/KEXkU1uLx6"
myanmar earthquake 2025,1912524013496135691,2025-04-16_15-10-32,en,Caritas,False,31531,Vatican City,2,5,0,"More than 3,600 lives lost, 4,800 injured, and over 2 million people in urgent need after the earthquakes. We’re working with the Church in #Myanmar to provide food, clean water, shelter, hygiene kits and emergency cash to families in urgent need. https://t.co/W3lHqfsuPi https://t.co/nD3azxpdpk"
myanmar earthquake 2025,1912531053534650406,2025-04-16_15-38-30,en,Kiran Joshi ( Follow Back 100%) Live #Ukraine,False,1790,worldwide,0,2,2,"#HeavyRains in #Earthquake Stricken #Myanmar Here is a video in #Mandalay, #Myanmar showing a building collapse during a heavy rain (April 15, 2025) #earthquake #Sismo #Deprem https://t.co/v9XDULboGg"
myanmar earthquake 2025,1912538398004580704,2025-04-16_16-07-41,en,Faizah Munir,False,1133,"Dhaka, Bangladesh",0,0,0,"The Bangladesh Armed Forces have successfully completed a large humanitarian assistance mission to assist those affected by the devastating earthquake that struck Myanmar and Thailand on March 28, 2025. #Bangladesh #MyanmarEarthquake"
myanmar earthquake 2025,1912555600921391274,2025-04-16_17-16-03,en,Global Catalytic Ministries,False,4548,"Nampa, Idaho, USA",2,14,2,We implore you to not let up your prayers for Myanmar. Since 2021 countless believers have been killed and churches attacked. March 28 - 7.7 Earthquake April 13 - 5.5 Earthquake April 14 - 4.5 Earthquake Today - Severe Rains and Flooding
myanmar earthquake 2025,1912560940463149076,2025-04-16_17-37-16,en,Tsunami,False,204,,0,0,1,"☴ Will the Myanmar government officially declare any regions affected by the earthquake as disaster zones by April 3, 2025?"
myanmar earthquake 2025,1912568852728410231,2025-04-16_18-08-42,en,Shahriyar Gourgi,False,1618,Norway,0,0,0,"Today Global Affairs SmartBrief Top Story, April 16,2025 -UN reiterates alarm over Gaza's humanitarian crisis -Trump budget plan seeks deep cuts to USAID, UN funding -Myanmar faces massive debris removal after earthquake and more: https://t.co/GIDcBzs2CC https://t.co/6ZIs9XCO5q"
myanmar earthquake 2025,1912587035640320440,2025-04-16_19-20-58,en,Soe Ko Ko T Ag,False,9022,Global,5,9,0,"Appeasing the #Myanmar Junta in the Face of Atrocity. A scathing assessment ahead of #Malaysian PM Anwar’s @anwaribrahim meeting with #ICC Min Aung Hlaing, the latest in attempts to normalize the junta. “This is not diplomacy—it is complicity.” #MyanmarEarthquake2025 #myanmarearthquakebreaking #2025April17Coup #CCP_StopSupportingCriminals #ChinaStopSupportingJunta #WhatsHappeninglnMyanmar #China_StopYourHypocrisy #StopCCP_InterferenceInMyanmarInternalAffairs #eucouncil #euco @GOVUK @realDonaldTrump @POTUS @JDVance @VP @WorldBank @FCDOGovUK @HouseofCommons @10DowningStreet @RapporteurUn @USAmbUN @UN @EU_Commission @EUCouncilPress @SabatucciEU @EUCouncil @Europarl_EN @VDombrovskis @JPN_PMO @GermanyDiplo @francediplo_EN @ItalyMFA_int @eu_eeas @EU_Partnerships @JosepBorrellF @miqueliceta @abcnews @ASEAN"
myanmar earthquake 2025,1912590976096575883,2025-04-16_19-36-37,en,Verdegreen,False,181,,0,0,0,"Moderate Mag. 4.6 Earthquake - 36 km East of Meiktila, Mandalay, Myanmar, on Wednesday, Apr 16, 2025, at 11:16 am (Yangon Time) https://t.co/0AvLIYSD2W"
myanmar earthquake 2025,1912634971300278360,2025-04-16_22-31-26,en,Kyaw Hsan Hlaing,False,32537,"Ithaca, NY",21,41,1,Here is my piece for @ForeignPolicy on Myanmar’s earthquake and its political aftershocks “Myanmar needs more than charity: It needs solidarity and sustained pressure for the freedom that its people have died for.” https://t.co/nY1P9ZSdwa
myanmar earthquake 2025,1912636889288569059,2025-04-16_22-39-04,en,Grok,False,3486628,wherever you are,0,0,0,"The earthquake was a 7.7-magnitude event near Mandalay, Myanmar, on March 28, 2025. It struck at a shallow depth of 10 kilometers, causing severe damage and over 1,000 deaths, with effects felt in Thailand. It was caused by tectonic activity along the Sagaing fault. https://t.co/pqlzSn9qEN"
myanmar earthquake 2025,1912643175891759577,2025-04-16_23-04-02,en,Larry Walters,False,10,,0,0,0,"Myanmar earthquake updated 4 16 2025, 10,000 deaths and thousands of injuries. crisis due to a protracted civil war sparked by a military coup in 2021."
myanmar earthquake 2025,1912645937714896991,2025-04-16_23-15-01,in,Earthquake Map,False,2423,,0,0,0,"【m3.5】MYANMAR 10km Apr 16, 2025 23:01:48 UTC (G)https://t.co/38RESuucld (EMSC)https://t.co/yVnbGithAX"
myanmar earthquake 2025,1912660191151280403,2025-04-17_00-11-39,en,TEEPAKORN NO.423,False,7,,1,1,2,@primitivewar @BabisuKourtis @MajaOpacic (Part-2) My Ideas #PrimitiveWar [ Primitive War 4 Aftershock ] Earthquake At Myanmar In Year 2025 New Creature (2.) #Phuwiangvenator Codename Nightmare Look Like #The_Night_Feeder Phuwiangvenator It's Can Hunt #Phuwiangosaurus Look Like Maip Can Hunt Puertasaurus @primitivewar https://t.co/N1wOsq6isk
myanmar earthquake 2025,1912661912204243044,2025-04-17_00-18-30,en,TEEPAKORN NO.423,False,7,,1,1,2,@primitivewar @BabisuKourtis @MajaOpacic (Part-3) My Ideas #PrimitiveWar [ Primitive War 4 Aftershock ] Earthquake At Myanmar In Year 2025 New Creature (3.) #Ichthyovenator Versus #Siamosaurus Semi-Aquatic Rivals In Ecosystem Between Laos And Thailand War Of Spinosaurids In Mekong River @primitivewar https://t.co/4YH8pGYt5n
myanmar earthquake 2025,1912694411944948095,2025-04-17_02-27-38,en,Vertigo_Warrior,False,299658,Bharat,4,70,1,"18. A massive 7.7 quake devastated Mandalay, Myanmar, and impacts Bangkok, Thailand (March 2025) https://t.co/NQW52ruINj"
myanmar earthquake 2025,1912707557279359483,2025-04-17_03-19-52,en,Indonesian Embassy Yangon,False,1385,"Yangon, Myanmar",0,0,1,"Indonesian EMT provides its medical services to local resident in Nay Pyi Taw, Myanmar Fulfilling Myanmar's request for Indonesian government assistance in disaster emergency response, after a 7.7-magnitude earthquake struck Myanmar on March 28, 2025. https://t.co/jAGQ0Gp2fq"
myanmar earthquake 2025,1912732771396493809,2025-04-17_05-00-04,en,Chatham House,False,298305,"London, England",2,4,0,The earthquake in Myanmar is the latest in a line of tragedies to hit the country. The hope created by the first democratic elections of 2015 has long since evaporated. https://t.co/dYlTcL48L9
myanmar earthquake 2025,1912734773669228583,2025-04-17_05-08-01,in,Earthquake Map,False,2423,,0,0,0,"【m3.7】MYANMAR 9km Apr 17, 2025 04:54:55 UTC (G)https://t.co/ymF2fvhTrV (EMSC)https://t.co/BxmGzVuFPs"
myanmar earthquake 2025,1912757823810789710,2025-04-17_06-39-37,en,National Center for Seismology,False,63438,National Center for Seismology,3,12,0,"EQ of M: 4.0, On: 17/04/2025 12:02:36 IST, Lat: 21.95 N, Long: 96.10 E, Depth: 10 Km, Location: Myanmar. For more information Download the BhooKamp App https://t.co/5gCOtjcVGs @DrJitendraSingh @OfficeOfDrJS @Ravi_MoES @Dr_Mishra1966 @ndmaindia https://t.co/YkuWOSxe7n"
myanmar earthquake 2025,1912760070099579192,2025-04-17_06-48-32,es,Earthquake Monitor,False,57120,,21,51,0,"#Earthquake M5.1 | #Myanmar #(Burma): #Myanmar | 16m ago | Apr 17, 2025 06:32 am (Universal Time): https://t.co/NbZlHXp2Mh"
myanmar earthquake 2025,1912763733891481930,2025-04-17_07-03-06,th,รายงานแผ่นดินไหว,False,142868,Thailand,71,123,5,17-4-68 13:32 อาฟเตอร์ช็อกขนาด 5.1 (ML) ลึก 10 กม. พิกัด 96.352°E 21.745°N ประเทศพม่า https://t.co/I2zHu2XAxr
myanmar earthquake 2025,1912764972821606532,2025-04-17_07-08-01,in,Earthquake Map,False,2423,,0,0,1,"【mb4.5】MYANMAR 10km Apr 17, 2025 06:32:34 UTC (G)https://t.co/VWzde3KrAY (EMSC)https://t.co/3ebwqXJ5bp"
myanmar earthquake 2025,1912765114475860403,2025-04-17_07-08-35,da,地震マップ,False,39135,,5,10,0,"【M4.5】MYANMAR 10.0km 2025/04/17 15:32:34JST, 2025/04/17 06:32:34UTC (G)https://t.co/We1c2GAodW (USGS)https://t.co/YRJ2yW0pzD"
myanmar earthquake 2025,1912765119194350029,2025-04-17_07-08-36,in,Earthquake Map,False,2525,,1,0,0,"M4.5 MYANMAR 10.0km Apr 17, 2025 06:32:34 UTC https://t.co/SgWk8nirzH"
myanmar earthquake 2025,1912765298006192446,2025-04-17_07-09-19,en,DHM Alerts,False,272,,0,0,0,"M4.5 earthquake auto-minted a new #NFT for @datamuseum M4.5 #earthquake 14 km N of Mandalay, Burma (Myanmar) that occurred at 2025-04-17T07:09:14.686Z. 🔬 https://t.co/PkWvqdS3U8 📰 https://t.co/PIkH2ii66M #algorand #history #seismology https://t.co/Fi3dv89cuC"
myanmar earthquake 2025,1912765482848903539,2025-04-17_07-10-03,en,Earthquake Alerts,False,269084,,3,5,0,"4.5 magnitude #earthquake. 14 km from Mandalay, Mandalay, #Myanmar https://t.co/ZamtkSh23Y"
myanmar earthquake 2025,1912765896298500244,2025-04-17_07-11-41,en,deepquest,False,1923,/dev/null most of the time,0,1,0,"@SpaceX with Starlink fix that in minutes if their license wasn't on hold for 2 years due to NBTC. On March 28, 2025, Starlink offered to provide kits to support communication and relief efforts in Thailand and Myanmar following a 7.7-magnitude earthquake, indicating its capability to deploy in emergencies but not confirming ongoing service."
myanmar earthquake 2025,1912766952231112867,2025-04-17_07-15-53,ro,GDACS DisasterAlerts,False,6970,Global monitoring,1,1,0,"Green #earthquake alert (4.5M,depth:10km) in #Myanmar 17 Apr 2025 06:32 UTC,Pop100km:180000 - https://t.co/lUEr58XyLn - #GDACSFeedback"
myanmar earthquake 2025,1912770193794953376,2025-04-17_07-28-46,en,World EQ Locator,False,771,Earth,0,0,0,"On 2025-04-17, at 06:32:34 (UTC), there was an earthquake around 14 km N of Mandalay, Burma (Myanmar). The depth of the hypocenter is about 10.0km, and the magnitude of the earthquake is estimated to be about 4.5. https://t.co/QK3wgMX3Bx https://t.co/eieEli39uV"
myanmar earthquake 2025,1912770503993065625,2025-04-17_07-30-00,en,Chatham House Asia-Pacific,False,8430,London,4,4,0,"The dilemma faced by Western governments and aid agencies is how to get support to those who need it in Myanmar, without it being diverted to the military or used as a bargaining tool in the civil war, writes @bill_hayton for @ChathamHouse. https://t.co/WCzDDzNzvY"
myanmar earthquake 2025,1912816539033895050,2025-04-17_10-32-55,en,Harshit Gupta,False,62,"Pondicherry, India",1,1,1,"On March 29, 2025, an Indian Air Force C-130J aircraft flew into Myanmar with relief for earthquake victims. But mid-air, something shocking happened. The aircraft’s GPS lied. Yes—it was spoofed. Here’s the thread that uncovers the new digital battlefield. #Thread #GPSspoofing"
myanmar earthquake 2025,1912844402898108416,2025-04-17_12-23-39,en,Orbis Books,False,4490,"Maryknoll, N.Y.",3,2,0,Maryknoll Priest Is a Conduit for Aid to Myanmar Earthquake Victims https://t.co/jHrAbeMgRx via @MaryknollFrsBrs
myanmar earthquake 2025,1912854048987902249,2025-04-17_13-01-59,en,Creative Society,False,12108,Worldwide,12,30,0,"Summary of climate disasters on the planet: March 26–April 1, 2025 Cataclysms March 26 – April 1 ◾️Devastating Earthquake in Myanmar ◾️Surge in Global Seismic Activity ◾️Powerful Storm in North America ◾️Flooding in Australia ✅Read the article here: https://t.co/IyYv48Hw8b #Creativesociety #climate #thursdayvibes #thursday #ThursdayThoughts #ThursdayMotivation #ThursdayMorning #ThursdayMotivations"
myanmar earthquake 2025,1912860221120069667,2025-04-17_13-26-30,en,gordan pilic,False,168,,1,2,0,"🔤🔤🔤🔤 Summary of climate disasters on the planet: March 26–April 1, 2025 Cataclysms March 26 – April 1 ◾️Devastating Earthquake in Myanmar ◾️Surge in Global Seismic Activity ◾️Powerful Storm in North America ◾️Flooding in Australia ✅Read the article here: https://t.co/MG78Pxja1p"
myanmar earthquake 2025,1912867005109313751,2025-04-17_13-53-28,en,Soe Ko Ko T Ag,False,9022,Global,10,7,0,We wrote to #Bangladesh's interim leader Muhammad Yunus questioning🇧🇩's failure to object to alleged war criminal Min Aung Hlaing’s participation at 6th #BIMSTEC Summit. @ChiefAdviserGoB #MyanmarEarthquake2025 #myanmarearthquakebreaking #2025April17Coup #CCP_StopSupportingCriminals #ChinaStopSupportingJunta #WhatsHappeninglnMyanmar #China_StopYourHypocrisy #StopCCP_InterferenceInMyanmarInternalAffairs #eucouncil #euco @GOVUK @realDonaldTrump @POTUS @JDVance @VP @WorldBank @FCDOGovUK @HouseofCommons @10DowningStreet @RapporteurUn @USAmbUN @UN @EU_Commission @EUCouncilPress @SabatucciEU @EUCouncil @Europarl_EN @VDombrovskis @JPN_PMO @GermanyDiplo @francediplo_EN @ItalyMFA_int @eu_eeas @EU_Partnerships @JosepBorrellF @miqueliceta @abcnews @ASEAN
myanmar earthquake 2025,1912869953977585803,2025-04-17_14-05-11,en,Soe Ko Ko T Ag,False,9022,Global,20,37,2,#ASEAN is an organization that is a torch in one hand and a water spout in the other. #MyanmarEarthquake2025 #myanmarearthquakebreaking #2025April17Coup #CCP_StopSupportingCriminals #ChinaStopSupportingJunta #WhatsHappeninglnMyanmar #China_StopYourHypocrisy #StopCCP_InterferenceInMyanmarInternalAffairs #eucouncil #euco @GOVUK @realDonaldTrump @POTUS @JDVance @VP @WorldBank @FCDOGovUK @HouseofCommons @10DowningStreet @RapporteurUn @USAmbUN @UN @ChiefAdviserGoB @EU_Commission @EUCouncilPress @SabatucciEU @EUCouncil @Europarl_EN @VDombrovskis @JPN_PMO @GermanyDiplo @francediplo_EN @ItalyMFA_int @eu_eeas @EU_Partnerships @JosepBorrellF @miqueliceta @abcnews @ASEAN 🔦
myanmar earthquake 2025,1912872576973676794,2025-04-17_14-15-36,en,Khaosod English,False,92833,"Bangkok, Thailand",3,6,1,"There was scarce official news of Min Aung Hlaing’s activities on Thursday, and he had not been seen in public. #Myanmar #ASEAN #thailand https://t.co/IqrfG7dTUt"
myanmar earthquake 2025,1912878480699629659,2025-04-17_14-39-04,en,OCHA Myanmar,False,39414,Myanmar,30,28,0,"🏚️ The #Myanmar earthquake damaged 40,000+ homes, and aftershocks keep many families sleeping in the open. 🚨 5.2M people need shelter &amp; basic household items. ⛺ Humanitarians aim to reach 753K of them with targeted support. 👉 Learn more: https://t.co/WypoLQYe7P https://t.co/QgddmgVo69"
myanmar earthquake 2025,1912882953379578189,2025-04-17_14-56-50,en,Beatrice Lacy,False,19269,Bremen,0,0,0,Myanmar hit by moderate 5.1-magnitude earthquake on Thursday https://t.co/834AaVrnvl
myanmar earthquake 2025,1912918073906016759,2025-04-17_17-16-23,en,Weather & Earth 25,False,1389,North Carolina,0,1,0,"@ssgeos That's true indeed, might not even make it out of 2025 before the next M 8+ earthquake. We've seen a few close calls already this year with the M 7.6-7.8 Caribbean &amp; Myanmar earthquakes."
myanmar earthquake 2025,1912925306001993911,2025-04-17_17-45-08,en,Joy Station,False,1363,United Kingdom,0,0,0,"Summary of climate disasters on the planet: March 26–April 1, 2025 Cataclysms March 26 – April 1 ◾️Devastating Earthquake in Myanmar ◾️Surge in Global Seismic Activity ◾️Powerful Storm in North America ◾️Flooding in Australia ✅Read the article here: https://t.co/1oGAOWF3Kv https://t.co/Xx3w1ojGV4"
myanmar earthquake 2025,1912936613770117415,2025-04-17_18-30-04,en,Soe Ko Ko T Ag,False,9022,Global,3,4,0,Great thread by Rod Martin on the inevitable decline of #CCP 's horrific legacy in #China owing to massive corruption and irreversible population demographics. All #Myanmar citizens should take note and behave accordingly. #MyanmarEarthquake2025 #myanmarearthquakebreaking #2025April18Coup #CCP_StopSupportingCriminals #ChinaStopSupportingJunta #WhatsHappeninglnMyanmar #China_StopYourHypocrisy #StopCCP_InterferenceInMyanmarInternalAffairs #eucouncil #euco @GOVUK @realDonaldTrump @POTUS @JDVance @VP @WorldBank @FCDOGovUK @HouseofCommons @10DowningStreet @RapporteurUn @USAmbUN @UN @EU_Commission @EUCouncilPress @SabatucciEU @EUCouncil @Europarl_EN @VDombrovskis @JPN_PMO @GermanyDiplo @francediplo_EN @ItalyMFA_int @eu_eeas @EU_Partnerships @JosepBorrellF @miqueliceta @abcnews @ASEAN @SCMPNews @XHNews @MFA_China @SpokespersonCHN @SpoxCHN_LinJian
myanmar earthquake 2025,1912951324343410994,2025-04-17_19-28-31,en,Verdegreen,False,181,,0,0,0,"Myanmar hit by moderate 5.1-magnitude earthquake on Thursday THURSDAY, APRIL 17, 2025 https://t.co/Ghum7vaLJX"
myanmar earthquake 2025,1912951813571322289,2025-04-17_19-30-27,en,GNLM News,False,182,Myanmar,0,0,0,"Rescue and relief efforts continue for earthquake survivors On 28 March 2025, Myanmar was struck by a powerful earthquake, which severely affected six regions and states. As of 17 April, the death toll has reached 3,668, with 4,824 injured and... https://t.co/VKYWgHErDD"
myanmar earthquake 2025,1912959361934123096,2025-04-17_20-00-27,en,Foreign Policy,False,1260118,,3,3,1,"Myanmar’s earthquake presents a dark opportunity for the military to project control over relief efforts—and by extension, to claim that it remains the legitimate governing authority, @kyawhsanhlaing1 argues. https://t.co/nfIdCZSdSb"
myanmar earthquake 2025,1912960436833816856,2025-04-17_20-04-43,en,TEEPAKORN NO.423,False,7,,1,1,0,@primitivewar @BabisuKourtis @MajaOpacic (Part-7.5) Extra File #PrimitiveWar (Novel-4) Aftershock Earthquake At Myanmar In Year 2025 New Creature (7.5) #Minimocursor Swamp Dinosaur Like Beaver Have Tooth Can Cut The Tree Their (Wood Nest) Can Protect Crocodile They're Destroy Wood Products Of Human @primitivewar https://t.co/s3ULkHfSYG
myanmar earthquake 2025,1912968838695596289,2025-04-17_20-38-07,zh,《今日基督教》中文 CT Chinese,False,3531,,3,9,1,请为他们祷告，愿他们承认这样的灾难远远超出人力所能掌控。唯有上帝能帮助他们从这场危机中恢复。也请祷告，会有更多基督教机构能进入地震灾区，使他们在困境中看见并经历上帝的爱。 https://t.co/WAvka4u5eV
myanmar earthquake 2025,1912979712386773102,2025-04-17_21-21-19,en,Buffalo Rising,False,75678,"Buffalo, New York",0,2,0,Myanmar Earthquake Relief Benefit Concert https://t.co/uOLjlWXChT https://t.co/iRlX9lbk6u
myanmar earthquake 2025,1912984106729680901,2025-04-17_21-38-47,en,National Center for Seismology,False,63438,National Center for Seismology,4,15,0,"EQ of M: 3.9, On: 18/04/2025 02:57:43 IST, Lat: 22.51 N, Long: 96.07 E, Depth: 10 Km, Location: Myanmar. For more information Download the BhooKamp App https://t.co/5gCOtjcVGs @DrJitendraSingh @OfficeOfDrJS @Ravi_MoES @Dr_Mishra1966 @ndmaindia https://t.co/u8i6uw888S"
myanmar earthquake 2025,1912986933975711989,2025-04-17_21-50-01,in,Earthquake Map,False,2423,,0,0,1,"【m4.1】MYANMAR 10km Apr 17, 2025 21:27:50 UTC (G)https://t.co/WRewsg1D0F (EMSC)https://t.co/l1MZR1TrDV"
myanmar earthquake 2025,1913001749763285121,2025-04-17_22-48-53,en,katija,False,213,Republic of Croatia,2,2,0,"Summary of climate disasters on the planet: March 26–April 1, 2025 Cataclysms March 26 – April 1 ◾️Devastating Earthquake in Myanmar ◾️Surge in Global Seismic Activity ◾️Powerful Storm in North America ◾️Flooding in Australia ✅Read the article here: https://t.co/Kp3yw0AxMo https://t.co/i8uf3DY8iW"
myanmar earthquake 2025,1913039792796738002,2025-04-18_01-20-03,en,Bloomberg,False,9685054,New York and the World,6,6,1,Malaysia Prime Minister Anwar Ibrahim said he met the chief of Myanmar’s military junta on Thursday to discuss humanitarian needs following the recent earthquake https://t.co/O7yk9ekVEY
myanmar earthquake 2025,1913049850427703785,2025-04-18_02-00-01,en,UNICEF Malaysia,False,20046,Kuala Lumpur,2,3,0,"Already displaced. Already hungry. Now, Myanmar’s children face the devastation of an earthquake. 🚨 Your gift helps send supplies wherever the need is greatest. Donate now. 📦https://t.co/0g3T7VmYHy https://t.co/ELCDMSQehm"
myanmar earthquake 2025,1913052361011998881,2025-04-18_02-10-00,en,Insight Myanmar Podcast,False,1926,Myanmar,0,0,0,"Myanmar’s earthquake aftermath is dire. Over 10,000 dead, cities in ruins, and no rescue tools or manpower. Volunteers are risking it all while the junta blocks aid, enforces curfews, and continues airstrikes. Support those on the ground directly. https://t.co/eFuJJwLrKW https://t.co/1Ib1m20xR6"
myanmar earthquake 2025,1913060286568997113,2025-04-18_02-41-29,en,CRPH Myanmar,False,273109,Myanmar,25,42,0,The recent earthquake compounded and multiplied the needs of people already facing immense humanitarian needs in #Myanmar. Over 6.3 million people are in immediate need of humanitarian assistance and protection as a result of the earthquakes. ⤵️ https://t.co/f0VMB71Q4v
myanmar earthquake 2025,1913060670125326548,2025-04-18_02-43-01,in,Earthquake Map,False,2423,,0,0,0,"【m3.9】MYANMAR 10km Apr 18, 2025 02:30:35 UTC (G)https://t.co/iIZQ2JIeZ3 (EMSC)https://t.co/6X0IUnWlJY"
myanmar earthquake 2025,1913063158673002579,2025-04-18_02-52-54,da,地震マップ,False,39135,,2,8,0,"【M4.3】MYANMAR 10.0km 2025/04/18 06:27:43JST, 2025/04/17 21:27:43UTC (G)https://t.co/woF544LpyQ (USGS)https://t.co/mvZ6Guqj9C"
myanmar earthquake 2025,1913063163576074240,2025-04-18_02-52-55,in,Earthquake Map,False,2525,,1,0,1,"M4.3 MYANMAR 10.0km Apr 17, 2025 21:27:43 UTC https://t.co/Td4F3Y8AhB"
myanmar earthquake 2025,1913076855688859976,2025-04-18_03-47-20,en,Burma Related News,False,2411,,5,4,0,Myanmar's Earthquake Exposes Political Fault Lines - Foreign Policy - https://t.co/9U5k6yoy31 #GoogleAlerts
myanmar earthquake 2025,1913085118715216036,2025-04-18_04-20-10,en,New Straits Times,False,813744,Malaysia,1,2,0,#NSTnation PM Anwar urged Myanmar's junta to end conflict and allow aid after last month's deadly earthquake. https://t.co/aEmLeYKWas
myanmar earthquake 2025,1913109225548714006,2025-04-18_05-55-57,en,New Straits Times,False,813744,Malaysia,2,3,1,#NSTnation The Myanmar administration has committed to extending its ceasefire to allow humanitarian aid to be delivered in the country following the devastating earthquake at the end of last month. https://t.co/Ip5bBsFr3t
myanmar earthquake 2025,1913119362296201358,2025-04-18_06-36-14,en,OCHA Myanmar,False,39414,Myanmar,23,23,0,"🚱 Over 4.3M people urgently need clean water &amp; sanitation after the #earthquake in #Myanmar. 💧 Water systems broken, 42K+ latrines collapsed &amp; power cuts halt water pumping. 🧼 Partners aim to reach 1M people with life-saving WASH support. 👉 https://t.co/WypoLQYe7P https://t.co/jIlpGvbmVN"
myanmar earthquake 2025,1913134056482722081,2025-04-18_07-34-38,en,Bangkok Post,False,79876,"Bangkok, Thailand",1,1,0,"M5.9 earthquake strikes Myanmar, felt in northern Thailand https://t.co/97OtaiZIKh #earthquake"
myanmar earthquake 2025,1913176942863384825,2025-04-18_10-25-02,en,Reuters,False,25570565,Around the world,6,17,0,"Myanmar's junta and a key opposition group have indicated they will extend a ceasefire to support more aid efforts after a devastating earthquake, Malaysia's Prime Minister Anwar Ibrahim said on Friday, following rare high-level talks. https://t.co/tPXa4jkmw1 https://t.co/uOnb4MBJKW"
myanmar earthquake 2025,1913177943393632675,2025-04-18_10-29-01,in,Earthquake Map,False,2423,,0,0,1,"【m3.5】MYANMAR 10km Apr 18, 2025 09:40:35 UTC (G)https://t.co/VYuckQAl2h (EMSC)https://t.co/5tEVphFiUt"
myanmar earthquake 2025,1913211214488117377,2025-04-18_12-41-13,my,Soe Ko Ko T Ag,False,9022,Global,2,24,0,စစ်ခွေးတို့၏ သမိုင်းပြတိုက်မှာ ကိုးကန့်ကိုမနိုင်လို့ ထွက်ပြေးရ။ @kokang0123 ကို အသနားခံလို့ လားရှိုးပြန်ရတဲ့ အကြောင်းလေး ထည့်ဖို့မမေ့နဲ့ ကိုယ်မေကို-ိုး အမလ မင်းအောင်လှိုင်ရေ.... #MyanmarEarthquake2025 #myanmarearthquakebreaking #2025April18Coup #CCP_StopSupportingCriminals #ChinaStopSupportingJunta #WhatsHappeninglnMyanmar #China_StopYourHypocrisy #StopCCP_InterferenceInMyanmarInternalAffairs #eucouncil #euco @GOVUK @realDonaldTrump @POTUS @JDVance @VP @WorldBank @FCDOGovUK @HouseofCommons @10DowningStreet @RapporteurUn @USAmbUN @UN @EU_Commission @EUCouncilPress @SabatucciEU @EUCouncil @Europarl_EN @VDombrovskis @JPN_PMO @GermanyDiplo @francediplo_EN @ItalyMFA_int @eu_eeas @EU_Partnerships @JosepBorrellF @miqueliceta @abcnews @ASEAN @SCMPNews @XHNews @MFA_China @SpokespersonCHN @SpoxCHN_LinJian
myanmar earthquake 2025,1913213428321177945,2025-04-18_12-50-01,in,Earthquake Map,False,2423,,0,0,0,"【m3.7】MYANMAR 10km Apr 18, 2025 12:39:12 UTC (G)https://t.co/Lkog1OyXo1 (EMSC)https://t.co/M3zRGeVf1I"
myanmar earthquake 2025,1913215922904699079,2025-04-18_12-59-56,en,Peter Frank,False,2022,,0,15,7,"This is what has happened in my native country, Myanmar when the 7.7 magnitude earthquake hit on 28th March 2025 . I was only 70 miles away from the epic center. So lucky that my town got no severe damages like Mandalay . https://t.co/fPDufrrapS"
myanmar earthquake 2025,1913218121873441100,2025-04-18_13-08-40,en,CRPH Myanmar,False,273109,Myanmar,45,57,2,Monsoon is already starting with the start of #Myanmar's New Year. People affected the recent devastating #earthquake still needs urgent and massive humanitarian assistance even many countries and organisations have provided aid. #HelpMyanmar ⤵️ https://t.co/oWVCnBz2CS https://t.co/jGHxBSDq0Q
myanmar earthquake 2025,1913226769554874721,2025-04-18_13-43-02,in,Earthquake Map,False,2423,,0,0,1,"【m3.6】MYANMAR 10km Apr 18, 2025 13:26:34 UTC (G)https://t.co/b69bKQKXLp (EMSC)https://t.co/x0B99S8NhE"
myanmar earthquake 2025,1913229613570134030,2025-04-18_13-54-20,qme,Soe Ko Ko T Ag,False,9022,Global,6,26,1,#crd #MyanmarEarthquake2025 #myanmarearthquakebreaking #2025April18Coup #CCP_StopSupportingCriminals #ChinaStopSupportingJunta #WhatsHappeninglnMyanmar #China_StopYourHypocrisy #StopCCP_InterferenceInMyanmarInternalAffairs #eucouncil #euco @GOVUK @realDonaldTrump @POTUS @JDVance @VP @WorldBank @FCDOGovUK @HouseofCommons @10DowningStreet @RapporteurUn @USAmbUN @UN @EU_Commission @EUCouncilPress @SabatucciEU @EUCouncil @Europarl_EN @VDombrovskis @JPN_PMO @GermanyDiplo @francediplo_EN @ItalyMFA_int @eu_eeas @EU_Partnerships @JosepBorrellF @miqueliceta @abcnews @ASEAN @SCMPNews @XHNews @MFA_China @SpokespersonCHN @SpoxCHN_LinJian
myanmar earthquake 2025,1913231896076755044,2025-04-18_14-03-24,und,Soe Ko Ko T Ag,False,9022,Global,4,15,0,"""Give it back"" Lashio, sir , Our terrorist military council needs to have dignity, sir🙏🙏. လားရှိုး ကို ပြန်ပေးပါခင်။ ကျနော်တို့ အကြမ်းဖက်စစ်ကောင်စီ သိက္ခကျနေလို့ပါ ပုံ/- မအလ မင်းအောင်လှိုင် #MyanmarEarthquake2025 #myanmarearthquakebreaking #2025April18Coup #CCP_StopSupportingCriminals #ChinaStopSupportingJunta #WhatsHappeninglnMyanmar #China_StopYourHypocrisy #StopCCP_InterferenceInMyanmarInternalAffairs #eucouncil #euco @GOVUK @realDonaldTrump @POTUS @JDVance @VP @WorldBank @FCDOGovUK @HouseofCommons @10DowningStreet @RapporteurUn @USAmbUN @UN @EU_Commission @EUCouncilPress @SabatucciEU @EUCouncil @Europarl_EN @VDombrovskis @JPN_PMO @GermanyDiplo @francediplo_EN @ItalyMFA_int @eu_eeas @EU_Partnerships @JosepBorrellF @miqueliceta @abcnews @ASEAN @SCMPNews @XHNews @MFA_China @SpokespersonCHN @SpoxCHN_LinJian"
myanmar earthquake 2025,1913246326730506272,2025-04-18_15-00-45,en,Foreign Policy,False,1260118,,3,4,1,"Rather than weakening the junta, the earthquake could help consolidate its power. https://t.co/nfIdCZSdSb"
myanmar earthquake 2025,1913249577194733982,2025-04-18_15-13-40,en,Kompas Travel,False,70,The Bunker,0,0,0,"EARTHQUAKE IN MYANMAR (Burma) In this post I just want to express how sorry I am for the people of Burma. On the 28th of March 2025 an earthquake of magnitude 7.7–7.9 hit the area in and around Mandalay. The military junta that rules Burma said that 1,591 houses had been damaged in the Mandalay region, about 5500 people died and more than 4,500 are injured. These numbers could be higher. Many of Mandalay's historical sites have also suffered significant damage, including the Mandalay Palace and the Maha Muni Pagoda. I remember when I was in Mandalay to see to ancient pagodas and Buddhist temples. Now a lot of them are in ruins and it will take time to rebuild them to their former glory. I've travelled through Burma extensively two times and I saw its furthest corners. It's a country of great cultural heritage and natural beauty. Apart from amazing sites and culture I saw Myanmar's poverty, difficult every day lives and good people. Run by a military regime, Burma has difficult relationship with the rest of the world, but during the time of peace, the country brings a lot of tourists. You can donate through charities: https://t.co/l5W1GV4jUX https://t.co/Jsmo0pWdko My articles and photos on Burma: https://t.co/OnVHwBw0ll"
myanmar earthquake 2025,1913253815727669534,2025-04-18_15-30-30,en,OCHA Myanmar,False,39414,Myanmar,35,34,0,"Three weeks after the devastating #earthquakes hit #Myanmar, humanitarian organisations continue to deliver life-saving assistance to affected communities but needs remain severe. Read more in our latest Situation Report: https://t.co/RX68KJyxvb https://t.co/ZbiFQTqI05"
myanmar earthquake 2025,1913255232395788759,2025-04-18_15-36-08,en,Steven Cateris,False,760,Australia,0,0,0,The American activist group All Out has partnered with Colors Rainbow to provide aid to LGBT+ victims of the Myanmar earthquake in 2025. Please make a donation. #AllOut #ColorsRainbow #MyanmarEarthquake #MyanmarEarthquake2025 #MyanmarEarthquakeCrisis https://t.co/ORPfwS0O7Y
myanmar earthquake 2025,1913282043313602928,2025-04-18_17-22-40,en,Tide Teller,False,244,United States,0,0,1,"🆕Top World News – April 18, 2025 • ""Donald-25"" tariffs disrupt global trade • China denounces U.S. protectionism • U.S.–Iran nuclear talks resume in Oman • Myanmar earthquake death toll rises • Israeli strikes in Gaza cause civilian casualties @tideteller"
myanmar earthquake 2025,1913287167314440342,2025-04-18_17-43-02,in,Earthquake Map,False,2423,,0,0,1,"【m4.4】MYANMAR 10km Apr 18, 2025 17:34:06 UTC (G)https://t.co/jbK75CdIR4 (EMSC)https://t.co/t1Lo5fVwbU"
myanmar earthquake 2025,1913287172079108566,2025-04-18_17-43-03,ro,Earthquakes,False,7150,,2,2,1,"[EMSC] M4.4 Apr-18 17:43:02 UTC, MYANMAR, Depth:10.0km, https://t.co/ZS664keumU #quake https://t.co/EmMZ8TKX5J"
myanmar earthquake 2025,1913288749825347688,2025-04-18_17-49-19,en,National Center for Seismology,False,63438,National Center for Seismology,1,7,0,"EQ of M: 3.6, On: 18/04/2025 23:04:06 IST, Lat: 19.29 N, Long: 96.34 E, Depth: 10 Km, Location: Myanmar. For more information Download the BhooKamp App https://t.co/5gCOtjcVGs @DrJitendraSingh @OfficeOfDrJS @Ravi_MoES @Dr_Mishra1966 @ndmaindia https://t.co/h5FM4zZOUf"
myanmar earthquake 2025,1913294854173475005,2025-04-18_18-13-35,en,National Center for Seismology,False,63438,National Center for Seismology,1,6,0,"EQ of M: 3.7, On: 18/04/2025 23:31:23 IST, Lat: 20.51 N, Long: 96.12 E, Depth: 30 Km, Location: Myanmar. For more information Download the BhooKamp App https://t.co/5gCOtjcVGs @DrJitendraSingh @OfficeOfDrJS @Ravi_MoES @Dr_Mishra1966 @ndmaindia https://t.co/YV9Hn5XR30"
myanmar earthquake 2025,1913295215839830375,2025-04-18_18-15-01,in,Earthquake Map,False,2423,,0,0,1,"【m4.2】MYANMAR 10km Apr 18, 2025 18:01:25 UTC (G)https://t.co/oV0KvDLCsk (EMSC)https://t.co/YvSZrk3AfY"
myanmar earthquake 2025,1913308613474652391,2025-04-18_19-08-15,en,GNLM News,False,182,Myanmar,0,0,0,Strictly follow the construction guidelines for the safety of buildings The earthquake that struck Mandalay on 28 March 2025 stands as the second most powerful and the deadliest in Myanmar’s history... https://t.co/Mwds0pHNDl
myanmar earthquake 2025,1913312110530248709,2025-04-18_19-22-09,en,UN News,False,814710,"Manhattan, NY",31,38,4,"Thousands of families in #Myanmar are still without shelter, water or medical care – three weeks after the deadly earthquakes Ongoing aftershocks are deepening the suffering of communities already facing conflict and poverty https://t.co/rm2fBG6Pku"
myanmar earthquake 2025,1913330092475900382,2025-04-18_20-33-36,en,Creative Society India,False,83,"New Dehli, India",0,0,0,"April 15, 2025 Mandalay, Myanmar Flooding has occurred due to heavy rains 2 weeks after a devastating earthquake. Many buildings damaged by the quake 2 weeks ago have collapsed today. https://t.co/VPsalObdrX"
myanmar earthquake 2025,1913337985644531889,2025-04-18_21-04-58,en,Time_to_be_human,False,4,,0,0,9,"April 15, 2025 🇲🇲 Mandalay, #Myanmar Two weeks after the devastating earthquake, heavy rains caused flooding. Many buildings damaged by the earthquake two weeks ago collapsed today. #mufc #911onABC #Superman #rcbvspbks https://t.co/SGjt49s40B"
myanmar earthquake 2025,1913375110482039229,2025-04-18_23-32-29,en,Grok,False,3486638,wherever you are,0,0,0,"The meme's depiction of 2025 is partially accurate but exaggerated. It shows a tired Earth and conspiracy debates, capturing real challenges like conflicts (e.g., Ukraine, Gaza) and disasters (e.g., Myanmar earthquake). However, it ignores advancements, such as the Fram2 spaceflight and AI progress. Conspiracy theories, like flat Earth, exist but aren't central; global focus is on climate and economics. The futuristic cityscape expectation isn't fully met, as flying cars aren't common, but tech is advancing. Overall, 2025 balances struggles and progress, not just exhaustion as the meme suggests."
myanmar earthquake 2025,1913377942698447026,2025-04-18_23-43-45,en,"Prof. Paul Brown, PhD",False,6419,pbrown4348@gmail.com,0,0,0,"Earthquake Raced at Supersonic Speed &amp; Tore a 400km Scar Through Myanmar. 7.7 magnitude earthquake ripped across central Myanmar, producing one of the world’s largest fault ruptures and causing devastation across Myanmar and nearby regions. https://t.co/qVmH8Bc0yH"
myanmar earthquake 2025,1913404434995966258,2025-04-19_01-29-01,in,Earthquake Map,False,2423,,0,0,1,"【m4.2】MYANMAR 10km Apr 19, 2025 01:20:09 UTC (G)https://t.co/GmJ96N6oFt (EMSC)https://t.co/ynvSsduovk"
myanmar earthquake 2025,1913404957983670374,2025-04-19_01-31-05,ro,Earthquakes,False,7150,,3,1,0,"[EMSC] M4.2 Apr-19 01:31:04 UTC, MYANMAR, Depth:10.0km, https://t.co/i0kFHYNnQe #quake https://t.co/QKzBX4Wxyb"
myanmar earthquake 2025,1913420093293498474,2025-04-19_02-31-14,en,Verdegreen,False,181,,0,0,0,"Moderate Mag. 4.2 Earthquake - 42 km Northeast of Meiktila, Mandalay, Myanmar, on Saturday, Apr 19, 2025, at 07:50 am (Yangon Time) https://t.co/vOKIUXSVpi"
myanmar earthquake 2025,1913423823078318251,2025-04-19_02-46-03,hi,India TV,False,2495717,India,0,4,0,"म्यांमार में फिर आया भूकंप, देर रात दो बार हिली धरती, घर छोड़कर भागे लोग, जानिए कितनी रही तीव्रता? #earthquake #myanmar https://t.co/rdCrO06EkR"
myanmar earthquake 2025,1913491228144046370,2025-04-19_07-13-54,en,Varsha Singh,False,105787,वसुधैव कुटुंबकम,1,10,2,2. 7.7 quake hit near Mandalay/Myanmar - Hundreds of homes collapsed (various Myanmar cities) - Strong shocks in Thailand + multiple building collapse in Bangkok https://t.co/YupeaKo4Cx
myanmar earthquake 2025,1913504164958929391,2025-04-19_08-05-18,en,Grok,False,3486630,wherever you are,0,1,0,"Earthquakes are sudden shakes of the Earth's surface, mainly caused by tectonic plate movements along fault lines. They release energy as seismic waves, measured by seismographs on scales like the Richter or Moment Magnitude Scale. Effects can be severe, including building collapses, landslides, and tsunamis if underwater. The 2025 Myanmar earthquake, a 7.7-7.9 magnitude event near Mandalay, killed over 1,000 and caused widespread damage. For safety, drop, cover, and hold on during shaking, and prepare with emergency kits and plans."
myanmar earthquake 2025,1913510158053097473,2025-04-19_08-29-07,en,Tetsuya,False,4673,,2,24,0,"Shiro donated meal boxes 🍱 to government officials working on the reconstruction of the collapsed building in Bangkok following the recent earthquake 👏🏻 “As a result of the earthquake in Myanmar on March 28, 2025, high-rise buildings and other structures collapsed in Bangkok, Thailand.” “This time, we donated 100 meals per day for four days to support government officials conducting reconstruction surveys and relief efforts in the disaster-affected areas.” Via @shiro0623"
myanmar earthquake 2025,1913526196224344287,2025-04-19_09-32-51,en,Official PEP.ph,False,1476429,,0,3,0,"Edsil Jess and Alexis Aladid, residents of the collapsed Sky Villa in Mandalay, Myanmar, have been missing since the March 28, 2025 earthquake. https://t.co/Pqa1cIG7On https://t.co/65O1ScNW1O"
myanmar earthquake 2025,1913535218939547867,2025-04-19_10-08-42,en,Benedict Rogers 羅傑斯,False,156263,London,1,5,0,#SaveMyanmar #WhatsHappeningInMyanmar Could an earthquake shift the balance in Myanmar’s civil war? https://t.co/seRdVJVsa1 via @AJEnglish
myanmar earthquake 2025,1913535983288570155,2025-04-19_10-11-44,en,Benedict Rogers 羅傑斯,False,156263,London,1,5,0,#SaveMyanmar #WhatsHappeningInMyanmar Myanmar: Thousands remain in crisis weeks after deadly earthquakes https://t.co/78d3gmnOZZ
myanmar earthquake 2025,1913547324963565937,2025-04-19_10-56-48,en,Soe Ko Ko T Ag,False,9022,Global,10,11,0,May the Chinese government fall #CCP . #MyanmarEarthquake2025 #myanmarearthquakebreaking #2025April19Coup #CCP_StopSupportingCriminals #ChinaStopSupportingJunta #WhatsHappeninglnMyanmar #China_StopYourHypocrisy #StopCCP_InterferenceInMyanmarInternalAffairs #eucouncil #euco @GOVUK @realDonaldTrump @POTUS @JDVance @VP @WorldBank @FCDOGovUK @HouseofCommons @10DowningStreet @RapporteurUn @USAmbUN @UN @EU_Commission @EUCouncilPress @SabatucciEU @EUCouncil @Europarl_EN @VDombrovskis @JPN_PMO @GermanyDiplo @francediplo_EN @ItalyMFA_int @eu_eeas @EU_Partnerships @JosepBorrellF @miqueliceta @abcnews @ASEAN @SCMPNews @XHNews @MFA_China @SpokespersonCHN @SpoxCHN_LinJian
myanmar earthquake 2025,1913548966874255567,2025-04-19_11-03-20,qme,Soe Ko Ko T Ag,False,9022,Global,2,2,0,#MyanmarEarthquake2025 #myanmarearthquakebreaking #2025April19Coup #CCP_StopSupportingCriminals #ChinaStopSupportingJunta #WhatsHappeninglnMyanmar #China_StopYourHypocrisy #StopCCP_InterferenceInMyanmarInternalAffairs #eucouncil #euco @GOVUK @realDonaldTrump @POTUS @JDVance @VP @WorldBank @FCDOGovUK @HouseofCommons @10DowningStreet @RapporteurUn @USAmbUN @UN @EU_Commission @EUCouncilPress @SabatucciEU @EUCouncil @Europarl_EN @VDombrovskis @JPN_PMO @GermanyDiplo @francediplo_EN @ItalyMFA_int @eu_eeas @EU_Partnerships @JosepBorrellF @miqueliceta @abcnews @ASEAN @SCMPNews @XHNews @MFA_China @SpokespersonCHN @SpoxCHN_LinJian
myanmar earthquake 2025,1913560478762103214,2025-04-19_11-49-05,en,TheGuyOnTheCouch,False,13937,,40,48,3,"🔥 View From the Couch: The Earth Shook, and the Cover Cracked 🔥 👉EVENTS, TIMELINES, & PATTERNS !!! Bangkok. March 2025. A 7.7 earthquake rattles Myanmar— But only one building collapses in Bangkok… 📍The State Audit Office. Not a mall. Not a hotel. Not a school. The building meant to track corruption. ⚠️ The project was a joint venture with China Railway #10 and Italian-Thai Development. Contract awarded in 2020. Delayed. Overbudget. Corners cut. But that’s not the real story. The real story? 📦 Four Chinese nationals caught sneaking into the rubble, trying to extract “documents.” No permits. No clearance. Just… trying to clean something up. 📉 Then the arrests start. 📁 Then the oversight bodies come alive. 📣 Then the PM calls for investigations into the entire project chain. Sound familiar? 📍Disaster 📍Exposure 📍Seizure 📍Purge Just like: 🔥 Maui – fire, blackouts, then kids go missing, followed by asset seizures 💥 Baton Rouge – explosion, then corruption indictments 🌊 Greece, Canada, Missouri – disasters, then trafficking networks disrupted @ScottZPatriot @Homeranger17 @17thbodhisattva And now… @Thucydides17A @BeerCan45 🏗️ Bangkok collapses, and the rats start running. https://t.co/RQexhx0yqg"
myanmar earthquake 2025,1913561478528983203,2025-04-19_11-53-03,en,Committee for a Workers' International,False,1627,,3,2,0,A devastating earthquake in Myanmar amidst civil war -READ MORE - https://t.co/S2wW9GVYZG https://t.co/TNnsmBxb8x
myanmar earthquake 2025,1913563493342515384,2025-04-19_12-01-03,ro,Earthquakes,False,7150,,2,1,0,"[EMSC] M4.1 Apr-19 12:01:02 UTC, MYANMAR, Depth:10.0km, https://t.co/RBar8lkCCU #quake https://t.co/AvYySTRcky"
myanmar earthquake 2025,1913563622829097380,2025-04-19_12-01-34,in,Earthquake Map,False,2423,,0,0,0,"【m4.1】MYANMAR 10km Apr 19, 2025 11:50:25 UTC (G)https://t.co/8d3SBJU6AN (EMSC)https://t.co/hoxojQy0xH"
myanmar earthquake 2025,1913587126249349204,2025-04-19_13-34-58,en,Soe Ko Ko T Ag,False,9022,Global,8,9,1,"#XiJingPin, who promised not to interfere in the domestic affairs of other countries, sent his representative #TaingXiQing to assist Min Aung Hlaing in reclaiming #Lashio city(#Myanmar{#Burma}). Together with #XiJingPin, they captured #Lashio city. #MyanmarEarthquake2025 #myanmarearthquakebreaking #2025April19Coup #CCP_StopSupportingCriminals #ChinaStopSupportingJunta #WhatsHappeninglnMyanmar #China_StopYourHypocrisy #StopCCP_InterferenceInMyanmarInternalAffairs #eucouncil #euco @GOVUK @realDonaldTrump @POTUS @JDVance @VP @WorldBank @FCDOGovUK @HouseofCommons @10DowningStreet @RapporteurUn @USAmbUN @UN @EU_Commission @EUCouncilPress @SabatucciEU @EUCouncil @Europarl_EN @VDombrovskis @JPN_PMO @GermanyDiplo @francediplo_EN @ItalyMFA_int @eu_eeas @EU_Partnerships @JosepBorrellF @miqueliceta @abcnews @ASEAN @dvbburmese @YangheeLeeSKKU @Reaproy @SpecialCouncil @YeMyoHein5 @MayWongCNA @SCMPNews @XHNews @MFA_China @SpokespersonCHN @SpoxCHN_LinJian"
myanmar earthquake 2025,1913605852801486995,2025-04-19_14-49-23,en,Jon Suante,False,2566,India,9,15,4,"Thousands of families in Myanmar remain without shelter, water or medical care three weeks after deadly earthquakes struck the country, as frequent aftershocks compound the suffering of communities already battered by conflict and poverty. https://t.co/oZnMZOd1ko"
myanmar earthquake 2025,1913611696889102820,2025-04-19_15-12-36,en,Market@Crash2025,False,79,"Las Vegas, NV",0,3,4,"@DarioCpx @Bishkekskii1991 @DarioCpx Beaware earthquake prone regions. It's not good country to visit during April and may. As per Indian Astrology Earthquake and tsunami gonna come in Indonesia, thailand and Myanmar. Take care sir..."
myanmar earthquake 2025,1913641519916949951,2025-04-19_17-11-06,en,Stacie,False,221,,0,1,0,"ALERT, Myanmar M 7.7 Earthquake Had a Surface Rupture of 250 Miles, 400... https://t.co/3U2HP67cd7 via @YouTube"
myanmar earthquake 2025,1913656618299912278,2025-04-19_18-11-06,en,Global Insight,False,23,World,0,1,0,Myanmar’s Capital Nay Pyi Taw to Be Redrawn After Catastrophic Earthquake! Military Ruler Vows Quake-Proof Rebuild as 70% of Government Buildings Collapse. https://t.co/oc0CiBklD6
myanmar earthquake 2025,1913672311674470493,2025-04-19_19-13-28,en,Burma Related News,False,2411,,2,1,0,Myanmar: Earthquake Response Situation Report No. 3 (As of 18 April 2025) | OCHA - https://t.co/yzVxhr4Nq7 #GoogleAlerts
myanmar earthquake 2025,1913676803060985933,2025-04-19_19-31-18,en,Thomas L Davis,False,11,"Ventura, CA",0,0,0,"On March 28, 2025, a magnitude 7.7 earthquake ruptured along the historically active Sagaing Fault, tearing through Myanmar's economic and political center. With 3,726 dead, 5,105 injured, and 129 still missing as of April 19, 2025, and critical infrastructure in ruins, the disaster has shaken not only the region, but also the foundations of the country's ruling Junta. The scale and geography of the destruction are extraordinary: the fault rupture carved through Mandalay, Sagaing, and Naypyitaw, regions essential to the Junta’s control and function of the country. This is not merely a natural disaster; it is a potential political turning point. History suggests that large-scale disasters in weakened states can cause regime change... https://t.co/W9S8tJJ1pT"
myanmar earthquake 2025,1913680260958142726,2025-04-19_19-45-03,en,Al Jazeera English,False,8914697,"Doha, Qatar",8,36,3,Could an earthquake shift the balance in Myanmar’s civil war? https://t.co/4NxRpJxWeL
myanmar earthquake 2025,1913727179277439191,2025-04-19_22-51-29,en,Patriots Daily News,False,123,Aba,0,0,0,"Watch This Ground-Breaking Earthquake Footage From Around The World! https://t.co/KAc3azvc4O ----------------------------------- 2025 Earthquake Shocks: San Diego, Japan, Myanmar Footage &amp; More! What if the ground beneath your feet could shatter your world in seconds? From Cal…"
myanmar earthquake 2025,1913732968495145336,2025-04-19_23-14-29,en,Verdegreen,False,181,,0,0,0,"Moderate Mag. 4.2 Earthquake - Nay Pyi Taw, 23 km Southeast of Yamethin, Mandalay, Myanmar, on Saturday, Apr 19, 2025, at 12:31 am (Yangon Time) https://t.co/Rskt3pmZEB"
myanmar earthquake 2025,1913744427925062100,2025-04-20_00-00-01,en,Al Jazeera English,False,8914697,"Doha, Qatar",25,54,3,"As Myanmar recovers from the March 7.7 earthquake that killed thousands, it remains gripped by a civil war, with the military regime increasingly encircled after four years of fighting. Could an earthquake shift the balance in Myanmar’s civil war? ⤵️ https://t.co/GRT9iuyLmJ"
myanmar earthquake 2025,1913759488856691130,2025-04-20_00-59-52,en,Çelik Sertbilek🌍,False,406,,0,0,0,Myanmar🇲🇲2025-Earthquake https://t.co/ikP5aj9EbB
myanmar earthquake 2025,1913774744920346946,2025-04-20_02-00-30,en,Foreign Policy,False,1260118,,5,9,2,Myanmar’s earthquake creates a dark opportunity for the military junta to leverage humanitarian aid for legitimacy amid an ongoing civil war. https://t.co/nfIdCZSdSb
myanmar earthquake 2025,1913848554810163344,2025-04-20_06-53-47,en,Soe Ko Ko T Ag,False,9022,Global,4,6,0,ATTENTION @realDonaldTrump @SecScottBessent @SecDef @SecRubio — #CCP #China is taking advantage of the REVOLUTIONARY WAR + earthquake chaos in #Myanmar to turn it into a vassal state like they did to Laos & Cambodia. SMELL THE COFFEE. #MyanmarEarthquake2025 #myanmarearthquakebreaking #2025April20Coup #CCP_StopSupportingCriminals #ChinaStopSupportingJunta #WhatsHappeninglnMyanmar #China_StopYourHypocrisy #StopCCP_InterferenceInMyanmarInternalAffairs #eucouncil #euco @GOVUK @realDonaldTrump @POTUS @JDVance @VP @WorldBank @FCDOGovUK @HouseofCommons @10DowningStreet @RapporteurUn @USAmbUN @UN @EU_Commission @EUCouncilPress @SabatucciEU @EUCouncil @Europarl_EN @VDombrovskis @JPN_PMO @GermanyDiplo @francediplo_EN @ItalyMFA_int @eu_eeas @EU_Partnerships @JosepBorrellF @miqueliceta @abcnews @ASEAN @SCMPNews @XHNews @MFA_China @SpokespersonCHN @SpoxCHN_LinJian
myanmar earthquake 2025,1913851443888734441,2025-04-20_07-05-16,en,Soe Ko Ko T Ag,False,9022,Global,15,27,1,"#XiJingPin, who promised not to interfere in the domestic affairs of other countries, sent his representative #TaingXiQing to assist Min Aung Hlaing in reclaiming #Lashio , (#Myanmar{#Burma}). Together with #XiJingPin, they captured #Lashio . #MyanmarEarthquake2025 #myanmarearthquakebreaking #2025April20Coup #CCP_StopSupportingCriminals #ChinaStopSupportingJunta #WhatsHappeninglnMyanmar #China_StopYourHypocrisy #StopCCP_InterferenceInMyanmarInternalAffairs #eucouncil #euco @GOVUK @realDonaldTrump @POTUS @JDVance @VP @WorldBank @FCDOGovUK @HouseofCommons @10DowningStreet @RapporteurUn @USAmbUN @UN @EU_Commission @EUCouncilPress @SabatucciEU @EUCouncil @Europarl_EN @VDombrovskis @JPN_PMO @GermanyDiplo @francediplo_EN @ItalyMFA_int @eu_eeas @EU_Partnerships @JosepBorrellF @miqueliceta @abcnews @ASEAN @Jason_Tower79 @Reaproy @MayWongCNA @YeMyoHein5 @MarcielScot @YangheeLeeSKKU @cnni @MizzimaNews @SCMPNews @XHNews @MFA_China @SpokespersonCHN @SpoxCHN_LinJian"
myanmar earthquake 2025,1913852275497349521,2025-04-20_07-08-34,in,Earthquake Map,False,2423,,0,0,1,"【m3.9】MYANMAR 10km Apr 20, 2025 07:01:40 UTC (G)https://t.co/ax42RUoGmF (EMSC)https://t.co/Joeh6q1hui"
myanmar earthquake 2025,1913856725683241389,2025-04-20_07-26-15,und,Soe Ko Ko T Ag,False,9022,Global,16,23,0,စာမဲ့ကာတွန်း ညိုမြ - Wordless Cartoon Nyo Mya - #MyanmarEarthquake2025 #myanmarearthquakebreaking #2025April20Coup #CCP_StopSupportingCriminals #ChinaStopSupportingJunta #WhatsHappeninglnMyanmar #China_StopYourHypocrisy #StopCCP_InterferenceInMyanmarInternalAffairs #eucouncil #euco @GOVUK @realDonaldTrump @POTUS @JDVance @VP @WorldBank @FCDOGovUK @HouseofCommons @10DowningStreet @RapporteurUn @USAmbUN @UN @EU_Commission @EUCouncilPress @SabatucciEU @EUCouncil @Europarl_EN @VDombrovskis @JPN_PMO @GermanyDiplo @francediplo_EN @ItalyMFA_int @eu_eeas @EU_Partnerships @JosepBorrellF @miqueliceta @abcnews @ASEAN @Reaproy @MayWongCNA @YeMyoHein5 @MarcielScot @YangheeLeeSKKU @cnni @MizzimaNews
myanmar earthquake 2025,1913879733416104335,2025-04-20_08-57-41,en,The Watchers,False,14142,,1,6,0,Seismologists analyze Myanmar’s devastating M7.7 earthquake https://t.co/LzyVzZNTTw #myanmar #myanmarearthquake
myanmar earthquake 2025,1913898428696084883,2025-04-20_10-11-58,en,Khaosod English,False,92833,"Bangkok, Thailand",0,2,0,Basic services have yet to be restored to the areas of Myanmar worst hit by a huge earthquake three weeks ago. #Myanmar #earthquake https://t.co/qX9v3rOOmA
myanmar earthquake 2025,1913939257804431362,2025-04-20_12-54-12,en,Grok,False,3486638,wherever you are,0,1,1,"The Myanmar civil war, ongoing since the 2021 coup, remains intense in April 2025. The military junta controls only 21% of territory, with resistance groups like the NUG and ethnic armies capturing key areas, including Indaw and Falam. A ceasefire post-earthquake has faltered, with junta airstrikes continuing in Kayah State. Over 3.2 million are displaced, and atrocities worsen a humanitarian crisis. Planned 2025 elections, seen as illegitimate, may escalate violence. International efforts, including sanctions and ASEAN mediation, have failed, while China's dual role complicates dynamics. Civilians face the brunt of this complex conflict."
myanmar earthquake 2025,1913961299576225994,2025-04-20_14-21-48,en,Louise Hemphill-Nolan,False,970,,0,0,0,"Tartaria &amp; History Channel, [Apr 18, 2025 at 7:16 PM] After the earthquake in Myanmar, this emerged from below. Check the GreatReject Free Earth Store 👉 https://t.co/BZHBHzeGlx https://t.co/KLz7U8GFU9"
myanmar earthquake 2025,1914006503901511725,2025-04-20_17-21-25,en,OTDNews,False,264,,0,0,0,"A Chinese executive was arrested for violating the Foreign Business Act after a 30-story skyscraper, under construction for the State Audit Office in Bangkok, Thailand, collapsed during the 2025 Myanmar earthquake. The incident resulted in the deaths of 47 workers, with 47 others reported missing, prompting investigations into the project and oversight practices. https://t.co/8y6aLt6dBh"
myanmar earthquake 2025,1914029030053151027,2025-04-20_18-50-56,en,Rohingya Humanitarian Initiative,False,74,Cox's Bazar refugee camp ,15,16,0,"Following the devastating earthquake on March 28, 2025, which has left millions of people homeless and in urgent need of aid, the situation has been further exacerbated by ongoing airstrikes conducted by the Myanmar military junta. https://t.co/4OR8Km0A4C"
myanmar earthquake 2025,1914055347469500696,2025-04-20_20-35-30,en,Verdegreen,False,181,,0,0,0,"Light Mag. 3.2 Earthquake - Myanmar (Burma): Myanmar on Monday, Apr 21, 2025, at 01:41 am (GMT +6:30) https://t.co/22ZaoMnT4P"
myanmar earthquake 2025,1914068112401486270,2025-04-20_21-26-14,en,National Center for Seismology,False,63438,National Center for Seismology,1,1,0,"EQ of M: 3.8, On: 21/04/2025 02:47:48 IST, Lat: 19.26 N, Long: 96.38 E, Depth: 10 Km, Location: Myanmar. For more information Download the BhooKamp App https://t.co/5gCOtjcVGs @DrJitendraSingh @OfficeOfDrJS @Ravi_MoES @Dr_Mishra1966 @ndmaindia https://t.co/xj4vwIVviq"
myanmar earthquake 2025,1914068952918982956,2025-04-20_21-29-34,in,Earthquake Map,False,2423,,1,1,1,"【m4.3】MYANMAR 10km Apr 20, 2025 21:17:50 UTC (G)https://t.co/YEzAWwLF2X (EMSC)https://t.co/7rAtsifPbz"
myanmar earthquake 2025,1914091605721575805,2025-04-20_22-59-35,en,@AmericaUnveiled,False,17,United States,0,0,1,Myanmar’s Earthquake Crisis Hidden by Junta Aid is blocked from opposition regions after a deadly quake. The military decides who lives or dies. (Source: Wikipedia – 2025 Myanmar Earthquake)
myanmar earthquake 2025,1914101115265880213,2025-04-20_23-37-22,en,@AmericaUnveiled,False,17,United States,0,0,0,"In the aftermath of Myanmar’s devastating 7.7-magnitude earthquake on March 28, 2025, the country faces a compounded humanitarian crisis. The earthquake, one of the strongest in a century, has resulted in over 3,700 deaths, more than 5,000 injuries, and left approximately 200,000 people homeless. 🚫 Aid Obstruction by the Military Junta Myanmar’s military regime has been accused of deliberately blocking humanitarian aid to opposition-controlled regions, particularly in Sagaing, Shan, and parts of Mandalay. Reports indicate that the junta has restricted access for international aid organizations and local volunteers, citing security concerns and logistical challenges. In some instances, aid convoys have been turned away or subjected to stringent approval processes, delaying the delivery of essential supplies. The United Nations and various human rights organizations have expressed concern over these obstructions, emphasizing the urgent need for unimpeded humanitarian access to all affected areas. 🌐 International Response and Challenges While international aid has been pledged, including efforts like India’s “Operation Brahma,” which has provided medical assistance and relief supplies, the overall response has been hampered by funding shortages and logistical hurdles. The International Federation of Red Cross and Red Crescent Societies (IFRC) has reported receiving only 10% of the $122 million needed for relief efforts. Additionally, the United States has announced a reduction in its global humanitarian aid contributions, urging other nations to increase their support. 🔄 Ongoing Conflict and Ceasefire Efforts The earthquake has occurred amidst Myanmar’s ongoing civil conflict, further complicating relief operations. Although temporary ceasefires have been declared by both the military junta and opposition groups to facilitate aid delivery, violations have been reported. Continued military operations in certain regions have raised concerns about the sincerity of these ceasefires and their effectiveness in ensuring humanitarian access."
myanmar earthquake 2025,1914131976522510803,2025-04-21_01-40-00,en,UN News,False,814710,"Manhattan, NY",8,23,5,"The earthquakes in #Myanmar have deepened long-standing vulnerabilities for women and girls – exposing them to greater risks of gender-based violence and disrupting access to essential health services, warns @UNFPA https://t.co/rm2fBG6huW https://t.co/YjcFO8Zcau"
myanmar earthquake 2025,1914163540715610145,2025-04-21_03-45-26,en,Geoinformatics Center,False,166,"Bangkok, Thailand",0,1,0,"🚨M7.7 earthquake hit near Mandalay, Myanmar on Mar 28, 2025. Tremors reached as far as Bangkok. 📍GIC released satellite-based damage maps for Sagaing &amp; Kyaukse using ESRI &amp; PLEIADES-1A imagery to assess impact. #MyanmarEarthquake #Disastermapping 🔗https://t.co/SGN6AtShYi https://t.co/cZaHLH5kQ5"
myanmar earthquake 2025,1914167783778300103,2025-04-21_04-02-17,en,tianjueli,False,42,Singapore,0,0,0,"Thanks to the rapid post-quake field survey, a tree broken into two parts during the 2025 M7. 7 Myanmar earthquake has been captured. It clearly shows that the rupture occurred within a quite small distance, just like moving along a plane! https://t.co/htPFlKP64y"
myanmar earthquake 2025,1914184871691321616,2025-04-21_05-10-11,en,The Star,False,1903878,"Kuala Lumpur, Malaysia",0,2,1,"The strongest tremor, measuring 4.3 in magnitude, struck Myanmar at 4.17am. https://t.co/3S0lZe5uFe"
myanmar earthquake 2025,1914187986876453016,2025-04-21_05-22-34,in,Earthquake Map,False,2423,,0,0,1,"【m3.9】MYANMAR 10km Apr 21, 2025 04:58:16 UTC (G)https://t.co/yjpeoF0lWt (EMSC)https://t.co/MwTX3DlCdq"
myanmar earthquake 2025,1914221041527763418,2025-04-21_07-33-55,en,D Le⁷⁷♂️ 🇻🇳 - Peace for peacelovers,False,3736,Vietnam,5,27,2,VietNam has sent rescue teams to Turkey (2023) and Myanmar (2025) for helping earthquakes' victims. https://t.co/aJsE1PQLji https://t.co/s3S1nH9255
myanmar earthquake 2025,1914222110869971345,2025-04-21_07-38-10,en,Yangon Media Group,False,8407,"101, Mahabandoola Condo, Yango",0,0,0,"Myanmar Quake Updates: 3,735 Dead, 5,108 Injured, 120 Missing 21 April 2025 According to an official data released at 7:00 PM on 20-4-2025, the latest updates on the earthquake-related incidents are as follows: https://t.co/YyH6hCZxiA"
myanmar earthquake 2025,1914272293150142559,2025-04-21_10-57-34,in,Earthquake Map,False,2423,,0,0,0,"【m3.8】MYANMAR 10km Apr 21, 2025 10:45:48 UTC (G)https://t.co/fJTsjbjM8j (EMSC)https://t.co/vWBaf1yOPk"
myanmar earthquake 2025,1914303748899520897,2025-04-21_13-02-34,qme,Soe Ko Ko T Ag,False,9022,Global,2,5,0,#MyanmarEarthquake2025 #myanmarearthquakebreaking #2025April21Coup #CCP_StopSupportingCriminals #ChinaStopSupportingJunta #WhatsHappeninglnMyanmar #China_StopYourHypocrisy #StopCCP_InterferenceInMyanmarInternalAffairs #eucouncil #euco @GOVUK @realDonaldTrump @POTUS @JDVance @VP @WorldBank @FCDOGovUK @HouseofCommons @10DowningStreet @RapporteurUn @USAmbUN @UN @EU_Commission @EUCouncilPress @SabatucciEU @EUCouncil @Europarl_EN @VDombrovskis @JPN_PMO @GermanyDiplo @francediplo_EN @ItalyMFA_int @eu_eeas @EU_Partnerships @JosepBorrellF @miqueliceta @abcnews @ASEAN @SCMPNews @XHNews @MFA_China @SpokespersonCHN @SpoxCHN_LinJian
myanmar earthquake 2025,1914303929833361835,2025-04-21_13-03-17,en,Soe Ko Ko T Ag,False,9022,Global,1,6,0,"Six people were killed when the terrorist army dropped bombs on Daw Mucho Grocery Store in Thintaw Village, Kanbalu Township, Sagaing Region. On April 20, at approximately 6:40 p.m., the terrorist army dropped two bombs from a jet fighter. #MyanmarEarthquake2025 #myanmarearthquakebreaking #2025April21Coup #CCP_StopSupportingCriminals #ChinaStopSupportingJunta #WhatsHappeninglnMyanmar #China_StopYourHypocrisy #StopCCP_InterferenceInMyanmarInternalAffairs #eucouncil #euco @GOVUK @realDonaldTrump @POTUS @JDVance @VP @WorldBank @FCDOGovUK @HouseofCommons @10DowningStreet @RapporteurUn @USAmbUN @UN @EU_Commission @EUCouncilPress @SabatucciEU @EUCouncil @Europarl_EN @VDombrovskis @JPN_PMO @GermanyDiplo @francediplo_EN @ItalyMFA_int @eu_eeas @EU_Partnerships @JosepBorrellF @miqueliceta @abcnews @ASEAN"
myanmar earthquake 2025,1914332368141275323,2025-04-21_14-56-17,en,New Straits Times,False,813744,Malaysia,0,0,0,"#NSTnation Malaysia, as the Chair of Asean in 2025, has commended the Asean Coordinating Centre for Humanitarian Assistance on Disaster Management (AHA Centre) for its prompt response in managing the aftermath of the earthquake that struck Myanmar late last month. https://t.co/E6nmpWpvPb"
myanmar earthquake 2025,1914333303219564570,2025-04-21_15-00-00,en,Aravind 🌍 🛰,False,8139,France 🇫🇷 (via India 🇮🇳),1,7,0,"Here's your weekly dose of Earth observation with news, analysis and insights from @terrawatchspace. In this edition: EO for Climate Adaptation, Ground Motion of the Myanmar Earthquake and more. https://t.co/nGRNFaKAvT"
myanmar earthquake 2025,1914360468942332231,2025-04-21_16-47-57,en,Grok,False,3486636,wherever you are,0,0,0,"Nostradamus's predictions for 2025 include wars, natural disasters, economic issues, and health crises. Some events, like the January 2025 California wildfires and the March 2025 Myanmar earthquake, align with his forecasts. However, no global economic collapse or new pandemics have occurred. His predictions are vague, and interpretations vary, so their accuracy is debated. We'll see how the rest of 2025 unfolds. https://t.co/pqlzSn9qEN"
myanmar earthquake 2025,1914403182945718686,2025-04-21_19-37-41,en,Verdegreen,False,181,,0,0,0,"Light Mag. 3.9 Earthquake - 5.2 km North of Pyin Oo Lwin, Mandalay, Myanmar, on Monday, Apr 21, 2025, at 11:28 am (GMT +6:30) https://t.co/MM8g4sdwIj"
myanmar earthquake 2025,1914458567148757225,2025-04-21_23-17-45,en,UN Women Myanmar,False,3498,Myanmar,7,6,0,This Gender Snapshot from the Myanmar #GenderInHumanitarianAction Working Group highlights the key challenges faced by women &amp; girls after the #MyanmarEarthquake ➡️https://t.co/AMfekeJ00L. https://t.co/I41suWgN7E
myanmar earthquake 2025,1914461058439258130,2025-04-21_23-27-39,en,Women's Peace Network,False,6592,Myanmar,2,1,2,"⚠️The March 2025 earthquake in #Myanmar affected approx. 8.8 million women &amp; girls, including 4.8 million in hardest hit areas, reports the #UN. These survivors continue to face life-threatening conditions, esp. aid weaponization &amp; airstrikes by junta. https://t.co/UvDMC2GSi8 https://t.co/2l5qgQwp9C"
myanmar earthquake 2025,1914528993178738791,2025-04-22_03-57-36,en,Myanmar Fire Services Department,False,807,Myanmar,0,0,0,"Due to the earthquake, a 4-storey (RC) building collapsed in Amarapura West Ward, Aungmyaytharzan Township, Mandalay. SAR operations have been carried out on 3.4.2025, by joint teams from Yangon Region and rescue team from Russia, the body of one deceased male was discovered. https://t.co/BzvEbvJUiJ"
myanmar earthquake 2025,1914529335257841913,2025-04-22_03-58-58,en,Ko Thi Ha,False,28,,0,0,0,Announcement of plans to re-conduct the 2025 university entrance examination for regions and states whose answer sheets were destroyed by fire due to the Mandalay earthquake #myanmar #myanmarearthquakecrisis #myanmarquake https://t.co/mcaxn1K0eb
myanmar earthquake 2025,1914532127003300350,2025-04-22_04-10-04,en,Soe Ko Ko T Ag,False,9022,Global,2,5,0,"Among the governments of all nations in the world, the Chinese government #CCP_China is one that breaks promises, with its words not matching its actions. People with vile mindsets, savages, and despicable individuals. #MyanmarEarthquake2025 #myanmarearthquakebreaking #2025April22Coup #CCP_StopSupportingCriminals #ChinaStopSupportingJunta #WhatsHappeninglnMyanmar #China_StopYourHypocrisy #StopCCP_InterferenceInMyanmarInternalAffairs #eucouncil #euco @GOVUK @realDonaldTrump @POTUS @JDVance @VP @WorldBank @FCDOGovUK @HouseofCommons @10DowningStreet @RapporteurUn @USAmbUN @UN @EU_Commission @EUCouncilPress @SabatucciEU @EUCouncil @Europarl_EN @VDombrovskis @JPN_PMO @GermanyDiplo @francediplo_EN @ItalyMFA_int @eu_eeas @EU_Partnerships @JosepBorrellF @miqueliceta @abcnews @ASEAN @XisMoments @Echinanews @SpoxCHN_MaoNing @SCMPNews @XHNews @MFA_China @SpokespersonCHN @SpoxCHN_LinJian"
myanmar earthquake 2025,1914546450480160907,2025-04-22_05-06-59,en,Free Malaysia Today,False,638143,Malaysia,0,1,0,Myanmar post-earthquake truce set to expire #FMTNews #FMTWorld https://t.co/9FQfs8poCS
myanmar earthquake 2025,1914547543977156738,2025-04-22_05-11-19,en,Edith Mirante,False,10014,Pacific NW unceded Chinuk land,13,30,3,"1. This History Thread is about bridges of Burma (Myanmar), a land of many waterways. Bridges have been built by colonial occupiers, foreign enterprises, local people. They've been destroyed by resistance fighters, regime forces &amp; March 2025 earthquake. #WhatsHappeningInMyanmar https://t.co/hUAMMThQTw"
myanmar earthquake 2025,1914547589133046164,2025-04-22_05-11-30,en,Edith Mirante,False,10014,Pacific NW unceded Chinuk land,1,4,1,"14. March 28, 2025 earthquake devastated infrastructure across Myanmar. The historic Ava (Old Sagaing) Bridge which crossed the Irrawaddy River was built 1934 during British colonial rule, sabotaged by British during WW2 &amp; rebuilt 1954. The 7.7 earthquake collapsed several spans. https://t.co/crLTDG6s5s"
myanmar earthquake 2025,1914562360636829732,2025-04-22_06-10-12,en,The Star,False,1903879,"Kuala Lumpur, Malaysia",0,1,0,"A series of negative factors, most recently the earthquake in neighbouring Myanmar in March, have dented confidence in Thailand’s tourism sector. https://t.co/vy3H2YcBOl https://t.co/vy3H2YcBOl"
myanmar earthquake 2025,1914563808129130722,2025-04-22_06-15-57,en,Myanmar Fire Services Department,False,807,Myanmar,0,0,0,"Due to a powerful earthquake,Tain Phyu Hotel building in Mandalay, collapsed,and people are trapping inside. SAR operations are currently being conducted jointly by the MFSD, Russian rescue teams,on 3.4.2025, the body of one deceased male has been recovered. https://t.co/zGlOjqBOSV"
myanmar earthquake 2025,1914567238012502192,2025-04-22_06-29-35,in,Earthquake Map,False,2423,,0,0,0,"【m3.6】MYANMAR 10km Apr 22, 2025 06:09:46 UTC (G)https://t.co/qVVA1XCWqj (EMSC)https://t.co/hj6rkxpsHX"
myanmar earthquake 2025,1914567272791990646,2025-04-22_06-29-43,en,Myanmar Fire Services Department,False,807,Myanmar,0,0,0,"Due to a powerful earthquake,Golden Country Hotel building in Mandalay, collapsed,and people are trapping inside. SAR operations are being carried out jointly by MFSD, China’s Blue Sky SAR team,on 3.4.2025, the body of one deceased male has been recovered. https://t.co/3NYJOyBibL"
myanmar earthquake 2025,1914572269592166640,2025-04-22_06-49-34,en,Myanmar Fire Services Department,False,807,Myanmar,0,0,0,"Due to a powerful earthquake, Pinlon Hospital building in Ottarathiri, Naypyidaw, collapsed, people are trapping inside. SAR operations are being carried out jointly by MFSD(HQ),SAR from Bago Region, Vietnam, and UAE.On 4.4. 2025, the body of 2 deceased female were recovered. https://t.co/JlFvtyLhYA"
myanmar earthquake 2025,1914572473548595292,2025-04-22_06-50-23,en,Joseph Lo Bianco,False,3951,"Naarm, Australia",0,1,0,"Bridges of Burma/Myanmar, “a land of many waterways”, a fascinating new History Thread by @EdithMirante exploring their commercial, political, social and military functions, including “resistance fighters, regime forces &amp; March 2025 earthquake”. #WhatsHappeningInMyanmar"
myanmar earthquake 2025,1914573618614329359,2025-04-22_06-54-56,en,Myanmar Fire Services Department,False,807,Myanmar,0,0,0,"Due to the earthquake in Mandalay, Aung Myint Mo Hotel building, collapsed, people are trapping inside. SAR team from MFSD, along with relevant organizations, have been conducting rescue operations.On 4.4.2025, the bodies of two deceased were recovered. SAR efforts are ongoing. https://t.co/hJxHXU2NBg"
myanmar earthquake 2025,1914574310028747101,2025-04-22_06-57-41,en,Myanmar Fire Services Department,False,807,Myanmar,0,0,0,"Due to the earthquake in Mandalay, Golden Country Hotel building collapsed, and people are trapping inside. On 4.4.2025, SAR operations have been ongoing, jointly conducted by MFSD, Russian rescue teams, and relevant organizations. https://t.co/MwnX0iDaiM"
myanmar earthquake 2025,1914580715934466414,2025-04-22_07-23-08,en,Ro Mayyu Islam,False,1012,Rohingya Refugee Camp,1,4,0,"1. This History Thread is about bridges of Burma (Myanmar), a land of many waterways. Bridges have been built by colonial occupiers, foreign enterprises, local people. They've been destroyed by resistance fighters, regime forces &amp; March 2025 earthquake. #WhatsHappeningInMyanmar https://t.co/LyHuGAVJiM"
myanmar earthquake 2025,1914582403785609652,2025-04-22_07-29-50,en,Myanmar Fire Services Department,False,807,Myanmar,0,0,0,"Due to the powerful earthquake, the Inn Gyin Condo building, in Mandalay, collapsed,and people are trapping inside. On 6.4.2025, SAR operations were carried out by SAR team from MFSD and Russian SAR teams, along with relevant organizations. The operations are still ongoing. https://t.co/5Rxa6w1IcT"
myanmar earthquake 2025,1914589992401125607,2025-04-22_08-00-00,en,Al Arabiya English,False,932674,Riyadh,0,2,0,"A #Myanmar ceasefire declared after last month’s devastating #earthquake is due to expire, after aid groups and international mediators called for an extension to ease relief efforts. https://t.co/gpl380fFkK"
myanmar earthquake 2025,1914604055030124794,2025-04-22_08-55-52,en,OCHA Myanmar,False,39414,Myanmar,14,14,0,From delivering vital food supplies &amp; cooked meals to supporting community kitchens where families come together to help one another—humanitarians are making every effort to assist people in Myanmar reeling from the devastation of the recent earthquake. ➡️https://t.co/RX68KJxZFD https://t.co/JmW81eeVsd
myanmar earthquake 2025,1914605104327491606,2025-04-22_09-00-03,en,The Defense Post,False,16159,"Washington, DC",0,0,0,Myanmar ceasefire declared after last month’s devastating earthquake due to expire https://t.co/IYDJMSF1Kw
myanmar earthquake 2025,1914614836958199964,2025-04-22_09-38-43,en,Myanmar Fire Services Department,False,807,Myanmar,0,0,0,"Due to a powerful earthquake, Ingyin Condo building in Aungmyaytharzan, Mandalay, collapsed. On 9.4. 2025, SAR operations were carried out by the SAR members from CFSTS, together with reserve firefighters and volunteer organizations, the body of 2 females victim were found. https://t.co/uqE5sRjFLP"
myanmar earthquake 2025,1914627571972530191,2025-04-22_10-29-19,en,Myanmar Fire Services Department,False,807,Myanmar,0,1,0,"Due to the powerful earthquake, buildings within Mya Hman Yadanar and Ywar Oo Monastery, a 7-storey RCC building located in the Kyal Housing and SKY Villa ,in Mandalay Region, were damaged and collapsed.On 10.4.2025, SAR teams from Mandalay FSD carried out clearance operations. https://t.co/27J0a1ZUKp"
myanmar earthquake 2025,1914630258289951042,2025-04-22_10-40-00,en,Official PEP.ph,False,1476429,,0,0,1,"Edsil Jess and Alexis Aladid, residents of the collapsed Sky Villa in Mandalay, Myanmar, have been missing since the March 28, 2025 earthquake. https://t.co/LnHow2ZzNH"
myanmar earthquake 2025,1914642778493214740,2025-04-22_11-29-45,en,Free Malaysia Today,False,638143,Malaysia,0,0,0,Myanmar junta extends post-earthquake truce #FMTNews #FMTWorld https://t.co/9ZEJJAo6tS
myanmar earthquake 2025,1914656885862523134,2025-04-22_12-25-48,en,Jamaica Observer,False,638134,"Kingston, Jamaica",1,5,2,"More than 60,000 Myanmar students must retake university entrance exams after their answer papers were incinerated in a blaze caused by last month's earthquake, state media said Tuesday. https://t.co/pWgm0onGN4"
myanmar earthquake 2025,1914658661819125914,2025-04-22_12-32-52,en,Japan Defense Brief,False,458,Japan,0,5,1,"On 22 April 2025, Defense Minister Nakatani announced the conclusion of the JSDF’s international emergency aid mission to Myanmar following the March earthquake. This marks the first such operation under the Joint Operations Command. The government affirmed continued humanitarian support for Myanmar, while the minister also addressed Japan-U.S. defense ties, symbolic controversies, and local base construction issues. 🇹🇼 日本防衛省於2025年4月22日宣布結束對緬甸地震的人道救援任務，這是統合作戰司令部成立以來的首次國際援助行動，未來將繼續探索對緬甸的支援措施。 🇰🇷 일본 방위성은 2025년 4월 22일, 미얀마 지진에 대한 국제 긴급 구호 임무 종료를 발표했다. 이번 작전은 통합작전사령부 출범 이후 첫 해외 인도지원 임무로, 일본은 미얀마에 대한 인도적 지원을 계속 모색할 방침이다. 🇯🇵 防衛省は2025年4月22日、ミャンマー中部地震を受けた自衛隊による緊急援助物資輸送の終了を発表した。本任務は統合作戦司令部発足後、初の国際援助活動であり、今後もミャンマーへの人道支援を模索する方針を示した。"
myanmar earthquake 2025,1914658712364654730,2025-04-22_12-33-04,en,Japan Defense Brief,False,458,Japan,0,2,0,"Japan Ends Emergency Medical Airlift to Myanmar Following Earthquake Relief Operations – 22 April 2025 Japan Ministry of Defense, 22 April 2025 On 22 April 2025, Minister of Defense Nakatani (中谷) announced the conclusion of the Japan Self-Defense Forces’ (JSDF, 自衛隊) emergency airlift mission to Myanmar, initiated in response to a 28 March earthquake centered in central Myanmar. The humanitarian operation involved the deployment of a C-130 transport aircraft from Komaki Air Base (小牧基地), which delivered critical medical supplies to Mandalay on 9 April for use by Japanese emergency medical teams operating in the disaster-stricken region. This marks the first such mission under the command structure of the newly established Joint Operations Command (統合作戦司令部). Humanitarian Relief Mission On 7 April, Defense Minister Nakatani issued an order to the Joint Operations Commander to commence international emergency assistance operations using JSDF air transport assets. In execution of this directive, a C-130 aircraft departed Komaki Air Base on 8 April and arrived at Mandalay International Airport the next day. The aircraft successfully handed over humanitarian medical supplies to Japan’s dispatched international emergency response teams. After the delivery, one C-130 remained on standby in Japan, while personnel at the on-site JSDF coordination office continued monitoring the situation. The operation was deemed complete on 22 April following a comprehensive assessment indicating a significant decrease in disaster-related casualties in the affected region. Political and Diplomatic Context Defense Minister Nakatani personally welcomed the returning JSDF aircraft at Komaki, commending the personnel’s dedication. He relayed gratitude expressed by Myanmar civilians, emphasizing the symbolic importance of Japan’s prompt aid. The mission holds strategic importance as the first international relief action conducted by the JSDF under the newly structured Joint Operations Command, established to enhance operational integration and response agility. Minister Nakatani affirmed Japan’s intent to continue exploring humanitarian aid options to directly support Myanmar’s recovery even after the conclusion of the JSDF’s emergency mission. U.S.-Japan Relations & Defense Dialogue In response to a separate question on trade-security linkage, Minister Nakatani reaffirmed Japan’s position that economic matters, such as tariff negotiations, should be considered independently of defense and security cooperation. He noted that this stance aligns with Prime Minister Ishiba’s recent remarks. Referring to his recent defense meeting with U.S. Secretary of Defense Hegseth on 30 March, the minister emphasized Japan’s commitment to enhancing deterrence and response capabilities within the U.S.-Japan alliance. Nakatani also welcomed the newly appointed U.S. Ambassador to Japan, Mr. Glass, and expressed eagerness to deepen strategic dialogue. Domestic Issues: Military Symbolism and Base Construction Minister Nakatani addressed recent controversy surrounding the interpretation of a farewell poem by General Ushijima, which was included in a speech by the first commander of the Provisional 1st Combined Group (臨時第１混成群). He clarified that his interpretation highlighted a message of peace rooted in historical commitment to Okinawa’s welfare, while affirming that civilian control remains paramount. Additionally, Nakatani provided updates on the halted construction of JSDF accommodation facilities in Nishinoomote City, Kagoshima Prefecture. Work was suspended in November 2024 due to underground obstructions. Discussions with local authorities to resolve the matter are ongoing. Japan Ministry of Defense. “防衛大臣記者会見（令和7年4月22日）” [Press Conference by the Minister of Defense (22 April 2025)]. 22 April 2025. https://t.co/xo6UCscJIB. Accessed 22 April 2025"
myanmar earthquake 2025,1914661775183687973,2025-04-22_12-45-14,en,Reuters Asia,False,663781,,1,1,0,"Myanmar junta extends temporary ceasefire to April 30 to support earthquake relief, state media says https://t.co/lLtzW1GAl2 https://t.co/14JHYWNSts"
myanmar earthquake 2025,1914662817707516071,2025-04-22_12-49-23,en,Politics Global,False,33383,Global,1,5,0,Follow for the very latest political news! https://t.co/bWw0wtx32r
myanmar earthquake 2025,1914663778391875973,2025-04-22_12-53-12,en,Legion,False,411,Bangladesh,0,0,0,Myanmar: Inhumane military attacks in earthquake areas hindering relief efforts https://t.co/jyZ8PYIpSN
myanmar earthquake 2025,1914663933027500419,2025-04-22_12-53-49,en,Legion,False,411,Bangladesh,0,0,0,Myanmar: Urgently facilitate access to humanitarian aid for earthquake survivors https://t.co/k9vc4rzuK6
myanmar earthquake 2025,1914665502133076292,2025-04-22_13-00-03,en,Manila Bulletin News,False,1199613,"Manila, Philippines",0,1,0,Ten soldiers were recognized by the Philippine Army (PA) for their involvement in the humanitarian mission in earthquake-battered Myanmar last month. https://t.co/33DlPovrsS
myanmar earthquake 2025,1914671277140246641,2025-04-22_13-22-59,en,The Telegraph Nigeria,False,2265,Nigeria,0,0,0,"Myanmar’s ruling junta has extended a temporary ceasefire until April 30, following international pressure to ease humanitarian efforts in the wake of last month’s devastating earthquake. https://t.co/OyyWkUpmRg https://t.co/TkcjrdNr3s"
myanmar earthquake 2025,1914674695254712566,2025-04-22_13-36-34,in,Earthquake Map,False,2423,,1,0,1,"【m4.2】MYANMAR 10km Apr 22, 2025 13:15:10 UTC (G)https://t.co/OIl5ToxzDW (EMSC)https://t.co/HzH1b21Lkk"
myanmar earthquake 2025,1914674821385888111,2025-04-22_13-37-05,ro,Earthquakes,False,7150,,1,1,0,"[EMSC] M4.2 Apr-22 13:37:03 UTC, MYANMAR, Depth:10.0km, https://t.co/zMxaPJaB4a #quake https://t.co/2EQyFb6iaJ"
myanmar earthquake 2025,1914677363650208246,2025-04-22_13-47-11,en,TEEPAKORN NO.423,False,7,,1,0,0,@primitivewar @BabisuKourtis @MajaOpacic Flying Critters (Swarming Bites) Can Kill #Quetzalcoatlus They're As Sharpteeth Pterosaurs #Rhamphorhynchus (13Feet) Their Small Size Can Come Into Your House Look Like (Piranha+Seagull) Primitive War 4 Aftershock Earthquake At Myanmar In Year 2025 #PrimitiveWar @primitivewar https://t.co/8iCW1vUBPj
myanmar earthquake 2025,1914679641333174755,2025-04-22_13-56-14,en,Jamaica Observer,False,638134,"Kingston, Jamaica",2,3,1,"More than 60,000 Myanmar students must retake university entrance exams after their answer papers were incinerated in a blaze caused by last month’s earthquake, state media said Tuesday. https://t.co/pWgm0onGN4 https://t.co/ZAlhwjP6fJ"
myanmar earthquake 2025,1914683137348788531,2025-04-22_14-10-07,en,NBT WORLD News,False,6875,"Bangkok, Thailand",0,0,0,"THACCA has rescheduled its nationwide “Thai Youth Streets Art” competition to April 26 and 27, 2025, after the program was postponed following the earthquake in Myanmar. See more: https://t.co/fW8KJuNgLB #ThaiYouthStreetArt #THACCA #DreamOfThailand #PublicArt #NBTWorld https://t.co/iR2LiFO009"
myanmar earthquake 2025,1914683629772407074,2025-04-22_14-12-05,th,แจ้งเหตุจราจรและอุบัติเหตุ,False,21402,บ้านผักหวานตำบลบ้านลานอำเภอบ้า,1,1,0,แผ่นดินไหว 2025-04-22 20:15:10 น. ประเทศเมียนมา (Myanmar) ขนาด 4.2 ลึก 10 กม. https://t.co/KXT1Jr2stP
